record_id,location,region,latitude,longitude,climate_zone,forecast_issue_date,target_date,lead_time_days,forecast_rainfall_mm,actual_rainfall_mm,forecast_temp_c,actual_temp_c,forecast_humidity_pct,actual_humidity_pct,forecast_pressure_hpa,previous_run_rainfall_mm,run_drift_rainfall_mm,is_monsoon_season,target_month,rain_error_mm,temp_error_c,humidity_error_pct,is_rain_bust,is_temp_bust,is_bust,lead_time_sq,sin_month,cos_month,convective_index,regional_prior_error_rate
REC_01639,Bengaluru,Karnataka,12.9716,77.5946,plateau_temperate,2022-06-01,2022-06-02,1,1.4,9.7,27.6,28.2,95.7,92.1,1003.1,0.7,0.7,1,6,8.299999999999999,0.5999999999999979,3.6000000000000085,0,0,0,1.0,1.2246467991473532e-16,-1.0,1.3397999999999999,0.34
REC_01454,Delhi,NCR,28.6139,77.209,continental_subtropical,2022-06-01,2022-06-04,3,1.5,2.2,30.3,30.0,92.6,96.3,1005.6,7.9,6.5,1,6,0.7000000000000002,0.3000000000000007,3.700000000000003,0,0,0,9.0,1.2246467991473532e-16,-1.0,1.3889999999999998,0.34
REC_00911,Bengaluru,Karnataka,12.9716,77.5946,plateau_temperate,2022-06-01,2022-06-08,7,7.9,39.3,23.2,21.0,86.9,100.0,1011.5,0.0,30.3,1,6,31.4,2.1999999999999993,13.099999999999994,1,0,1,49.0,1.2246467991473532e-16,-1.0,6.865100000000001,0.34
REC_02866,Bengaluru,Karnataka,12.9716,77.5946,plateau_temperate,2022-06-02,2022-06-04,2,5.3,0.0,23.8,22.9,87.5,85.5,1005.6,6.8,1.5,1,6,5.3,0.9000000000000021,2.0,0,0,0,4.0,1.2246467991473532e-16,-1.0,4.6375,0.34
REC_00985,Hyderabad,Telangana,17.385,78.4867,semi_arid,2022-06-02,2022-06-09,7,11.3,0.0,23.7,20.3,78.7,76.2,1004.5,45.4,34.1,1,6,11.3,3.3999999999999986,2.5,0,0,0,49.0,1.2246467991473532e-16,-1.0,8.8931,0.34
REC_03192,Hyderabad,Telangana,17.385,78.4867,semi_arid,2022-06-03,2022-06-07,4,34.2,0.0,29.9,27.8,70.1,79.6,1002.4,53.0,18.9,1,6,34.2,2.099999999999998,9.5,1,0,1,16.0,1.2246467991473532e-16,-1.0,23.9742,0.34
REC_00378,Mumbai,Maharashtra,19.076,72.8777,coastal_heavy_monsoon,2022-06-03,2022-06-08,5,17.8,60.2,29.0,27.0,91.6,100.0,1011.1,11.0,6.8,1,6,42.400000000000006,2.0,8.400000000000006,1,0,1,25.0,1.2246467991473532e-16,-1.0,16.3048,0.34
REC_00080,Bengaluru,Karnataka,12.9716,77.5946,plateau_temperate,2022-06-03,2022-06-10,7,13.2,20.9,36.9,34.7,82.9,87.8,1010.9,2.4,10.9,1,6,7.699999999999999,2.1999999999999957,4.8999999999999915,0,0,0,49.0,1.2246467991473532e-16,-1.0,10.9428,0.34
REC_03046,Visakhapatnam,Andhra Pradesh,17.6868,83.2185,coastal_cyclonic,2022-06-03,2022-06-13,10,44.2,0.0,27.4,27.5,69.3,65.8,1008.0,51.3,7.1,1,6,44.2,0.10000000000000142,3.5,1,0,1,100.0,1.2246467991473532e-16,-1.0,30.6306,0.34
REC_00110,Krishna District,Andhra Pradesh,16.5062,80.648,coastal_humid,2022-06-04,2022-06-10,6,12.1,24.9,27.1,25.8,93.4,99.2,1005.7,27.5,15.4,1,6,12.799999999999999,1.3000000000000007,5.799999999999997,0,0,0,36.0,1.2246467991473532e-16,-1.0,11.301400000000001,0.34
REC_01078,Hyderabad,Telangana,17.385,78.4867,semi_arid,2022-06-04,2022-06-11,7,6.4,58.1,31.2,28.8,85.2,94.5,1007.5,0.0,35.6,1,6,51.7,2.3999999999999986,9.299999999999997,1,0,1,49.0,1.2246467991473532e-16,-1.0,5.452800000000001,0.34
REC_03119,Visakhapatnam,Andhra Pradesh,17.6868,83.2185,coastal_cyclonic,2022-06-04,2022-06-07,3,29.4,36.1,27.5,28.0,93.7,95.0,1016.0,31.4,2.0,1,6,6.700000000000003,0.5,1.2999999999999972,0,0,0,9.0,1.2246467991473532e-16,-1.0,27.5478,0.34
REC_00043,Bengaluru,Karnataka,12.9716,77.5946,plateau_temperate,2022-06-04,2022-06-09,5,4.9,0.0,32.6,32.6,72.4,55.7,1011.1,0.0,9.7,1,6,4.9,0.0,16.700000000000003,0,0,0,25.0,1.2246467991473532e-16,-1.0,3.5476000000000005,0.34
REC_02780,Mumbai,Maharashtra,19.076,72.8777,coastal_heavy_monsoon,2022-06-05,2022-06-06,1,27.3,27.6,23.9,23.7,90.0,85.2,1007.2,28.2,1.0,1,6,0.3000000000000007,0.1999999999999993,4.799999999999997,0,0,0,1.0,1.2246467991473532e-16,-1.0,24.57,0.34
REC_01186,Delhi,NCR,28.6139,77.209,continental_subtropical,2022-06-05,2022-06-09,4,5.7,0.0,29.7,29.2,88.3,83.1,1007.7,5.9,0.1,1,6,5.7,0.5,5.200000000000003,0,0,0,16.0,1.2246467991473532e-16,-1.0,5.0331,0.34
REC_01358,Visakhapatnam,Andhra Pradesh,17.6868,83.2185,coastal_cyclonic,2022-06-05,2022-06-11,6,61.4,99.0,31.2,32.4,92.3,100.0,1000.4,69.2,7.8,1,6,37.6,1.1999999999999993,7.700000000000003,1,0,1,36.0,1.2246467991473532e-16,-1.0,56.6722,0.34
REC_01266,Bengaluru,Karnataka,12.9716,77.5946,plateau_temperate,2022-06-05,2022-06-14,9,13.0,1.9,29.8,25.5,73.1,78.9,1014.9,11.5,1.4,1,6,11.1,4.300000000000001,5.800000000000011,0,1,1,81.0,1.2246467991473532e-16,-1.0,9.503,0.2
REC_03407,Mumbai,Maharashtra,19.076,72.8777,coastal_heavy_monsoon,2022-06-06,2022-06-07,1,10.5,0.0,27.7,26.8,70.2,72.6,1007.7,10.4,0.1,1,6,10.5,0.8999999999999986,2.3999999999999915,0,0,0,1.0,1.2246467991473532e-16,-1.0,7.371,0.34
REC_02350,Krishna District,Andhra Pradesh,16.5062,80.648,coastal_humid,2022-06-06,2022-06-11,5,14.8,7.6,24.6,25.7,85.5,93.9,1004.7,18.3,3.5,1,6,7.200000000000001,1.0999999999999979,8.400000000000006,0,0,0,25.0,1.2246467991473532e-16,-1.0,12.654000000000002,0.34
REC_03051,Krishna District,Andhra Pradesh,16.5062,80.648,coastal_humid,2022-06-06,2022-06-12,6,20.6,53.2,30.7,30.3,84.4,93.2,1008.8,18.1,2.5,1,6,32.6,0.3999999999999986,8.799999999999997,1,0,1,36.0,1.2246467991473532e-16,-1.0,17.386400000000002,0.34
REC_02047,Mumbai,Maharashtra,19.076,72.8777,coastal_heavy_monsoon,2022-06-06,2022-06-13,7,29.8,40.9,29.3,25.1,78.3,73.1,1004.6,0.0,31.8,1,6,11.099999999999998,4.199999999999999,5.200000000000003,0,1,1,49.0,1.2246467991473532e-16,-1.0,23.3334,0.34
REC_01343,Krishna District,Andhra Pradesh,16.5062,80.648,coastal_humid,2022-06-06,2022-06-16,10,20.4,65.4,29.6,38.0,70.2,43.1,1009.5,0.0,39.8,1,6,45.00000000000001,8.399999999999999,27.1,1,1,1,100.0,1.2246467991473532e-16,-1.0,14.320799999999998,0.34
REC_00674,Visakhapatnam,Andhra Pradesh,17.6868,83.2185,coastal_cyclonic,2022-06-07,2022-06-12,5,63.0,93.0,33.4,31.3,77.2,72.9,1001.8,51.1,12.0,1,6,30.0,2.099999999999998,4.299999999999997,1,0,1,25.0,1.2246467991473532e-16,-1.0,48.636,0.34
REC_00416,Hyderabad,Telangana,17.385,78.4867,semi_arid,2022-06-07,2022-06-10,3,0.4,1.8,28.0,29.5,73.4,66.4,1015.6,10.0,9.6,1,6,1.4,1.5,7.0,0,0,0,9.0,1.2246467991473532e-16,-1.0,0.2936,0.34
REC_01428,Mumbai,Maharashtra,19.076,72.8777,coastal_heavy_monsoon,2022-06-08,2022-06-15,7,17.7,56.5,34.5,34.2,98.0,96.8,1008.8,46.4,28.7,1,6,38.8,0.29999999999999716,1.2000000000000028,1,0,1,49.0,1.2246467991473532e-16,-1.0,17.346,0.34
REC_03035,Delhi,NCR,28.6139,77.209,continental_subtropical,2022-06-08,2022-06-15,7,12.2,38.6,28.3,30.0,87.6,88.7,1008.2,5.4,6.8,1,6,26.400000000000002,1.6999999999999993,1.1000000000000085,1,0,1,49.0,1.2246467991473532e-16,-1.0,10.687199999999997,0.34
REC_03055,Bengaluru,Karnataka,12.9716,77.5946,plateau_temperate,2022-06-08,2022-06-11,3,24.4,43.4,38.3,37.8,86.4,82.1,1008.6,27.3,2.9,1,6,19.0,0.5,4.300000000000011,0,0,0,9.0,1.2246467991473532e-16,-1.0,21.081599999999998,0.3333
REC_01490,Delhi,NCR,28.6139,77.209,continental_subtropical,2022-06-09,2022-06-10,1,27.4,23.2,27.9,28.1,83.7,89.0,1011.9,24.7,2.7,1,6,4.199999999999999,0.20000000000000284,5.299999999999997,0,0,0,1.0,1.2246467991473532e-16,-1.0,22.9338,0.34
REC_01939,Delhi,NCR,28.6139,77.209,continental_subtropical,2022-06-09,2022-06-11,2,42.9,44.1,28.9,27.0,84.0,89.8,1011.0,37.1,5.8,1,6,1.2000000000000028,1.8999999999999986,5.799999999999997,0,0,0,4.0,1.2246467991473532e-16,-1.0,36.036,0.34
REC_02591,Delhi,NCR,28.6139,77.209,continental_subtropical,2022-06-09,2022-06-11,2,14.9,0.0,32.0,32.0,79.2,81.8,1010.2,14.9,0.0,1,6,14.9,0.0,2.5999999999999943,0,0,0,4.0,1.2246467991473532e-16,-1.0,11.800800000000002,0.2
REC_02879,Krishna District,Andhra Pradesh,16.5062,80.648,coastal_humid,2022-06-10,2022-06-11,1,107.8,10.2,37.5,37.3,85.2,83.8,1007.9,104.3,3.5,1,6,97.6,0.20000000000000284,1.4000000000000057,1,0,1,1.0,1.2246467991473532e-16,-1.0,91.84559999999999,0.34
REC_00113,Mumbai,Maharashtra,19.076,72.8777,coastal_heavy_monsoon,2022-06-10,2022-06-12,2,2.4,10.2,31.1,31.5,73.5,79.3,994.1,6.2,3.9,1,6,7.799999999999999,0.3999999999999986,5.799999999999997,0,0,0,4.0,1.2246467991473532e-16,-1.0,1.764,0.6
REC_02593,Bengaluru,Karnataka,12.9716,77.5946,plateau_temperate,2022-06-10,2022-06-14,4,13.3,5.7,28.2,26.3,73.1,72.0,1003.2,27.8,14.5,1,6,7.6000000000000005,1.8999999999999986,1.0999999999999943,0,0,0,16.0,1.2246467991473532e-16,-1.0,9.7223,0.2857
REC_00096,Krishna District,Andhra Pradesh,16.5062,80.648,coastal_humid,2022-06-10,2022-06-18,8,68.8,72.2,30.5,32.2,67.3,58.9,1002.9,85.6,16.8,1,6,3.4000000000000057,1.7000000000000028,8.399999999999999,0,0,0,64.0,1.2246467991473532e-16,-1.0,46.3024,0.6
REC_00330,Delhi,NCR,28.6139,77.209,continental_subtropical,2022-06-10,2022-06-18,8,2.8,0.0,33.3,33.2,75.6,76.3,1007.7,0.0,33.3,1,6,2.8,0.09999999999999432,0.7000000000000028,0,0,0,64.0,1.2246467991473532e-16,-1.0,2.1167999999999996,0.1667
REC_00871,Hyderabad,Telangana,17.385,78.4867,semi_arid,2022-06-10,2022-06-18,8,10.3,77.8,26.1,22.3,96.5,100.0,1010.9,0.0,11.4,1,6,67.5,3.8000000000000007,3.5,1,1,1,64.0,1.2246467991473532e-16,-1.0,9.9395,0.34
REC_03007,Hyderabad,Telangana,17.385,78.4867,semi_arid,2022-06-11,2022-06-13,2,0.7,5.8,32.1,32.0,69.8,74.5,1010.0,0.0,3.2,1,6,5.1,0.10000000000000142,4.700000000000003,0,0,0,4.0,1.2246467991473532e-16,-1.0,0.4885999999999999,0.6
REC_02636,Mumbai,Maharashtra,19.076,72.8777,coastal_heavy_monsoon,2022-06-11,2022-06-19,8,57.7,26.7,26.6,28.0,77.9,55.1,1006.9,69.7,12.0,1,6,31.000000000000004,1.3999999999999986,22.800000000000004,1,0,1,64.0,1.2246467991473532e-16,-1.0,44.94830000000001,0.5
REC_02740,Mumbai,Maharashtra,19.076,72.8777,coastal_heavy_monsoon,2022-06-12,2022-06-15,3,8.7,0.0,32.2,32.5,83.1,65.1,1014.2,0.0,12.0,1,6,8.7,0.29999999999999716,18.0,0,0,0,9.0,1.2246467991473532e-16,-1.0,7.229699999999999,0.5714
REC_02126,Hyderabad,Telangana,17.385,78.4867,semi_arid,2022-06-13,2022-06-18,5,12.3,0.0,27.1,25.7,84.2,85.9,1016.3,10.4,1.9,1,6,12.3,1.4000000000000021,1.7000000000000028,0,0,0,25.0,1.2246467991473532e-16,-1.0,10.3566,0.5
REC_01008,Krishna District,Andhra Pradesh,16.5062,80.648,coastal_humid,2022-06-13,2022-06-14,1,0.0,0.0,28.0,28.5,87.1,86.9,1006.9,0.0,0.4,1,6,0.0,0.5,0.19999999999998863,0,0,0,1.0,1.2246467991473532e-16,-1.0,0.0,0.5
REC_03211,Delhi,NCR,28.6139,77.209,continental_subtropical,2022-06-14,2022-06-19,5,8.8,0.0,28.1,28.6,87.4,91.6,1001.2,0.0,9.8,1,6,8.8,0.5,4.199999999999989,0,0,0,25.0,1.2246467991473532e-16,-1.0,7.691200000000001,0.1429
REC_03458,Visakhapatnam,Andhra Pradesh,17.6868,83.2185,coastal_cyclonic,2022-06-14,2022-06-22,8,5.4,0.0,27.1,23.6,91.6,76.6,1006.5,21.4,16.0,1,6,5.4,3.5,15.0,0,1,1,64.0,1.2246467991473532e-16,-1.0,4.9464,0.34
REC_00355,Bengaluru,Karnataka,12.9716,77.5946,plateau_temperate,2022-06-15,2022-06-20,5,51.8,12.2,30.0,28.5,84.5,70.6,1005.3,54.4,2.6,1,6,39.599999999999994,1.5,13.900000000000006,1,0,1,25.0,1.2246467991473532e-16,-1.0,43.770999999999994,0.25
REC_01680,Hyderabad,Telangana,17.385,78.4867,semi_arid,2022-06-15,2022-06-21,6,39.6,40.5,28.2,26.7,82.3,86.2,1012.4,41.7,2.1,1,6,0.8999999999999986,1.5,3.9000000000000057,0,0,0,36.0,1.2246467991473532e-16,-1.0,32.5908,0.4286
REC_02044,Hyderabad,Telangana,17.385,78.4867,semi_arid,2022-06-15,2022-06-22,7,24.2,0.0,23.9,24.7,76.5,74.5,1011.5,43.4,19.2,1,6,24.2,0.8000000000000007,2.0,1,0,1,49.0,1.2246467991473532e-16,-1.0,18.512999999999998,0.375
REC_03034,Bengaluru,Karnataka,12.9716,77.5946,plateau_temperate,2022-06-15,2022-06-25,10,1.2,0.0,27.5,29.4,65.6,57.0,1008.6,0.0,42.2,1,6,1.2,1.8999999999999986,8.599999999999994,0,0,0,100.0,1.2246467991473532e-16,-1.0,0.7871999999999999,0.3333
REC_00381,Visakhapatnam,Andhra Pradesh,17.6868,83.2185,coastal_cyclonic,2022-06-16,2022-06-22,6,25.4,13.6,25.4,27.2,80.1,87.9,1008.5,44.0,18.6,1,6,11.799999999999999,1.8000000000000007,7.800000000000011,0,0,0,36.0,1.2246467991473532e-16,-1.0,20.345399999999998,0.8
REC_03489,Hyderabad,Telangana,17.385,78.4867,semi_arid,2022-06-16,2022-06-24,8,0.5,0.0,25.3,23.0,74.1,78.7,1006.3,24.2,23.7,1,6,0.5,2.3000000000000007,4.6000000000000085,0,0,0,64.0,1.2246467991473532e-16,-1.0,0.3705,0.4444
REC_02054,Krishna District,Andhra Pradesh,16.5062,80.648,coastal_humid,2022-06-17,2022-06-25,8,22.8,0.0,23.8,18.1,90.7,97.5,1009.0,0.0,24.8,1,6,22.8,5.699999999999999,6.799999999999997,1,1,1,64.0,1.2246467991473532e-16,-1.0,20.6796,0.4286
REC_00762,Hyderabad,Telangana,17.385,78.4867,semi_arid,2022-06-18,2022-06-27,9,9.9,0.0,27.4,31.8,95.4,100.0,1009.8,0.0,38.4,1,6,9.9,4.400000000000002,4.599999999999994,0,1,1,81.0,1.2246467991473532e-16,-1.0,9.444600000000001,0.4
REC_03084,Bengaluru,Karnataka,12.9716,77.5946,plateau_temperate,2022-06-19,2022-06-29,10,12.0,0.0,27.2,22.5,82.1,90.2,1001.0,20.5,8.6,1,6,12.0,4.699999999999999,8.100000000000009,0,1,1,100.0,1.2246467991473532e-16,-1.0,9.851999999999999,0.3
REC_02174,Krishna District,Andhra Pradesh,16.5062,80.648,coastal_humid,2022-06-20,2022-06-28,8,15.7,43.7,36.1,36.9,75.2,60.1,1008.6,10.7,5.0,1,6,28.000000000000004,0.7999999999999972,15.100000000000001,1,0,1,64.0,1.2246467991473532e-16,-1.0,11.806400000000002,0.5
REC_00631,Visakhapatnam,Andhra Pradesh,17.6868,83.2185,coastal_cyclonic,2022-06-20,2022-06-28,8,3.6,0.0,33.0,29.4,67.1,72.0,1008.5,0.0,23.0,1,6,3.6,3.6000000000000014,4.900000000000006,0,1,1,64.0,1.2246467991473532e-16,-1.0,2.4155999999999995,0.6667
REC_00503,Krishna District,Andhra Pradesh,16.5062,80.648,coastal_humid,2022-06-20,2022-06-25,5,14.1,0.0,28.6,31.4,77.4,68.4,1005.8,0.0,28.3,1,6,14.1,2.799999999999997,9.0,0,0,0,25.0,1.2246467991473532e-16,-1.0,10.913400000000001,0.5556
REC_01561,Hyderabad,Telangana,17.385,78.4867,semi_arid,2022-06-20,2022-06-23,3,17.9,17.7,30.0,32.9,84.5,85.8,1007.1,22.5,4.5,1,6,0.1999999999999993,2.8999999999999986,1.2999999999999972,0,0,0,9.0,1.2246467991473532e-16,-1.0,15.125499999999999,0.4545
REC_02431,Mumbai,Maharashtra,19.076,72.8777,coastal_heavy_monsoon,2022-06-20,2022-06-27,7,8.6,0.0,30.8,34.7,71.0,78.8,1006.1,5.6,2.9,1,6,8.6,3.900000000000002,7.799999999999997,0,1,1,49.0,1.2246467991473532e-16,-1.0,6.106,0.5
REC_01139,Mumbai,Maharashtra,19.076,72.8777,coastal_heavy_monsoon,2022-06-21,2022-06-22,1,44.5,107.8,26.3,27.2,84.0,83.7,1003.4,43.7,0.8,1,6,63.3,0.8999999999999986,0.29999999999999716,1,0,1,1.0,1.2246467991473532e-16,-1.0,37.38,0.5556
REC_02594,Delhi,NCR,28.6139,77.209,continental_subtropical,2022-06-21,2022-06-26,5,7.5,11.4,29.6,28.0,90.2,86.0,1005.3,23.4,15.9,1,6,3.9000000000000004,1.6000000000000014,4.200000000000003,0,0,0,25.0,1.2246467991473532e-16,-1.0,6.765,0.125
REC_01115,Hyderabad,Telangana,17.385,78.4867,semi_arid,2022-06-21,2022-06-27,6,28.6,87.6,30.9,37.0,80.4,82.8,1003.8,12.6,16.0,1,6,58.99999999999999,6.100000000000001,2.3999999999999915,1,1,1,36.0,1.2246467991473532e-16,-1.0,22.9944,0.4167
REC_02833,Bengaluru,Karnataka,12.9716,77.5946,plateau_temperate,2022-06-21,2022-06-28,7,1.0,0.0,27.2,28.9,79.9,76.8,1002.4,0.0,19.8,1,6,1.0,1.6999999999999993,3.1000000000000085,0,0,0,49.0,1.2246467991473532e-16,-1.0,0.799,0.3636
REC_02423,Bengaluru,Karnataka,12.9716,77.5946,plateau_temperate,2022-06-21,2022-06-29,8,29.0,15.2,24.9,24.0,95.7,92.2,1010.4,27.8,1.2,1,6,13.8,0.8999999999999986,3.5,0,0,0,64.0,1.2246467991473532e-16,-1.0,27.753,0.3333
REC_00438,Bengaluru,Karnataka,12.9716,77.5946,plateau_temperate,2022-06-22,2022-06-28,6,1.2,9.6,30.0,30.4,98.0,97.1,1006.4,0.0,9.1,1,6,8.4,0.3999999999999986,0.9000000000000057,0,0,0,36.0,1.2246467991473532e-16,-1.0,1.176,0.3077
REC_02435,Bengaluru,Karnataka,12.9716,77.5946,plateau_temperate,2022-06-22,2022-06-25,3,1.4,12.4,27.3,28.0,84.7,92.4,1010.1,13.8,12.4,1,6,11.0,0.6999999999999993,7.700000000000003,0,0,0,9.0,1.2246467991473532e-16,-1.0,1.1858,0.2857
REC_02090,Delhi,NCR,28.6139,77.209,continental_subtropical,2022-06-22,2022-06-27,5,8.8,23.5,27.8,27.8,78.4,81.2,1011.9,20.6,11.8,1,6,14.7,0.0,2.799999999999997,0,0,0,25.0,1.2246467991473532e-16,-1.0,6.8992,0.1111
REC_03392,Mumbai,Maharashtra,19.076,72.8777,coastal_heavy_monsoon,2022-06-22,2022-06-27,5,16.5,55.9,27.7,26.1,90.3,100.0,1009.4,18.2,1.7,1,6,39.4,1.5999999999999979,9.700000000000003,1,0,1,25.0,1.2246467991473532e-16,-1.0,14.8995,0.6
REC_00060,Hyderabad,Telangana,17.385,78.4867,semi_arid,2022-06-22,2022-07-02,10,1.3,0.0,27.3,35.0,81.1,81.6,1003.9,21.2,19.9,1,7,1.3,7.699999999999999,0.5,0,1,1,100.0,-0.4999999999999997,-0.8660254037844388,1.0543,0.4615
REC_00337,Hyderabad,Telangana,17.385,78.4867,semi_arid,2022-06-23,2022-06-30,7,9.0,0.0,26.0,24.1,89.5,98.3,1005.5,31.8,22.8,1,6,9.0,1.8999999999999986,8.799999999999997,0,0,0,49.0,1.2246467991473532e-16,-1.0,8.055,0.5
REC_01642,Hyderabad,Telangana,17.385,78.4867,semi_arid,2022-06-23,2022-06-28,5,0.2,4.3,29.3,27.5,73.9,64.5,1005.6,0.0,5.8,1,6,4.1,1.8000000000000007,9.400000000000006,0,0,0,25.0,1.2246467991473532e-16,-1.0,0.14780000000000001,0.4667
REC_02421,Bengaluru,Karnataka,12.9716,77.5946,plateau_temperate,2022-06-23,2022-06-25,2,0.8,0.3,34.9,34.0,72.4,76.7,1000.3,3.2,2.4,1,6,0.5,0.8999999999999986,4.299999999999997,0,0,0,4.0,1.2246467991473532e-16,-1.0,0.5792,0.2667
REC_01012,Krishna District,Andhra Pradesh,16.5062,80.648,coastal_humid,2022-06-23,2022-06-25,2,31.3,11.0,20.5,21.4,70.7,74.2,1005.4,33.3,2.0,1,6,20.3,0.8999999999999986,3.5,0,0,0,4.0,1.2246467991473532e-16,-1.0,22.129100000000005,0.5
REC_02673,Visakhapatnam,Andhra Pradesh,17.6868,83.2185,coastal_cyclonic,2022-06-23,2022-06-26,3,47.5,92.1,28.6,28.6,86.7,87.1,1005.5,35.7,11.8,1,6,44.599999999999994,0.0,0.3999999999999915,1,0,1,9.0,1.2246467991473532e-16,-1.0,41.1825,0.7143
REC_02608,Delhi,NCR,28.6139,77.209,continental_subtropical,2022-06-24,2022-07-03,9,7.0,0.0,21.7,23.7,77.0,78.3,1006.2,0.0,15.3,1,7,7.0,2.0,1.2999999999999972,0,0,0,81.0,-0.4999999999999997,-0.8660254037844388,5.39,0.1
REC_03356,Mumbai,Maharashtra,19.076,72.8777,coastal_heavy_monsoon,2022-06-24,2022-07-03,9,24.4,5.2,26.0,23.8,77.4,55.3,1010.3,41.7,17.3,1,7,19.2,2.1999999999999993,22.10000000000001,0,0,0,81.0,-0.4999999999999997,-0.8660254037844388,18.8856,0.6364
REC_02546,Bengaluru,Karnataka,12.9716,77.5946,plateau_temperate,2022-06-25,2022-07-04,9,46.0,32.3,26.9,30.6,91.5,99.1,1003.5,38.9,7.1,1,7,13.700000000000003,3.700000000000003,7.599999999999994,0,1,1,81.0,-0.4999999999999997,-0.8660254037844388,42.09,0.25
REC_00983,Bengaluru,Karnataka,12.9716,77.5946,plateau_temperate,2022-06-25,2022-06-29,4,0.7,0.0,31.1,33.9,74.2,72.0,1007.1,0.0,16.1,1,6,0.7,2.799999999999997,2.200000000000003,0,0,0,16.0,1.2246467991473532e-16,-1.0,0.5194,0.2941
REC_02534,Delhi,NCR,28.6139,77.209,continental_subtropical,2022-06-26,2022-07-06,10,2.2,0.0,30.0,31.1,87.0,74.2,1007.8,0.0,31.4,1,7,2.2,1.1000000000000014,12.799999999999997,0,0,0,100.0,-0.4999999999999997,-0.8660254037844388,1.9140000000000001,0.0909
REC_01320,Hyderabad,Telangana,17.385,78.4867,semi_arid,2022-06-26,2022-07-05,9,0.5,21.1,30.8,35.2,77.5,56.1,1011.2,20.9,20.5,1,7,20.6,4.400000000000002,21.4,0,1,1,81.0,-0.4999999999999997,-0.8660254037844388,0.3875,0.4375
REC_01746,Bengaluru,Karnataka,12.9716,77.5946,plateau_temperate,2022-06-26,2022-06-29,3,13.2,21.8,32.0,34.2,83.4,71.1,1008.8,2.3,10.8,1,6,8.600000000000001,2.200000000000003,12.300000000000011,0,0,0,9.0,1.2246467991473532e-16,-1.0,11.0088,0.2778
REC_02705,Bengaluru,Karnataka,12.9716,77.5946,plateau_temperate,2022-06-26,2022-06-29,3,34.6,75.6,32.8,32.3,86.7,82.8,1003.5,37.2,2.7,1,6,40.99999999999999,0.5,3.9000000000000057,1,0,1,9.0,1.2246467991473532e-16,-1.0,29.9982,0.2632
REC_02890,Visakhapatnam,Andhra Pradesh,17.6868,83.2185,coastal_cyclonic,2022-06-27,2022-07-07,10,56.7,357.9,26.9,27.3,78.8,96.0,1012.3,73.4,16.7,1,7,301.2,0.40000000000000213,17.200000000000003,1,0,1,100.0,-0.4999999999999997,-0.8660254037844388,44.6796,0.75
REC_01719,Visakhapatnam,Andhra Pradesh,17.6868,83.2185,coastal_cyclonic,2022-06-27,2022-07-07,10,18.5,0.0,29.9,30.8,98.0,100.0,1002.0,14.1,4.4,1,7,18.5,0.9000000000000021,2.0,0,0,0,100.0,-0.4999999999999997,-0.8660254037844388,18.13,0.7778
REC_01155,Delhi,NCR,28.6139,77.209,continental_subtropical,2022-06-27,2022-07-05,8,0.6,26.2,28.6,30.2,81.8,91.5,1009.9,28.2,27.5,1,7,25.599999999999998,1.5999999999999979,9.700000000000003,1,0,1,64.0,-0.4999999999999997,-0.8660254037844388,0.49079999999999996,0.0833
REC_03321,Krishna District,Andhra Pradesh,16.5062,80.648,coastal_humid,2022-06-27,2022-06-30,3,4.0,0.0,23.0,26.6,79.9,83.4,1003.6,14.2,10.1,1,6,4.0,3.6000000000000014,3.5,0,1,1,9.0,1.2246467991473532e-16,-1.0,3.196,0.4545
REC_02373,Hyderabad,Telangana,17.385,78.4867,semi_arid,2022-06-27,2022-07-02,5,3.3,0.0,29.4,31.7,98.0,96.0,1006.0,23.8,20.5,1,7,3.3,2.3000000000000007,2.0,0,0,0,25.0,-0.4999999999999997,-0.8660254037844388,3.234,0.4706
REC_00203,Mumbai,Maharashtra,19.076,72.8777,coastal_heavy_monsoon,2022-06-27,2022-07-02,5,26.3,49.0,26.6,25.6,79.5,87.6,1006.3,34.2,7.9,1,7,22.7,1.0,8.099999999999994,0,0,0,25.0,-0.4999999999999997,-0.8660254037844388,20.9085,0.5833
REC_03334,Krishna District,Andhra Pradesh,16.5062,80.648,coastal_humid,2022-06-27,2022-07-04,7,16.4,75.4,24.8,27.0,79.0,65.8,1011.6,43.9,27.6,1,7,59.00000000000001,2.1999999999999993,13.200000000000003,1,0,1,49.0,-0.4999999999999997,-0.8660254037844388,12.956,0.5
REC_01910,Mumbai,Maharashtra,19.076,72.8777,coastal_heavy_monsoon,2022-06-28,2022-07-03,5,2.0,0.0,29.5,29.4,79.8,93.5,1008.5,12.9,10.9,1,7,2.0,0.10000000000000142,13.700000000000003,0,0,0,25.0,-0.4999999999999997,-0.8660254037844388,1.5959999999999999,0.5385
REC_02784,Bengaluru,Karnataka,12.9716,77.5946,plateau_temperate,2022-06-29,2022-06-30,1,25.5,16.4,30.6,30.3,95.0,91.4,1006.8,27.2,1.8,1,6,9.100000000000001,0.3000000000000007,3.5999999999999943,0,0,0,1.0,1.2246467991473532e-16,-1.0,24.225,0.3
REC_02522,Bengaluru,Karnataka,12.9716,77.5946,plateau_temperate,2022-06-29,2022-07-02,3,0.7,0.0,30.6,30.6,76.3,81.4,1004.9,3.3,2.5,1,7,0.7,0.0,5.1000000000000085,0,0,0,9.0,-0.4999999999999997,-0.8660254037844388,0.5341,0.2857
REC_02274,Visakhapatnam,Andhra Pradesh,17.6868,83.2185,coastal_cyclonic,2022-06-29,2022-07-03,4,42.0,0.0,29.5,29.8,97.1,97.1,1010.8,51.9,9.9,1,7,42.0,0.3000000000000007,0.0,1,0,1,16.0,-0.4999999999999997,-0.8660254037844388,40.782,0.7
REC_03435,Hyderabad,Telangana,17.385,78.4867,semi_arid,2022-06-30,2022-07-08,8,2.1,0.0,24.3,28.0,76.2,76.9,1004.9,8.2,6.1,1,7,2.1,3.6999999999999993,0.7000000000000028,0,1,1,64.0,-0.4999999999999997,-0.8660254037844388,1.6002,0.4444
REC_00219,Hyderabad,Telangana,17.385,78.4867,semi_arid,2022-06-30,2022-07-08,8,28.7,46.4,31.2,33.3,87.3,76.1,1003.2,6.3,22.4,1,7,17.7,2.099999999999998,11.200000000000003,0,0,0,64.0,-0.4999999999999997,-0.8660254037844388,25.055099999999996,0.4737
REC_02561,Bengaluru,Karnataka,12.9716,77.5946,plateau_temperate,2022-06-30,2022-07-07,7,11.5,0.6,34.5,35.6,74.3,67.1,1015.7,15.1,3.6,1,7,10.9,1.1000000000000014,7.200000000000003,0,0,0,49.0,-0.4999999999999997,-0.8660254037844388,8.5445,0.2727
REC_00414,Hyderabad,Telangana,17.385,78.4867,semi_arid,2022-06-30,2022-07-03,3,3.6,10.0,26.7,27.1,73.6,68.1,1011.0,0.0,10.3,1,7,6.4,0.40000000000000213,5.5,0,0,0,9.0,-0.4999999999999997,-0.8660254037844388,2.6496,0.45
REC_02170,Hyderabad,Telangana,17.385,78.4867,semi_arid,2022-06-30,2022-07-02,2,0.6,10.6,32.3,33.2,92.6,95.2,1007.4,0.9,0.4,1,7,10.0,0.9000000000000057,2.6000000000000085,0,0,0,4.0,-0.4999999999999997,-0.8660254037844388,0.5556,0.4286
REC_01233,Mumbai,Maharashtra,19.076,72.8777,coastal_heavy_monsoon,2022-06-30,2022-07-03,3,34.0,0.0,29.7,30.8,98.0,100.0,1015.9,44.5,10.6,1,7,34.0,1.1000000000000014,2.0,1,0,1,9.0,-0.4999999999999997,-0.8660254037844388,33.32,0.5
REC_03204,Visakhapatnam,Andhra Pradesh,17.6868,83.2185,coastal_cyclonic,2022-07-01,2022-07-04,3,84.7,110.2,32.2,32.5,84.4,82.7,1009.3,85.0,0.3,1,7,25.5,0.29999999999999716,1.7000000000000028,1,0,1,9.0,-0.4999999999999997,-0.8660254037844388,71.4868,0.7273
REC_01715,Delhi,NCR,28.6139,77.209,continental_subtropical,2022-07-01,2022-07-07,6,6.6,12.3,30.2,29.4,66.4,73.0,1013.1,0.0,18.6,1,7,5.700000000000001,0.8000000000000007,6.599999999999994,0,0,0,36.0,-0.4999999999999997,-0.8660254037844388,4.3824000000000005,0.1538
REC_02473,Hyderabad,Telangana,17.385,78.4867,semi_arid,2022-07-01,2022-07-09,8,6.4,3.9,25.0,20.2,90.3,100.0,1007.7,49.6,43.2,1,7,2.5000000000000004,4.800000000000001,9.700000000000003,0,1,1,64.0,-0.4999999999999997,-0.8660254037844388,5.7791999999999994,0.4091
REC_01338,Delhi,NCR,28.6139,77.209,continental_subtropical,2022-07-02,2022-07-10,8,8.2,0.0,28.6,27.8,71.9,63.6,1004.0,26.6,18.4,1,7,8.2,0.8000000000000007,8.300000000000004,0,0,0,64.0,-0.4999999999999997,-0.8660254037844388,5.8958,0.1429
REC_00584,Delhi,NCR,28.6139,77.209,continental_subtropical,2022-07-02,2022-07-10,8,34.1,0.0,28.3,28.0,93.1,89.7,1011.4,10.6,23.5,1,7,34.1,0.3000000000000007,3.3999999999999915,1,0,1,64.0,-0.4999999999999997,-0.8660254037844388,31.7471,0.1333
REC_02588,Mumbai,Maharashtra,19.076,72.8777,coastal_heavy_monsoon,2022-07-02,2022-07-10,8,58.3,23.9,31.3,29.4,82.1,92.5,1008.8,76.8,18.5,1,7,34.4,1.9000000000000021,10.400000000000006,1,0,1,64.0,-0.4999999999999997,-0.8660254037844388,47.86429999999999,0.5333
REC_01131,Delhi,NCR,28.6139,77.209,continental_subtropical,2022-07-02,2022-07-06,4,40.1,77.1,30.6,29.7,73.8,68.7,1003.3,31.3,8.8,1,7,36.99999999999999,0.9000000000000021,5.099999999999994,1,0,1,16.0,-0.4999999999999997,-0.8660254037844388,29.5938,0.1875
REC_00387,Delhi,NCR,28.6139,77.209,continental_subtropical,2022-07-02,2022-07-03,1,6.0,5.6,32.5,31.8,77.9,81.8,1003.7,7.2,1.1,1,7,0.40000000000000036,0.6999999999999993,3.8999999999999915,0,0,0,1.0,-0.4999999999999997,-0.8660254037844388,4.674,0.2353
REC_01005,Visakhapatnam,Andhra Pradesh,17.6868,83.2185,coastal_cyclonic,2022-07-02,2022-07-09,7,35.7,82.5,22.7,23.6,94.0,88.5,1000.1,13.9,21.8,1,7,46.8,0.9000000000000021,5.5,1,0,1,49.0,-0.4999999999999997,-0.8660254037844388,33.558,0.75
REC_03212,Delhi,NCR,28.6139,77.209,continental_subtropical,2022-07-03,2022-07-13,10,2.8,5.9,27.4,31.1,84.5,77.1,1008.3,51.8,49.0,1,7,3.1000000000000005,3.700000000000003,7.400000000000006,0,1,1,100.0,-0.4999999999999997,-0.8660254037844388,2.366,0.2222
REC_02037,Visakhapatnam,Andhra Pradesh,17.6868,83.2185,coastal_cyclonic,2022-07-03,2022-07-13,10,21.4,51.4,29.4,26.6,80.6,94.0,1006.9,109.3,88.0,1,7,30.0,2.799999999999997,13.400000000000006,1,0,1,100.0,-0.4999999999999997,-0.8660254037844388,17.248399999999997,0.7692
REC_00368,Hyderabad,Telangana,17.385,78.4867,semi_arid,2022-07-04,2022-07-10,6,2.3,0.0,31.1,28.7,65.3,59.2,1005.7,2.9,0.6,1,7,2.3,2.400000000000002,6.099999999999994,0,0,0,36.0,-0.4999999999999997,-0.8660254037844388,1.5018999999999998,0.4348
REC_01293,Mumbai,Maharashtra,19.076,72.8777,coastal_heavy_monsoon,2022-07-04,2022-07-10,6,17.7,85.2,25.3,24.8,79.5,82.1,1008.2,16.2,1.4,1,7,67.5,0.5,2.5999999999999943,1,0,1,36.0,-0.4999999999999997,-0.8660254037844388,14.071499999999999,0.5625
REC_01128,Visakhapatnam,Andhra Pradesh,17.6868,83.2185,coastal_cyclonic,2022-07-04,2022-07-12,8,14.3,19.1,30.5,34.3,91.3,77.7,1007.3,34.0,19.7,1,7,4.800000000000001,3.799999999999997,13.599999999999994,0,1,1,64.0,-0.4999999999999997,-0.8660254037844388,13.0559,0.7857
REC_01487,Mumbai,Maharashtra,19.076,72.8777,coastal_heavy_monsoon,2022-07-04,2022-07-13,9,3.1,5.7,29.4,34.9,70.7,89.9,998.5,0.0,46.1,1,7,2.6,5.5,19.200000000000003,0,1,1,81.0,-0.4999999999999997,-0.8660254037844388,2.1917,0.5882
REC_00546,Mumbai,Maharashtra,19.076,72.8777,coastal_heavy_monsoon,2022-07-04,2022-07-14,10,13.0,0.0,30.9,33.8,81.3,77.2,1004.4,0.0,35.8,1,7,13.0,2.8999999999999986,4.099999999999994,0,0,0,100.0,-0.4999999999999997,-0.8660254037844388,10.568999999999999,0.6111
REC_00753,Mumbai,Maharashtra,19.076,72.8777,coastal_heavy_monsoon,2022-07-05,2022-07-07,2,0.7,2.6,28.5,27.5,83.7,77.8,1005.0,4.8,4.1,1,7,1.9000000000000001,1.0,5.900000000000006,0,0,0,4.0,-0.4999999999999997,-0.8660254037844388,0.5859,0.5789
REC_01962,Krishna District,Andhra Pradesh,16.5062,80.648,coastal_humid,2022-07-06,2022-07-08,2,20.7,0.0,28.6,26.4,77.1,72.0,1004.8,13.9,6.7,1,7,20.7,2.200000000000003,5.099999999999994,1,0,1,4.0,-0.4999999999999997,-0.8660254037844388,15.959699999999998,0.5385
REC_00544,Bengaluru,Karnataka,12.9716,77.5946,plateau_temperate,2022-07-06,2022-07-09,3,22.1,36.3,33.5,33.6,67.3,58.6,1011.6,26.5,4.4,1,7,14.199999999999996,0.10000000000000142,8.699999999999996,0,0,0,9.0,-0.4999999999999997,-0.8660254037844388,14.873299999999999,0.2609
REC_01536,Krishna District,Andhra Pradesh,16.5062,80.648,coastal_humid,2022-07-06,2022-07-12,6,14.6,0.0,28.0,27.8,78.8,86.5,1004.2,6.3,8.3,1,7,14.6,0.1999999999999993,7.700000000000003,0,0,0,36.0,-0.4999999999999997,-0.8660254037844388,11.5048,0.5714
REC_01018,Visakhapatnam,Andhra Pradesh,17.6868,83.2185,coastal_cyclonic,2022-07-06,2022-07-16,10,11.3,0.0,29.5,26.8,79.3,85.8,1008.0,21.2,9.9,1,7,11.3,2.6999999999999993,6.5,0,0,0,100.0,-0.4999999999999997,-0.8660254037844388,8.9609,0.8
REC_00115,Mumbai,Maharashtra,19.076,72.8777,coastal_heavy_monsoon,2022-07-07,2022-07-13,6,33.5,14.3,32.0,29.9,94.3,87.9,1005.4,24.6,8.9,1,7,19.2,2.1000000000000014,6.3999999999999915,0,0,0,36.0,-0.4999999999999997,-0.8660254037844388,31.5905,0.55
REC_01981,Visakhapatnam,Andhra Pradesh,17.6868,83.2185,coastal_cyclonic,2022-07-07,2022-07-11,4,32.7,98.7,29.9,29.6,91.5,93.0,1006.2,41.3,8.5,1,7,66.0,0.29999999999999716,1.5,1,0,1,16.0,-0.4999999999999997,-0.8660254037844388,29.9205,0.75
REC_01775,Hyderabad,Telangana,17.385,78.4867,semi_arid,2022-07-07,2022-07-09,2,4.4,0.0,27.1,27.7,87.6,84.5,1009.8,6.8,2.4,1,7,4.4,0.5999999999999979,3.0999999999999943,0,0,0,4.0,-0.4999999999999997,-0.8660254037844388,3.8544,0.4167
REC_00309,Bengaluru,Karnataka,12.9716,77.5946,plateau_temperate,2022-07-08,2022-07-11,3,12.7,0.1,28.4,30.8,84.2,84.5,1014.7,7.3,5.4,1,7,12.6,2.400000000000002,0.29999999999999716,0,0,0,9.0,-0.4999999999999997,-0.8660254037844388,10.693399999999999,0.25
REC_02988,Visakhapatnam,Andhra Pradesh,17.6868,83.2185,coastal_cyclonic,2022-07-08,2022-07-12,4,20.0,0.0,34.0,34.6,93.5,81.9,1011.7,34.3,14.3,1,7,20.0,0.6000000000000014,11.599999999999994,1,0,1,16.0,-0.4999999999999997,-0.8660254037844388,18.7,0.7647
REC_01985,Krishna District,Andhra Pradesh,16.5062,80.648,coastal_humid,2022-07-08,2022-07-14,6,17.1,101.7,32.5,30.8,79.5,84.8,1005.6,20.1,3.1,1,7,84.6,1.6999999999999993,5.299999999999997,1,0,1,36.0,-0.4999999999999997,-0.8660254037844388,13.5945,0.5333
REC_00281,Mumbai,Maharashtra,19.076,72.8777,coastal_heavy_monsoon,2022-07-08,2022-07-16,8,90.6,0.0,29.1,29.6,84.7,86.5,1006.3,134.0,43.5,1,7,90.6,0.5,1.7999999999999972,1,0,1,64.0,-0.4999999999999997,-0.8660254037844388,76.73819999999999,0.5238
REC_01369,Visakhapatnam,Andhra Pradesh,17.6868,83.2185,coastal_cyclonic,2022-07-08,2022-07-17,9,54.9,133.0,28.1,26.0,76.1,60.2,1013.4,49.7,5.2,1,7,78.1,2.1000000000000014,15.899999999999991,1,0,1,81.0,-0.4999999999999997,-0.8660254037844388,41.77889999999999,0.7778
REC_02811,Delhi,NCR,28.6139,77.209,continental_subtropical,2022-07-09,2022-07-13,4,6.4,14.2,25.2,25.5,82.4,77.7,1002.0,3.1,3.3,1,7,7.799999999999999,0.3000000000000007,4.700000000000003,0,0,0,16.0,-0.4999999999999997,-0.8660254037844388,5.2736,0.2632
REC_00479,Mumbai,Maharashtra,19.076,72.8777,coastal_heavy_monsoon,2022-07-09,2022-07-15,6,4.2,29.6,29.6,28.7,77.5,82.2,1001.8,0.0,32.3,1,7,25.400000000000002,0.9000000000000021,4.700000000000003,1,0,1,36.0,-0.4999999999999997,-0.8660254037844388,3.255,0.5455
REC_00135,Hyderabad,Telangana,17.385,78.4867,semi_arid,2022-07-10,2022-07-12,2,34.1,42.6,30.6,29.8,72.0,73.4,1013.5,30.6,3.4,1,7,8.5,0.8000000000000007,1.4000000000000057,0,0,0,4.0,-0.4999999999999997,-0.8660254037844388,24.552000000000003,0.4
REC_00500,Visakhapatnam,Andhra Pradesh,17.6868,83.2185,coastal_cyclonic,2022-07-10,2022-07-15,5,59.6,71.4,33.5,29.6,69.7,62.6,1007.2,55.2,4.4,1,7,11.800000000000004,3.8999999999999986,7.100000000000001,0,1,1,25.0,-0.4999999999999997,-0.8660254037844388,41.541199999999996,0.7895
REC_01112,Bengaluru,Karnataka,12.9716,77.5946,plateau_temperate,2022-07-10,2022-07-17,7,3.0,0.0,31.7,30.7,86.5,100.0,1007.4,0.0,17.6,1,7,3.0,1.0,13.5,0,0,0,49.0,-0.4999999999999997,-0.8660254037844388,2.595,0.24
REC_00092,Mumbai,Maharashtra,19.076,72.8777,coastal_heavy_monsoon,2022-07-11,2022-07-21,10,14.7,64.7,24.8,22.6,65.3,70.9,1014.8,7.2,7.6,1,7,50.0,2.1999999999999993,5.6000000000000085,1,0,1,100.0,-0.4999999999999997,-0.8660254037844388,9.5991,0.5652
REC_03245,Bengaluru,Karnataka,12.9716,77.5946,plateau_temperate,2022-07-11,2022-07-18,7,3.0,1.5,31.4,32.5,85.5,86.3,1007.9,0.0,13.0,1,7,1.5,1.1000000000000014,0.7999999999999972,0,0,0,49.0,-0.4999999999999997,-0.8660254037844388,2.565,0.2308
REC_02976,Krishna District,Andhra Pradesh,16.5062,80.648,coastal_humid,2022-07-11,2022-07-14,3,10.8,0.0,33.8,32.0,79.2,79.5,1002.7,17.9,7.2,1,7,10.8,1.7999999999999972,0.29999999999999716,0,0,0,9.0,-0.4999999999999997,-0.8660254037844388,8.553600000000001,0.5625
REC_00271,Mumbai,Maharashtra,19.076,72.8777,coastal_heavy_monsoon,2022-07-11,2022-07-18,7,0.4,13.3,24.4,17.6,72.9,72.1,1007.1,60.0,59.6,1,7,12.9,6.799999999999997,0.8000000000000114,0,1,1,49.0,-0.4999999999999997,-0.8660254037844388,0.2916,0.5833
REC_00195,Delhi,NCR,28.6139,77.209,continental_subtropical,2022-07-12,2022-07-13,1,14.2,25.2,28.0,26.5,84.1,80.1,1012.6,14.7,0.5,1,7,11.0,1.5,4.0,0,0,0,1.0,-0.4999999999999997,-0.8660254037844388,11.942199999999998,0.25
REC_02520,Hyderabad,Telangana,17.385,78.4867,semi_arid,2022-07-12,2022-07-21,9,9.8,69.7,25.2,20.0,90.0,92.4,1006.0,31.8,22.0,1,7,59.900000000000006,5.199999999999999,2.4000000000000057,1,1,1,81.0,-0.4999999999999997,-0.8660254037844388,8.82,0.3846
REC_00525,Visakhapatnam,Andhra Pradesh,17.6868,83.2185,coastal_cyclonic,2022-07-13,2022-07-19,6,0.6,1.7,28.8,26.7,78.0,76.1,1008.3,0.0,1.2,1,7,1.1,2.1000000000000014,1.9000000000000057,0,0,0,36.0,-0.4999999999999997,-0.8660254037844388,0.46799999999999997,0.8
REC_02702,Mumbai,Maharashtra,19.076,72.8777,coastal_heavy_monsoon,2022-07-13,2022-07-21,8,10.3,0.0,30.3,28.9,89.9,82.6,1013.3,6.1,4.3,1,7,10.3,1.4000000000000021,7.300000000000011,0,0,0,64.0,-0.4999999999999997,-0.8660254037844388,9.259700000000002,0.6
REC_00775,Mumbai,Maharashtra,19.076,72.8777,coastal_heavy_monsoon,2022-07-14,2022-07-18,4,10.8,24.9,26.9,28.6,83.2,81.3,1010.4,2.8,7.9,1,7,14.099999999999998,1.7000000000000028,1.9000000000000057,0,0,0,16.0,-0.4999999999999997,-0.8660254037844388,8.9856,0.5769
REC_01099,Visakhapatnam,Andhra Pradesh,17.6868,83.2185,coastal_cyclonic,2022-07-14,2022-07-21,7,54.0,117.1,32.3,35.4,81.3,81.3,1005.2,62.9,8.9,1,7,63.099999999999994,3.1000000000000014,0.0,1,0,1,49.0,-0.4999999999999997,-0.8660254037844388,43.902,0.7619
REC_01483,Mumbai,Maharashtra,19.076,72.8777,coastal_heavy_monsoon,2022-07-14,2022-07-22,8,22.0,25.9,23.8,21.7,80.3,84.2,1007.5,38.5,16.5,1,7,3.8999999999999986,2.1000000000000014,3.9000000000000057,0,0,0,64.0,-0.4999999999999997,-0.8660254037844388,17.666,0.5556
REC_01585,Krishna District,Andhra Pradesh,16.5062,80.648,coastal_humid,2022-07-14,2022-07-24,10,2.3,1.4,26.9,24.4,92.3,82.2,1005.5,0.0,54.1,1,7,0.8999999999999999,2.5,10.099999999999994,0,0,0,100.0,-0.4999999999999997,-0.8660254037844388,2.1228999999999996,0.5294
REC_03260,Delhi,NCR,28.6139,77.209,continental_subtropical,2022-07-14,2022-07-24,10,8.4,31.9,33.1,35.7,77.7,100.0,1005.5,0.0,8.8,1,7,23.5,2.6000000000000014,22.299999999999997,0,0,0,100.0,-0.4999999999999997,-0.8660254037844388,6.526800000000001,0.2381
REC_02796,Hyderabad,Telangana,17.385,78.4867,semi_arid,2022-07-15,2022-07-17,2,1.0,3.2,27.2,27.9,77.0,81.8,1004.7,2.7,1.7,1,7,2.2,0.6999999999999993,4.799999999999997,0,0,0,4.0,-0.4999999999999997,-0.8660254037844388,0.77,0.4074
REC_02378,Hyderabad,Telangana,17.385,78.4867,semi_arid,2022-07-15,2022-07-25,10,6.0,0.0,28.8,28.8,67.4,51.0,1009.5,0.0,23.5,1,7,6.0,0.0,16.400000000000006,0,0,0,100.0,-0.4999999999999997,-0.8660254037844388,4.0440000000000005,0.3929
REC_00306,Bengaluru,Karnataka,12.9716,77.5946,plateau_temperate,2022-07-15,2022-07-21,6,6.0,0.0,34.1,31.8,70.0,60.8,1005.4,7.5,1.5,1,7,6.0,2.3000000000000007,9.200000000000003,0,0,0,36.0,-0.4999999999999997,-0.8660254037844388,4.2,0.2222
REC_02025,Bengaluru,Karnataka,12.9716,77.5946,plateau_temperate,2022-07-15,2022-07-17,2,3.3,9.3,29.0,30.0,75.9,83.7,1015.5,3.3,0.0,1,7,6.000000000000001,1.0,7.799999999999997,0,0,0,4.0,-0.4999999999999997,-0.8660254037844388,2.5047,0.2143
REC_03151,Delhi,NCR,28.6139,77.209,continental_subtropical,2022-07-15,2022-07-18,3,13.9,19.4,30.9,32.1,86.8,87.3,1006.2,8.7,5.2,1,7,5.499999999999998,1.2000000000000028,0.5,0,0,0,9.0,-0.4999999999999997,-0.8660254037844388,12.065199999999999,0.2273
REC_00845,Hyderabad,Telangana,17.385,78.4867,semi_arid,2022-07-16,2022-07-18,2,4.6,1.9,27.0,26.5,82.4,87.0,1009.5,6.4,1.8,1,7,2.6999999999999997,0.5,4.599999999999994,0,0,0,4.0,-0.4999999999999997,-0.8660254037844388,3.7904,0.3793
REC_01675,Bengaluru,Karnataka,12.9716,77.5946,plateau_temperate,2022-07-16,2022-07-20,4,14.4,57.3,27.5,29.5,93.1,78.6,1011.8,1.9,12.5,1,7,42.9,2.0,14.5,1,0,1,16.0,-0.4999999999999997,-0.8660254037844388,13.406399999999998,0.2069
REC_01087,Bengaluru,Karnataka,12.9716,77.5946,plateau_temperate,2022-07-16,2022-07-21,5,6.3,17.4,30.3,28.8,86.8,74.5,1001.6,0.0,18.9,1,7,11.099999999999998,1.5,12.299999999999997,0,0,0,25.0,-0.4999999999999997,-0.8660254037844388,5.468399999999999,0.2333
REC_02761,Mumbai,Maharashtra,19.076,72.8777,coastal_heavy_monsoon,2022-07-16,2022-07-24,8,16.3,67.4,27.8,27.6,69.8,67.9,1007.4,6.7,9.6,1,7,51.10000000000001,0.1999999999999993,1.8999999999999915,1,0,1,64.0,-0.4999999999999997,-0.8660254037844388,11.3774,0.5357
REC_00832,Mumbai,Maharashtra,19.076,72.8777,coastal_heavy_monsoon,2022-07-16,2022-07-26,10,22.4,203.6,31.3,30.4,74.9,55.2,1006.7,0.0,25.3,1,7,181.2,0.9000000000000021,19.700000000000003,1,0,1,100.0,-0.4999999999999997,-0.8660254037844388,16.7776,0.5517
REC_03231,Bengaluru,Karnataka,12.9716,77.5946,plateau_temperate,2022-07-17,2022-07-18,1,1.8,9.0,32.6,33.2,65.7,68.4,1008.5,1.7,0.1,1,7,7.2,0.6000000000000014,2.700000000000003,0,0,0,1.0,-0.4999999999999997,-0.8660254037844388,1.1826,0.2258
REC_00614,Krishna District,Andhra Pradesh,16.5062,80.648,coastal_humid,2022-07-17,2022-07-18,1,11.4,6.0,32.5,30.9,98.0,97.5,1006.8,10.0,1.3,1,7,5.4,1.6000000000000014,0.5,0,0,0,1.0,-0.4999999999999997,-0.8660254037844388,11.172,0.5
REC_02575,Hyderabad,Telangana,17.385,78.4867,semi_arid,2022-07-17,2022-07-20,3,6.8,6.8,29.6,32.9,74.9,87.5,1012.6,0.0,8.7,1,7,0.0,3.299999999999997,12.599999999999994,0,0,0,9.0,-0.4999999999999997,-0.8660254037844388,5.0932,0.3667
REC_01382,Bengaluru,Karnataka,12.9716,77.5946,plateau_temperate,2022-07-18,2022-07-19,1,5.3,8.4,31.9,32.2,82.3,82.5,1012.9,6.3,1.0,1,7,3.1000000000000005,0.30000000000000426,0.20000000000000284,0,0,0,1.0,-0.4999999999999997,-0.8660254037844388,4.3619,0.2188
REC_02684,Visakhapatnam,Andhra Pradesh,17.6868,83.2185,coastal_cyclonic,2022-07-18,2022-07-28,10,1.1,0.0,31.3,30.7,98.0,99.2,1012.8,1.1,0.0,1,7,1.1,0.6000000000000014,1.2000000000000028,0,0,0,100.0,-0.4999999999999997,-0.8660254037844388,1.078,0.7727
REC_00506,Krishna District,Andhra Pradesh,16.5062,80.648,coastal_humid,2022-07-19,2022-07-23,4,6.5,8.8,28.6,29.8,89.7,100.0,1009.8,19.3,12.9,1,7,2.3000000000000007,1.1999999999999993,10.299999999999997,0,0,0,16.0,-0.4999999999999997,-0.8660254037844388,5.830500000000001,0.4737
REC_02448,Mumbai,Maharashtra,19.076,72.8777,coastal_heavy_monsoon,2022-07-19,2022-07-20,1,17.1,12.7,29.6,29.6,82.3,82.4,1008.7,17.8,0.7,1,7,4.400000000000002,0.0,0.10000000000000853,0,0,0,1.0,-0.4999999999999997,-0.8660254037844388,14.073300000000001,0.5667
REC_00754,Delhi,NCR,28.6139,77.209,continental_subtropical,2022-07-20,2022-07-21,1,17.2,20.6,32.7,30.9,69.1,73.5,1009.5,18.7,1.5,1,7,3.400000000000002,1.8000000000000043,4.400000000000006,0,0,0,1.0,-0.4999999999999997,-0.8660254037844388,11.885199999999998,0.2174
REC_02151,Hyderabad,Telangana,17.385,78.4867,semi_arid,2022-07-20,2022-07-25,5,5.0,11.8,32.2,32.6,85.6,80.1,1002.6,1.3,3.7,1,7,6.800000000000001,0.3999999999999986,5.5,0,0,0,25.0,-0.4999999999999997,-0.8660254037844388,4.28,0.3548
REC_03409,Krishna District,Andhra Pradesh,16.5062,80.648,coastal_humid,2022-07-20,2022-07-25,5,5.1,0.0,29.5,28.8,82.3,76.1,1007.9,16.8,11.7,1,7,5.1,0.6999999999999993,6.200000000000003,0,0,0,25.0,-0.4999999999999997,-0.8660254037844388,4.197299999999999,0.45
REC_01199,Mumbai,Maharashtra,19.076,72.8777,coastal_heavy_monsoon,2022-07-20,2022-07-30,10,41.4,19.0,29.2,29.7,88.6,100.0,1008.8,72.7,31.3,1,7,22.4,0.5,11.400000000000006,0,0,0,100.0,-0.4999999999999997,-0.8660254037844388,36.68039999999999,0.5484
REC_00423,Mumbai,Maharashtra,19.076,72.8777,coastal_heavy_monsoon,2022-07-21,2022-07-23,2,22.3,17.8,33.3,32.6,69.3,69.2,1002.4,24.9,2.6,1,7,4.5,0.6999999999999957,0.09999999999999432,0,0,0,4.0,-0.4999999999999997,-0.8660254037844388,15.453899999999999,0.5312
REC_01739,Delhi,NCR,28.6139,77.209,continental_subtropical,2022-07-21,2022-07-25,4,12.2,0.0,33.4,34.6,87.8,97.2,1011.1,4.2,8.1,1,7,12.2,1.2000000000000028,9.400000000000006,0,0,0,16.0,-0.4999999999999997,-0.8660254037844388,10.711599999999999,0.2083
REC_01837,Delhi,NCR,28.6139,77.209,continental_subtropical,2022-07-22,2022-07-24,2,3.6,9.0,30.3,31.6,69.9,74.2,1014.0,2.1,1.5,1,7,5.4,1.3000000000000007,4.299999999999997,0,0,0,4.0,-0.4999999999999997,-0.8660254037844388,2.5164,0.2
REC_00594,Krishna District,Andhra Pradesh,16.5062,80.648,coastal_humid,2022-07-22,2022-07-27,5,7.6,0.0,30.2,31.1,90.8,97.5,1009.7,30.1,22.5,1,7,7.6,0.9000000000000021,6.700000000000003,0,0,0,25.0,-0.4999999999999997,-0.8660254037844388,6.900799999999999,0.4286
REC_00651,Visakhapatnam,Andhra Pradesh,17.6868,83.2185,coastal_cyclonic,2022-07-22,2022-07-31,9,54.4,71.9,25.2,26.0,78.5,82.4,1000.4,93.5,39.1,1,7,17.500000000000007,0.8000000000000007,3.9000000000000057,0,0,0,81.0,-0.4999999999999997,-0.8660254037844388,42.70399999999999,0.7391
REC_02425,Bengaluru,Karnataka,12.9716,77.5946,plateau_temperate,2022-07-23,2022-07-29,6,86.7,62.1,22.2,23.6,86.6,79.8,1003.1,95.2,8.5,1,7,24.6,1.4000000000000021,6.799999999999997,0,0,0,36.0,-0.4999999999999997,-0.8660254037844388,75.0822,0.2121
REC_00627,Delhi,NCR,28.6139,77.209,continental_subtropical,2022-07-23,2022-08-02,10,21.4,0.0,29.5,31.5,85.1,87.9,1006.1,43.9,22.5,1,8,21.4,2.0,2.8000000000000114,1,0,1,100.0,-0.8660254037844385,-0.5000000000000004,18.211399999999998,0.1923
REC_00607,Bengaluru,Karnataka,12.9716,77.5946,plateau_temperate,2022-07-23,2022-08-02,10,1.0,12.0,29.1,25.4,98.0,99.9,1007.6,0.0,57.1,1,8,11.0,3.700000000000003,1.9000000000000057,0,1,1,100.0,-0.8660254037844385,-0.5000000000000004,0.98,0.2059
REC_00407,Delhi,NCR,28.6139,77.209,continental_subtropical,2022-07-23,2022-07-28,5,6.3,15.2,34.1,31.6,75.1,79.3,1014.3,18.8,12.5,1,7,8.899999999999999,2.5,4.200000000000003,0,0,0,25.0,-0.4999999999999997,-0.8660254037844388,4.731299999999999,0.2222
REC_00244,Visakhapatnam,Andhra Pradesh,17.6868,83.2185,coastal_cyclonic,2022-07-23,2022-07-28,5,49.1,0.0,31.7,29.1,81.1,82.3,1009.8,72.0,22.9,1,7,49.1,2.599999999999998,1.2000000000000028,1,0,1,25.0,-0.4999999999999997,-0.8660254037844388,39.8201,0.7083
REC_03340,Delhi,NCR,28.6139,77.209,continental_subtropical,2022-07-23,2022-07-28,5,2.7,0.0,25.5,23.3,63.0,61.2,1006.1,5.6,2.9,1,7,2.7,2.1999999999999993,1.7999999999999972,0,0,0,25.0,-0.4999999999999997,-0.8660254037844388,1.7010000000000003,0.2143
REC_02026,Delhi,NCR,28.6139,77.209,continental_subtropical,2022-07-24,2022-08-02,9,12.0,0.0,25.4,22.0,96.7,100.0,1002.1,46.8,34.8,1,8,12.0,3.3999999999999986,3.299999999999997,0,0,0,81.0,-0.8660254037844385,-0.5000000000000004,11.604000000000001,0.2069
REC_00652,Visakhapatnam,Andhra Pradesh,17.6868,83.2185,coastal_cyclonic,2022-07-24,2022-07-26,2,17.5,0.0,29.0,29.2,72.6,73.0,1007.1,14.8,2.7,1,7,17.5,0.1999999999999993,0.4000000000000057,0,0,0,4.0,-0.4999999999999997,-0.8660254037844388,12.705,0.72
REC_02953,Visakhapatnam,Andhra Pradesh,17.6868,83.2185,coastal_cyclonic,2022-07-24,2022-07-26,2,13.1,10.4,26.2,25.8,87.8,87.5,1010.9,11.3,1.8,1,7,2.6999999999999993,0.3999999999999986,0.29999999999999716,0,0,0,4.0,-0.4999999999999997,-0.8660254037844388,11.501799999999998,0.6923
REC_01925,Krishna District,Andhra Pradesh,16.5062,80.648,coastal_humid,2022-07-24,2022-07-27,3,1.4,0.0,27.9,26.3,71.9,74.9,1000.1,6.4,5.0,1,7,1.4,1.5999999999999979,3.0,0,0,0,9.0,-0.4999999999999997,-0.8660254037844388,1.0066,0.4091
REC_02633,Mumbai,Maharashtra,19.076,72.8777,coastal_heavy_monsoon,2022-07-24,2022-07-29,5,2.2,12.9,24.7,20.3,80.0,70.4,1011.7,21.6,19.4,1,7,10.7,4.399999999999999,9.599999999999994,0,1,1,25.0,-0.4999999999999997,-0.8660254037844388,1.76,0.5152
REC_03092,Krishna District,Andhra Pradesh,16.5062,80.648,coastal_humid,2022-07-24,2022-07-30,6,30.6,52.6,30.3,31.9,73.9,68.9,1007.2,35.2,4.6,1,7,22.0,1.5999999999999979,5.0,0,0,0,36.0,-0.4999999999999997,-0.8660254037844388,22.613400000000002,0.3913
REC_00496,Bengaluru,Karnataka,12.9716,77.5946,plateau_temperate,2022-07-25,2022-08-01,7,8.9,0.0,30.6,29.6,77.8,76.2,1010.0,0.0,29.3,1,8,8.9,1.0,1.5999999999999943,0,0,0,49.0,-0.8660254037844385,-0.5000000000000004,6.9242,0.2286
REC_01169,Bengaluru,Karnataka,12.9716,77.5946,plateau_temperate,2022-07-25,2022-08-04,10,16.2,28.0,29.4,34.1,76.2,72.3,1006.2,5.8,10.4,1,8,11.8,4.700000000000003,3.9000000000000057,0,1,1,100.0,-0.8660254037844385,-0.5000000000000004,12.3444,0.2222
REC_03444,Krishna District,Andhra Pradesh,16.5062,80.648,coastal_humid,2022-07-25,2022-07-26,1,63.7,16.3,27.0,26.0,85.6,91.4,1004.6,62.6,1.1,1,7,47.400000000000006,1.0,5.800000000000011,1,0,1,1.0,-0.4999999999999997,-0.8660254037844388,54.5272,0.375
REC_02019,Hyderabad,Telangana,17.385,78.4867,semi_arid,2022-07-25,2022-07-29,4,21.5,29.8,30.0,32.3,77.4,80.0,1005.3,23.5,2.0,1,7,8.3,2.299999999999997,2.5999999999999943,0,0,0,16.0,-0.4999999999999997,-0.8660254037844388,16.641000000000002,0.3438
REC_01924,Hyderabad,Telangana,17.385,78.4867,semi_arid,2022-07-26,2022-07-31,5,74.3,106.4,31.1,30.8,78.0,85.4,1008.8,59.2,15.2,1,7,32.10000000000001,0.3000000000000007,7.400000000000006,1,0,1,25.0,-0.4999999999999997,-0.8660254037844388,57.95399999999999,0.3333
REC_03275,Visakhapatnam,Andhra Pradesh,17.6868,83.2185,coastal_cyclonic,2022-07-26,2022-07-30,4,12.1,0.0,30.6,29.3,91.0,94.0,1009.6,0.0,15.1,1,7,12.1,1.3000000000000007,3.0,0,0,0,16.0,-0.4999999999999997,-0.8660254037844388,11.011,0.6667
REC_01838,Bengaluru,Karnataka,12.9716,77.5946,plateau_temperate,2022-07-26,2022-07-28,2,13.6,20.0,28.6,30.2,81.2,82.3,1006.9,6.3,7.4,1,7,6.4,1.5999999999999979,1.0999999999999943,0,0,0,4.0,-0.4999999999999997,-0.8660254037844388,11.043199999999999,0.2432
REC_01172,Bengaluru,Karnataka,12.9716,77.5946,plateau_temperate,2022-07-26,2022-07-29,3,11.6,4.2,33.8,33.5,84.0,89.8,1009.1,23.1,11.4,1,7,7.3999999999999995,0.29999999999999716,5.799999999999997,0,0,0,9.0,-0.4999999999999997,-0.8660254037844388,9.744,0.2368
REC_02065,Delhi,NCR,28.6139,77.209,continental_subtropical,2022-07-27,2022-08-05,9,12.3,68.2,25.2,25.0,85.6,71.2,1011.8,25.9,13.6,1,8,55.900000000000006,0.1999999999999993,14.399999999999991,1,0,1,81.0,-0.8660254037844385,-0.5000000000000004,10.528799999999999,0.2
REC_02118,Hyderabad,Telangana,17.385,78.4867,semi_arid,2022-07-27,2022-08-06,10,12.4,0.0,32.6,29.4,88.9,80.3,1003.6,0.0,30.7,1,8,12.4,3.200000000000003,8.600000000000009,0,0,0,100.0,-0.8660254037844385,-0.5000000000000004,11.023600000000002,0.3529
REC_00771,Bengaluru,Karnataka,12.9716,77.5946,plateau_temperate,2022-07-28,2022-07-29,1,32.5,49.9,24.7,24.6,77.4,73.6,1000.4,33.5,1.0,1,7,17.4,0.09999999999999787,3.8000000000000114,0,0,0,1.0,-0.4999999999999997,-0.8660254037844388,25.155,0.2308
REC_01289,Delhi,NCR,28.6139,77.209,continental_subtropical,2022-07-28,2022-08-01,4,3.7,0.0,31.2,36.0,83.3,80.9,1011.2,0.0,13.0,1,8,3.7,4.800000000000001,2.3999999999999915,0,1,1,16.0,-0.8660254037844385,-0.5000000000000004,3.0820999999999996,0.2258
REC_01570,Visakhapatnam,Andhra Pradesh,17.6868,83.2185,coastal_cyclonic,2022-07-28,2022-08-02,5,6.1,0.0,29.6,31.0,84.2,90.3,1003.2,0.0,30.0,1,8,6.1,1.3999999999999986,6.099999999999994,0,0,0,25.0,-0.8660254037844385,-0.5000000000000004,5.1362,0.6429
REC_02232,Mumbai,Maharashtra,19.076,72.8777,coastal_heavy_monsoon,2022-07-28,2022-08-04,7,33.5,0.0,37.2,35.8,74.2,59.6,1006.9,0.0,70.0,1,8,33.5,1.4000000000000057,14.600000000000001,1,0,1,49.0,-0.8660254037844385,-0.5000000000000004,24.857000000000003,0.5294
REC_02293,Mumbai,Maharashtra,19.076,72.8777,coastal_heavy_monsoon,2022-07-28,2022-08-05,8,40.1,6.8,26.0,23.7,91.7,100.0,1006.9,53.1,13.0,1,8,33.300000000000004,2.3000000000000007,8.299999999999997,1,0,1,64.0,-0.8660254037844385,-0.5000000000000004,36.7717,0.5429
REC_03158,Visakhapatnam,Andhra Pradesh,17.6868,83.2185,coastal_cyclonic,2022-07-28,2022-08-06,9,2.1,32.4,25.8,28.0,85.2,86.0,1004.5,0.0,34.1,1,8,30.299999999999997,2.1999999999999993,0.7999999999999972,1,0,1,81.0,-0.8660254037844385,-0.5000000000000004,1.7892000000000001,0.6207
REC_01448,Mumbai,Maharashtra,19.076,72.8777,coastal_heavy_monsoon,2022-07-29,2022-08-01,3,11.2,0.2,28.9,29.4,89.3,93.1,1009.6,11.7,0.5,1,8,11.0,0.5,3.799999999999997,0,0,0,9.0,-0.8660254037844385,-0.5000000000000004,10.001599999999998,0.5556
REC_02479,Mumbai,Maharashtra,19.076,72.8777,coastal_heavy_monsoon,2022-07-30,2022-08-08,9,11.2,0.4,29.0,30.4,77.3,64.0,1007.4,30.3,19.1,1,8,10.799999999999999,1.3999999999999986,13.299999999999997,0,0,0,81.0,-0.8660254037844385,-0.5000000000000004,8.657599999999999,0.5405
REC_00727,Bengaluru,Karnataka,12.9716,77.5946,plateau_temperate,2022-07-30,2022-08-08,9,21.2,23.6,26.8,18.3,87.8,100.0,1008.7,0.0,23.3,1,8,2.400000000000002,8.5,12.200000000000003,0,1,1,81.0,-0.8660254037844385,-0.5000000000000004,18.613599999999998,0.225
REC_00694,Mumbai,Maharashtra,19.076,72.8777,coastal_heavy_monsoon,2022-07-30,2022-08-08,9,10.1,13.8,26.6,23.5,72.5,72.6,1006.4,0.0,16.7,1,8,3.700000000000001,3.1000000000000014,0.09999999999999432,0,0,0,81.0,-0.8660254037844385,-0.5000000000000004,7.3225,0.5263
REC_02147,Mumbai,Maharashtra,19.076,72.8777,coastal_heavy_monsoon,2022-07-30,2022-08-02,3,3.6,0.0,29.6,30.7,92.4,95.2,1014.1,0.0,11.3,1,8,3.6,1.0999999999999979,2.799999999999997,0,0,0,9.0,-0.8660254037844385,-0.5000000000000004,3.3264000000000005,0.5128
REC_02553,Delhi,NCR,28.6139,77.209,continental_subtropical,2022-07-30,2022-08-04,5,24.0,15.8,30.2,29.8,76.1,72.3,1008.6,12.6,11.4,1,8,8.2,0.3999999999999986,3.799999999999997,0,0,0,25.0,-0.8660254037844385,-0.5000000000000004,18.264,0.25
REC_00953,Visakhapatnam,Andhra Pradesh,17.6868,83.2185,coastal_cyclonic,2022-07-30,2022-08-03,4,42.5,70.2,31.4,28.4,73.5,77.8,1011.9,45.1,2.6,1,8,27.700000000000003,3.0,4.299999999999997,1,0,1,16.0,-0.8660254037844385,-0.5000000000000004,31.2375,0.6333
REC_01620,Delhi,NCR,28.6139,77.209,continental_subtropical,2022-07-30,2022-08-09,10,10.4,39.4,31.4,29.8,92.8,92.0,1010.6,0.0,17.0,1,8,29.0,1.5999999999999979,0.7999999999999972,1,0,1,100.0,-0.8660254037844385,-0.5000000000000004,9.6512,0.2424
REC_01027,Hyderabad,Telangana,17.385,78.4867,semi_arid,2022-07-30,2022-08-07,8,4.2,0.0,23.0,22.9,83.1,73.8,1005.9,23.9,19.7,1,8,4.2,0.10000000000000142,9.299999999999997,0,0,0,64.0,-0.8660254037844385,-0.5000000000000004,3.4901999999999997,0.3429
REC_02347,Mumbai,Maharashtra,19.076,72.8777,coastal_heavy_monsoon,2022-07-31,2022-08-01,1,55.7,44.0,30.4,30.2,69.3,66.3,1017.0,56.1,0.4,1,8,11.700000000000003,0.1999999999999993,3.0,0,0,0,1.0,-0.8660254037844385,-0.5000000000000004,38.600100000000005,0.5
REC_00079,Bengaluru,Karnataka,12.9716,77.5946,plateau_temperate,2022-07-31,2022-08-03,3,4.1,0.0,25.8,22.5,77.9,78.9,1008.7,0.0,6.3,1,8,4.1,3.3000000000000007,1.0,0,0,0,9.0,-0.8660254037844385,-0.5000000000000004,3.1938999999999997,0.2439
REC_01041,Hyderabad,Telangana,17.385,78.4867,semi_arid,2022-07-31,2022-08-01,1,11.1,16.4,28.6,28.5,70.1,70.2,1003.4,12.7,1.6,1,8,5.299999999999999,0.10000000000000142,0.10000000000000853,0,0,0,1.0,-0.8660254037844385,-0.5000000000000004,7.781099999999999,0.3333
REC_02934,Bengaluru,Karnataka,12.9716,77.5946,plateau_temperate,2022-07-31,2022-08-06,6,25.9,25.9,31.1,27.2,87.9,99.3,1012.8,28.3,2.4,1,8,0.0,3.900000000000002,11.399999999999991,0,1,1,36.0,-0.8660254037844385,-0.5000000000000004,22.7661,0.2381
REC_00946,Krishna District,Andhra Pradesh,16.5062,80.648,coastal_humid,2022-08-01,2022-08-08,7,36.8,0.0,27.2,24.6,78.4,93.2,1003.9,55.4,18.6,1,8,36.8,2.599999999999998,14.799999999999997,1,0,1,49.0,-0.8660254037844385,-0.5000000000000004,28.8512,0.4
REC_02572,Krishna District,Andhra Pradesh,16.5062,80.648,coastal_humid,2022-08-01,2022-08-09,8,31.0,79.7,27.1,21.0,74.3,65.1,1015.4,77.9,46.9,1,8,48.7,6.100000000000001,9.200000000000003,1,1,1,64.0,-0.8660254037844385,-0.5000000000000004,23.032999999999998,0.4231
REC_03421,Bengaluru,Karnataka,12.9716,77.5946,plateau_temperate,2022-08-01,2022-08-05,4,21.4,43.3,30.5,32.3,89.9,92.0,1011.6,27.4,6.0,1,8,21.9,1.7999999999999972,2.0999999999999943,0,0,0,16.0,-0.8660254037844385,-0.5000000000000004,19.238599999999998,0.2558
REC_00404,Mumbai,Maharashtra,19.076,72.8777,coastal_heavy_monsoon,2022-08-01,2022-08-11,10,45.9,0.0,28.2,31.5,76.3,71.2,1005.2,49.8,4.0,1,8,45.9,3.3000000000000007,5.099999999999994,1,0,1,100.0,-0.8660254037844385,-0.5000000000000004,35.021699999999996,0.4878
REC_00266,Krishna District,Andhra Pradesh,16.5062,80.648,coastal_humid,2022-08-01,2022-08-04,3,3.1,0.0,32.2,32.2,86.9,90.3,1012.8,4.2,1.0,1,8,3.1,0.0,3.3999999999999915,0,0,0,9.0,-0.8660254037844385,-0.5000000000000004,2.6939000000000006,0.4444
REC_00587,Delhi,NCR,28.6139,77.209,continental_subtropical,2022-08-01,2022-08-04,3,4.4,4.7,27.7,27.8,91.3,84.7,1007.0,9.4,5.0,1,8,0.2999999999999998,0.10000000000000142,6.599999999999994,0,0,0,9.0,-0.8660254037844385,-0.5000000000000004,4.0172,0.2647
REC_01589,Delhi,NCR,28.6139,77.209,continental_subtropical,2022-08-01,2022-08-02,1,33.6,40.9,30.4,29.1,89.7,91.2,1005.7,34.2,0.6,1,8,7.299999999999997,1.2999999999999972,1.5,0,0,0,1.0,-0.8660254037844385,-0.5000000000000004,30.139200000000002,0.2571
REC_02629,Krishna District,Andhra Pradesh,16.5062,80.648,coastal_humid,2022-08-02,2022-08-03,1,27.4,25.0,30.2,30.6,81.6,82.6,1013.6,28.7,1.3,1,8,2.3999999999999986,0.40000000000000213,1.0,0,0,0,1.0,-0.8660254037844385,-0.5000000000000004,22.358399999999996,0.4286
REC_03114,Mumbai,Maharashtra,19.076,72.8777,coastal_heavy_monsoon,2022-08-02,2022-08-06,4,2.9,7.7,27.1,25.3,78.4,79.8,1009.2,5.5,2.5,1,8,4.800000000000001,1.8000000000000007,1.3999999999999915,0,0,0,16.0,-0.8660254037844385,-0.5000000000000004,2.2736,0.5
REC_00178,Bengaluru,Karnataka,12.9716,77.5946,plateau_temperate,2022-08-03,2022-08-07,4,13.3,0.4,31.4,35.0,82.3,83.2,1005.0,8.3,5.0,1,8,12.9,3.6000000000000014,0.9000000000000057,0,1,1,16.0,-0.8660254037844385,-0.5000000000000004,10.9459,0.25
REC_02631,Visakhapatnam,Andhra Pradesh,17.6868,83.2185,coastal_cyclonic,2022-08-03,2022-08-11,8,18.4,49.4,29.3,25.8,98.0,97.9,1007.4,2.2,16.2,1,8,31.0,3.5,0.09999999999999432,1,1,1,64.0,-0.8660254037844385,-0.5000000000000004,18.031999999999996,0.6452
REC_02921,Hyderabad,Telangana,17.385,78.4867,semi_arid,2022-08-03,2022-08-13,10,9.3,0.0,31.0,41.0,60.9,84.1,1012.1,46.0,36.7,1,8,9.3,10.0,23.199999999999996,0,1,1,100.0,-0.8660254037844385,-0.5000000000000004,5.6637,0.3243
REC_02002,Hyderabad,Telangana,17.385,78.4867,semi_arid,2022-08-04,2022-08-06,2,38.0,0.0,31.7,33.1,88.0,94.7,1011.6,34.9,3.1,1,8,38.0,1.4000000000000021,6.700000000000003,1,0,1,4.0,-0.8660254037844385,-0.5000000000000004,33.44,0.3421
REC_01998,Visakhapatnam,Andhra Pradesh,17.6868,83.2185,coastal_cyclonic,2022-08-04,2022-08-08,4,74.6,72.1,26.9,26.9,91.1,96.1,1005.9,102.0,27.4,1,8,2.5,0.0,5.0,0,0,0,16.0,-0.8660254037844385,-0.5000000000000004,67.9606,0.6562
REC_00524,Visakhapatnam,Andhra Pradesh,17.6868,83.2185,coastal_cyclonic,2022-08-04,2022-08-12,8,17.7,0.0,28.3,33.6,78.9,56.7,1006.8,0.7,17.0,1,8,17.7,5.300000000000001,22.200000000000003,0,1,1,64.0,-0.8660254037844385,-0.5000000000000004,13.9653,0.6364
REC_01983,Bengaluru,Karnataka,12.9716,77.5946,plateau_temperate,2022-08-04,2022-08-13,9,9.1,0.0,28.9,30.4,81.5,100.0,1012.7,0.0,39.1,1,8,9.1,1.5,18.5,0,0,0,81.0,-0.8660254037844385,-0.5000000000000004,7.4165,0.2667
REC_00698,Delhi,NCR,28.6139,77.209,continental_subtropical,2022-08-05,2022-08-14,9,9.2,0.0,30.1,27.1,84.7,77.8,1007.8,28.1,18.9,1,8,9.2,3.0,6.900000000000006,0,0,0,81.0,-0.8660254037844385,-0.5000000000000004,7.7924,0.25
REC_00384,Delhi,NCR,28.6139,77.209,continental_subtropical,2022-08-05,2022-08-13,8,18.8,22.6,27.0,27.8,82.6,68.2,1007.2,44.4,25.6,1,8,3.8000000000000007,0.8000000000000007,14.399999999999991,0,0,0,64.0,-0.8660254037844385,-0.5000000000000004,15.528799999999999,0.2432
REC_02432,Mumbai,Maharashtra,19.076,72.8777,coastal_heavy_monsoon,2022-08-05,2022-08-10,5,22.5,21.2,30.8,28.7,75.3,69.5,1011.3,14.9,7.6,1,8,1.3000000000000007,2.1000000000000014,5.799999999999997,0,0,0,25.0,-0.8660254037844385,-0.5000000000000004,16.9425,0.4884
REC_01996,Mumbai,Maharashtra,19.076,72.8777,coastal_heavy_monsoon,2022-08-05,2022-08-07,2,6.4,3.4,31.3,32.1,78.9,75.6,1011.6,0.0,11.2,1,8,3.0000000000000004,0.8000000000000007,3.3000000000000114,0,0,0,4.0,-0.8660254037844385,-0.5000000000000004,5.049600000000001,0.4773
REC_01149,Bengaluru,Karnataka,12.9716,77.5946,plateau_temperate,2022-08-05,2022-08-11,6,25.4,37.5,26.7,26.1,86.1,71.1,1000.7,13.6,11.8,1,8,12.100000000000001,0.5999999999999979,15.0,0,0,0,36.0,-0.8660254037844385,-0.5000000000000004,21.869399999999995,0.2609
REC_01189,Visakhapatnam,Andhra Pradesh,17.6868,83.2185,coastal_cyclonic,2022-08-06,2022-08-07,1,23.6,27.5,25.2,24.7,79.0,76.9,1005.7,22.9,0.7,1,8,3.8999999999999986,0.5,2.0999999999999943,0,0,0,1.0,-0.8660254037844385,-0.5000000000000004,18.644000000000002,0.6471
REC_02680,Delhi,NCR,28.6139,77.209,continental_subtropical,2022-08-06,2022-08-08,2,7.5,14.7,30.9,30.6,97.3,99.9,1008.0,10.8,3.3,1,8,7.199999999999999,0.29999999999999716,2.6000000000000085,0,0,0,4.0,-0.8660254037844385,-0.5000000000000004,7.2975,0.2368
REC_02605,Delhi,NCR,28.6139,77.209,continental_subtropical,2022-08-06,2022-08-09,3,5.1,2.1,28.3,26.8,67.8,77.8,1010.0,3.5,1.6,1,8,2.9999999999999996,1.5,10.0,0,0,0,9.0,-0.8660254037844385,-0.5000000000000004,3.4577999999999998,0.2308
REC_02690,Mumbai,Maharashtra,19.076,72.8777,coastal_heavy_monsoon,2022-08-06,2022-08-09,3,3.8,15.9,35.7,35.9,79.9,75.0,1008.4,7.9,4.1,1,8,12.100000000000001,0.19999999999999574,4.900000000000006,0,0,0,9.0,-0.8660254037844385,-0.5000000000000004,3.0362,0.4667
REC_03269,Hyderabad,Telangana,17.385,78.4867,semi_arid,2022-08-06,2022-08-12,6,0.4,4.6,28.7,26.6,70.0,70.4,1004.7,0.0,13.2,1,8,4.199999999999999,2.099999999999998,0.4000000000000057,0,0,0,36.0,-0.8660254037844385,-0.5000000000000004,0.28,0.359
REC_00559,Delhi,NCR,28.6139,77.209,continental_subtropical,2022-08-06,2022-08-15,9,23.1,143.2,27.8,31.3,84.3,100.0,1012.1,9.1,14.0,1,8,120.1,3.5,15.700000000000003,1,1,1,81.0,-0.8660254037844385,-0.5000000000000004,19.473300000000002,0.225
REC_03382,Mumbai,Maharashtra,19.076,72.8777,coastal_heavy_monsoon,2022-08-07,2022-08-14,7,5.9,0.0,34.8,35.6,77.1,68.0,1006.9,0.0,44.8,1,8,5.9,0.8000000000000043,9.099999999999994,0,0,0,49.0,-0.8660254037844385,-0.5000000000000004,4.5489,0.4565
REC_02795,Visakhapatnam,Andhra Pradesh,17.6868,83.2185,coastal_cyclonic,2022-08-07,2022-08-12,5,4.4,0.0,32.1,35.7,67.7,74.8,1008.3,19.2,14.9,1,8,4.4,3.6000000000000014,7.099999999999994,0,1,1,25.0,-0.8660254037844385,-0.5000000000000004,2.9788000000000006,0.6286
REC_02241,Delhi,NCR,28.6139,77.209,continental_subtropical,2022-08-07,2022-08-12,5,1.6,0.0,30.8,32.2,85.5,83.3,1003.4,0.0,4.4,1,8,1.6,1.4000000000000021,2.200000000000003,0,0,0,25.0,-0.8660254037844385,-0.5000000000000004,1.368,0.2439
REC_01807,Hyderabad,Telangana,17.385,78.4867,semi_arid,2022-08-07,2022-08-10,3,1.6,7.9,29.1,28.8,90.7,90.6,1005.7,2.7,1.1,1,8,6.300000000000001,0.3000000000000007,0.10000000000000853,0,0,0,9.0,-0.8660254037844385,-0.5000000000000004,1.4512,0.35
REC_01728,Visakhapatnam,Andhra Pradesh,17.6868,83.2185,coastal_cyclonic,2022-08-07,2022-08-10,3,23.9,15.9,33.3,32.2,78.5,82.5,1004.5,14.3,9.6,1,8,7.999999999999998,1.0999999999999943,4.0,0,0,0,9.0,-0.8660254037844385,-0.5000000000000004,18.761499999999998,0.6389
REC_01325,Delhi,NCR,28.6139,77.209,continental_subtropical,2022-08-07,2022-08-11,4,48.9,140.3,27.5,24.7,77.2,63.2,1004.4,48.3,0.6,1,8,91.4,2.8000000000000007,14.0,1,0,1,16.0,-0.8660254037844385,-0.5000000000000004,37.7508,0.2381
REC_00063,Visakhapatnam,Andhra Pradesh,17.6868,83.2185,coastal_cyclonic,2022-08-09,2022-08-10,1,20.1,10.9,26.1,25.4,82.6,82.0,1014.1,24.5,4.4,1,8,9.200000000000001,0.7000000000000028,0.5999999999999943,0,0,0,1.0,-0.8660254037844385,-0.5000000000000004,16.6026,0.6216
REC_02185,Mumbai,Maharashtra,19.076,72.8777,coastal_heavy_monsoon,2022-08-09,2022-08-11,2,6.2,16.6,29.1,28.4,85.9,87.6,1006.8,2.9,3.3,1,8,10.400000000000002,0.7000000000000028,1.6999999999999886,0,0,0,4.0,-0.8660254037844385,-0.5000000000000004,5.3258,0.4468
REC_01057,Delhi,NCR,28.6139,77.209,continental_subtropical,2022-08-09,2022-08-15,6,12.9,5.7,32.3,32.9,76.6,78.7,1006.1,0.0,16.9,1,8,7.2,0.6000000000000014,2.1000000000000085,0,0,0,36.0,-0.8660254037844385,-0.5000000000000004,9.8814,0.2558
REC_01469,Hyderabad,Telangana,17.385,78.4867,semi_arid,2022-08-09,2022-08-16,7,5.9,4.7,25.6,23.9,82.6,97.3,1007.6,40.1,34.2,1,8,1.2000000000000002,1.7000000000000028,14.700000000000003,0,0,0,49.0,-0.8660254037844385,-0.5000000000000004,4.8734,0.3415
REC_00452,Bengaluru,Karnataka,12.9716,77.5946,plateau_temperate,2022-08-09,2022-08-17,8,18.4,41.3,32.2,29.7,95.7,100.0,1001.0,6.7,11.7,1,8,22.9,2.5000000000000036,4.299999999999997,0,0,0,64.0,-0.8660254037844385,-0.5000000000000004,17.6088,0.2553
REC_01712,Hyderabad,Telangana,17.385,78.4867,semi_arid,2022-08-09,2022-08-18,9,20.3,75.6,31.3,25.7,88.6,91.2,1012.9,3.9,16.5,1,8,55.3,5.600000000000001,2.6000000000000085,1,1,1,81.0,-0.8660254037844385,-0.5000000000000004,17.985799999999998,0.3333
REC_00975,Bengaluru,Karnataka,12.9716,77.5946,plateau_temperate,2022-08-10,2022-08-18,8,9.6,0.0,25.4,27.0,76.1,77.5,1007.0,11.1,1.5,1,8,9.6,1.6000000000000014,1.4000000000000057,0,0,0,64.0,-0.8660254037844385,-0.5000000000000004,7.305599999999999,0.25
REC_00099,Hyderabad,Telangana,17.385,78.4867,semi_arid,2022-08-10,2022-08-14,4,9.6,12.5,23.9,23.3,89.9,100.0,1006.6,7.0,2.6,1,8,2.9000000000000004,0.5999999999999979,10.099999999999994,0,0,0,16.0,-0.8660254037844385,-0.5000000000000004,8.630400000000002,0.3488
REC_03278,Visakhapatnam,Andhra Pradesh,17.6868,83.2185,coastal_cyclonic,2022-08-10,2022-08-15,5,14.9,95.6,28.0,28.7,83.2,85.1,1015.4,7.1,7.7,1,8,80.69999999999999,0.6999999999999993,1.8999999999999915,1,0,1,25.0,-0.8660254037844385,-0.5000000000000004,12.3968,0.6053
REC_02743,Delhi,NCR,28.6139,77.209,continental_subtropical,2022-08-10,2022-08-17,7,5.0,35.5,30.7,29.1,80.9,79.0,1009.4,35.3,30.3,1,8,30.5,1.5999999999999979,1.9000000000000057,1,0,1,49.0,-0.8660254037844385,-0.5000000000000004,4.045,0.25
REC_01865,Bengaluru,Karnataka,12.9716,77.5946,plateau_temperate,2022-08-11,2022-08-21,10,10.2,152.0,28.3,35.8,91.4,100.0,1011.5,15.4,5.2,1,8,141.8,7.4999999999999964,8.599999999999994,1,1,1,100.0,-0.8660254037844385,-0.5000000000000004,9.322799999999999,0.2449
REC_00016,Delhi,NCR,28.6139,77.209,continental_subtropical,2022-08-11,2022-08-12,1,20.1,4.2,25.6,26.0,88.3,95.3,1004.4,17.5,2.5,1,8,15.900000000000002,0.3999999999999986,7.0,1,0,1,1.0,-0.8660254037844385,-0.5000000000000004,17.7483,0.2667
REC_03145,Visakhapatnam,Andhra Pradesh,17.6868,83.2185,coastal_cyclonic,2022-08-11,2022-08-14,3,6.7,0.0,27.5,27.9,92.9,97.8,1008.4,0.1,6.7,1,8,6.7,0.3999999999999986,4.8999999999999915,0,0,0,9.0,-0.8660254037844385,-0.5000000000000004,6.2243,0.6154
REC_00261,Bengaluru,Karnataka,12.9716,77.5946,plateau_temperate,2022-08-12,2022-08-16,4,11.3,0.0,25.5,25.5,82.5,84.8,1005.0,1.5,9.7,1,8,11.3,0.0,2.299999999999997,0,0,0,16.0,-0.8660254037844385,-0.5000000000000004,9.322500000000002,0.26
REC_00922,Bengaluru,Karnataka,12.9716,77.5946,plateau_temperate,2022-08-12,2022-08-16,4,2.1,0.0,32.5,31.1,84.2,83.4,1007.8,0.0,6.0,1,8,2.1,1.3999999999999986,0.7999999999999972,0,0,0,16.0,-0.8660254037844385,-0.5000000000000004,1.7682000000000002,0.2549
REC_01835,Visakhapatnam,Andhra Pradesh,17.6868,83.2185,coastal_cyclonic,2022-08-12,2022-08-17,5,32.1,74.6,30.0,27.6,81.7,79.9,1002.5,27.5,4.6,1,8,42.49999999999999,2.3999999999999986,1.7999999999999972,1,0,1,25.0,-0.8660254037844385,-0.5000000000000004,26.225700000000003,0.6
REC_01170,Mumbai,Maharashtra,19.076,72.8777,coastal_heavy_monsoon,2022-08-12,2022-08-20,8,53.4,129.6,26.1,25.8,82.1,98.1,1011.6,10.0,43.3,1,8,76.19999999999999,0.3000000000000007,16.0,1,0,1,64.0,-0.8660254037844385,-0.5000000000000004,43.84139999999999,0.4375
REC_00064,Hyderabad,Telangana,17.385,78.4867,semi_arid,2022-08-12,2022-08-21,9,5.4,33.5,28.9,28.8,76.8,95.8,1003.7,0.0,52.8,1,8,28.1,0.09999999999999787,19.0,1,0,1,81.0,-0.8660254037844385,-0.5000000000000004,4.147200000000001,0.3409
REC_00940,Mumbai,Maharashtra,19.076,72.8777,coastal_heavy_monsoon,2022-08-12,2022-08-21,9,10.2,0.0,31.1,29.5,76.3,80.6,1012.5,30.9,20.7,1,8,10.2,1.6000000000000014,4.299999999999997,0,0,0,81.0,-0.8660254037844385,-0.5000000000000004,7.782599999999999,0.449
REC_02381,Delhi,NCR,28.6139,77.209,continental_subtropical,2022-08-12,2022-08-21,9,6.4,4.6,28.4,30.2,77.3,85.5,1012.7,0.0,32.5,1,8,1.8000000000000007,1.8000000000000007,8.200000000000003,0,0,0,81.0,-0.8660254037844385,-0.5000000000000004,4.9472000000000005,0.2826
REC_02710,Krishna District,Andhra Pradesh,16.5062,80.648,coastal_humid,2022-08-13,2022-08-19,6,7.5,0.0,30.0,31.3,80.7,67.6,1008.2,0.0,26.5,1,8,7.5,1.3000000000000007,13.100000000000009,0,0,0,36.0,-0.8660254037844385,-0.5000000000000004,6.0525,0.4138
REC_01884,Krishna District,Andhra Pradesh,16.5062,80.648,coastal_humid,2022-08-13,2022-08-14,1,32.9,53.0,29.1,29.4,72.3,74.3,1004.7,32.0,1.0,1,8,20.1,0.29999999999999716,2.0,0,0,0,1.0,-0.8660254037844385,-0.5000000000000004,23.786699999999996,0.4
REC_02941,Bengaluru,Karnataka,12.9716,77.5946,plateau_temperate,2022-08-13,2022-08-22,9,6.9,69.1,31.6,30.9,84.7,85.2,1011.9,0.0,14.4,1,8,62.199999999999996,0.7000000000000028,0.5,1,0,1,81.0,-0.8660254037844385,-0.5000000000000004,5.8443000000000005,0.25
REC_02346,Hyderabad,Telangana,17.385,78.4867,semi_arid,2022-08-14,2022-08-16,2,3.9,0.0,28.8,28.7,83.4,86.0,1011.5,4.3,0.4,1,8,3.9,0.10000000000000142,2.5999999999999943,0,0,0,4.0,-0.8660254037844385,-0.5000000000000004,3.2525999999999997,0.3556
REC_03347,Bengaluru,Karnataka,12.9716,77.5946,plateau_temperate,2022-08-15,2022-08-23,8,12.7,0.0,28.5,27.1,85.0,94.4,1002.7,19.7,7.0,1,8,12.7,1.3999999999999986,9.400000000000006,0,0,0,64.0,-0.8660254037844385,-0.5000000000000004,10.795,0.2642
REC_00790,Delhi,NCR,28.6139,77.209,continental_subtropical,2022-08-15,2022-08-17,2,4.3,0.0,27.2,27.3,87.8,80.9,1009.8,5.0,0.7,1,8,4.3,0.10000000000000142,6.8999999999999915,0,0,0,4.0,-0.8660254037844385,-0.5000000000000004,3.7753999999999994,0.2766
REC_03203,Mumbai,Maharashtra,19.076,72.8777,coastal_heavy_monsoon,2022-08-15,2022-08-23,8,4.0,10.7,26.4,22.4,90.0,67.3,1007.3,0.0,26.3,1,8,6.699999999999999,4.0,22.700000000000003,0,1,1,64.0,-0.8660254037844385,-0.5000000000000004,3.6,0.44
REC_00257,Mumbai,Maharashtra,19.076,72.8777,coastal_heavy_monsoon,2022-08-16,2022-08-19,3,44.3,10.8,28.5,27.4,82.7,87.5,1007.4,49.6,5.3,1,8,33.5,1.1000000000000014,4.799999999999997,1,0,1,9.0,-0.8660254037844385,-0.5000000000000004,36.6361,0.451
REC_01303,Delhi,NCR,28.6139,77.209,continental_subtropical,2022-08-16,2022-08-19,3,12.3,41.1,32.7,31.2,89.7,92.8,1006.8,5.7,6.6,1,8,28.8,1.5000000000000036,3.0999999999999943,1,0,1,9.0,-0.8660254037844385,-0.5000000000000004,11.033100000000001,0.2708
REC_00777,Krishna District,Andhra Pradesh,16.5062,80.648,coastal_humid,2022-08-16,2022-08-21,5,28.8,67.0,31.3,31.6,85.1,99.2,1012.7,38.9,10.1,1,8,38.2,0.3000000000000007,14.100000000000009,1,0,1,25.0,-0.8660254037844385,-0.5000000000000004,24.5088,0.3871
REC_03040,Visakhapatnam,Andhra Pradesh,17.6868,83.2185,coastal_cyclonic,2022-08-16,2022-08-22,6,1.4,0.0,30.3,28.3,84.9,92.0,1011.4,19.1,17.7,1,8,1.4,2.0,7.099999999999994,0,0,0,36.0,-0.8660254037844385,-0.5000000000000004,1.1886,0.6098
REC_01244,Visakhapatnam,Andhra Pradesh,17.6868,83.2185,coastal_cyclonic,2022-08-16,2022-08-24,8,9.0,0.0,29.7,34.7,86.7,98.2,1008.0,0.0,14.6,1,8,9.0,5.0000000000000036,11.5,0,1,1,64.0,-0.8660254037844385,-0.5000000000000004,7.803000000000001,0.5952
REC_00992,Bengaluru,Karnataka,12.9716,77.5946,plateau_temperate,2022-08-16,2022-08-26,10,4.4,15.8,31.1,36.2,84.7,94.0,1002.7,13.3,8.9,1,8,11.4,5.100000000000001,9.299999999999997,0,1,1,100.0,-0.8660254037844385,-0.5000000000000004,3.726800000000001,0.2593
REC_03385,Delhi,NCR,28.6139,77.209,continental_subtropical,2022-08-16,2022-08-26,10,4.6,19.3,28.7,19.9,70.0,98.6,1014.8,50.7,46.1,1,8,14.700000000000001,8.8,28.599999999999994,0,1,1,100.0,-0.8660254037844385,-0.5000000000000004,3.22,0.2857
REC_00352,Bengaluru,Karnataka,12.9716,77.5946,plateau_temperate,2022-08-17,2022-08-20,3,12.6,6.0,31.3,31.6,78.3,74.0,1007.4,13.1,0.6,1,8,6.6,0.3000000000000007,4.299999999999997,0,0,0,9.0,-0.8660254037844385,-0.5000000000000004,9.8658,0.2727
REC_01366,Delhi,NCR,28.6139,77.209,continental_subtropical,2022-08-17,2022-08-18,1,27.3,38.5,27.9,27.3,90.8,91.1,1008.7,28.2,1.0,1,8,11.2,0.5999999999999979,0.29999999999999716,0,0,0,1.0,-0.8660254037844385,-0.5000000000000004,24.788400000000003,0.3
REC_02152,Delhi,NCR,28.6139,77.209,continental_subtropical,2022-08-18,2022-08-27,9,2.3,19.2,26.6,22.0,77.2,64.9,1014.1,62.4,60.2,1,8,16.9,4.600000000000001,12.299999999999997,0,1,1,81.0,-0.8660254037844385,-0.5000000000000004,1.7756,0.2941
REC_02084,Hyderabad,Telangana,17.385,78.4867,semi_arid,2022-08-18,2022-08-20,2,10.8,21.6,26.8,25.2,76.5,82.9,1003.9,11.3,0.5,1,8,10.8,1.6000000000000014,6.400000000000006,0,0,0,4.0,-0.8660254037844385,-0.5000000000000004,8.262,0.3478
REC_03206,Visakhapatnam,Andhra Pradesh,17.6868,83.2185,coastal_cyclonic,2022-08-18,2022-08-19,1,14.6,12.4,26.1,25.5,88.5,90.0,1006.5,13.8,0.8,1,8,2.1999999999999993,0.6000000000000014,1.5,0,0,0,1.0,-0.8660254037844385,-0.5000000000000004,12.921,0.6047
REC_02398,Mumbai,Maharashtra,19.076,72.8777,coastal_heavy_monsoon,2022-08-18,2022-08-19,1,21.3,13.5,28.5,28.9,80.0,78.5,1003.2,18.5,2.9,1,8,7.800000000000001,0.3999999999999986,1.5,0,0,0,1.0,-0.8660254037844385,-0.5000000000000004,17.04,0.4615
REC_00456,Hyderabad,Telangana,17.385,78.4867,semi_arid,2022-08-18,2022-08-20,2,11.6,15.0,27.1,27.9,89.0,95.5,1003.7,5.5,6.1,1,8,3.4000000000000004,0.7999999999999972,6.5,0,0,0,4.0,-0.8660254037844385,-0.5000000000000004,10.323999999999998,0.3404
REC_00688,Hyderabad,Telangana,17.385,78.4867,semi_arid,2022-08-19,2022-08-29,10,29.1,177.2,26.3,19.9,83.3,70.7,1012.6,48.5,19.4,1,8,148.1,6.400000000000002,12.599999999999994,1,1,1,100.0,-0.8660254037844385,-0.5000000000000004,24.2403,0.3333
REC_02771,Visakhapatnam,Andhra Pradesh,17.6868,83.2185,coastal_cyclonic,2022-08-19,2022-08-20,1,3.3,15.4,28.7,29.6,79.7,80.1,1012.9,2.3,1.0,1,8,12.100000000000001,0.9000000000000021,0.3999999999999915,0,0,0,1.0,-0.8660254037844385,-0.5000000000000004,2.6301,0.5909
REC_03420,Delhi,NCR,28.6139,77.209,continental_subtropical,2022-08-19,2022-08-21,2,14.5,8.0,26.9,27.2,78.3,72.3,1004.2,10.1,4.4,1,8,6.5,0.3000000000000007,6.0,0,0,0,4.0,-0.8660254037844385,-0.5000000000000004,11.353499999999999,0.3077
REC_01622,Hyderabad,Telangana,17.385,78.4867,semi_arid,2022-08-19,2022-08-23,4,29.2,23.8,29.2,26.4,81.1,83.5,1008.5,32.6,3.4,1,8,5.399999999999999,2.8000000000000007,2.4000000000000057,0,0,0,16.0,-0.8660254037844385,-0.5000000000000004,23.6812,0.3469
REC_00014,Bengaluru,Karnataka,12.9716,77.5946,plateau_temperate,2022-08-20,2022-08-29,9,17.0,15.6,22.9,23.1,84.1,100.0,1007.7,77.1,60.1,1,8,1.4000000000000004,0.20000000000000284,15.900000000000006,0,0,0,81.0,-0.8660254037844385,-0.5000000000000004,14.296999999999999,0.2679
REC_01446,Hyderabad,Telangana,17.385,78.4867,semi_arid,2022-08-21,2022-08-31,10,61.5,0.0,30.5,29.6,76.2,60.4,999.3,97.1,35.7,1,8,61.5,0.8999999999999986,15.800000000000004,1,0,1,100.0,-0.8660254037844385,-0.5000000000000004,46.863,0.34
REC_01765,Bengaluru,Karnataka,12.9716,77.5946,plateau_temperate,2022-08-21,2022-08-31,10,26.6,57.3,20.7,19.9,98.0,100.0,1006.1,0.0,87.6,1,8,30.699999999999996,0.8000000000000007,2.0,1,0,1,100.0,-0.8660254037844385,-0.5000000000000004,26.068,0.2632
REC_01896,Delhi,NCR,28.6139,77.209,continental_subtropical,2022-08-21,2022-08-24,3,19.2,28.0,31.0,29.0,87.1,86.4,1005.3,15.4,3.8,1,8,8.8,2.0,0.6999999999999886,0,0,0,9.0,-0.8660254037844385,-0.5000000000000004,16.7232,0.3019
REC_01722,Hyderabad,Telangana,17.385,78.4867,semi_arid,2022-08-21,2022-08-29,8,11.3,77.2,31.9,30.8,69.6,58.0,1012.0,51.8,40.4,1,8,65.9,1.0999999999999979,11.599999999999994,1,0,1,64.0,-0.8660254037844385,-0.5000000000000004,7.8648,0.3529
REC_03026,Delhi,NCR,28.6139,77.209,continental_subtropical,2022-08-21,2022-08-23,2,1.2,2.0,29.5,30.4,82.2,80.2,1007.2,3.4,2.2,1,8,0.8,0.8999999999999986,2.0,0,0,0,4.0,-0.8660254037844385,-0.5000000000000004,0.9864,0.2963
REC_02808,Mumbai,Maharashtra,19.076,72.8777,coastal_heavy_monsoon,2022-08-21,2022-08-22,1,32.9,68.1,30.4,31.2,90.2,92.4,1012.0,33.5,0.6,1,8,35.199999999999996,0.8000000000000007,2.200000000000003,1,0,1,1.0,-0.8660254037844385,-0.5000000000000004,29.6758,0.4528
REC_01520,Krishna District,Andhra Pradesh,16.5062,80.648,coastal_humid,2022-08-21,2022-08-24,3,31.1,23.3,30.3,30.7,79.1,75.7,1001.9,32.6,1.5,1,8,7.800000000000001,0.3999999999999986,3.3999999999999915,0,0,0,9.0,-0.8660254037844385,-0.5000000000000004,24.600099999999998,0.4062
REC_00088,Mumbai,Maharashtra,19.076,72.8777,coastal_heavy_monsoon,2022-08-22,2022-08-25,3,8.8,24.5,30.6,31.6,73.1,66.8,1015.0,1.8,7.0,1,8,15.7,1.0,6.299999999999997,0,0,0,9.0,-0.8660254037844385,-0.5000000000000004,6.432799999999999,0.463
REC_02857,Mumbai,Maharashtra,19.076,72.8777,coastal_heavy_monsoon,2022-08-22,2022-08-31,9,33.2,185.1,33.7,31.1,95.6,74.5,1013.5,54.2,21.0,1,8,151.89999999999998,2.6000000000000014,21.099999999999994,1,0,1,81.0,-0.8660254037844385,-0.5000000000000004,31.7392,0.4545
REC_02064,Delhi,NCR,28.6139,77.209,continental_subtropical,2022-08-22,2022-09-01,10,31.1,6.5,27.4,32.6,73.0,69.2,1007.8,63.3,32.3,1,9,24.6,5.200000000000003,3.799999999999997,0,1,1,100.0,-1.0,-1.8369701987210297e-16,22.703000000000003,0.2909
REC_00470,Hyderabad,Telangana,17.385,78.4867,semi_arid,2022-08-23,2022-09-02,10,27.4,0.0,31.2,31.7,85.3,90.4,1010.2,11.4,16.0,1,9,27.4,0.5,5.1000000000000085,1,0,1,100.0,-1.0,-1.8369701987210297e-16,23.3722,0.3654
REC_02617,Hyderabad,Telangana,17.385,78.4867,semi_arid,2022-08-23,2022-09-02,10,18.6,0.0,33.9,29.5,79.7,68.2,1003.1,7.3,11.3,1,9,18.6,4.399999999999999,11.5,0,1,1,100.0,-1.0,-1.8369701987210297e-16,14.824200000000001,0.3774
REC_02707,Hyderabad,Telangana,17.385,78.4867,semi_arid,2022-08-24,2022-08-29,5,3.3,19.8,32.6,34.2,77.1,65.5,1002.5,0.0,16.6,1,8,16.5,1.6000000000000014,11.599999999999994,0,0,0,25.0,-0.8660254037844385,-0.5000000000000004,2.5443,0.3889
REC_01662,Hyderabad,Telangana,17.385,78.4867,semi_arid,2022-08-24,2022-09-01,8,21.8,0.0,31.2,31.2,81.4,87.5,1005.9,0.0,41.5,1,9,21.8,0.0,6.099999999999994,1,0,1,64.0,-1.0,-1.8369701987210297e-16,17.7452,0.3818
REC_03189,Bengaluru,Karnataka,12.9716,77.5946,plateau_temperate,2022-08-25,2022-09-04,10,43.9,117.8,30.8,34.1,81.4,63.6,1015.1,131.6,87.7,1,9,73.9,3.3000000000000007,17.800000000000004,1,0,1,100.0,-1.0,-1.8369701987210297e-16,35.7346,0.2759
REC_00949,Hyderabad,Telangana,17.385,78.4867,semi_arid,2022-08-25,2022-08-30,5,8.1,119.1,26.6,25.7,94.0,100.0,1010.2,26.0,17.8,1,8,111.0,0.9000000000000021,6.0,1,0,1,25.0,-0.8660254037844385,-0.5000000000000004,7.614,0.3929
REC_00492,Hyderabad,Telangana,17.385,78.4867,semi_arid,2022-08-25,2022-08-28,3,0.6,2.6,30.2,30.2,78.8,79.8,1003.3,3.6,3.0,1,8,2.0,0.0,1.0,0,0,0,9.0,-0.8660254037844385,-0.5000000000000004,0.47279999999999994,0.4035
REC_02487,Hyderabad,Telangana,17.385,78.4867,semi_arid,2022-08-26,2022-08-27,1,4.1,0.0,27.7,27.6,78.7,79.4,1012.4,0.5,3.6,1,8,4.1,0.09999999999999787,0.7000000000000028,0,0,0,1.0,-0.8660254037844385,-0.5000000000000004,3.2266999999999997,0.3966
REC_03169,Hyderabad,Telangana,17.385,78.4867,semi_arid,2022-08-26,2022-08-27,1,5.0,5.7,26.9,25.6,90.4,89.4,1005.0,4.4,0.6,1,8,0.7000000000000002,1.2999999999999972,1.0,0,0,0,1.0,-0.8660254037844385,-0.5000000000000004,4.52,0.3898
REC_02979,Krishna District,Andhra Pradesh,16.5062,80.648,coastal_humid,2022-08-26,2022-08-28,2,24.2,30.7,31.7,31.7,85.3,88.3,1004.6,21.2,3.0,1,8,6.5,0.0,3.0,0,0,0,4.0,-0.8660254037844385,-0.5000000000000004,20.642599999999998,0.3939
REC_00862,Mumbai,Maharashtra,19.076,72.8777,coastal_heavy_monsoon,2022-08-26,2022-08-29,3,15.6,10.8,28.2,29.8,78.7,86.7,1008.1,4.6,11.0,1,8,4.799999999999999,1.6000000000000014,8.0,0,0,0,9.0,-0.8660254037844385,-0.5000000000000004,12.2772,0.4643
REC_01886,Visakhapatnam,Andhra Pradesh,17.6868,83.2185,coastal_cyclonic,2022-08-26,2022-08-29,3,132.7,2.3,29.8,31.3,91.3,94.8,1007.4,132.5,0.2,1,8,130.39999999999998,1.5,3.5,1,0,1,9.0,-0.8660254037844385,-0.5000000000000004,121.15509999999999,0.5778
REC_01919,Hyderabad,Telangana,17.385,78.4867,semi_arid,2022-08-26,2022-08-29,3,0.9,0.0,29.3,29.9,80.6,82.9,1014.8,4.1,3.1,1,8,0.9,0.5999999999999979,2.3000000000000114,0,0,0,9.0,-0.8660254037844385,-0.5000000000000004,0.7253999999999999,0.3833
REC_02325,Visakhapatnam,Andhra Pradesh,17.6868,83.2185,coastal_cyclonic,2022-08-26,2022-09-02,7,83.4,235.8,32.5,31.7,66.9,85.1,1007.1,99.0,15.7,1,9,152.4,0.8000000000000007,18.19999999999999,1,0,1,49.0,-1.0,-1.8369701987210297e-16,55.79460000000001,0.587
REC_03053,Visakhapatnam,Andhra Pradesh,17.6868,83.2185,coastal_cyclonic,2022-08-26,2022-09-04,9,14.5,54.5,31.2,28.2,98.0,100.0,1006.9,29.1,14.5,1,9,40.0,3.0,2.0,1,0,1,81.0,-1.0,-1.8369701987210297e-16,14.21,0.5957
REC_00991,Delhi,NCR,28.6139,77.209,continental_subtropical,2022-08-26,2022-09-05,10,4.3,0.0,32.0,28.2,87.2,77.0,1007.2,0.0,19.6,1,9,4.3,3.8000000000000007,10.200000000000003,0,1,1,100.0,-1.0,-1.8369701987210297e-16,3.7495999999999996,0.3036
REC_02917,Hyderabad,Telangana,17.385,78.4867,semi_arid,2022-08-29,2022-08-31,2,0.0,1.7,22.4,22.5,90.7,93.0,1008.6,8.6,8.5,1,8,1.7,0.10000000000000142,2.299999999999997,0,0,0,4.0,-0.8660254037844385,-0.5000000000000004,0.0,0.377
REC_03191,Delhi,NCR,28.6139,77.209,continental_subtropical,2022-08-29,2022-09-02,4,17.7,11.5,30.0,28.9,69.6,72.6,1003.9,5.8,11.8,1,9,6.199999999999999,1.1000000000000014,3.0,0,0,0,16.0,-1.0,-1.8369701987210297e-16,12.319199999999999,0.3158
REC_02533,Delhi,NCR,28.6139,77.209,continental_subtropical,2022-08-30,2022-09-02,3,35.5,38.0,24.2,25.1,76.6,72.4,1007.8,42.5,7.0,1,9,2.5,0.9000000000000021,4.199999999999989,0,0,0,9.0,-1.0,-1.8369701987210297e-16,27.192999999999998,0.3103
REC_01249,Bengaluru,Karnataka,12.9716,77.5946,plateau_temperate,2022-08-30,2022-09-07,8,10.8,65.7,30.8,30.1,77.6,91.3,1005.9,0.0,10.9,1,9,54.900000000000006,0.6999999999999993,13.700000000000003,1,0,1,64.0,-1.0,-1.8369701987210297e-16,8.3808,0.2881
REC_01874,Hyderabad,Telangana,17.385,78.4867,semi_arid,2022-08-31,2022-09-10,10,38.1,48.2,31.5,34.8,87.0,98.2,1012.8,48.5,10.4,1,9,10.100000000000001,3.299999999999997,11.200000000000003,0,0,0,100.0,-1.0,-1.8369701987210297e-16,33.147000000000006,0.371
REC_00798,Krishna District,Andhra Pradesh,16.5062,80.648,coastal_humid,2022-08-31,2022-09-06,6,19.6,18.4,28.1,27.9,79.9,97.2,1013.5,0.0,22.2,1,9,1.2000000000000028,0.20000000000000284,17.299999999999997,0,0,0,36.0,-1.0,-1.8369701987210297e-16,15.660400000000003,0.3824
REC_03005,Delhi,NCR,28.6139,77.209,continental_subtropical,2022-08-31,2022-09-06,6,11.6,76.1,32.0,31.9,88.7,87.7,1007.2,23.8,12.3,1,9,64.5,0.10000000000000142,1.0,1,0,1,36.0,-1.0,-1.8369701987210297e-16,10.289200000000001,0.3051
REC_01670,Mumbai,Maharashtra,19.076,72.8777,coastal_heavy_monsoon,2022-08-31,2022-09-02,2,92.8,197.9,27.9,28.4,80.8,85.8,1009.7,90.5,2.3,1,9,105.10000000000001,0.5,5.0,1,0,1,4.0,-1.0,-1.8369701987210297e-16,74.9824,0.4561
REC_03476,Delhi,NCR,28.6139,77.209,continental_subtropical,2022-08-31,2022-09-04,4,16.8,0.0,30.8,30.8,75.4,82.3,1000.3,8.3,8.5,1,9,16.8,0.0,6.8999999999999915,0,0,0,16.0,-1.0,-1.8369701987210297e-16,12.667200000000003,0.3167
REC_00923,Bengaluru,Karnataka,12.9716,77.5946,plateau_temperate,2022-08-31,2022-09-02,2,9.4,20.9,29.4,27.3,97.2,94.4,1006.4,6.3,3.0,1,9,11.499999999999998,2.099999999999998,2.799999999999997,0,0,0,4.0,-1.0,-1.8369701987210297e-16,9.136800000000001,0.3
REC_01037,Krishna District,Andhra Pradesh,16.5062,80.648,coastal_humid,2022-09-01,2022-09-02,1,4.9,0.3,30.8,30.6,77.0,79.8,1008.9,4.8,0.1,1,9,4.6000000000000005,0.1999999999999993,2.799999999999997,0,0,0,1.0,-1.0,-1.8369701987210297e-16,3.773,0.3714
REC_01001,Krishna District,Andhra Pradesh,16.5062,80.648,coastal_humid,2022-09-01,2022-09-04,3,54.8,103.1,27.1,24.5,84.8,97.2,1012.4,57.1,2.2,1,9,48.3,2.6000000000000014,12.400000000000006,1,0,1,9.0,-1.0,-1.8369701987210297e-16,46.4704,0.3611
REC_01565,Visakhapatnam,Andhra Pradesh,17.6868,83.2185,coastal_cyclonic,2022-09-01,2022-09-04,3,17.5,21.7,29.4,32.0,91.5,86.6,1009.1,20.1,2.7,1,9,4.199999999999999,2.6000000000000014,4.900000000000006,0,0,0,9.0,-1.0,-1.8369701987210297e-16,16.0125,0.6042
REC_01867,Krishna District,Andhra Pradesh,16.5062,80.648,coastal_humid,2022-09-01,2022-09-05,4,41.6,51.8,32.0,36.0,81.0,83.7,1008.1,54.6,12.9,1,9,10.199999999999996,4.0,2.700000000000003,0,1,1,16.0,-1.0,-1.8369701987210297e-16,33.696,0.3784
REC_00346,Visakhapatnam,Andhra Pradesh,17.6868,83.2185,coastal_cyclonic,2022-09-01,2022-09-06,5,130.9,337.5,34.3,35.3,79.2,68.0,1014.3,142.9,11.9,1,9,206.6,1.0,11.200000000000003,1,0,1,25.0,-1.0,-1.8369701987210297e-16,103.67280000000001,0.5918
REC_01135,Delhi,NCR,28.6139,77.209,continental_subtropical,2022-09-01,2022-09-06,5,25.2,3.3,28.6,29.1,65.6,65.9,1014.0,48.1,22.8,1,9,21.9,0.5,0.30000000000001137,1,0,1,25.0,-1.0,-1.8369701987210297e-16,16.5312,0.3115
REC_01748,Bengaluru,Karnataka,12.9716,77.5946,plateau_temperate,2022-09-01,2022-09-06,5,13.1,15.1,34.4,37.4,80.3,80.4,1011.5,18.3,5.2,1,9,2.0,3.0,0.10000000000000853,0,0,0,25.0,-1.0,-1.8369701987210297e-16,10.519299999999998,0.2951
REC_00320,Delhi,NCR,28.6139,77.209,continental_subtropical,2022-09-01,2022-09-08,7,4.0,0.0,25.6,27.0,98.0,100.0,1013.0,34.5,30.5,1,9,4.0,1.3999999999999986,2.0,0,0,0,49.0,-1.0,-1.8369701987210297e-16,3.92,0.3226
REC_01216,Visakhapatnam,Andhra Pradesh,17.6868,83.2185,coastal_cyclonic,2022-09-01,2022-09-10,9,24.1,199.5,26.9,20.3,76.5,70.0,1007.6,11.2,12.9,1,9,175.4,6.599999999999998,6.5,1,1,1,81.0,-1.0,-1.8369701987210297e-16,18.436500000000002,0.6
REC_02547,Hyderabad,Telangana,17.385,78.4867,semi_arid,2022-09-02,2022-09-04,2,0.7,10.4,31.0,31.8,98.0,98.3,1003.9,4.7,4.0,1,9,9.700000000000001,0.8000000000000007,0.29999999999999716,0,0,0,4.0,-1.0,-1.8369701987210297e-16,0.6859999999999999,0.3651
REC_01588,Bengaluru,Karnataka,12.9716,77.5946,plateau_temperate,2022-09-02,2022-09-12,10,21.1,9.3,35.2,31.4,77.7,56.1,1008.7,0.0,46.1,1,9,11.8,3.8000000000000043,21.6,0,1,1,100.0,-1.0,-1.8369701987210297e-16,16.394700000000004,0.2903
REC_00277,Bengaluru,Karnataka,12.9716,77.5946,plateau_temperate,2022-09-02,2022-09-10,8,12.1,0.0,30.0,32.7,79.0,86.5,1002.8,0.0,42.4,1,9,12.1,2.700000000000003,7.5,0,0,0,64.0,-1.0,-1.8369701987210297e-16,9.559,0.3016
REC_02751,Delhi,NCR,28.6139,77.209,continental_subtropical,2022-09-02,2022-09-07,5,5.3,0.0,31.3,31.3,80.7,88.4,1012.9,11.3,6.0,1,9,5.3,0.0,7.700000000000003,0,0,0,25.0,-1.0,-1.8369701987210297e-16,4.2771,0.3175
REC_02783,Visakhapatnam,Andhra Pradesh,17.6868,83.2185,coastal_cyclonic,2022-09-02,2022-09-03,1,7.1,0.0,30.6,31.3,84.1,89.5,1008.5,8.7,1.6,1,9,7.1,0.6999999999999993,5.400000000000006,0,0,0,1.0,-1.0,-1.8369701987210297e-16,5.971099999999999,0.6078
REC_02823,Visakhapatnam,Andhra Pradesh,17.6868,83.2185,coastal_cyclonic,2022-09-02,2022-09-05,3,23.4,0.0,28.5,29.0,92.3,98.0,1005.7,16.2,7.2,1,9,23.4,0.5,5.700000000000003,1,0,1,9.0,-1.0,-1.8369701987210297e-16,21.5982,0.5962
REC_00793,Krishna District,Andhra Pradesh,16.5062,80.648,coastal_humid,2022-09-02,2022-09-03,1,26.1,16.2,26.2,26.1,94.2,98.4,1008.8,24.2,1.9,1,9,9.900000000000002,0.09999999999999787,4.200000000000003,0,0,0,1.0,-1.0,-1.8369701987210297e-16,24.586200000000005,0.3947
REC_00494,Bengaluru,Karnataka,12.9716,77.5946,plateau_temperate,2022-09-02,2022-09-06,4,14.1,21.6,25.7,23.9,74.2,72.1,1006.4,0.6,13.5,1,9,7.500000000000002,1.8000000000000007,2.1000000000000085,0,0,0,16.0,-1.0,-1.8369701987210297e-16,10.462200000000001,0.2969
REC_02508,Krishna District,Andhra Pradesh,16.5062,80.648,coastal_humid,2022-09-03,2022-09-04,1,27.5,16.7,27.9,29.6,98.0,97.3,1011.9,29.6,2.1,1,9,10.8,1.7000000000000028,0.7000000000000028,0,0,0,1.0,-1.0,-1.8369701987210297e-16,26.95,0.3846
REC_01312,Bengaluru,Karnataka,12.9716,77.5946,plateau_temperate,2022-09-03,2022-09-09,6,17.2,0.0,24.0,20.6,78.2,84.0,1010.1,0.0,30.0,1,9,17.2,3.3999999999999986,5.799999999999997,0,0,0,36.0,-1.0,-1.8369701987210297e-16,13.4504,0.2923
REC_02382,Bengaluru,Karnataka,12.9716,77.5946,plateau_temperate,2022-09-03,2022-09-10,7,2.3,11.4,35.5,35.6,98.0,100.0,1000.4,5.5,3.2,1,9,9.100000000000001,0.10000000000000142,2.0,0,0,0,49.0,-1.0,-1.8369701987210297e-16,2.2539999999999996,0.2879
REC_03281,Krishna District,Andhra Pradesh,16.5062,80.648,coastal_humid,2022-09-03,2022-09-10,7,20.8,86.1,26.6,30.1,68.8,74.4,1013.6,40.6,19.8,1,9,65.3,3.5,5.6000000000000085,1,1,1,49.0,-1.0,-1.8369701987210297e-16,14.3104,0.375
REC_01818,Visakhapatnam,Andhra Pradesh,17.6868,83.2185,coastal_cyclonic,2022-09-03,2022-09-11,8,48.3,25.7,32.3,31.1,72.9,80.0,1014.8,0.0,48.5,1,9,22.599999999999998,1.1999999999999957,7.099999999999994,0,0,0,64.0,-1.0,-1.8369701987210297e-16,35.2107,0.6038
REC_01068,Mumbai,Maharashtra,19.076,72.8777,coastal_heavy_monsoon,2022-09-04,2022-09-10,6,18.3,44.7,26.4,26.0,83.9,91.7,1004.6,2.3,16.0,1,9,26.400000000000002,0.3999999999999986,7.799999999999997,1,0,1,36.0,-1.0,-1.8369701987210297e-16,15.353700000000002,0.4655
REC_03140,Bengaluru,Karnataka,12.9716,77.5946,plateau_temperate,2022-09-04,2022-09-12,8,7.7,12.8,23.1,21.9,89.3,94.1,1005.3,24.2,16.6,1,9,5.1000000000000005,1.2000000000000028,4.799999999999997,0,0,0,64.0,-1.0,-1.8369701987210297e-16,6.8761,0.2836
REC_00913,Hyderabad,Telangana,17.385,78.4867,semi_arid,2022-09-04,2022-09-10,6,5.8,41.4,23.4,23.9,80.3,98.7,1002.9,4.8,1.0,1,9,35.6,0.5,18.400000000000006,1,0,1,36.0,-1.0,-1.8369701987210297e-16,4.657399999999999,0.3594
REC_00077,Krishna District,Andhra Pradesh,16.5062,80.648,coastal_humid,2022-09-04,2022-09-08,4,4.6,0.3,25.7,27.2,75.5,84.2,1014.0,0.2,4.4,1,9,4.3,1.5,8.700000000000003,0,0,0,16.0,-1.0,-1.8369701987210297e-16,3.4729999999999994,0.3902
REC_00005,Krishna District,Andhra Pradesh,16.5062,80.648,coastal_humid,2022-09-04,2022-09-08,4,10.5,0.0,37.3,34.5,91.5,96.8,1008.9,0.8,9.6,1,9,10.5,2.799999999999997,5.299999999999997,0,0,0,16.0,-1.0,-1.8369701987210297e-16,9.6075,0.381
REC_03232,Hyderabad,Telangana,17.385,78.4867,semi_arid,2022-09-04,2022-09-09,5,8.4,0.0,27.7,25.1,79.4,93.9,1005.4,2.3,6.1,1,9,8.4,2.599999999999998,14.5,0,0,0,25.0,-1.0,-1.8369701987210297e-16,6.6696,0.3692
REC_01644,Visakhapatnam,Andhra Pradesh,17.6868,83.2185,coastal_cyclonic,2022-09-05,2022-09-06,1,25.0,1.2,24.7,25.2,75.7,76.5,1006.2,27.1,2.1,1,9,23.8,0.5,0.7999999999999972,1,0,1,1.0,-1.0,-1.8369701987210297e-16,18.925,0.5926
REC_00068,Visakhapatnam,Andhra Pradesh,17.6868,83.2185,coastal_cyclonic,2022-09-05,2022-09-07,2,30.9,41.7,27.4,26.7,82.8,85.3,1011.0,38.3,7.4,1,9,10.800000000000004,0.6999999999999993,2.5,0,0,0,4.0,-1.0,-1.8369701987210297e-16,25.5852,0.6
REC_03249,Bengaluru,Karnataka,12.9716,77.5946,plateau_temperate,2022-09-05,2022-09-13,8,15.5,0.0,26.7,30.8,63.6,62.4,1007.1,0.0,17.5,1,9,15.5,4.100000000000001,1.2000000000000028,0,1,1,64.0,-1.0,-1.8369701987210297e-16,9.858,0.2794
REC_00468,Hyderabad,Telangana,17.385,78.4867,semi_arid,2022-09-05,2022-09-14,9,6.5,19.0,29.2,28.8,85.4,91.2,1009.1,17.1,10.6,1,9,12.5,0.3999999999999986,5.799999999999997,0,0,0,81.0,-1.0,-1.8369701987210297e-16,5.551,0.3636
REC_00917,Delhi,NCR,28.6139,77.209,continental_subtropical,2022-09-06,2022-09-07,1,1.6,0.2,30.4,29.2,87.6,87.3,1006.1,2.3,0.7,1,9,1.4000000000000001,1.1999999999999993,0.29999999999999716,0,0,0,1.0,-1.0,-1.8369701987210297e-16,1.4016,0.3125
REC_01220,Krishna District,Andhra Pradesh,16.5062,80.648,coastal_humid,2022-09-06,2022-09-07,1,16.1,25.9,29.1,29.0,83.4,85.7,1003.9,12.8,3.3,1,9,9.799999999999997,0.10000000000000142,2.299999999999997,0,0,0,1.0,-1.0,-1.8369701987210297e-16,13.427400000000002,0.3721
REC_00398,Delhi,NCR,28.6139,77.209,continental_subtropical,2022-09-06,2022-09-12,6,4.3,11.0,27.6,24.3,95.2,100.0,1012.3,17.8,13.5,1,9,6.7,3.3000000000000007,4.799999999999997,0,0,0,36.0,-1.0,-1.8369701987210297e-16,4.0936,0.3077
REC_02634,Bengaluru,Karnataka,12.9716,77.5946,plateau_temperate,2022-09-07,2022-09-17,10,1.1,0.0,28.1,25.9,92.0,100.0,1010.0,41.1,40.0,1,9,1.1,2.200000000000003,8.0,0,0,0,100.0,-1.0,-1.8369701987210297e-16,1.012,0.2899
REC_00764,Krishna District,Andhra Pradesh,16.5062,80.648,coastal_humid,2022-09-07,2022-09-16,9,12.1,13.2,31.0,28.5,68.7,79.0,1002.0,7.8,4.3,1,9,1.0999999999999996,2.5,10.299999999999997,0,0,0,81.0,-1.0,-1.8369701987210297e-16,8.3127,0.3636
REC_01610,Krishna District,Andhra Pradesh,16.5062,80.648,coastal_humid,2022-09-07,2022-09-16,9,18.5,33.7,31.1,25.4,76.4,82.9,1008.2,0.0,44.5,1,9,15.200000000000003,5.700000000000003,6.5,0,1,1,81.0,-1.0,-1.8369701987210297e-16,14.134,0.3556
REC_02952,Krishna District,Andhra Pradesh,16.5062,80.648,coastal_humid,2022-09-07,2022-09-13,6,4.6,22.7,24.8,25.1,86.6,82.5,1014.0,33.0,28.5,1,9,18.1,0.3000000000000007,4.099999999999994,0,0,0,36.0,-1.0,-1.8369701987210297e-16,3.9835999999999996,0.3696
REC_02787,Visakhapatnam,Andhra Pradesh,17.6868,83.2185,coastal_cyclonic,2022-09-07,2022-09-10,3,13.1,3.2,33.0,31.0,76.8,76.6,1005.4,15.7,2.7,1,9,9.899999999999999,2.0,0.20000000000000284,0,0,0,9.0,-1.0,-1.8369701987210297e-16,10.060799999999999,0.5893
REC_01508,Delhi,NCR,28.6139,77.209,continental_subtropical,2022-09-07,2022-09-15,8,5.0,34.8,22.6,27.7,72.9,80.8,1008.9,22.6,17.6,1,9,29.799999999999997,5.099999999999998,7.8999999999999915,1,1,1,64.0,-1.0,-1.8369701987210297e-16,3.645,0.303
REC_00344,Delhi,NCR,28.6139,77.209,continental_subtropical,2022-09-08,2022-09-09,1,2.0,8.9,27.5,28.3,81.7,77.5,1007.5,1.4,0.6,1,9,6.9,0.8000000000000007,4.200000000000003,0,0,0,1.0,-1.0,-1.8369701987210297e-16,1.6340000000000001,0.3134
REC_01623,Mumbai,Maharashtra,19.076,72.8777,coastal_heavy_monsoon,2022-09-08,2022-09-10,2,7.8,7.2,29.8,29.9,91.5,98.8,1009.4,3.9,3.9,1,9,0.5999999999999996,0.09999999999999787,7.299999999999997,0,0,0,4.0,-1.0,-1.8369701987210297e-16,7.137,0.4746
REC_01864,Mumbai,Maharashtra,19.076,72.8777,coastal_heavy_monsoon,2022-09-08,2022-09-16,8,4.1,8.2,32.6,28.4,91.4,83.7,1006.1,29.5,25.4,1,9,4.1,4.200000000000003,7.700000000000003,0,1,1,64.0,-1.0,-1.8369701987210297e-16,3.7474000000000003,0.4667
REC_01931,Krishna District,Andhra Pradesh,16.5062,80.648,coastal_humid,2022-09-08,2022-09-17,9,114.6,0.0,26.0,29.3,75.6,57.0,1002.7,67.6,46.9,1,9,114.6,3.3000000000000007,18.599999999999994,1,0,1,81.0,-1.0,-1.8369701987210297e-16,86.63759999999998,0.3617
REC_02214,Krishna District,Andhra Pradesh,16.5062,80.648,coastal_humid,2022-09-10,2022-09-11,1,33.9,17.5,23.0,22.8,73.1,68.1,1014.2,37.2,3.2,1,9,16.4,0.1999999999999993,5.0,0,0,0,1.0,-1.0,-1.8369701987210297e-16,24.780899999999995,0.375
REC_03012,Mumbai,Maharashtra,19.076,72.8777,coastal_heavy_monsoon,2022-09-10,2022-09-11,1,14.9,0.7,25.8,24.8,85.3,83.3,1007.3,16.0,1.2,1,9,14.200000000000001,1.0,2.0,0,0,0,1.0,-1.0,-1.8369701987210297e-16,12.7097,0.4754
REC_03330,Visakhapatnam,Andhra Pradesh,17.6868,83.2185,coastal_cyclonic,2022-09-10,2022-09-13,3,26.2,7.2,24.9,27.0,88.1,88.8,1018.1,30.5,4.3,1,9,19.0,2.1000000000000014,0.7000000000000028,0,0,0,9.0,-1.0,-1.8369701987210297e-16,23.082199999999997,0.5789
REC_00499,Hyderabad,Telangana,17.385,78.4867,semi_arid,2022-09-10,2022-09-16,6,2.5,8.8,28.3,27.9,86.8,92.5,1013.3,14.6,12.1,1,9,6.300000000000001,0.40000000000000213,5.700000000000003,0,0,0,36.0,-1.0,-1.8369701987210297e-16,2.17,0.3582
REC_02967,Visakhapatnam,Andhra Pradesh,17.6868,83.2185,coastal_cyclonic,2022-09-10,2022-09-16,6,7.6,70.1,25.7,23.9,72.8,66.0,998.9,33.3,25.7,1,9,62.49999999999999,1.8000000000000007,6.799999999999997,1,0,1,36.0,-1.0,-1.8369701987210297e-16,5.5328,0.569
REC_00910,Krishna District,Andhra Pradesh,16.5062,80.648,coastal_humid,2022-09-10,2022-09-18,8,37.3,37.1,34.2,33.0,76.3,73.9,1008.5,31.0,6.3,1,9,0.19999999999999574,1.2000000000000028,2.3999999999999915,0,0,0,64.0,-1.0,-1.8369701987210297e-16,28.459899999999998,0.3673
REC_00311,Bengaluru,Karnataka,12.9716,77.5946,plateau_temperate,2022-09-11,2022-09-20,9,52.8,0.0,26.4,24.8,80.9,100.0,1009.3,46.9,5.9,1,9,52.8,1.5999999999999979,19.099999999999994,1,0,1,81.0,-1.0,-1.8369701987210297e-16,42.7152,0.2857
REC_02899,Delhi,NCR,28.6139,77.209,continental_subtropical,2022-09-11,2022-09-18,7,21.2,1.2,27.2,28.5,72.6,51.8,1012.0,48.9,27.7,1,9,20.0,1.3000000000000007,20.799999999999997,1,0,1,49.0,-1.0,-1.8369701987210297e-16,15.3912,0.3088
REC_02247,Bengaluru,Karnataka,12.9716,77.5946,plateau_temperate,2022-09-11,2022-09-15,4,58.9,51.1,31.3,28.8,74.6,81.7,1015.7,67.9,9.0,1,9,7.799999999999997,2.5,7.1000000000000085,0,0,0,16.0,-1.0,-1.8369701987210297e-16,43.9394,0.2958
REC_00930,Krishna District,Andhra Pradesh,16.5062,80.648,coastal_humid,2022-09-11,2022-09-14,3,3.8,19.4,29.0,29.3,83.3,87.4,1010.6,11.6,7.8,1,9,15.599999999999998,0.3000000000000007,4.1000000000000085,0,0,0,9.0,-1.0,-1.8369701987210297e-16,3.1653999999999995,0.36
REC_00097,Mumbai,Maharashtra,19.076,72.8777,coastal_heavy_monsoon,2022-09-11,2022-09-13,2,2.4,11.2,24.7,23.7,86.6,89.2,1001.9,6.0,3.5,1,9,8.799999999999999,1.0,2.6000000000000085,0,0,0,4.0,-1.0,-1.8369701987210297e-16,2.0784,0.4677
REC_02769,Mumbai,Maharashtra,19.076,72.8777,coastal_heavy_monsoon,2022-09-11,2022-09-14,3,10.7,9.4,28.2,28.0,77.4,84.5,1011.7,1.1,9.6,1,9,1.299999999999999,0.1999999999999993,7.099999999999994,0,0,0,9.0,-1.0,-1.8369701987210297e-16,8.281799999999999,0.4603
REC_02674,Hyderabad,Telangana,17.385,78.4867,semi_arid,2022-09-12,2022-09-13,1,3.4,1.4,26.5,27.2,91.8,87.9,1002.6,3.2,0.1,1,9,2.0,0.6999999999999993,3.8999999999999915,0,0,0,1.0,-1.0,-1.8369701987210297e-16,3.1212,0.3529
REC_02563,Delhi,NCR,28.6139,77.209,continental_subtropical,2022-09-12,2022-09-16,4,0.8,0.0,32.3,33.7,90.2,88.5,1003.1,7.5,6.7,1,9,0.8,1.4000000000000057,1.7000000000000028,0,0,0,16.0,-1.0,-1.8369701987210297e-16,0.7216000000000001,0.3188
REC_01072,Krishna District,Andhra Pradesh,16.5062,80.648,coastal_humid,2022-09-12,2022-09-18,6,131.3,185.9,32.6,31.7,98.0,100.0,1002.7,168.1,36.8,1,9,54.599999999999994,0.9000000000000021,2.0,1,0,1,36.0,-1.0,-1.8369701987210297e-16,128.674,0.3529
REC_00711,Krishna District,Andhra Pradesh,16.5062,80.648,coastal_humid,2022-09-12,2022-09-22,10,30.8,61.6,30.9,33.8,69.0,92.8,1002.7,0.0,76.7,1,9,30.8,2.8999999999999986,23.799999999999997,1,0,1,100.0,-1.0,-1.8369701987210297e-16,21.252000000000002,0.3654
REC_01007,Bengaluru,Karnataka,12.9716,77.5946,plateau_temperate,2022-09-13,2022-09-16,3,17.7,32.1,31.8,32.0,86.1,92.1,1003.9,20.5,2.8,1,9,14.400000000000002,0.1999999999999993,6.0,0,0,0,9.0,-1.0,-1.8369701987210297e-16,15.239699999999997,0.2917
REC_00882,Bengaluru,Karnataka,12.9716,77.5946,plateau_temperate,2022-09-13,2022-09-17,4,9.8,5.0,26.4,25.3,82.2,88.3,1014.8,8.2,1.7,1,9,4.800000000000001,1.0999999999999979,6.099999999999994,0,0,0,16.0,-1.0,-1.8369701987210297e-16,8.0556,0.2877
REC_02160,Visakhapatnam,Andhra Pradesh,17.6868,83.2185,coastal_cyclonic,2022-09-13,2022-09-17,4,59.4,11.5,28.5,31.0,64.2,65.5,1006.9,72.2,12.9,1,9,47.9,2.5,1.2999999999999972,1,0,1,16.0,-1.0,-1.8369701987210297e-16,38.1348,0.5763
REC_01563,Visakhapatnam,Andhra Pradesh,17.6868,83.2185,coastal_cyclonic,2022-09-13,2022-09-18,5,12.7,3.2,29.5,24.5,85.9,81.2,1009.8,4.1,8.6,1,9,9.5,5.0,4.700000000000003,0,1,1,25.0,-1.0,-1.8369701987210297e-16,10.9093,0.5833
REC_03167,Visakhapatnam,Andhra Pradesh,17.6868,83.2185,coastal_cyclonic,2022-09-13,2022-09-18,5,5.9,20.8,26.6,28.8,78.7,87.5,1003.1,19.6,13.6,1,9,14.9,2.1999999999999993,8.799999999999997,0,0,0,25.0,-1.0,-1.8369701987210297e-16,4.6433,0.5902
REC_00856,Mumbai,Maharashtra,19.076,72.8777,coastal_heavy_monsoon,2022-09-13,2022-09-22,9,11.2,0.0,28.6,26.1,88.7,76.8,1005.5,0.0,27.1,1,9,11.2,2.5,11.900000000000006,0,0,0,81.0,-1.0,-1.8369701987210297e-16,9.9344,0.4531
REC_02798,Bengaluru,Karnataka,12.9716,77.5946,plateau_temperate,2022-09-13,2022-09-22,9,10.5,64.0,29.6,25.6,81.3,100.0,1007.9,11.6,1.1,1,9,53.5,4.0,18.700000000000003,1,1,1,81.0,-1.0,-1.8369701987210297e-16,8.5365,0.2838
REC_00445,Visakhapatnam,Andhra Pradesh,17.6868,83.2185,coastal_cyclonic,2022-09-14,2022-09-17,3,1.5,0.0,29.9,30.1,62.0,57.9,998.5,4.0,2.5,1,9,1.5,0.20000000000000284,4.100000000000001,0,0,0,9.0,-1.0,-1.8369701987210297e-16,0.93,0.5806
REC_03225,Krishna District,Andhra Pradesh,16.5062,80.648,coastal_humid,2022-09-15,2022-09-17,2,12.5,23.9,24.2,22.2,87.3,94.4,1008.7,16.7,4.3,1,9,11.399999999999999,2.0,7.1000000000000085,0,0,0,4.0,-1.0,-1.8369701987210297e-16,10.9125,0.3774
REC_00103,Delhi,NCR,28.6139,77.209,continental_subtropical,2022-09-15,2022-09-18,3,34.6,21.7,30.3,31.6,80.3,72.4,1012.5,35.2,0.6,1,9,12.900000000000002,1.3000000000000007,7.8999999999999915,0,0,0,9.0,-1.0,-1.8369701987210297e-16,27.7838,0.3143
REC_01532,Krishna District,Andhra Pradesh,16.5062,80.648,coastal_humid,2022-09-15,2022-09-20,5,2.3,0.0,23.5,24.0,82.6,71.0,1014.2,0.0,5.6,1,9,2.3,0.5,11.599999999999994,0,0,0,25.0,-1.0,-1.8369701987210297e-16,1.8997999999999997,0.3704
REC_01230,Visakhapatnam,Andhra Pradesh,17.6868,83.2185,coastal_cyclonic,2022-09-15,2022-09-22,7,4.7,10.7,26.8,30.1,93.7,77.4,1002.4,39.3,34.6,1,9,5.999999999999999,3.3000000000000007,16.299999999999997,0,0,0,49.0,-1.0,-1.8369701987210297e-16,4.4039,0.5714
REC_01941,Mumbai,Maharashtra,19.076,72.8777,coastal_heavy_monsoon,2022-09-15,2022-09-23,8,12.6,118.4,27.3,21.2,73.8,76.2,1014.7,0.0,12.6,1,9,105.80000000000001,6.100000000000001,2.4000000000000057,1,1,1,64.0,-1.0,-1.8369701987210297e-16,9.298799999999998,0.4462
REC_00408,Hyderabad,Telangana,17.385,78.4867,semi_arid,2022-09-15,2022-09-25,10,31.6,0.0,28.0,31.8,74.0,81.2,1005.0,84.3,52.7,1,9,31.6,3.8000000000000007,7.200000000000003,1,1,1,100.0,-1.0,-1.8369701987210297e-16,23.384,0.3478
REC_02659,Visakhapatnam,Andhra Pradesh,17.6868,83.2185,coastal_cyclonic,2022-09-16,2022-09-24,8,39.7,0.0,24.2,20.7,73.8,67.2,1009.2,32.1,7.6,1,9,39.7,3.5,6.599999999999994,1,1,1,64.0,-1.0,-1.8369701987210297e-16,29.2986,0.5625
REC_02793,Visakhapatnam,Andhra Pradesh,17.6868,83.2185,coastal_cyclonic,2022-09-17,2022-09-23,6,24.8,0.0,25.5,30.4,73.1,78.1,1007.1,23.6,1.2,1,9,24.8,4.899999999999999,5.0,1,1,1,36.0,-1.0,-1.8369701987210297e-16,18.1288,0.5692
REC_00211,Bengaluru,Karnataka,12.9716,77.5946,plateau_temperate,2022-09-17,2022-09-24,7,2.9,0.0,29.9,30.5,88.1,90.1,1007.2,29.1,26.3,1,9,2.9,0.6000000000000014,2.0,0,0,0,49.0,-1.0,-1.8369701987210297e-16,2.5549,0.2933
REC_01961,Delhi,NCR,28.6139,77.209,continental_subtropical,2022-09-17,2022-09-25,8,8.2,0.0,29.1,26.7,90.2,98.8,1003.3,0.6,7.6,1,9,8.2,2.400000000000002,8.599999999999994,0,0,0,64.0,-1.0,-1.8369701987210297e-16,7.3964,0.3099
REC_01107,Krishna District,Andhra Pradesh,16.5062,80.648,coastal_humid,2022-09-17,2022-09-27,10,54.9,0.0,36.4,40.0,81.1,88.8,1011.8,90.3,35.5,1,9,54.9,3.6000000000000014,7.700000000000003,1,1,1,100.0,-1.0,-1.8369701987210297e-16,44.5239,0.3636
REC_02458,Krishna District,Andhra Pradesh,16.5062,80.648,coastal_humid,2022-09-17,2022-09-27,10,5.5,20.3,28.8,25.0,88.3,100.0,1015.2,22.2,16.7,1,9,14.8,3.8000000000000007,11.700000000000003,0,1,1,100.0,-1.0,-1.8369701987210297e-16,4.8565,0.375
REC_01462,Mumbai,Maharashtra,19.076,72.8777,coastal_heavy_monsoon,2022-09-18,2022-09-27,9,27.9,0.0,28.4,16.6,80.1,72.6,1006.6,64.0,36.1,1,9,27.9,11.799999999999997,7.5,1,1,1,81.0,-1.0,-1.8369701987210297e-16,22.347899999999996,0.4545
REC_01613,Visakhapatnam,Andhra Pradesh,17.6868,83.2185,coastal_cyclonic,2022-09-18,2022-09-26,8,62.4,340.8,30.2,32.4,98.0,100.0,1012.5,85.0,22.6,1,9,278.40000000000003,2.1999999999999993,2.0,1,0,1,64.0,-1.0,-1.8369701987210297e-16,61.152,0.5758
REC_01287,Mumbai,Maharashtra,19.076,72.8777,coastal_heavy_monsoon,2022-09-18,2022-09-19,1,3.6,5.2,31.6,32.0,90.0,90.8,1008.4,4.9,1.2,1,9,1.6,0.3999999999999986,0.7999999999999972,0,0,0,1.0,-1.0,-1.8369701987210297e-16,3.24,0.4627
REC_03227,Mumbai,Maharashtra,19.076,72.8777,coastal_heavy_monsoon,2022-09-18,2022-09-20,2,29.8,62.9,30.5,30.4,87.4,92.3,1014.4,30.8,0.9,1,9,33.099999999999994,0.10000000000000142,4.8999999999999915,1,0,1,4.0,-1.0,-1.8369701987210297e-16,26.045200000000005,0.4559
REC_01718,Visakhapatnam,Andhra Pradesh,17.6868,83.2185,coastal_cyclonic,2022-09-18,2022-09-21,3,45.4,74.0,27.7,29.0,71.9,69.4,1012.7,66.6,21.2,1,9,28.6,1.3000000000000007,2.5,1,0,1,9.0,-1.0,-1.8369701987210297e-16,32.6426,0.5821
REC_01200,Delhi,NCR,28.6139,77.209,continental_subtropical,2022-09-19,2022-09-20,1,15.5,20.2,29.7,28.9,86.9,87.4,1006.7,15.0,0.6,1,9,4.699999999999999,0.8000000000000007,0.5,0,0,0,1.0,-1.0,-1.8369701987210297e-16,13.4695,0.3056
REC_02639,Visakhapatnam,Andhra Pradesh,17.6868,83.2185,coastal_cyclonic,2022-09-19,2022-09-21,2,16.1,5.8,27.0,28.8,80.1,83.2,1006.0,18.3,2.2,1,9,10.3,1.8000000000000007,3.1000000000000085,0,0,0,4.0,-1.0,-1.8369701987210297e-16,12.8961,0.5882
REC_02624,Visakhapatnam,Andhra Pradesh,17.6868,83.2185,coastal_cyclonic,2022-09-19,2022-09-27,8,2.7,0.0,29.2,32.2,79.5,82.7,1001.4,0.0,22.6,1,9,2.7,3.0000000000000036,3.200000000000003,0,0,0,64.0,-1.0,-1.8369701987210297e-16,2.1465,0.5797
REC_02399,Mumbai,Maharashtra,19.076,72.8777,coastal_heavy_monsoon,2022-09-19,2022-09-28,9,11.1,0.0,33.5,30.3,79.5,57.8,1002.1,0.0,30.2,1,9,11.1,3.1999999999999993,21.700000000000003,0,0,0,81.0,-1.0,-1.8369701987210297e-16,8.824499999999999,0.4638
REC_03266,Bengaluru,Karnataka,12.9716,77.5946,plateau_temperate,2022-09-20,2022-09-22,2,3.8,15.9,26.7,26.5,98.0,99.6,1007.2,0.0,6.1,1,9,12.100000000000001,0.1999999999999993,1.5999999999999943,0,0,0,4.0,-1.0,-1.8369701987210297e-16,3.7239999999999998,0.2895
REC_02875,Mumbai,Maharashtra,19.076,72.8777,coastal_heavy_monsoon,2022-09-20,2022-09-23,3,7.1,0.0,25.6,26.1,84.3,84.2,1008.2,14.3,7.2,1,9,7.1,0.5,0.09999999999999432,0,0,0,9.0,-1.0,-1.8369701987210297e-16,5.9853,0.4571
REC_02734,Bengaluru,Karnataka,12.9716,77.5946,plateau_temperate,2022-09-20,2022-09-26,6,11.5,53.5,31.4,31.1,98.0,100.0,1008.4,5.3,6.2,1,9,42.0,0.29999999999999716,2.0,1,0,1,36.0,-1.0,-1.8369701987210297e-16,11.27,0.2857
REC_01771,Krishna District,Andhra Pradesh,16.5062,80.648,coastal_humid,2022-09-20,2022-09-27,7,14.0,30.5,30.0,27.6,83.5,84.7,1005.0,43.0,29.0,1,9,16.5,2.3999999999999986,1.2000000000000028,0,0,0,49.0,-1.0,-1.8369701987210297e-16,11.69,0.386
REC_01735,Mumbai,Maharashtra,19.076,72.8777,coastal_heavy_monsoon,2022-09-20,2022-09-28,8,3.0,0.0,26.2,31.4,82.6,73.2,1009.3,0.0,37.7,1,9,3.0,5.199999999999999,9.399999999999991,0,1,1,64.0,-1.0,-1.8369701987210297e-16,2.4779999999999998,0.4507
REC_02871,Mumbai,Maharashtra,19.076,72.8777,coastal_heavy_monsoon,2022-09-21,2022-09-29,8,17.1,0.0,29.3,28.7,79.0,74.7,1004.5,65.0,47.8,1,9,17.1,0.6000000000000014,4.299999999999997,0,0,0,64.0,-1.0,-1.8369701987210297e-16,13.509,0.4583
REC_03089,Hyderabad,Telangana,17.385,78.4867,semi_arid,2022-09-21,2022-09-26,5,10.7,45.3,28.5,28.2,82.9,91.2,1005.3,0.0,23.8,1,9,34.599999999999994,0.3000000000000007,8.299999999999997,1,0,1,25.0,-1.0,-1.8369701987210297e-16,8.8703,0.3571
REC_01877,Hyderabad,Telangana,17.385,78.4867,semi_arid,2022-09-21,2022-09-26,5,17.8,0.0,32.5,29.8,88.4,93.8,1006.3,23.2,5.5,1,9,17.8,2.6999999999999993,5.3999999999999915,0,0,0,25.0,-1.0,-1.8369701987210297e-16,15.735200000000003,0.3662
REC_03194,Visakhapatnam,Andhra Pradesh,17.6868,83.2185,coastal_cyclonic,2022-09-21,2022-09-22,1,131.5,167.3,24.4,24.0,98.0,95.4,1010.7,131.9,0.4,1,9,35.80000000000001,0.3999999999999986,2.5999999999999943,1,0,1,1.0,-1.0,-1.8369701987210297e-16,128.87,0.5714
REC_03463,Bengaluru,Karnataka,12.9716,77.5946,plateau_temperate,2022-09-21,2022-09-22,1,4.8,0.0,32.1,33.1,86.0,86.0,1012.1,5.9,1.1,1,9,4.8,1.0,0.0,0,0,0,1.0,-1.0,-1.8369701987210297e-16,4.128,0.2949
REC_00380,Visakhapatnam,Andhra Pradesh,17.6868,83.2185,coastal_cyclonic,2022-09-21,2022-09-22,1,49.8,55.7,23.3,21.9,84.8,84.6,1005.7,53.0,3.3,1,9,5.900000000000006,1.4000000000000021,0.20000000000000284,0,0,0,1.0,-1.0,-1.8369701987210297e-16,42.2304,0.5775
REC_03433,Delhi,NCR,28.6139,77.209,continental_subtropical,2022-09-21,2022-09-25,4,17.7,30.7,31.5,32.4,83.2,79.5,1012.6,17.4,0.2,1,9,13.0,0.8999999999999986,3.700000000000003,0,0,0,16.0,-1.0,-1.8369701987210297e-16,14.726400000000002,0.3014
REC_02495,Mumbai,Maharashtra,19.076,72.8777,coastal_heavy_monsoon,2022-09-22,2022-09-23,1,18.2,19.5,31.1,30.1,80.8,80.8,1008.3,18.5,0.4,1,9,1.3000000000000007,1.0,0.0,0,0,0,1.0,-1.0,-1.8369701987210297e-16,14.705599999999999,0.4521
REC_03443,Visakhapatnam,Andhra Pradesh,17.6868,83.2185,coastal_cyclonic,2022-09-22,2022-09-26,4,22.3,39.7,30.4,30.4,85.8,79.3,1008.8,30.7,8.4,1,9,17.400000000000002,0.0,6.5,0,0,0,16.0,-1.0,-1.8369701987210297e-16,19.133399999999998,0.5694
REC_01559,Hyderabad,Telangana,17.385,78.4867,semi_arid,2022-09-22,2022-09-30,8,24.7,56.6,31.3,35.6,84.2,84.3,1013.5,4.8,19.8,1,9,31.900000000000002,4.300000000000001,0.09999999999999432,1,1,1,64.0,-1.0,-1.8369701987210297e-16,20.797400000000003,0.3611
REC_02284,Visakhapatnam,Andhra Pradesh,17.6868,83.2185,coastal_cyclonic,2022-09-23,2022-10-03,10,81.1,0.0,23.3,24.7,73.9,77.8,1007.2,82.7,1.6,0,10,81.1,1.3999999999999986,3.8999999999999915,1,0,1,100.0,-0.8660254037844386,0.5000000000000001,59.9329,0.5616
REC_00001,Delhi,NCR,28.6139,77.209,continental_subtropical,2022-09-23,2022-09-24,1,6.6,2.8,25.7,25.3,84.6,82.7,1009.1,4.8,1.8,1,9,3.8,0.3999999999999986,1.8999999999999915,0,0,0,1.0,-1.0,-1.8369701987210297e-16,5.583599999999999,0.2973
REC_00042,Hyderabad,Telangana,17.385,78.4867,semi_arid,2022-09-23,2022-09-28,5,31.6,56.0,31.8,30.1,84.6,100.0,1007.5,30.2,1.4,1,9,24.4,1.6999999999999993,15.400000000000006,0,0,0,25.0,-1.0,-1.8369701987210297e-16,26.733600000000003,0.3699
REC_02294,Delhi,NCR,28.6139,77.209,continental_subtropical,2022-09-24,2022-09-30,6,43.3,98.7,25.0,20.6,85.9,78.1,1008.9,30.2,13.0,1,9,55.400000000000006,4.399999999999999,7.800000000000011,1,1,1,36.0,-1.0,-1.8369701987210297e-16,37.1947,0.2933
REC_01105,Bengaluru,Karnataka,12.9716,77.5946,plateau_temperate,2022-09-24,2022-10-01,7,0.2,22.2,22.8,24.0,52.5,64.2,1008.6,20.0,19.8,0,10,22.0,1.1999999999999993,11.700000000000003,0,0,0,49.0,-0.8660254037844386,0.5000000000000001,0.105,0.2911
REC_02366,Bengaluru,Karnataka,12.9716,77.5946,plateau_temperate,2022-09-24,2022-09-27,3,36.9,12.7,33.7,34.9,74.0,81.4,1004.1,51.9,15.0,1,9,24.2,1.1999999999999957,7.400000000000006,0,0,0,9.0,-1.0,-1.8369701987210297e-16,27.305999999999997,0.2875
REC_00245,Bengaluru,Karnataka,12.9716,77.5946,plateau_temperate,2022-09-25,2022-09-27,2,11.3,0.0,33.7,32.8,84.0,78.5,1007.1,5.9,5.4,1,9,11.3,0.9000000000000057,5.5,0,0,0,4.0,-1.0,-1.8369701987210297e-16,9.492,0.284
REC_02273,Visakhapatnam,Andhra Pradesh,17.6868,83.2185,coastal_cyclonic,2022-09-25,2022-09-28,3,9.2,40.9,25.5,26.2,72.0,70.7,1007.0,0.0,14.2,1,9,31.7,0.6999999999999993,1.2999999999999972,1,0,1,9.0,-1.0,-1.8369701987210297e-16,6.624,0.5676
REC_03302,Hyderabad,Telangana,17.385,78.4867,semi_arid,2022-09-25,2022-09-28,3,13.1,4.3,29.8,27.0,60.6,52.3,1019.8,11.6,1.4,1,9,8.8,2.8000000000000007,8.300000000000004,0,0,0,9.0,-1.0,-1.8369701987210297e-16,7.9386,0.3649
REC_00426,Mumbai,Maharashtra,19.076,72.8777,coastal_heavy_monsoon,2022-09-25,2022-10-01,6,72.2,115.5,30.5,35.7,98.0,88.7,1008.0,81.9,9.7,0,10,43.3,5.200000000000003,9.299999999999997,1,1,1,36.0,-0.8660254037844386,0.5000000000000001,70.756,0.4459
REC_01751,Krishna District,Andhra Pradesh,16.5062,80.648,coastal_humid,2022-09-25,2022-10-03,8,20.3,66.7,30.9,35.0,96.4,90.8,1009.0,24.5,4.2,0,10,46.400000000000006,4.100000000000001,5.6000000000000085,1,1,1,64.0,-0.8660254037844386,0.5000000000000001,19.569200000000002,0.3793
REC_02072,Mumbai,Maharashtra,19.076,72.8777,coastal_heavy_monsoon,2022-09-25,2022-10-03,8,23.0,0.0,30.4,35.8,85.6,75.5,1005.7,6.2,16.9,0,10,23.0,5.399999999999999,10.099999999999994,1,1,1,64.0,-0.8660254037844386,0.5000000000000001,19.688,0.4533
REC_02451,Bengaluru,Karnataka,12.9716,77.5946,plateau_temperate,2022-09-25,2022-10-05,10,1.3,0.0,28.0,28.2,52.0,57.4,1009.5,18.7,17.4,0,10,1.3,0.1999999999999993,5.399999999999999,0,0,0,100.0,-0.8660254037844386,0.5000000000000001,0.676,0.2805
REC_02667,Mumbai,Maharashtra,19.076,72.8777,coastal_heavy_monsoon,2022-09-26,2022-09-29,3,66.8,62.4,28.2,29.1,76.8,78.5,1007.1,68.2,1.4,1,9,4.399999999999999,0.9000000000000021,1.7000000000000028,0,0,0,9.0,-1.0,-1.8369701987210297e-16,51.3024,0.4605
REC_01832,Hyderabad,Telangana,17.385,78.4867,semi_arid,2022-09-26,2022-09-27,1,31.7,48.5,30.2,30.1,71.7,70.0,1003.7,33.4,1.7,1,9,16.8,0.09999999999999787,1.7000000000000028,0,0,0,1.0,-1.0,-1.8369701987210297e-16,22.7289,0.36
REC_01348,Visakhapatnam,Andhra Pradesh,17.6868,83.2185,coastal_cyclonic,2022-09-26,2022-09-29,3,31.9,36.7,28.4,28.5,67.4,51.7,1015.5,42.3,10.5,1,9,4.800000000000004,0.10000000000000142,15.700000000000003,0,0,0,9.0,-1.0,-1.8369701987210297e-16,21.5006,0.5733
REC_03374,Krishna District,Andhra Pradesh,16.5062,80.648,coastal_humid,2022-09-26,2022-09-29,3,76.6,102.8,29.7,29.8,79.6,82.6,1017.3,65.1,11.5,1,9,26.200000000000003,0.10000000000000142,3.0,1,0,1,9.0,-1.0,-1.8369701987210297e-16,60.97359999999999,0.3898
REC_00395,Delhi,NCR,28.6139,77.209,continental_subtropical,2022-09-26,2022-10-05,9,3.4,7.6,28.9,33.3,51.0,48.0,1006.8,0.0,3.8,0,10,4.199999999999999,4.399999999999999,3.0,0,1,1,81.0,-0.8660254037844386,0.5000000000000001,1.734,0.3026
REC_02919,Delhi,NCR,28.6139,77.209,continental_subtropical,2022-09-27,2022-10-07,10,1.0,27.2,23.4,32.0,54.1,63.1,1004.1,0.0,34.2,0,10,26.2,8.600000000000001,9.0,1,1,1,100.0,-0.8660254037844386,0.5000000000000001,0.541,0.3117
REC_00104,Hyderabad,Telangana,17.385,78.4867,semi_arid,2022-09-27,2022-09-29,2,1.8,0.0,30.5,30.3,83.8,81.8,1006.1,0.0,5.6,1,9,1.8,0.1999999999999993,2.0,0,0,0,4.0,-1.0,-1.8369701987210297e-16,1.5084,0.3553
REC_00134,Krishna District,Andhra Pradesh,16.5062,80.648,coastal_humid,2022-09-27,2022-10-02,5,45.2,92.7,34.0,35.4,93.6,81.0,1007.8,46.3,1.1,0,10,47.5,1.3999999999999986,12.599999999999994,1,0,1,25.0,-0.8660254037844386,0.5000000000000001,42.3072,0.4
REC_02855,Krishna District,Andhra Pradesh,16.5062,80.648,coastal_humid,2022-09-28,2022-09-30,2,25.4,11.7,31.9,30.9,74.7,70.2,1009.6,17.8,7.6,1,9,13.7,1.0,4.5,0,0,0,4.0,-1.0,-1.8369701987210297e-16,18.973799999999997,0.4098
REC_00864,Hyderabad,Telangana,17.385,78.4867,semi_arid,2022-09-28,2022-10-01,3,6.3,18.0,27.0,27.5,69.0,55.0,1011.4,4.4,1.9,0,10,11.7,0.5,14.0,0,0,0,9.0,-0.8660254037844386,0.5000000000000001,4.3469999999999995,0.3506
REC_02356,Hyderabad,Telangana,17.385,78.4867,semi_arid,2022-09-28,2022-10-04,6,0.8,0.0,24.9,23.2,48.9,57.1,1011.5,0.0,6.2,0,10,0.8,1.6999999999999993,8.200000000000003,0,0,0,36.0,-0.8660254037844386,0.5000000000000001,0.39120000000000005,0.3462
REC_03352,Krishna District,Andhra Pradesh,16.5062,80.648,coastal_humid,2022-09-29,2022-10-05,6,3.1,0.0,29.3,32.1,92.0,100.0,1008.3,2.3,0.8,0,10,3.1,2.8000000000000007,8.0,0,0,0,36.0,-0.8660254037844386,0.5000000000000001,2.852,0.4032
REC_02016,Visakhapatnam,Andhra Pradesh,17.6868,83.2185,coastal_cyclonic,2022-09-29,2022-10-08,9,38.1,108.2,24.8,23.2,98.0,97.0,1007.5,51.7,13.6,0,10,70.1,1.6000000000000014,1.0,1,0,1,81.0,-0.8660254037844386,0.5000000000000001,37.338,0.5658
REC_02460,Delhi,NCR,28.6139,77.209,continental_subtropical,2022-09-29,2022-10-03,4,1.4,5.7,24.8,25.8,56.4,53.7,1009.4,8.5,7.1,0,10,4.300000000000001,1.0,2.6999999999999957,0,0,0,16.0,-0.8660254037844386,0.5000000000000001,0.7896,0.3205
REC_03110,Delhi,NCR,28.6139,77.209,continental_subtropical,2022-09-29,2022-10-06,7,1.3,0.0,23.9,22.6,61.1,54.2,1014.2,0.0,5.2,0,10,1.3,1.2999999999999972,6.899999999999999,0,0,0,49.0,-0.8660254037844386,0.5000000000000001,0.7943000000000001,0.3165
REC_02973,Delhi,NCR,28.6139,77.209,continental_subtropical,2022-09-29,2022-10-02,3,3.5,16.5,23.8,25.4,47.0,46.6,1004.3,4.9,1.4,0,10,13.0,1.5999999999999979,0.3999999999999986,0,0,0,9.0,-0.8660254037844386,0.5000000000000001,1.645,0.3125
REC_00292,Bengaluru,Karnataka,12.9716,77.5946,plateau_temperate,2022-09-29,2022-10-02,3,0.2,0.0,16.3,17.3,46.3,48.9,1003.7,0.0,2.3,0,10,0.2,1.0,2.6000000000000014,0,0,0,9.0,-0.8660254037844386,0.5000000000000001,0.0926,0.2771
REC_00863,Hyderabad,Telangana,17.385,78.4867,semi_arid,2022-09-29,2022-10-03,4,7.2,0.0,24.1,23.4,52.3,51.7,1008.8,0.1,7.1,0,10,7.2,0.7000000000000028,0.5999999999999943,0,0,0,16.0,-0.8660254037844386,0.5000000000000001,3.7656,0.3418
REC_03331,Mumbai,Maharashtra,19.076,72.8777,coastal_heavy_monsoon,2022-09-30,2022-10-10,10,19.8,22.8,25.4,19.7,98.0,100.0,1009.5,32.4,12.6,0,10,3.0,5.699999999999999,2.0,0,1,1,100.0,-0.8660254037844386,0.5000000000000001,19.404,0.4545
REC_02177,Bengaluru,Karnataka,12.9716,77.5946,plateau_temperate,2022-09-30,2022-10-05,5,1.1,0.0,28.8,25.8,48.5,41.2,1009.4,0.0,2.7,0,10,1.1,3.0,7.299999999999997,0,0,0,25.0,-0.8660254037844386,0.5000000000000001,0.5335,0.2738
REC_01789,Krishna District,Andhra Pradesh,16.5062,80.648,coastal_humid,2022-09-30,2022-10-01,1,47.4,21.8,28.4,28.7,75.8,82.6,1006.3,45.5,1.9,0,10,25.599999999999998,0.3000000000000007,6.799999999999997,1,0,1,1.0,-0.8660254037844386,0.5000000000000001,35.929199999999994,0.3968
REC_01713,Delhi,NCR,28.6139,77.209,continental_subtropical,2022-09-30,2022-10-03,3,4.1,0.0,18.4,19.5,53.1,59.4,1010.5,0.9,3.2,0,10,4.1,1.1000000000000014,6.299999999999997,0,0,0,9.0,-0.8660254037844386,0.5000000000000001,2.1771,0.3086
REC_01438,Delhi,NCR,28.6139,77.209,continental_subtropical,2022-09-30,2022-10-04,4,16.2,14.2,28.6,30.8,65.4,63.6,1007.7,15.2,1.0,0,10,2.0,2.1999999999999993,1.8000000000000043,0,0,0,16.0,-0.8660254037844386,0.5000000000000001,10.5948,0.3049
REC_00234,Hyderabad,Telangana,17.385,78.4867,semi_arid,2022-10-01,2022-10-10,9,1.4,3.2,17.4,16.6,53.3,45.0,1004.1,3.2,1.8,0,10,1.8000000000000003,0.7999999999999972,8.299999999999997,0,0,0,81.0,-0.8660254037844386,0.5000000000000001,0.7461999999999999,0.3375
REC_01171,Mumbai,Maharashtra,19.076,72.8777,coastal_heavy_monsoon,2022-10-01,2022-10-08,7,21.0,58.2,29.0,30.7,63.2,73.2,1008.3,14.3,6.6,0,10,37.2,1.6999999999999993,10.0,1,0,1,49.0,-0.8660254037844386,0.5000000000000001,13.272,0.4615
REC_02142,Krishna District,Andhra Pradesh,16.5062,80.648,coastal_humid,2022-10-01,2022-10-06,5,43.6,43.3,28.8,31.3,85.3,99.4,1009.8,52.5,8.9,0,10,0.30000000000000426,2.5,14.100000000000009,0,0,0,25.0,-0.8660254037844386,0.5000000000000001,37.190799999999996,0.4062
REC_00091,Bengaluru,Karnataka,12.9716,77.5946,plateau_temperate,2022-10-01,2022-10-11,10,0.0,32.8,19.0,12.2,69.1,79.7,1003.0,13.1,13.0,0,10,32.8,6.800000000000001,10.600000000000009,1,1,1,100.0,-0.8660254037844386,0.5000000000000001,0.0,0.2706
REC_01946,Delhi,NCR,28.6139,77.209,continental_subtropical,2022-10-01,2022-10-03,2,0.8,3.4,27.8,30.8,58.0,57.7,1010.4,0.0,1.0,0,10,2.5999999999999996,3.0,0.29999999999999716,0,0,0,4.0,-0.8660254037844386,0.5000000000000001,0.4640000000000001,0.3012
REC_01481,Krishna District,Andhra Pradesh,16.5062,80.648,coastal_humid,2022-10-01,2022-10-03,2,14.8,1.5,31.3,31.9,81.6,78.3,1010.1,15.9,1.0,0,10,13.3,0.5999999999999979,3.299999999999997,0,0,0,4.0,-0.8660254037844386,0.5000000000000001,12.0768,0.4
REC_00956,Visakhapatnam,Andhra Pradesh,17.6868,83.2185,coastal_cyclonic,2022-10-01,2022-10-02,1,26.8,14.1,26.5,26.2,85.3,86.3,1002.3,26.4,0.4,0,10,12.700000000000001,0.3000000000000007,1.0,0,0,0,1.0,-0.8660254037844386,0.5000000000000001,22.8604,0.5714
REC_02203,Krishna District,Andhra Pradesh,16.5062,80.648,coastal_humid,2022-10-01,2022-10-04,3,22.1,37.9,28.7,28.9,80.6,75.0,1008.4,26.1,3.9,0,10,15.799999999999997,0.1999999999999993,5.599999999999994,0,0,0,9.0,-0.8660254037844386,0.5000000000000001,17.8126,0.3939
REC_02792,Bengaluru,Karnataka,12.9716,77.5946,plateau_temperate,2022-10-02,2022-10-06,4,0.1,0.0,26.1,27.5,46.7,50.6,1012.1,3.9,3.8,0,10,0.1,1.3999999999999986,3.8999999999999986,0,0,0,16.0,-0.8660254037844386,0.5000000000000001,0.046700000000000005,0.2791
REC_01489,Bengaluru,Karnataka,12.9716,77.5946,plateau_temperate,2022-10-02,2022-10-11,9,1.8,0.0,23.8,27.0,63.8,63.6,1013.0,1.1,0.7,0,10,1.8,3.1999999999999993,0.19999999999999574,0,0,0,81.0,-0.8660254037844386,0.5000000000000001,1.1484,0.2759
REC_01511,Bengaluru,Karnataka,12.9716,77.5946,plateau_temperate,2022-10-03,2022-10-09,6,0.7,0.0,29.0,31.2,72.6,84.9,1010.6,8.8,8.1,0,10,0.7,2.1999999999999993,12.300000000000011,0,0,0,36.0,-0.8660254037844386,0.5000000000000001,0.5082,0.2727
REC_02374,Delhi,NCR,28.6139,77.209,continental_subtropical,2022-10-03,2022-10-10,7,3.3,24.5,26.0,27.4,54.2,37.5,1009.6,15.1,11.8,0,10,21.2,1.3999999999999986,16.700000000000003,0,0,0,49.0,-0.8660254037844386,0.5000000000000001,1.7886000000000002,0.2976
REC_03414,Delhi,NCR,28.6139,77.209,continental_subtropical,2022-10-04,2022-10-13,9,1.6,0.0,20.5,14.3,51.1,51.2,1009.4,0.0,3.5,0,10,1.6,6.199999999999999,0.10000000000000142,0,1,1,81.0,-0.8660254037844386,0.5000000000000001,0.8176000000000001,0.2941
REC_03378,Hyderabad,Telangana,17.385,78.4867,semi_arid,2022-10-04,2022-10-05,1,0.4,0.0,21.8,21.4,68.2,64.7,1001.4,0.0,0.6,0,10,0.4,0.40000000000000213,3.5,0,0,0,1.0,-0.8660254037844386,0.5000000000000001,0.2728,0.3333
REC_02577,Delhi,NCR,28.6139,77.209,continental_subtropical,2022-10-04,2022-10-07,3,4.3,15.4,19.2,17.9,57.7,65.1,1007.0,0.0,4.7,0,10,11.100000000000001,1.3000000000000007,7.3999999999999915,0,0,0,9.0,-0.8660254037844386,0.5000000000000001,2.4811,0.3023
REC_02207,Bengaluru,Karnataka,12.9716,77.5946,plateau_temperate,2022-10-04,2022-10-08,4,3.9,1.8,24.3,26.8,56.4,57.7,1003.4,4.9,0.9,0,10,2.0999999999999996,2.5,1.3000000000000043,0,0,0,16.0,-0.8660254037844386,0.5000000000000001,2.1995999999999998,0.2697
REC_02464,Visakhapatnam,Andhra Pradesh,17.6868,83.2185,coastal_cyclonic,2022-10-04,2022-10-08,4,10.9,20.9,28.3,28.8,91.9,90.1,1010.8,17.7,6.9,0,10,9.999999999999998,0.5,1.8000000000000114,0,0,0,16.0,-0.8660254037844386,0.5000000000000001,10.017100000000001,0.5641
REC_02931,Delhi,NCR,28.6139,77.209,continental_subtropical,2022-10-05,2022-10-10,5,4.5,13.8,21.3,18.5,70.0,78.2,1005.6,11.8,7.3,0,10,9.3,2.8000000000000007,8.200000000000003,0,0,0,25.0,-0.8660254037844386,0.5000000000000001,3.15,0.2989
REC_03254,Visakhapatnam,Andhra Pradesh,17.6868,83.2185,coastal_cyclonic,2022-10-05,2022-10-15,10,8.1,96.5,27.6,29.5,96.9,83.3,1010.7,13.3,5.2,0,10,88.4,1.8999999999999986,13.600000000000009,1,0,1,100.0,-0.8660254037844386,0.5000000000000001,7.8488999999999995,0.557
REC_03490,Mumbai,Maharashtra,19.076,72.8777,coastal_heavy_monsoon,2022-10-05,2022-10-06,1,36.4,31.1,29.8,30.5,91.2,87.5,1011.5,38.1,1.7,0,10,5.299999999999997,0.6999999999999993,3.700000000000003,0,0,0,1.0,-0.8660254037844386,0.5000000000000001,33.196799999999996,0.4684
REC_02911,Delhi,NCR,28.6139,77.209,continental_subtropical,2022-10-05,2022-10-08,3,7.4,0.0,19.9,18.0,50.5,41.7,1011.4,1.2,6.2,0,10,7.4,1.8999999999999986,8.799999999999997,0,0,0,9.0,-0.8660254037844386,0.5000000000000001,3.7370000000000005,0.2955
REC_03004,Hyderabad,Telangana,17.385,78.4867,semi_arid,2022-10-06,2022-10-15,9,0.2,57.7,21.4,22.7,54.4,64.9,1010.8,0.0,16.6,0,10,57.5,1.3000000000000007,10.500000000000007,1,0,1,81.0,-0.8660254037844386,0.5000000000000001,0.10880000000000001,0.3293
REC_02770,Hyderabad,Telangana,17.385,78.4867,semi_arid,2022-10-06,2022-10-15,9,1.4,0.0,27.5,30.1,57.9,65.5,1002.5,19.4,18.0,0,10,1.4,2.6000000000000014,7.600000000000001,0,0,0,81.0,-0.8660254037844386,0.5000000000000001,0.8105999999999999,0.3373
REC_02972,Delhi,NCR,28.6139,77.209,continental_subtropical,2022-10-06,2022-10-10,4,2.7,20.6,23.2,21.2,47.4,57.0,1004.5,0.0,4.5,0,10,17.900000000000002,2.0,9.600000000000001,0,0,0,16.0,-0.8660254037844386,0.5000000000000001,1.2798,0.2921
REC_02877,Bengaluru,Karnataka,12.9716,77.5946,plateau_temperate,2022-10-06,2022-10-11,5,0.5,0.0,21.2,21.7,48.6,54.4,1000.5,0.6,0.1,0,10,0.5,0.5,5.799999999999997,0,0,0,25.0,-0.8660254037844386,0.5000000000000001,0.243,0.2667
REC_00268,Bengaluru,Karnataka,12.9716,77.5946,plateau_temperate,2022-10-06,2022-10-14,8,3.2,0.0,25.4,20.5,63.3,72.8,1007.7,0.0,8.0,0,10,3.2,4.899999999999999,9.5,0,1,1,64.0,-0.8660254037844386,0.5000000000000001,2.0256,0.2637
REC_01883,Delhi,NCR,28.6139,77.209,continental_subtropical,2022-10-07,2022-10-10,3,5.7,0.0,23.8,23.7,66.3,59.8,1012.5,7.0,1.3,0,10,5.7,0.10000000000000142,6.5,0,0,0,9.0,-0.8660254037844386,0.5000000000000001,3.7790999999999997,0.2889
REC_02414,Krishna District,Andhra Pradesh,16.5062,80.648,coastal_humid,2022-10-07,2022-10-10,3,127.7,150.2,26.0,26.9,82.4,83.9,1007.6,122.8,4.9,0,10,22.499999999999986,0.8999999999999986,1.5,0,0,0,9.0,-0.8660254037844386,0.5000000000000001,105.22480000000002,0.3881
REC_03017,Delhi,NCR,28.6139,77.209,continental_subtropical,2022-10-08,2022-10-11,3,3.7,0.0,23.5,25.3,46.4,41.6,1011.4,0.0,6.9,0,10,3.7,1.8000000000000007,4.799999999999997,0,0,0,9.0,-0.8660254037844386,0.5000000000000001,1.7168,0.2857
REC_00960,Hyderabad,Telangana,17.385,78.4867,semi_arid,2022-10-08,2022-10-13,5,1.4,0.0,22.9,27.4,50.2,43.3,1007.9,9.1,7.7,0,10,1.4,4.5,6.900000000000006,0,1,1,25.0,-0.8660254037844386,0.5000000000000001,0.7028,0.3333
REC_02642,Mumbai,Maharashtra,19.076,72.8777,coastal_heavy_monsoon,2022-10-08,2022-10-17,9,67.5,102.4,29.4,29.7,96.5,75.9,1014.3,69.4,2.0,0,10,34.900000000000006,0.3000000000000007,20.599999999999994,1,0,1,81.0,-0.8660254037844386,0.5000000000000001,65.1375,0.4625
REC_03182,Hyderabad,Telangana,17.385,78.4867,semi_arid,2022-10-09,2022-10-12,3,0.9,0.0,20.5,20.0,51.5,56.7,1007.5,2.7,1.9,0,10,0.9,0.5,5.200000000000003,0,0,0,9.0,-0.8660254037844386,0.5000000000000001,0.4635,0.3412
REC_03107,Krishna District,Andhra Pradesh,16.5062,80.648,coastal_humid,2022-10-09,2022-10-13,4,16.1,29.9,26.7,27.3,69.2,63.7,1003.5,15.4,0.7,0,10,13.799999999999997,0.6000000000000014,5.5,0,0,0,16.0,-0.8660254037844386,0.5000000000000001,11.141200000000001,0.3824
REC_02645,Krishna District,Andhra Pradesh,16.5062,80.648,coastal_humid,2022-10-09,2022-10-14,5,51.7,119.3,32.9,35.8,76.5,85.7,1004.1,44.9,6.8,0,10,67.6,2.8999999999999986,9.200000000000003,1,0,1,25.0,-0.8660254037844386,0.5000000000000001,39.5505,0.3768
REC_00186,Bengaluru,Karnataka,12.9716,77.5946,plateau_temperate,2022-10-09,2022-10-19,10,0.7,45.5,25.7,26.7,64.9,100.0,1008.1,0.0,4.9,0,10,44.8,1.0,35.099999999999994,1,0,1,100.0,-0.8660254037844386,0.5000000000000001,0.4543,0.2717
REC_02171,Visakhapatnam,Andhra Pradesh,17.6868,83.2185,coastal_cyclonic,2022-10-10,2022-10-13,3,27.5,18.1,30.0,27.6,98.0,94.4,1011.7,33.9,6.4,0,10,9.399999999999999,2.3999999999999986,3.5999999999999943,0,0,0,9.0,-0.8660254037844386,0.5000000000000001,26.95,0.5625
REC_00610,Krishna District,Andhra Pradesh,16.5062,80.648,coastal_humid,2022-10-10,2022-10-12,2,67.2,77.9,25.5,23.9,83.1,88.7,1006.4,68.2,1.1,0,10,10.700000000000003,1.6000000000000014,5.6000000000000085,0,0,0,4.0,-0.8660254037844386,0.5000000000000001,55.843199999999996,0.3857
REC_00565,Mumbai,Maharashtra,19.076,72.8777,coastal_heavy_monsoon,2022-10-11,2022-10-21,10,36.5,147.2,29.1,27.3,78.0,72.8,1005.8,37.6,1.1,0,10,110.69999999999999,1.8000000000000007,5.200000000000003,1,0,1,100.0,-0.8660254037844386,0.5000000000000001,28.47,0.4691
REC_02742,Krishna District,Andhra Pradesh,16.5062,80.648,coastal_humid,2022-10-11,2022-10-20,9,53.1,25.2,28.3,31.7,85.6,84.1,1004.9,47.1,6.0,0,10,27.900000000000002,3.3999999999999986,1.5,1,0,1,81.0,-0.8660254037844386,0.5000000000000001,45.453599999999994,0.3803
REC_01009,Visakhapatnam,Andhra Pradesh,17.6868,83.2185,coastal_cyclonic,2022-10-12,2022-10-16,4,4.6,12.6,23.0,27.1,81.0,80.2,1009.1,0.0,4.8,0,10,8.0,4.100000000000001,0.7999999999999972,0,1,1,16.0,-0.8660254037844386,0.5000000000000001,3.7259999999999995,0.5556
REC_02681,Visakhapatnam,Andhra Pradesh,17.6868,83.2185,coastal_cyclonic,2022-10-12,2022-10-16,4,50.4,99.9,33.0,31.1,82.5,86.8,1006.1,53.9,3.5,0,10,49.50000000000001,1.8999999999999986,4.299999999999997,1,0,1,16.0,-0.8660254037844386,0.5000000000000001,41.58,0.561
REC_02744,Visakhapatnam,Andhra Pradesh,17.6868,83.2185,coastal_cyclonic,2022-10-12,2022-10-16,4,42.0,119.2,24.8,27.7,80.0,84.2,1007.5,41.9,0.1,0,10,77.2,2.8999999999999986,4.200000000000003,1,0,1,16.0,-0.8660254037844386,0.5000000000000001,33.6,0.5663
REC_01947,Mumbai,Maharashtra,19.076,72.8777,coastal_heavy_monsoon,2022-10-12,2022-10-19,7,14.0,0.0,29.4,30.9,90.0,100.0,1011.5,23.0,9.0,0,10,14.0,1.5,10.0,0,0,0,49.0,-0.8660254037844386,0.5000000000000001,12.6,0.4756
REC_02509,Bengaluru,Karnataka,12.9716,77.5946,plateau_temperate,2022-10-12,2022-10-20,8,0.3,11.5,31.9,26.3,60.3,56.6,1004.6,0.0,9.3,0,10,11.2,5.599999999999998,3.6999999999999957,0,1,1,64.0,-0.8660254037844386,0.5000000000000001,0.1809,0.2796
REC_00379,Visakhapatnam,Andhra Pradesh,17.6868,83.2185,coastal_cyclonic,2022-10-12,2022-10-21,9,18.0,0.0,27.2,25.4,89.8,79.0,1003.6,5.2,12.9,0,10,18.0,1.8000000000000007,10.799999999999997,0,0,0,81.0,-0.8660254037844386,0.5000000000000001,16.163999999999998,0.5714
REC_03101,Krishna District,Andhra Pradesh,16.5062,80.648,coastal_humid,2022-10-12,2022-10-22,10,28.4,110.8,28.9,23.3,84.7,74.7,1008.7,37.4,9.0,0,10,82.4,5.599999999999998,10.0,1,1,1,100.0,-0.8660254037844386,0.5000000000000001,24.0548,0.3889
REC_02387,Mumbai,Maharashtra,19.076,72.8777,coastal_heavy_monsoon,2022-10-13,2022-10-19,6,72.2,0.0,24.6,28.2,79.5,81.4,1005.2,72.5,0.3,0,10,72.2,3.599999999999998,1.9000000000000057,1,1,1,36.0,-0.8660254037844386,0.5000000000000001,57.39900000000001,0.4699
REC_00480,Mumbai,Maharashtra,19.076,72.8777,coastal_heavy_monsoon,2022-10-13,2022-10-23,10,36.6,0.0,26.5,18.7,75.4,77.4,998.7,22.9,13.7,0,10,36.6,7.800000000000001,2.0,1,1,1,100.0,-0.8660254037844386,0.5000000000000001,27.596400000000003,0.4762
REC_01535,Visakhapatnam,Andhra Pradesh,17.6868,83.2185,coastal_cyclonic,2022-10-13,2022-10-22,9,5.0,40.0,31.4,31.9,85.9,83.0,1008.2,14.7,9.7,0,10,35.0,0.5,2.9000000000000057,1,0,1,81.0,-0.8660254037844386,0.5000000000000001,4.295,0.5647
REC_00095,Bengaluru,Karnataka,12.9716,77.5946,plateau_temperate,2022-10-13,2022-10-18,5,1.0,20.3,30.0,33.4,60.7,52.7,1006.1,0.0,3.4,0,10,19.3,3.3999999999999986,8.0,0,0,0,25.0,-0.8660254037844386,0.5000000000000001,0.607,0.2872
REC_01844,Mumbai,Maharashtra,19.076,72.8777,coastal_heavy_monsoon,2022-10-13,2022-10-15,2,12.8,15.5,25.7,25.9,71.8,81.2,1004.9,9.9,2.8,0,10,2.6999999999999993,0.1999999999999993,9.400000000000006,0,0,0,4.0,-0.8660254037844386,0.5000000000000001,9.1904,0.4824
REC_01760,Krishna District,Andhra Pradesh,16.5062,80.648,coastal_humid,2022-10-13,2022-10-17,4,4.0,0.0,26.4,24.7,85.3,86.0,1003.4,7.7,3.7,0,10,4.0,1.6999999999999993,0.7000000000000028,0,0,0,16.0,-0.8660254037844386,0.5000000000000001,3.412,0.3973
REC_01229,Krishna District,Andhra Pradesh,16.5062,80.648,coastal_humid,2022-10-14,2022-10-15,1,1.0,5.2,26.7,27.9,72.5,71.9,1003.5,1.0,0.0,0,10,4.2,1.1999999999999993,0.5999999999999943,0,0,0,1.0,-0.8660254037844386,0.5000000000000001,0.725,0.3919
REC_00795,Krishna District,Andhra Pradesh,16.5062,80.648,coastal_humid,2022-10-14,2022-10-16,2,24.0,0.0,22.6,23.7,72.3,66.8,1006.0,24.7,0.7,0,10,24.0,1.0999999999999979,5.5,1,0,1,4.0,-0.8660254037844386,0.5000000000000001,17.351999999999997,0.3867
REC_01140,Bengaluru,Karnataka,12.9716,77.5946,plateau_temperate,2022-10-14,2022-10-17,3,1.0,0.0,27.2,28.0,58.7,55.1,1006.7,1.9,0.9,0,10,1.0,0.8000000000000007,3.6000000000000014,0,0,0,9.0,-0.8660254037844386,0.5000000000000001,0.5870000000000001,0.2842
REC_00912,Delhi,NCR,28.6139,77.209,continental_subtropical,2022-10-14,2022-10-19,5,2.4,19.0,28.2,26.5,59.5,54.3,1007.4,0.2,2.2,0,10,16.6,1.6999999999999993,5.200000000000003,0,0,0,25.0,-0.8660254037844386,0.5000000000000001,1.428,0.2826
REC_00693,Bengaluru,Karnataka,12.9716,77.5946,plateau_temperate,2022-10-14,2022-10-23,9,2.7,0.0,27.3,28.0,43.2,44.0,1009.8,6.2,3.5,0,10,2.7,0.6999999999999993,0.7999999999999972,0,0,0,81.0,-0.8660254037844386,0.5000000000000001,1.1664,0.2812
REC_00066,Mumbai,Maharashtra,19.076,72.8777,coastal_heavy_monsoon,2022-10-14,2022-10-24,10,29.6,0.0,24.1,21.8,73.8,61.7,1010.3,40.0,10.4,0,10,29.6,2.3000000000000007,12.099999999999994,1,0,1,100.0,-0.8660254037844386,0.5000000000000001,21.8448,0.4767
REC_03126,Hyderabad,Telangana,17.385,78.4867,semi_arid,2022-10-15,2022-10-20,5,1.1,0.0,17.7,19.8,38.3,42.3,1007.3,0.0,3.6,0,10,1.1,2.1000000000000014,4.0,0,0,0,25.0,-0.8660254037844386,0.5000000000000001,0.4213,0.3372
REC_02801,Delhi,NCR,28.6139,77.209,continental_subtropical,2022-10-15,2022-10-21,6,3.1,29.7,27.9,28.8,52.5,76.3,1008.7,0.0,6.2,0,10,26.599999999999998,0.9000000000000021,23.799999999999997,1,0,1,36.0,-0.8660254037844386,0.5000000000000001,1.6275,0.2796
REC_00682,Visakhapatnam,Andhra Pradesh,17.6868,83.2185,coastal_cyclonic,2022-10-15,2022-10-23,8,12.0,19.2,27.0,24.9,82.8,79.8,1012.9,21.7,9.6,0,10,7.199999999999999,2.1000000000000014,3.0,0,0,0,64.0,-0.8660254037844386,0.5000000000000001,9.936,0.5698
REC_01360,Hyderabad,Telangana,17.385,78.4867,semi_arid,2022-10-16,2022-10-22,6,5.6,0.0,31.5,29.5,52.3,41.4,1001.9,3.0,2.6,0,10,5.6,2.0,10.899999999999999,0,0,0,36.0,-0.8660254037844386,0.5000000000000001,2.9287999999999994,0.3333
REC_01192,Delhi,NCR,28.6139,77.209,continental_subtropical,2022-10-16,2022-10-22,6,2.1,16.3,20.0,18.3,58.4,61.5,1009.6,2.0,0.2,0,10,14.200000000000001,1.6999999999999993,3.1000000000000014,0,0,0,36.0,-0.8660254037844386,0.5000000000000001,1.2264,0.2872
REC_00605,Bengaluru,Karnataka,12.9716,77.5946,plateau_temperate,2022-10-16,2022-10-21,5,4.9,34.3,22.6,24.7,61.2,61.5,1008.5,12.5,7.6,0,10,29.4,2.099999999999998,0.29999999999999716,1,0,1,25.0,-0.8660254037844386,0.5000000000000001,2.9988000000000006,0.2784
REC_01118,Visakhapatnam,Andhra Pradesh,17.6868,83.2185,coastal_cyclonic,2022-10-16,2022-10-21,5,1.5,0.0,28.5,28.2,84.7,75.3,1011.6,0.0,15.2,0,10,1.5,0.3000000000000007,9.400000000000006,0,0,0,25.0,-0.8660254037844386,0.5000000000000001,1.2705000000000002,0.5632
REC_02813,Hyderabad,Telangana,17.385,78.4867,semi_arid,2022-10-16,2022-10-21,5,0.2,10.8,20.2,17.1,47.3,46.4,1006.9,5.3,5.2,0,10,10.600000000000001,3.099999999999998,0.8999999999999986,0,0,0,25.0,-0.8660254037844386,0.5000000000000001,0.09459999999999999,0.3295
REC_01641,Mumbai,Maharashtra,19.076,72.8777,coastal_heavy_monsoon,2022-10-17,2022-10-22,5,6.8,39.7,23.8,23.5,92.3,89.2,1010.4,3.2,3.6,0,10,32.900000000000006,0.3000000000000007,3.0999999999999943,1,0,1,25.0,-0.8660254037844386,0.5000000000000001,6.2764,0.4828
REC_00363,Mumbai,Maharashtra,19.076,72.8777,coastal_heavy_monsoon,2022-10-17,2022-10-24,7,21.2,5.4,26.5,34.2,87.8,74.9,1009.0,33.8,12.6,0,10,15.799999999999999,7.700000000000003,12.899999999999991,0,1,1,49.0,-0.8660254037844386,0.5000000000000001,18.613599999999998,0.4886
REC_02035,Hyderabad,Telangana,17.385,78.4867,semi_arid,2022-10-18,2022-10-26,8,8.0,0.0,25.9,24.0,57.1,65.5,1008.0,2.3,5.7,0,10,8.0,1.8999999999999986,8.399999999999999,0,0,0,64.0,-0.8660254037844386,0.5000000000000001,4.5680000000000005,0.3258
REC_02765,Delhi,NCR,28.6139,77.209,continental_subtropical,2022-10-18,2022-10-24,6,3.2,0.0,27.8,28.8,60.1,56.3,1006.9,7.7,4.4,0,10,3.2,1.0,3.8000000000000043,0,0,0,36.0,-0.8660254037844386,0.5000000000000001,1.9232000000000002,0.2842
REC_01339,Visakhapatnam,Andhra Pradesh,17.6868,83.2185,coastal_cyclonic,2022-10-18,2022-10-25,7,1.3,12.2,29.8,34.4,79.0,77.2,1012.7,13.6,12.3,0,10,10.899999999999999,4.599999999999998,1.7999999999999972,0,1,1,49.0,-0.8660254037844386,0.5000000000000001,1.0270000000000001,0.5568
REC_01801,Delhi,NCR,28.6139,77.209,continental_subtropical,2022-10-18,2022-10-26,8,4.7,0.0,26.1,21.9,58.4,64.0,1007.2,24.5,19.8,0,10,4.7,4.200000000000003,5.600000000000001,0,1,1,64.0,-0.8660254037844386,0.5000000000000001,2.7448,0.2812
REC_00997,Visakhapatnam,Andhra Pradesh,17.6868,83.2185,coastal_cyclonic,2022-10-18,2022-10-28,10,4.9,0.0,29.9,30.3,98.0,90.5,1010.7,0.0,13.2,0,10,4.9,0.40000000000000213,7.5,0,0,0,100.0,-0.8660254037844386,0.5000000000000001,4.8020000000000005,0.5618
REC_02158,Krishna District,Andhra Pradesh,16.5062,80.648,coastal_humid,2022-10-19,2022-10-28,9,13.8,0.0,27.2,25.0,92.3,99.9,1011.6,12.1,1.6,0,10,13.8,2.1999999999999993,7.6000000000000085,0,0,0,81.0,-0.8660254037844386,0.5000000000000001,12.737400000000001,0.3947
REC_02675,Delhi,NCR,28.6139,77.209,continental_subtropical,2022-10-19,2022-10-26,7,0.5,14.0,26.4,26.9,65.5,60.5,1012.4,0.0,16.6,0,10,13.5,0.5,5.0,0,0,0,49.0,-0.8660254037844386,0.5000000000000001,0.3275,0.2887
REC_01207,Delhi,NCR,28.6139,77.209,continental_subtropical,2022-10-19,2022-10-26,7,0.2,0.0,22.9,22.4,46.1,36.8,1010.1,6.0,5.7,0,10,0.2,0.5,9.300000000000004,0,0,0,49.0,-0.8660254037844386,0.5000000000000001,0.0922,0.2857
REC_00755,Bengaluru,Karnataka,12.9716,77.5946,plateau_temperate,2022-10-19,2022-10-23,4,0.9,0.0,26.9,23.9,57.2,62.0,1002.4,3.3,2.3,0,10,0.9,3.0,4.799999999999997,0,0,0,16.0,-0.8660254037844386,0.5000000000000001,0.5148,0.2857
REC_02644,Visakhapatnam,Andhra Pradesh,17.6868,83.2185,coastal_cyclonic,2022-10-19,2022-10-20,1,20.7,6.9,30.0,31.5,80.1,80.0,1012.2,21.8,1.1,0,10,13.799999999999999,1.5,0.09999999999999432,0,0,0,1.0,-0.8660254037844386,0.5000000000000001,16.5807,0.5556
REC_00957,Delhi,NCR,28.6139,77.209,continental_subtropical,2022-10-19,2022-10-20,1,1.9,5.8,24.5,24.5,49.4,56.5,1008.8,3.3,1.4,0,10,3.9,0.0,7.100000000000001,0,0,0,1.0,-0.8660254037844386,0.5000000000000001,0.9386,0.2828
REC_00174,Krishna District,Andhra Pradesh,16.5062,80.648,coastal_humid,2022-10-20,2022-10-23,3,0.4,3.2,30.3,28.1,80.4,81.4,997.6,2.2,1.8,0,10,2.8000000000000003,2.1999999999999993,1.0,0,0,0,9.0,-0.8660254037844386,0.5000000000000001,0.32160000000000005,0.3896
REC_03358,Hyderabad,Telangana,17.385,78.4867,semi_arid,2022-10-20,2022-10-24,4,5.8,0.0,26.8,24.6,62.9,53.2,1013.2,2.7,3.1,0,10,5.8,2.1999999999999993,9.699999999999996,0,0,0,16.0,-0.8660254037844386,0.5000000000000001,3.6482,0.3222
REC_00035,Visakhapatnam,Andhra Pradesh,17.6868,83.2185,coastal_cyclonic,2022-10-20,2022-10-29,9,23.7,125.1,24.1,28.8,84.2,82.5,1000.0,41.8,18.1,0,10,101.39999999999999,4.699999999999999,1.7000000000000028,1,1,1,81.0,-0.8660254037844386,0.5000000000000001,19.9554,0.5495
REC_00635,Delhi,NCR,28.6139,77.209,continental_subtropical,2022-10-20,2022-10-29,9,1.3,26.0,30.6,29.2,64.6,70.9,1003.0,0.0,11.0,0,10,24.7,1.4000000000000021,6.300000000000011,0,0,0,81.0,-0.8660254037844386,0.5000000000000001,0.8397999999999999,0.28
REC_02713,Mumbai,Maharashtra,19.076,72.8777,coastal_heavy_monsoon,2022-10-20,2022-10-29,9,14.4,52.4,31.0,38.2,82.6,85.9,1008.8,0.0,14.9,0,10,38.0,7.200000000000003,3.3000000000000114,1,1,1,81.0,-0.8660254037844386,0.5000000000000001,11.894400000000001,0.4944
REC_03411,Visakhapatnam,Andhra Pradesh,17.6868,83.2185,coastal_cyclonic,2022-10-20,2022-10-30,10,7.8,82.3,23.6,20.5,91.2,100.0,1010.1,0.0,32.8,0,10,74.5,3.1000000000000014,8.799999999999997,1,0,1,100.0,-0.8660254037844386,0.5000000000000001,7.1136,0.5543
REC_00032,Hyderabad,Telangana,17.385,78.4867,semi_arid,2022-10-21,2022-10-25,4,0.9,9.3,22.1,20.0,48.7,46.4,1007.5,0.0,2.4,0,10,8.4,2.1000000000000014,2.3000000000000043,0,0,0,16.0,-0.8660254037844386,0.5000000000000001,0.4383000000000001,0.3187
REC_02168,Hyderabad,Telangana,17.385,78.4867,semi_arid,2022-10-21,2022-10-29,8,1.4,0.0,25.1,24.5,51.5,49.8,1017.9,6.0,4.6,0,10,1.4,0.6000000000000014,1.7000000000000028,0,0,0,64.0,-0.8660254037844386,0.5000000000000001,0.721,0.3152
REC_00003,Visakhapatnam,Andhra Pradesh,17.6868,83.2185,coastal_cyclonic,2022-10-21,2022-10-23,2,21.3,23.2,26.1,25.5,89.8,87.1,1018.2,20.5,0.8,0,10,1.8999999999999986,0.6000000000000014,2.700000000000003,0,0,0,4.0,-0.8660254037844386,0.5000000000000001,19.1274,0.5591
REC_03404,Krishna District,Andhra Pradesh,16.5062,80.648,coastal_humid,2022-10-21,2022-10-23,2,41.4,44.1,27.8,28.8,97.6,98.4,1010.0,42.0,0.5,0,10,2.700000000000003,1.0,0.8000000000000114,0,0,0,4.0,-0.8660254037844386,0.5000000000000001,40.40639999999999,0.3846
REC_00783,Delhi,NCR,28.6139,77.209,continental_subtropical,2022-10-22,2022-10-24,2,0.0,1.0,26.1,25.3,56.8,59.1,1010.5,2.2,2.2,0,10,1.0,0.8000000000000007,2.3000000000000043,0,0,0,4.0,-0.8660254037844386,0.5000000000000001,0.0,0.2772
REC_00673,Visakhapatnam,Andhra Pradesh,17.6868,83.2185,coastal_cyclonic,2022-10-22,2022-10-30,8,35.7,156.0,30.0,29.0,82.8,82.5,1004.8,33.7,2.0,0,10,120.3,1.0,0.29999999999999716,1,0,1,64.0,-0.8660254037844386,0.5000000000000001,29.5596,0.5532
REC_01375,Mumbai,Maharashtra,19.076,72.8777,coastal_heavy_monsoon,2022-10-22,2022-10-30,8,9.1,8.0,32.6,29.0,68.5,63.0,1006.7,0.3,8.7,0,10,1.0999999999999996,3.6000000000000014,5.5,0,1,1,64.0,-0.8660254037844386,0.5000000000000001,6.2335,0.5
REC_02767,Bengaluru,Karnataka,12.9716,77.5946,plateau_temperate,2022-10-22,2022-10-30,8,11.7,5.4,26.5,26.1,67.9,78.9,1011.4,14.0,2.3,0,10,6.299999999999999,0.3999999999999986,11.0,0,0,0,64.0,-0.8660254037844386,0.5000000000000001,7.944300000000001,0.2828
REC_02984,Bengaluru,Karnataka,12.9716,77.5946,plateau_temperate,2022-10-22,2022-11-01,10,0.9,30.7,22.0,30.1,43.6,38.4,1002.5,0.0,31.3,0,11,29.8,8.100000000000001,5.200000000000003,1,1,1,100.0,-0.5000000000000004,0.8660254037844384,0.3924,0.28
REC_03205,Hyderabad,Telangana,17.385,78.4867,semi_arid,2022-10-23,2022-10-25,2,1.4,0.0,23.8,22.1,44.0,47.2,1006.9,0.0,2.2,0,10,1.4,1.6999999999999993,3.200000000000003,0,0,0,4.0,-0.8660254037844386,0.5000000000000001,0.616,0.3118
REC_02822,Delhi,NCR,28.6139,77.209,continental_subtropical,2022-10-23,2022-10-27,4,9.1,24.7,21.2,21.6,43.8,35.0,1014.0,12.3,3.2,0,10,15.6,0.40000000000000213,8.799999999999997,0,0,0,16.0,-0.8660254037844386,0.5000000000000001,3.9858,0.2745
REC_01834,Hyderabad,Telangana,17.385,78.4867,semi_arid,2022-10-23,2022-10-28,5,1.7,12.8,21.2,22.4,63.5,68.4,1005.2,0.0,7.8,0,10,11.100000000000001,1.1999999999999993,4.900000000000006,0,0,0,25.0,-0.8660254037844386,0.5000000000000001,1.0795000000000001,0.3085
REC_02003,Hyderabad,Telangana,17.385,78.4867,semi_arid,2022-10-23,2022-10-30,7,3.7,0.0,23.3,22.7,49.7,48.5,1001.5,8.1,4.5,0,10,3.7,0.6000000000000014,1.2000000000000028,0,0,0,49.0,-0.8660254037844386,0.5000000000000001,1.8389000000000002,0.3053
REC_01035,Mumbai,Maharashtra,19.076,72.8777,coastal_heavy_monsoon,2022-10-24,2022-11-03,10,66.2,23.1,27.8,29.3,85.6,88.0,1009.4,81.5,15.3,0,11,43.1,1.5,2.4000000000000057,1,0,1,100.0,-0.5000000000000004,0.8660254037844384,56.6672,0.5055
REC_03474,Delhi,NCR,28.6139,77.209,continental_subtropical,2022-10-24,2022-10-30,6,4.4,40.2,19.1,19.5,54.0,52.5,1007.5,0.0,9.0,0,10,35.800000000000004,0.3999999999999986,1.5,1,0,1,36.0,-0.8660254037844386,0.5000000000000001,2.3760000000000003,0.2718
REC_02554,Hyderabad,Telangana,17.385,78.4867,semi_arid,2022-10-24,2022-10-31,7,2.2,12.7,23.1,22.8,45.9,39.0,997.5,0.0,17.5,0,10,10.5,0.3000000000000007,6.899999999999999,0,0,0,49.0,-0.8660254037844386,0.5000000000000001,1.0098,0.3021
REC_03153,Hyderabad,Telangana,17.385,78.4867,semi_arid,2022-10-25,2022-11-04,10,3.4,73.1,19.9,18.1,41.0,52.7,1003.4,16.9,13.5,0,11,69.69999999999999,1.7999999999999972,11.700000000000003,1,0,1,100.0,-0.5000000000000004,0.8660254037844384,1.3940000000000001,0.299
REC_00543,Krishna District,Andhra Pradesh,16.5062,80.648,coastal_humid,2022-10-25,2022-11-04,10,25.3,0.0,31.9,24.4,80.1,78.9,1006.4,43.4,18.1,0,11,25.3,7.5,1.1999999999999886,1,1,1,100.0,-0.5000000000000004,0.8660254037844384,20.2653,0.3797
REC_02010,Visakhapatnam,Andhra Pradesh,17.6868,83.2185,coastal_cyclonic,2022-10-25,2022-10-30,5,26.9,0.0,31.8,33.1,78.8,79.0,1006.0,45.4,18.4,0,10,26.9,1.3000000000000007,0.20000000000000284,1,0,1,25.0,-0.8660254037844386,0.5000000000000001,21.1972,0.5579
REC_02748,Krishna District,Andhra Pradesh,16.5062,80.648,coastal_humid,2022-10-25,2022-11-02,8,9.9,0.0,20.5,20.2,87.2,85.4,1004.0,0.0,17.0,0,11,9.9,0.3000000000000007,1.7999999999999972,0,0,0,64.0,-0.5000000000000004,0.8660254037844384,8.632800000000001,0.3875
REC_02549,Hyderabad,Telangana,17.385,78.4867,semi_arid,2022-10-26,2022-10-29,3,1.9,25.9,23.7,24.4,57.5,55.7,1004.5,0.0,2.9,0,10,24.0,0.6999999999999993,1.7999999999999972,0,0,0,9.0,-0.8660254037844386,0.5000000000000001,1.0925,0.3061
REC_00510,Delhi,NCR,28.6139,77.209,continental_subtropical,2022-10-26,2022-10-31,5,1.7,6.3,26.6,27.3,55.4,40.3,1011.1,5.7,3.9,0,10,4.6,0.6999999999999993,15.100000000000001,0,0,0,25.0,-0.8660254037844386,0.5000000000000001,0.9418,0.2788
REC_01847,Visakhapatnam,Andhra Pradesh,17.6868,83.2185,coastal_cyclonic,2022-10-26,2022-11-05,10,89.2,0.0,21.6,22.3,78.5,88.8,1013.0,91.5,2.3,0,11,89.2,0.6999999999999993,10.299999999999997,1,0,1,100.0,-0.5000000000000004,0.8660254037844384,70.02199999999999,0.5625
REC_01288,Bengaluru,Karnataka,12.9716,77.5946,plateau_temperate,2022-10-27,2022-10-28,1,1.1,3.1,27.7,27.5,49.6,44.2,1003.6,2.0,0.9,0,10,2.0,0.1999999999999993,5.399999999999999,0,0,0,1.0,-0.8660254037844386,0.5000000000000001,0.5456000000000001,0.2871
REC_03181,Hyderabad,Telangana,17.385,78.4867,semi_arid,2022-10-27,2022-10-29,2,2.2,1.7,21.4,22.9,48.9,48.4,1008.8,0.0,4.6,0,10,0.5000000000000002,1.5,0.5,0,0,0,4.0,-0.8660254037844386,0.5000000000000001,1.0758,0.303
REC_02929,Hyderabad,Telangana,17.385,78.4867,semi_arid,2022-10-28,2022-10-29,1,4.0,13.2,25.9,25.5,51.9,51.4,1003.7,2.9,1.1,0,10,9.2,0.3999999999999986,0.5,0,0,0,1.0,-0.8660254037844386,0.5000000000000001,2.076,0.3
REC_03006,Hyderabad,Telangana,17.385,78.4867,semi_arid,2022-10-28,2022-11-01,4,4.3,5.4,24.9,24.9,43.0,35.7,1008.7,2.4,1.8,0,11,1.1000000000000005,0.0,7.299999999999997,0,0,0,16.0,-0.5000000000000004,0.8660254037844384,1.849,0.297
REC_02182,Krishna District,Andhra Pradesh,16.5062,80.648,coastal_humid,2022-10-28,2022-11-02,5,15.6,65.7,30.0,31.7,98.0,95.6,1005.9,11.6,4.0,0,11,50.1,1.6999999999999993,2.4000000000000057,1,0,1,25.0,-0.5000000000000004,0.8660254037844384,15.288,0.3827
REC_00897,Visakhapatnam,Andhra Pradesh,17.6868,83.2185,coastal_cyclonic,2022-10-28,2022-11-03,6,0.7,0.0,28.7,28.6,86.0,84.3,1005.0,0.0,16.0,0,11,0.7,0.09999999999999787,1.7000000000000028,0,0,0,36.0,-0.5000000000000004,0.8660254037844384,0.602,0.567
REC_02483,Mumbai,Maharashtra,19.076,72.8777,coastal_heavy_monsoon,2022-10-29,2022-11-05,7,36.7,0.0,28.8,29.7,70.8,70.1,1013.8,23.4,13.3,0,11,36.7,0.8999999999999986,0.7000000000000028,1,0,1,49.0,-0.5000000000000004,0.8660254037844384,25.983600000000003,0.5109
REC_03178,Delhi,NCR,28.6139,77.209,continental_subtropical,2022-10-29,2022-11-04,6,1.5,21.4,24.9,19.9,55.4,53.7,1011.7,0.0,1.9,0,11,19.9,5.0,1.6999999999999957,0,1,1,36.0,-0.5000000000000004,0.8660254037844384,0.831,0.2762
REC_00156,Visakhapatnam,Andhra Pradesh,17.6868,83.2185,coastal_cyclonic,2022-10-29,2022-10-30,1,11.2,13.5,25.9,25.3,82.6,89.5,1013.0,11.8,0.5,0,10,2.3000000000000007,0.5999999999999979,6.900000000000006,0,0,0,1.0,-0.8660254037844386,0.5000000000000001,9.251199999999999,0.5612
REC_00160,Visakhapatnam,Andhra Pradesh,17.6868,83.2185,coastal_cyclonic,2022-10-30,2022-10-31,1,25.6,36.7,27.4,25.9,86.9,88.1,1001.8,25.4,0.3,0,10,11.100000000000001,1.5,1.1999999999999886,0,0,0,1.0,-0.8660254037844386,0.5000000000000001,22.246400000000005,0.5556
REC_00390,Mumbai,Maharashtra,19.076,72.8777,coastal_heavy_monsoon,2022-10-30,2022-11-01,2,28.9,25.0,28.2,28.8,82.3,83.0,1008.7,30.8,1.9,0,11,3.8999999999999986,0.6000000000000014,0.7000000000000028,0,0,0,4.0,-0.5000000000000004,0.8660254037844384,23.784699999999997,0.5161
REC_01661,Bengaluru,Karnataka,12.9716,77.5946,plateau_temperate,2022-10-30,2022-11-02,3,1.3,0.0,18.9,16.3,59.3,47.1,1012.7,2.8,1.5,0,11,1.3,2.599999999999998,12.199999999999996,0,0,0,9.0,-0.5000000000000004,0.8660254037844384,0.7709,0.2843
REC_00629,Bengaluru,Karnataka,12.9716,77.5946,plateau_temperate,2022-10-30,2022-11-03,4,2.1,0.0,23.2,23.9,47.3,37.9,1012.8,5.3,3.2,0,11,2.1,0.6999999999999993,9.399999999999999,0,0,0,16.0,-0.5000000000000004,0.8660254037844384,0.9933,0.2816
REC_03473,Krishna District,Andhra Pradesh,16.5062,80.648,coastal_humid,2022-10-30,2022-11-06,7,12.2,0.0,29.3,26.2,91.5,75.2,1001.9,14.7,2.5,0,11,12.2,3.1000000000000014,16.299999999999997,0,0,0,49.0,-0.5000000000000004,0.8660254037844384,11.163,0.3902
REC_02086,Delhi,NCR,28.6139,77.209,continental_subtropical,2022-10-30,2022-11-07,8,0.1,0.0,21.1,21.6,49.6,29.1,1001.9,0.0,32.6,0,11,0.1,0.5,20.5,0,0,0,64.0,-0.5000000000000004,0.8660254037844384,0.049600000000000005,0.283
REC_01100,Delhi,NCR,28.6139,77.209,continental_subtropical,2022-10-30,2022-11-09,10,1.4,0.0,22.0,19.2,64.8,70.6,1010.1,0.0,7.1,0,11,1.4,2.8000000000000007,5.799999999999997,0,0,0,100.0,-0.5000000000000004,0.8660254037844384,0.9071999999999999,0.2804
REC_02332,Hyderabad,Telangana,17.385,78.4867,semi_arid,2022-10-31,2022-11-02,2,1.8,4.6,25.5,21.9,35.1,40.8,1012.5,0.2,1.6,0,11,2.8,3.6000000000000014,5.699999999999996,0,1,1,4.0,-0.5000000000000004,0.8660254037844384,0.6318,0.2941
REC_01831,Hyderabad,Telangana,17.385,78.4867,semi_arid,2022-10-31,2022-11-03,3,2.1,6.5,18.2,18.7,43.2,41.6,998.8,1.8,0.3,0,11,4.4,0.5,1.6000000000000014,0,0,0,9.0,-0.5000000000000004,0.8660254037844384,0.9072000000000001,0.301
REC_00248,Visakhapatnam,Andhra Pradesh,17.6868,83.2185,coastal_cyclonic,2022-10-31,2022-11-10,10,27.4,35.5,26.3,27.5,87.0,81.5,1009.9,10.1,17.3,0,11,8.100000000000001,1.1999999999999993,5.5,0,0,0,100.0,-0.5000000000000004,0.8660254037844384,23.837999999999997,0.55
REC_01657,Mumbai,Maharashtra,19.076,72.8777,coastal_heavy_monsoon,2022-11-01,2022-11-07,6,25.8,0.0,24.6,26.4,92.2,100.0,1003.2,8.4,17.4,0,11,25.8,1.7999999999999972,7.799999999999997,1,0,1,36.0,-0.5000000000000004,0.8660254037844384,23.7876,0.5106
REC_01501,Delhi,NCR,28.6139,77.209,continental_subtropical,2022-11-01,2022-11-09,8,0.1,0.0,24.6,21.3,58.7,56.9,1009.4,16.0,16.0,0,11,0.1,3.3000000000000007,1.8000000000000043,0,0,0,64.0,-0.5000000000000004,0.8660254037844384,0.05870000000000001,0.2778
REC_03437,Visakhapatnam,Andhra Pradesh,17.6868,83.2185,coastal_cyclonic,2022-11-02,2022-11-09,7,31.6,0.0,27.6,29.5,87.6,92.3,1009.5,36.0,4.5,0,11,31.6,1.8999999999999986,4.700000000000003,1,0,1,49.0,-0.5000000000000004,0.8660254037844384,27.6816,0.5446
REC_03170,Mumbai,Maharashtra,19.076,72.8777,coastal_heavy_monsoon,2022-11-02,2022-11-05,3,3.9,0.0,29.1,29.7,85.1,87.8,1004.8,1.6,2.3,0,11,3.9,0.5999999999999979,2.700000000000003,0,0,0,9.0,-0.5000000000000004,0.8660254037844384,3.3188999999999997,0.5158
REC_00982,Visakhapatnam,Andhra Pradesh,17.6868,83.2185,coastal_cyclonic,2022-11-02,2022-11-03,1,7.6,10.3,28.3,29.1,93.8,91.1,1010.0,8.9,1.3,0,11,2.700000000000001,0.8000000000000007,2.700000000000003,0,0,0,1.0,-0.5000000000000004,0.8660254037844384,7.1288,0.549
REC_02268,Visakhapatnam,Andhra Pradesh,17.6868,83.2185,coastal_cyclonic,2022-11-02,2022-11-07,5,44.1,0.0,26.3,26.6,94.8,99.5,1010.9,41.9,2.2,0,11,44.1,0.3000000000000007,4.700000000000003,1,0,1,25.0,-0.5000000000000004,0.8660254037844384,41.8068,0.5437
REC_01658,Visakhapatnam,Andhra Pradesh,17.6868,83.2185,coastal_cyclonic,2022-11-04,2022-11-05,1,10.5,18.8,29.9,29.2,93.2,98.3,1002.9,9.7,0.9,0,11,8.3,0.6999999999999993,5.099999999999994,0,0,0,1.0,-0.5000000000000004,0.8660254037844384,9.786,0.5481
REC_00447,Mumbai,Maharashtra,19.076,72.8777,coastal_heavy_monsoon,2022-11-04,2022-11-06,2,36.3,43.4,26.5,26.7,91.6,90.1,1001.4,36.1,0.2,0,11,7.100000000000001,0.1999999999999993,1.5,0,0,0,4.0,-0.5000000000000004,0.8660254037844384,33.2508,0.5104
REC_00197,Mumbai,Maharashtra,19.076,72.8777,coastal_heavy_monsoon,2022-11-04,2022-11-08,4,72.2,1.2,26.9,26.8,88.2,89.6,1007.2,65.4,6.7,0,11,71.0,0.09999999999999787,1.3999999999999915,1,0,1,16.0,-0.5000000000000004,0.8660254037844384,63.680400000000006,0.5052
REC_01203,Delhi,NCR,28.6139,77.209,continental_subtropical,2022-11-04,2022-11-08,4,0.6,15.9,23.1,21.4,51.4,37.0,1010.1,9.2,8.6,0,11,15.3,1.7000000000000028,14.399999999999999,0,0,0,16.0,-0.5000000000000004,0.8660254037844384,0.30839999999999995,0.2752
REC_00573,Mumbai,Maharashtra,19.076,72.8777,coastal_heavy_monsoon,2022-11-04,2022-11-09,5,4.7,33.6,29.1,31.8,78.6,84.2,1003.4,1.7,3.0,0,11,28.900000000000002,2.6999999999999993,5.6000000000000085,1,0,1,25.0,-0.5000000000000004,0.8660254037844384,3.6941999999999995,0.5102
REC_02422,Visakhapatnam,Andhra Pradesh,17.6868,83.2185,coastal_cyclonic,2022-11-04,2022-11-12,8,8.6,0.0,28.6,24.1,89.4,71.0,1005.4,17.7,9.1,0,11,8.6,4.5,18.400000000000006,0,1,1,64.0,-0.5000000000000004,0.8660254037844384,7.688400000000001,0.5429
REC_03427,Delhi,NCR,28.6139,77.209,continental_subtropical,2022-11-05,2022-11-14,9,0.9,1.1,21.4,18.5,50.3,34.4,1012.6,21.8,20.9,0,11,0.20000000000000007,2.8999999999999986,15.899999999999999,0,0,0,81.0,-0.5000000000000004,0.8660254037844384,0.45269999999999994,0.2727
REC_00825,Delhi,NCR,28.6139,77.209,continental_subtropical,2022-11-05,2022-11-12,7,0.3,0.0,25.7,22.8,48.1,23.9,1002.3,17.1,16.7,0,11,0.3,2.8999999999999986,24.200000000000003,0,0,0,49.0,-0.5000000000000004,0.8660254037844384,0.14429999999999998,0.2703
REC_00792,Delhi,NCR,28.6139,77.209,continental_subtropical,2022-11-05,2022-11-12,7,0.3,0.0,18.2,17.8,51.9,39.4,1002.7,0.0,3.4,0,11,0.3,0.3999999999999986,12.5,0,0,0,49.0,-0.5000000000000004,0.8660254037844384,0.15569999999999998,0.2679
REC_00791,Hyderabad,Telangana,17.385,78.4867,semi_arid,2022-11-05,2022-11-12,7,0.9,0.0,18.2,23.1,62.1,69.5,1002.7,18.7,17.8,0,11,0.9,4.900000000000002,7.399999999999999,0,1,1,49.0,-0.5000000000000004,0.8660254037844384,0.5589,0.2981
REC_01307,Krishna District,Andhra Pradesh,16.5062,80.648,coastal_humid,2022-11-05,2022-11-11,6,54.0,10.8,28.4,28.8,92.8,100.0,998.2,54.0,0.0,0,11,43.2,0.40000000000000213,7.200000000000003,1,0,1,36.0,-0.5000000000000004,0.8660254037844384,50.111999999999995,0.3855
REC_02139,Krishna District,Andhra Pradesh,16.5062,80.648,coastal_humid,2022-11-05,2022-11-10,5,47.2,110.8,29.9,29.2,91.9,91.7,1010.5,53.6,6.4,0,11,63.599999999999994,0.6999999999999993,0.20000000000000284,1,0,1,25.0,-0.5000000000000004,0.8660254037844384,43.3768,0.3929
REC_01077,Bengaluru,Karnataka,12.9716,77.5946,plateau_temperate,2022-11-05,2022-11-06,1,9.8,30.2,27.0,27.9,58.6,56.0,1002.2,9.7,0.1,0,11,20.4,0.8999999999999986,2.6000000000000014,0,0,0,1.0,-0.5000000000000004,0.8660254037844384,5.742800000000001,0.2788
REC_02731,Visakhapatnam,Andhra Pradesh,17.6868,83.2185,coastal_cyclonic,2022-11-05,2022-11-11,6,20.1,0.0,29.3,29.3,85.7,92.8,1006.5,14.9,5.3,0,11,20.1,0.0,7.099999999999994,1,0,1,36.0,-0.5000000000000004,0.8660254037844384,17.225700000000003,0.5472
REC_00476,Visakhapatnam,Andhra Pradesh,17.6868,83.2185,coastal_cyclonic,2022-11-06,2022-11-08,2,4.2,14.8,29.8,28.8,92.5,88.8,1007.1,2.1,2.1,0,11,10.600000000000001,1.0,3.700000000000003,0,0,0,4.0,-0.5000000000000004,0.8660254037844384,3.885,0.5514
REC_00083,Bengaluru,Karnataka,12.9716,77.5946,plateau_temperate,2022-11-06,2022-11-10,4,1.3,0.0,27.8,27.5,48.5,48.4,1002.0,2.5,1.3,0,11,1.3,0.3000000000000007,0.10000000000000142,0,0,0,16.0,-0.5000000000000004,0.8660254037844384,0.6305000000000001,0.2762
REC_01430,Krishna District,Andhra Pradesh,16.5062,80.648,coastal_humid,2022-11-06,2022-11-13,7,2.5,0.0,26.5,25.1,58.0,47.2,1006.2,0.0,7.7,0,11,2.5,1.3999999999999986,10.799999999999997,0,0,0,49.0,-0.5000000000000004,0.8660254037844384,1.45,0.4
REC_01602,Mumbai,Maharashtra,19.076,72.8777,coastal_heavy_monsoon,2022-11-06,2022-11-14,8,7.0,46.9,28.1,30.5,78.8,79.1,1010.6,19.8,12.8,0,11,39.9,2.3999999999999986,0.29999999999999716,1,0,1,64.0,-0.5000000000000004,0.8660254037844384,5.516,0.5152
REC_03272,Mumbai,Maharashtra,19.076,72.8777,coastal_heavy_monsoon,2022-11-07,2022-11-15,8,170.2,491.3,24.1,22.5,92.2,100.0,1009.3,163.7,6.5,0,11,321.1,1.6000000000000014,7.799999999999997,1,0,1,64.0,-0.5000000000000004,0.8660254037844384,156.9244,0.52
REC_00422,Krishna District,Andhra Pradesh,16.5062,80.648,coastal_humid,2022-11-07,2022-11-10,3,0.5,4.5,25.7,24.5,94.4,94.5,1008.5,0.2,0.3,0,11,4.0,1.1999999999999993,0.09999999999999432,0,0,0,9.0,-0.5000000000000004,0.8660254037844384,0.47200000000000003,0.3953
REC_01545,Hyderabad,Telangana,17.385,78.4867,semi_arid,2022-11-07,2022-11-12,5,0.2,64.1,23.3,23.2,57.8,58.8,1016.1,0.0,4.9,0,11,63.89999999999999,0.10000000000000142,1.0,1,0,1,25.0,-0.5000000000000004,0.8660254037844384,0.11560000000000001,0.3048
REC_03068,Visakhapatnam,Andhra Pradesh,17.6868,83.2185,coastal_cyclonic,2022-11-07,2022-11-13,6,6.9,0.0,25.2,26.8,78.3,83.4,1007.0,1.8,5.1,0,11,6.9,1.6000000000000014,5.1000000000000085,0,0,0,36.0,-0.5000000000000004,0.8660254037844384,5.402699999999999,0.5463
REC_02518,Delhi,NCR,28.6139,77.209,continental_subtropical,2022-11-08,2022-11-17,9,3.0,0.0,24.7,22.1,63.0,52.1,1007.5,0.0,21.9,0,11,3.0,2.599999999999998,10.899999999999999,0,0,0,81.0,-0.5000000000000004,0.8660254037844384,1.89,0.2655
REC_03217,Bengaluru,Karnataka,12.9716,77.5946,plateau_temperate,2022-11-08,2022-11-13,5,0.7,0.0,24.1,22.1,61.0,51.8,1007.5,6.6,6.0,0,11,0.7,2.0,9.200000000000003,0,0,0,25.0,-0.5000000000000004,0.8660254037844384,0.42699999999999994,0.2736
REC_02461,Hyderabad,Telangana,17.385,78.4867,semi_arid,2022-11-08,2022-11-13,5,1.9,14.7,28.9,31.6,56.6,54.2,1010.5,0.0,7.9,0,11,12.799999999999999,2.700000000000003,2.3999999999999986,0,0,0,25.0,-0.5000000000000004,0.8660254037844384,1.0754,0.3113
REC_00087,Mumbai,Maharashtra,19.076,72.8777,coastal_heavy_monsoon,2022-11-09,2022-11-10,1,26.0,29.9,21.8,21.6,75.1,74.6,1003.3,25.8,0.2,0,11,3.8999999999999986,0.1999999999999993,0.5,0,0,0,1.0,-0.5000000000000004,0.8660254037844384,19.526,0.5248
REC_02319,Krishna District,Andhra Pradesh,16.5062,80.648,coastal_humid,2022-11-09,2022-11-13,4,43.8,12.7,26.8,26.6,81.0,86.3,1005.2,46.0,2.2,0,11,31.099999999999998,0.1999999999999993,5.299999999999997,1,0,1,16.0,-0.5000000000000004,0.8660254037844384,35.477999999999994,0.3908
REC_01394,Visakhapatnam,Andhra Pradesh,17.6868,83.2185,coastal_cyclonic,2022-11-09,2022-11-15,6,57.9,79.3,28.5,24.7,84.8,78.4,1010.1,60.6,2.8,0,11,21.4,3.8000000000000007,6.3999999999999915,0,1,1,36.0,-0.5000000000000004,0.8660254037844384,49.0992,0.5413
REC_00654,Mumbai,Maharashtra,19.076,72.8777,coastal_heavy_monsoon,2022-11-09,2022-11-16,7,27.1,0.0,26.7,21.5,84.9,77.5,1010.0,26.3,0.8,0,11,27.1,5.199999999999999,7.400000000000006,1,1,1,49.0,-0.5000000000000004,0.8660254037844384,23.007900000000003,0.5196
REC_00289,Delhi,NCR,28.6139,77.209,continental_subtropical,2022-11-10,2022-11-15,5,4.5,0.0,22.9,20.7,27.2,24.3,1009.6,13.1,8.6,0,11,4.5,2.1999999999999993,2.8999999999999986,0,0,0,25.0,-0.5000000000000004,0.8660254037844384,1.224,0.2632
REC_02492,Delhi,NCR,28.6139,77.209,continental_subtropical,2022-11-11,2022-11-12,1,3.1,6.4,21.4,20.7,52.3,58.1,1009.2,2.8,0.4,0,11,3.3000000000000003,0.6999999999999993,5.800000000000004,0,0,0,1.0,-0.5000000000000004,0.8660254037844384,1.6213,0.2609
REC_00126,Hyderabad,Telangana,17.385,78.4867,semi_arid,2022-11-11,2022-11-13,2,0.2,4.4,23.9,24.8,51.4,53.3,998.3,3.3,3.1,0,11,4.2,0.9000000000000021,1.8999999999999986,0,0,0,4.0,-0.5000000000000004,0.8660254037844384,0.10280000000000002,0.3084
REC_02277,Visakhapatnam,Andhra Pradesh,17.6868,83.2185,coastal_cyclonic,2022-11-11,2022-11-16,5,72.8,216.9,29.3,29.5,77.6,87.3,1004.8,81.3,8.6,0,11,144.10000000000002,0.1999999999999993,9.700000000000003,1,0,1,25.0,-0.5000000000000004,0.8660254037844384,56.492799999999995,0.5455
REC_01311,Mumbai,Maharashtra,19.076,72.8777,coastal_heavy_monsoon,2022-11-11,2022-11-18,7,26.3,44.4,29.0,32.0,83.0,76.3,1007.6,34.7,8.4,0,11,18.099999999999998,3.0,6.700000000000003,0,0,0,49.0,-0.5000000000000004,0.8660254037844384,21.829,0.5243
REC_03241,Delhi,NCR,28.6139,77.209,continental_subtropical,2022-11-12,2022-11-21,9,7.5,45.8,22.1,20.3,60.5,57.9,996.2,21.5,14.0,0,11,38.3,1.8000000000000007,2.6000000000000014,1,0,1,81.0,-0.5000000000000004,0.8660254037844384,4.5375,0.2586
REC_01601,Mumbai,Maharashtra,19.076,72.8777,coastal_heavy_monsoon,2022-11-12,2022-11-14,2,29.0,0.0,24.1,26.3,75.7,66.9,1008.4,29.6,0.6,0,11,29.0,2.1999999999999993,8.799999999999997,1,0,1,4.0,-0.5000000000000004,0.8660254037844384,21.953000000000003,0.5192
REC_01067,Bengaluru,Karnataka,12.9716,77.5946,plateau_temperate,2022-11-12,2022-11-14,2,1.6,0.0,25.4,24.5,66.7,67.3,1008.5,2.8,1.2,0,11,1.6,0.8999999999999986,0.5999999999999943,0,0,0,4.0,-0.5000000000000004,0.8660254037844384,1.0672000000000001,0.271
REC_03213,Mumbai,Maharashtra,19.076,72.8777,coastal_heavy_monsoon,2022-11-12,2022-11-13,1,15.2,16.9,30.7,29.2,90.8,87.9,1014.0,15.2,0.0,0,11,1.6999999999999993,1.5,2.8999999999999915,0,0,0,1.0,-0.5000000000000004,0.8660254037844384,13.801599999999999,0.5238
REC_03250,Hyderabad,Telangana,17.385,78.4867,semi_arid,2022-11-13,2022-11-15,2,2.7,0.0,21.3,21.1,41.3,44.7,1002.2,0.9,1.8,0,11,2.7,0.1999999999999993,3.4000000000000057,0,0,0,4.0,-0.5000000000000004,0.8660254037844384,1.1151,0.3056
REC_01398,Mumbai,Maharashtra,19.076,72.8777,coastal_heavy_monsoon,2022-11-13,2022-11-20,7,46.8,0.0,31.8,28.8,85.3,83.1,1003.7,54.6,7.7,0,11,46.8,3.0,2.200000000000003,1,0,1,49.0,-0.5000000000000004,0.8660254037844384,39.920399999999994,0.5189
REC_00020,Hyderabad,Telangana,17.385,78.4867,semi_arid,2022-11-14,2022-11-20,6,6.8,11.8,21.4,22.1,57.0,50.4,1009.4,12.4,5.6,0,11,5.000000000000001,0.7000000000000028,6.600000000000001,0,0,0,36.0,-0.5000000000000004,0.8660254037844384,3.8759999999999994,0.3028
REC_00667,Hyderabad,Telangana,17.385,78.4867,semi_arid,2022-11-14,2022-11-22,8,1.4,0.0,27.0,19.1,56.4,53.8,1009.0,8.8,7.4,0,11,1.4,7.899999999999999,2.6000000000000014,0,1,1,64.0,-0.5000000000000004,0.8660254037844384,0.7896,0.3
REC_03304,Mumbai,Maharashtra,19.076,72.8777,coastal_heavy_monsoon,2022-11-14,2022-11-23,9,67.1,161.4,30.6,25.7,72.9,70.7,1003.2,74.3,7.1,0,11,94.30000000000001,4.900000000000002,2.200000000000003,1,1,1,81.0,-0.5000000000000004,0.8660254037844384,48.9159,0.5234
REC_00781,Hyderabad,Telangana,17.385,78.4867,semi_arid,2022-11-14,2022-11-24,10,2.3,0.0,20.1,23.1,49.7,50.2,1004.9,3.8,1.5,0,11,2.3,3.0,0.5,0,0,0,100.0,-0.5000000000000004,0.8660254037844384,1.1431,0.3063
REC_01506,Delhi,NCR,28.6139,77.209,continental_subtropical,2022-11-15,2022-11-16,1,1.7,5.2,23.6,24.1,55.1,56.6,1003.7,3.2,1.5,0,11,3.5,0.5,1.5,0,0,0,1.0,-0.5000000000000004,0.8660254037844384,0.9367,0.265
REC_02149,Hyderabad,Telangana,17.385,78.4867,semi_arid,2022-11-15,2022-11-16,1,10.4,4.6,24.1,23.5,62.4,62.5,1007.2,9.7,0.7,0,11,5.800000000000001,0.6000000000000014,0.10000000000000142,0,0,0,1.0,-0.5000000000000004,0.8660254037844384,6.4896,0.3036
REC_03282,Hyderabad,Telangana,17.385,78.4867,semi_arid,2022-11-16,2022-11-20,4,1.6,9.3,27.6,28.7,47.6,44.9,1006.9,0.0,3.4,0,11,7.700000000000001,1.0999999999999979,2.700000000000003,0,0,0,16.0,-0.5000000000000004,0.8660254037844384,0.7616,0.3009
REC_01260,Krishna District,Andhra Pradesh,16.5062,80.648,coastal_humid,2022-11-16,2022-11-24,8,50.3,15.1,26.4,33.3,76.8,89.1,1004.7,55.7,5.4,0,11,35.199999999999996,6.899999999999999,12.299999999999997,1,1,1,64.0,-0.5000000000000004,0.8660254037844384,38.630399999999995,0.3977
REC_01392,Bengaluru,Karnataka,12.9716,77.5946,plateau_temperate,2022-11-17,2022-11-21,4,3.6,0.0,25.0,24.1,44.3,45.9,1004.5,7.7,4.1,0,11,3.6,0.8999999999999986,1.6000000000000014,0,0,0,16.0,-0.5000000000000004,0.8660254037844384,1.5948,0.2685
REC_02858,Bengaluru,Karnataka,12.9716,77.5946,plateau_temperate,2022-11-17,2022-11-24,7,2.8,0.0,24.3,20.4,50.1,50.1,1007.3,11.6,8.8,0,11,2.8,3.900000000000002,0.0,0,1,1,49.0,-0.5000000000000004,0.8660254037844384,1.4028,0.2661
REC_00869,Mumbai,Maharashtra,19.076,72.8777,coastal_heavy_monsoon,2022-11-18,2022-11-26,8,75.7,86.9,27.4,32.5,73.0,83.5,1012.3,76.7,1.0,0,11,11.200000000000003,5.100000000000001,10.5,0,1,1,64.0,-0.5000000000000004,0.8660254037844384,55.261,0.5278
REC_00538,Bengaluru,Karnataka,12.9716,77.5946,plateau_temperate,2022-11-18,2022-11-26,8,1.5,13.5,31.9,32.7,63.8,51.1,1001.7,37.4,35.9,0,11,12.0,0.8000000000000043,12.699999999999996,0,0,0,64.0,-0.5000000000000004,0.8660254037844384,0.9569999999999999,0.2727
REC_01529,Visakhapatnam,Andhra Pradesh,17.6868,83.2185,coastal_cyclonic,2022-11-18,2022-11-25,7,108.1,0.0,28.1,29.8,73.2,66.1,1003.5,100.0,8.1,0,11,108.1,1.6999999999999993,7.1000000000000085,1,0,1,49.0,-0.5000000000000004,0.8660254037844384,79.1292,0.5495
REC_00322,Bengaluru,Karnataka,12.9716,77.5946,plateau_temperate,2022-11-18,2022-11-23,5,5.9,15.9,24.0,28.5,62.4,53.3,1009.9,3.1,2.7,0,11,10.0,4.5,9.100000000000001,0,1,1,25.0,-0.5000000000000004,0.8660254037844384,3.6816000000000004,0.2703
REC_00200,Hyderabad,Telangana,17.385,78.4867,semi_arid,2022-11-19,2022-11-29,10,4.3,0.0,21.2,11.8,66.9,79.3,1006.9,4.6,0.3,0,11,4.3,9.399999999999999,12.399999999999991,0,1,1,100.0,-0.5000000000000004,0.8660254037844384,2.8767,0.2982
REC_01324,Krishna District,Andhra Pradesh,16.5062,80.648,coastal_humid,2022-11-19,2022-11-28,9,12.6,75.5,27.4,30.2,89.9,87.2,1005.3,0.2,12.4,0,11,62.9,2.8000000000000007,2.700000000000003,1,0,1,81.0,-0.5000000000000004,0.8660254037844384,11.3274,0.4045
REC_02788,Delhi,NCR,28.6139,77.209,continental_subtropical,2022-11-19,2022-11-20,1,4.0,1.2,22.0,21.1,48.7,47.1,1008.1,2.6,1.4,0,11,2.8,0.8999999999999986,1.6000000000000014,0,0,0,1.0,-0.5000000000000004,0.8660254037844384,1.9480000000000002,0.2627
REC_03371,Bengaluru,Karnataka,12.9716,77.5946,plateau_temperate,2022-11-19,2022-11-20,1,0.3,0.0,28.0,27.3,62.0,60.9,1012.0,0.0,0.8,0,11,0.3,0.6999999999999993,1.1000000000000014,0,0,0,1.0,-0.5000000000000004,0.8660254037844384,0.18599999999999997,0.2768
REC_00805,Krishna District,Andhra Pradesh,16.5062,80.648,coastal_humid,2022-11-19,2022-11-26,7,38.7,203.8,27.2,25.0,87.1,86.3,1004.9,42.6,3.9,0,11,165.10000000000002,2.1999999999999993,0.7999999999999972,1,0,1,49.0,-0.5000000000000004,0.8660254037844384,33.7077,0.4111
REC_02205,Delhi,NCR,28.6139,77.209,continental_subtropical,2022-11-20,2022-11-22,2,0.2,10.3,24.3,23.7,48.2,42.3,1009.8,0.9,0.7,0,11,10.100000000000001,0.6000000000000014,5.900000000000006,0,0,0,4.0,-0.5000000000000004,0.8660254037844384,0.0964,0.2605
REC_00891,Mumbai,Maharashtra,19.076,72.8777,coastal_heavy_monsoon,2022-11-20,2022-11-26,6,24.0,3.7,26.8,31.1,86.8,77.3,1010.9,21.5,2.5,0,11,20.3,4.300000000000001,9.5,1,1,1,36.0,-0.5000000000000004,0.8660254037844384,20.831999999999997,0.5321
REC_02905,Bengaluru,Karnataka,12.9716,77.5946,plateau_temperate,2022-11-20,2022-11-28,8,2.4,25.6,24.7,29.0,62.3,75.8,1007.1,0.0,7.8,0,11,23.200000000000003,4.300000000000001,13.5,0,1,1,64.0,-0.5000000000000004,0.8660254037844384,1.4951999999999999,0.2743
REC_00153,Delhi,NCR,28.6139,77.209,continental_subtropical,2022-11-21,2022-11-23,2,0.6,1.5,21.1,20.1,59.4,65.6,1015.4,0.2,0.4,0,11,0.9,1.0,6.199999999999996,0,0,0,4.0,-0.5000000000000004,0.8660254037844384,0.3564,0.2583
REC_03166,Bengaluru,Karnataka,12.9716,77.5946,plateau_temperate,2022-11-21,2022-11-23,2,1.1,3.8,22.5,22.8,53.7,51.5,1001.9,1.5,0.4,0,11,2.6999999999999997,0.3000000000000007,2.200000000000003,0,0,0,4.0,-0.5000000000000004,0.8660254037844384,0.5907000000000001,0.2807
REC_00803,Bengaluru,Karnataka,12.9716,77.5946,plateau_temperate,2022-11-21,2022-11-24,3,1.3,0.0,17.3,15.7,51.8,53.7,1011.0,0.4,0.9,0,11,1.3,1.6000000000000014,1.9000000000000057,0,0,0,9.0,-0.5000000000000004,0.8660254037844384,0.6734,0.2783
REC_02768,Visakhapatnam,Andhra Pradesh,17.6868,83.2185,coastal_cyclonic,2022-11-22,2022-11-23,1,36.9,57.7,26.4,27.1,88.8,87.7,1005.8,34.0,2.9,0,11,20.800000000000004,0.7000000000000028,1.0999999999999943,0,0,0,1.0,-0.5000000000000004,0.8660254037844384,32.767199999999995,0.5536
REC_02907,Visakhapatnam,Andhra Pradesh,17.6868,83.2185,coastal_cyclonic,2022-11-22,2022-11-24,2,82.5,45.1,31.7,32.8,68.8,62.7,1009.4,81.8,0.7,0,11,37.4,1.0999999999999979,6.099999999999994,1,0,1,4.0,-0.5000000000000004,0.8660254037844384,56.76,0.5487
REC_00326,Visakhapatnam,Andhra Pradesh,17.6868,83.2185,coastal_cyclonic,2022-11-22,2022-11-25,3,6.6,16.7,31.2,29.7,63.9,64.4,1008.0,5.5,1.1,0,11,10.1,1.5,0.5000000000000071,0,0,0,9.0,-0.5000000000000004,0.8660254037844384,4.2174,0.5526
REC_01405,Bengaluru,Karnataka,12.9716,77.5946,plateau_temperate,2022-11-22,2022-11-26,4,2.9,9.1,24.2,23.4,65.0,66.6,1010.8,3.9,1.0,0,11,6.199999999999999,0.8000000000000007,1.5999999999999943,0,0,0,16.0,-0.5000000000000004,0.8660254037844384,1.885,0.2759
REC_02333,Hyderabad,Telangana,17.385,78.4867,semi_arid,2022-11-22,2022-12-02,10,1.2,55.5,27.0,29.4,50.1,68.2,1011.7,0.0,10.8,0,12,54.3,2.3999999999999986,18.1,1,0,1,100.0,-2.4492935982947064e-16,1.0,0.6012,0.3043
REC_02188,Hyderabad,Telangana,17.385,78.4867,semi_arid,2022-11-23,2022-12-02,9,2.1,74.2,28.2,29.9,60.7,60.3,1009.0,2.7,0.6,0,12,72.10000000000001,1.6999999999999993,0.4000000000000057,1,0,1,81.0,-2.4492935982947064e-16,1.0,1.2747000000000002,0.3103
REC_02410,Krishna District,Andhra Pradesh,16.5062,80.648,coastal_humid,2022-11-23,2022-12-01,8,13.3,0.0,29.5,35.8,58.5,89.5,1008.8,22.7,9.5,0,12,13.3,6.299999999999997,31.0,0,1,1,64.0,-2.4492935982947064e-16,1.0,7.780500000000001,0.4176
REC_02799,Mumbai,Maharashtra,19.076,72.8777,coastal_heavy_monsoon,2022-11-23,2022-11-28,5,14.8,19.1,30.1,28.8,79.2,57.1,1004.0,5.8,9.0,0,11,4.300000000000001,1.3000000000000007,22.1,0,0,0,25.0,-0.5000000000000004,0.8660254037844384,11.7216,0.5364
REC_00772,Delhi,NCR,28.6139,77.209,continental_subtropical,2022-11-23,2022-11-25,2,3.5,10.3,24.7,25.0,72.4,74.2,1008.8,3.8,0.3,0,11,6.800000000000001,0.3000000000000007,1.7999999999999972,0,0,0,4.0,-0.5000000000000004,0.8660254037844384,2.5340000000000003,0.2562
REC_02467,Mumbai,Maharashtra,19.076,72.8777,coastal_heavy_monsoon,2022-11-23,2022-11-25,2,3.7,12.4,30.8,28.5,79.9,80.2,1003.9,4.5,0.8,0,11,8.7,2.3000000000000007,0.29999999999999716,0,0,0,4.0,-0.5000000000000004,0.8660254037844384,2.9563000000000006,0.5315
REC_02096,Hyderabad,Telangana,17.385,78.4867,semi_arid,2022-11-23,2022-11-28,5,6.2,18.1,26.0,25.6,42.7,47.4,1011.9,0.3,5.9,0,11,11.900000000000002,0.3999999999999986,4.699999999999996,0,0,0,25.0,-0.5000000000000004,0.8660254037844384,2.6474,0.3162
REC_01993,Krishna District,Andhra Pradesh,16.5062,80.648,coastal_humid,2022-11-24,2022-11-25,1,13.8,21.8,24.0,23.8,72.0,64.3,1008.9,14.1,0.3,0,11,8.0,0.1999999999999993,7.700000000000003,0,0,0,1.0,-0.5000000000000004,0.8660254037844384,9.936,0.4239
REC_00557,Bengaluru,Karnataka,12.9716,77.5946,plateau_temperate,2022-11-24,2022-12-02,8,2.6,0.0,24.5,24.2,62.6,62.8,1009.3,0.0,27.2,0,12,2.6,0.3000000000000007,0.19999999999999574,0,0,0,64.0,-2.4492935982947064e-16,1.0,1.6276000000000002,0.2735
REC_01861,Visakhapatnam,Andhra Pradesh,17.6868,83.2185,coastal_cyclonic,2022-11-25,2022-11-27,2,98.9,79.2,30.3,31.9,91.9,95.4,1004.1,94.6,4.3,0,11,19.700000000000003,1.5999999999999979,3.5,0,0,0,4.0,-0.5000000000000004,0.8660254037844384,90.88910000000001,0.5478
REC_00637,Hyderabad,Telangana,17.385,78.4867,semi_arid,2022-11-25,2022-12-03,8,10.2,38.3,20.6,19.3,53.8,50.0,1010.1,11.7,1.5,0,12,28.099999999999998,1.3000000000000007,3.799999999999997,1,0,1,64.0,-2.4492935982947064e-16,1.0,5.487599999999999,0.3136
REC_01881,Delhi,NCR,28.6139,77.209,continental_subtropical,2022-11-25,2022-12-03,8,1.7,78.6,25.7,26.5,54.9,67.3,1005.9,0.0,3.8,0,12,76.89999999999999,0.8000000000000007,12.399999999999999,1,0,1,64.0,-2.4492935982947064e-16,1.0,0.9333,0.2541
REC_01915,Mumbai,Maharashtra,19.076,72.8777,coastal_heavy_monsoon,2022-11-26,2022-12-06,10,1.6,24.4,24.6,20.2,43.3,29.9,1009.2,59.4,57.8,0,12,22.799999999999997,4.400000000000002,13.399999999999999,0,1,1,100.0,-2.4492935982947064e-16,1.0,0.6928,0.5268
REC_03009,Krishna District,Andhra Pradesh,16.5062,80.648,coastal_humid,2022-11-27,2022-12-06,9,4.1,9.8,23.1,23.8,55.0,50.7,1004.6,20.2,16.2,0,12,5.700000000000001,0.6999999999999993,4.299999999999997,0,0,0,81.0,-2.4492935982947064e-16,1.0,2.255,0.4194
REC_00670,Visakhapatnam,Andhra Pradesh,17.6868,83.2185,coastal_cyclonic,2022-11-27,2022-12-07,10,1.1,0.0,24.2,22.2,57.9,41.1,1010.0,0.0,4.6,0,12,1.1,2.0,16.799999999999997,0,0,0,100.0,-2.4492935982947064e-16,1.0,0.6369,0.5431
REC_02291,Krishna District,Andhra Pradesh,16.5062,80.648,coastal_humid,2022-11-27,2022-12-01,4,13.0,9.0,27.2,27.2,61.6,61.8,1013.4,9.3,3.7,0,12,4.0,0.0,0.19999999999999574,0,0,0,16.0,-2.4492935982947064e-16,1.0,8.008000000000001,0.4149
REC_00347,Bengaluru,Karnataka,12.9716,77.5946,plateau_temperate,2022-11-27,2022-12-01,4,7.9,24.6,23.4,24.4,59.5,64.2,1002.1,7.2,0.7,0,12,16.700000000000003,1.0,4.700000000000003,0,0,0,16.0,-2.4492935982947064e-16,1.0,4.7005,0.2712
REC_00432,Bengaluru,Karnataka,12.9716,77.5946,plateau_temperate,2022-11-27,2022-11-30,3,0.2,0.0,25.0,23.3,55.6,46.2,999.5,0.0,1.5,0,11,0.2,1.6999999999999993,9.399999999999999,0,0,0,9.0,-0.5000000000000004,0.8660254037844384,0.11120000000000001,0.2689
REC_01816,Hyderabad,Telangana,17.385,78.4867,semi_arid,2022-11-27,2022-11-29,2,4.8,9.4,20.1,19.9,45.6,53.2,1007.5,6.5,1.6,0,11,4.6000000000000005,0.20000000000000284,7.600000000000001,0,0,0,4.0,-0.5000000000000004,0.8660254037844384,2.1888,0.3193
REC_03277,Delhi,NCR,28.6139,77.209,continental_subtropical,2022-11-28,2022-11-30,2,0.8,4.5,22.0,21.5,52.0,43.2,1012.0,2.6,1.8,0,11,3.7,0.5,8.799999999999997,0,0,0,4.0,-0.5000000000000004,0.8660254037844384,0.41600000000000004,0.2602
REC_01032,Visakhapatnam,Andhra Pradesh,17.6868,83.2185,coastal_cyclonic,2022-11-28,2022-12-02,4,5.4,0.0,23.4,20.1,72.0,65.5,1011.9,17.0,11.6,0,12,5.4,3.299999999999997,6.5,0,0,0,16.0,-2.4492935982947064e-16,1.0,3.888,0.5385
REC_00213,Bengaluru,Karnataka,12.9716,77.5946,plateau_temperate,2022-11-28,2022-12-07,9,0.5,0.0,24.1,26.2,52.9,56.3,1015.2,0.0,3.1,0,12,0.5,2.099999999999998,3.3999999999999986,0,0,0,81.0,-2.4492935982947064e-16,1.0,0.2645,0.2667
REC_02828,Bengaluru,Karnataka,12.9716,77.5946,plateau_temperate,2022-11-28,2022-12-08,10,7.3,70.0,19.9,25.0,52.7,75.4,1008.0,21.2,13.9,0,12,62.7,5.100000000000001,22.700000000000003,1,1,1,100.0,-2.4492935982947064e-16,1.0,3.8471,0.2645
REC_02736,Mumbai,Maharashtra,19.076,72.8777,coastal_heavy_monsoon,2022-11-29,2022-11-30,1,32.4,54.2,25.3,24.9,86.5,88.8,1010.0,32.1,0.3,0,11,21.800000000000004,0.40000000000000213,2.299999999999997,0,0,0,1.0,-0.5000000000000004,0.8660254037844384,28.026,0.531
REC_03459,Krishna District,Andhra Pradesh,16.5062,80.648,coastal_humid,2022-11-29,2022-12-04,5,1.5,1.4,20.3,19.4,40.8,35.3,1004.0,0.0,5.3,0,12,0.10000000000000009,0.9000000000000021,5.5,0,0,0,25.0,-2.4492935982947064e-16,1.0,0.612,0.4105
REC_01774,Mumbai,Maharashtra,19.076,72.8777,coastal_heavy_monsoon,2022-11-29,2022-12-07,8,4.0,53.4,23.2,27.6,45.8,30.2,1004.5,0.0,9.1,0,12,49.4,4.400000000000002,15.599999999999998,1,1,1,64.0,-2.4492935982947064e-16,1.0,1.8319999999999999,0.5263
REC_02225,Krishna District,Andhra Pradesh,16.5062,80.648,coastal_humid,2022-11-29,2022-12-08,9,1.8,0.0,23.9,28.9,62.1,70.5,997.4,0.0,5.2,0,12,1.8,5.0,8.399999999999999,0,1,1,81.0,-2.4492935982947064e-16,1.0,1.1178,0.4062
REC_02353,Mumbai,Maharashtra,19.076,72.8777,coastal_heavy_monsoon,2022-12-01,2022-12-06,5,4.6,0.0,22.7,25.1,46.8,31.7,1005.0,11.7,7.0,0,12,4.6,2.400000000000002,15.099999999999998,0,0,0,25.0,-2.4492935982947064e-16,1.0,2.1527999999999996,0.5304
REC_03252,Krishna District,Andhra Pradesh,16.5062,80.648,coastal_humid,2022-12-01,2022-12-09,8,6.6,31.7,20.4,20.6,57.1,86.0,1005.7,0.7,6.0,0,12,25.1,0.20000000000000284,28.9,1,0,1,64.0,-2.4492935982947064e-16,1.0,3.7686,0.4124
REC_00970,Visakhapatnam,Andhra Pradesh,17.6868,83.2185,coastal_cyclonic,2022-12-01,2022-12-02,1,9.3,12.8,22.4,22.5,61.4,58.2,1013.4,8.4,0.8,0,12,3.5,0.10000000000000142,3.1999999999999957,0,0,0,1.0,-2.4492935982947064e-16,1.0,5.7101999999999995,0.5339
REC_03343,Hyderabad,Telangana,17.385,78.4867,semi_arid,2022-12-02,2022-12-04,2,2.4,1.3,22.4,21.0,55.3,52.8,1008.3,0.7,1.8,0,12,1.0999999999999999,1.3999999999999986,2.5,0,0,0,4.0,-2.4492935982947064e-16,1.0,1.3272,0.3167
REC_02013,Mumbai,Maharashtra,19.076,72.8777,coastal_heavy_monsoon,2022-12-02,2022-12-10,8,2.4,24.2,25.1,24.6,59.1,72.8,1006.8,4.7,2.3,0,12,21.8,0.5,13.699999999999996,0,0,0,64.0,-2.4492935982947064e-16,1.0,1.4184,0.5259
REC_01401,Hyderabad,Telangana,17.385,78.4867,semi_arid,2022-12-02,2022-12-11,9,4.8,36.4,26.1,21.2,43.7,40.6,1013.9,7.7,2.9,0,12,31.599999999999998,4.900000000000002,3.1000000000000014,1,1,1,81.0,-2.4492935982947064e-16,1.0,2.0976000000000004,0.314
REC_02191,Krishna District,Andhra Pradesh,16.5062,80.648,coastal_humid,2022-12-03,2022-12-09,6,4.2,14.7,22.5,16.5,45.6,56.1,1009.7,5.2,1.1,0,12,10.5,6.0,10.5,0,1,1,36.0,-2.4492935982947064e-16,1.0,1.9152,0.4184
REC_02965,Mumbai,Maharashtra,19.076,72.8777,coastal_heavy_monsoon,2022-12-03,2022-12-10,7,3.0,0.0,23.7,24.6,51.2,55.4,1004.1,10.5,7.5,0,12,3.0,0.9000000000000021,4.199999999999996,0,0,0,49.0,-2.4492935982947064e-16,1.0,1.5360000000000003,0.5214
REC_01918,Bengaluru,Karnataka,12.9716,77.5946,plateau_temperate,2022-12-03,2022-12-12,9,0.2,0.0,24.3,19.8,49.0,42.8,1004.6,0.0,17.2,0,12,0.2,4.5,6.200000000000003,0,1,1,81.0,-2.4492935982947064e-16,1.0,0.098,0.2705
REC_00276,Hyderabad,Telangana,17.385,78.4867,semi_arid,2022-12-03,2022-12-13,10,0.2,0.0,24.2,29.2,44.9,52.7,1005.5,6.2,6.0,0,12,0.2,5.0,7.800000000000004,0,1,1,100.0,-2.4492935982947064e-16,1.0,0.0898,0.3197
REC_00481,Visakhapatnam,Andhra Pradesh,17.6868,83.2185,coastal_cyclonic,2022-12-03,2022-12-13,10,2.7,0.0,24.0,22.4,55.2,61.9,1007.1,0.0,9.9,0,12,2.7,1.6000000000000014,6.699999999999996,0,0,0,100.0,-2.4492935982947064e-16,1.0,1.4904000000000002,0.5294
REC_03091,Krishna District,Andhra Pradesh,16.5062,80.648,coastal_humid,2022-12-04,2022-12-05,1,2.6,0.0,22.4,22.3,62.4,65.8,1007.9,3.1,0.5,0,12,2.6,0.09999999999999787,3.3999999999999986,0,0,0,1.0,-2.4492935982947064e-16,1.0,1.6224,0.4242
REC_01558,Krishna District,Andhra Pradesh,16.5062,80.648,coastal_humid,2022-12-04,2022-12-07,3,1.9,0.0,24.0,21.9,59.1,54.0,1015.7,0.6,1.4,0,12,1.9,2.1000000000000014,5.100000000000001,0,0,0,9.0,-2.4492935982947064e-16,1.0,1.1229,0.42
REC_03058,Bengaluru,Karnataka,12.9716,77.5946,plateau_temperate,2022-12-04,2022-12-13,9,1.3,0.0,21.7,22.7,55.1,54.4,1012.4,9.8,8.5,0,12,1.3,1.0,0.7000000000000028,0,0,0,81.0,-2.4492935982947064e-16,1.0,0.7163,0.2764
REC_02755,Delhi,NCR,28.6139,77.209,continental_subtropical,2022-12-05,2022-12-15,10,2.1,47.0,22.8,20.1,57.8,57.6,1011.4,1.0,1.1,0,12,44.9,2.6999999999999993,0.19999999999999574,1,0,1,100.0,-2.4492935982947064e-16,1.0,1.2138,0.2581
REC_01485,Bengaluru,Karnataka,12.9716,77.5946,plateau_temperate,2022-12-05,2022-12-14,9,7.4,23.7,24.8,31.7,63.9,74.2,1011.1,6.9,0.5,0,12,16.299999999999997,6.899999999999999,10.300000000000004,0,1,1,81.0,-2.4492935982947064e-16,1.0,4.7286,0.2742
REC_02362,Visakhapatnam,Andhra Pradesh,17.6868,83.2185,coastal_cyclonic,2022-12-05,2022-12-06,1,1.2,6.3,25.2,23.3,56.5,58.1,1005.8,1.0,0.2,0,12,5.1,1.8999999999999986,1.6000000000000014,0,0,0,1.0,-2.4492935982947064e-16,1.0,0.6779999999999999,0.525
REC_02153,Delhi,NCR,28.6139,77.209,continental_subtropical,2022-12-05,2022-12-07,2,1.8,3.4,25.8,23.7,39.1,39.5,1010.8,0.0,2.2,0,12,1.5999999999999999,2.1000000000000014,0.3999999999999986,0,0,0,4.0,-2.4492935982947064e-16,1.0,0.7038000000000001,0.264
REC_02407,Visakhapatnam,Andhra Pradesh,17.6868,83.2185,coastal_cyclonic,2022-12-07,2022-12-09,2,4.7,11.8,29.1,30.4,51.5,58.0,1000.4,3.1,1.6,0,12,7.1000000000000005,1.2999999999999972,6.5,0,0,0,4.0,-2.4492935982947064e-16,1.0,2.4205,0.5207
REC_01768,Krishna District,Andhra Pradesh,16.5062,80.648,coastal_humid,2022-12-07,2022-12-10,3,5.5,8.3,29.1,29.1,56.8,62.6,1002.7,3.8,1.7,0,12,2.8000000000000007,0.0,5.800000000000004,0,0,0,9.0,-2.4492935982947064e-16,1.0,3.1239999999999997,0.4158
REC_00235,Delhi,NCR,28.6139,77.209,continental_subtropical,2022-12-07,2022-12-11,4,8.5,11.7,27.7,29.0,64.3,66.9,1012.7,16.9,8.4,0,12,3.1999999999999993,1.3000000000000007,2.6000000000000085,0,0,0,16.0,-2.4492935982947064e-16,1.0,5.4655,0.2619
REC_02190,Mumbai,Maharashtra,19.076,72.8777,coastal_heavy_monsoon,2022-12-07,2022-12-15,8,12.4,0.0,25.3,25.6,51.0,44.0,1001.0,15.8,3.4,0,12,12.4,0.3000000000000007,7.0,0,0,0,64.0,-2.4492935982947064e-16,1.0,6.324,0.5169
REC_03453,Krishna District,Andhra Pradesh,16.5062,80.648,coastal_humid,2022-12-07,2022-12-16,9,5.6,0.0,26.2,29.6,53.3,52.5,1011.2,20.4,14.8,0,12,5.6,3.400000000000002,0.7999999999999972,0,0,0,81.0,-2.4492935982947064e-16,1.0,2.9847999999999995,0.4118
REC_00668,Delhi,NCR,28.6139,77.209,continental_subtropical,2022-12-08,2022-12-09,1,1.1,5.3,28.3,28.1,63.2,61.6,1006.7,1.8,0.7,0,12,4.199999999999999,0.1999999999999993,1.6000000000000014,0,0,0,1.0,-2.4492935982947064e-16,1.0,0.6952000000000002,0.2598
REC_02869,Hyderabad,Telangana,17.385,78.4867,semi_arid,2022-12-08,2022-12-11,3,2.6,6.5,17.0,18.3,45.8,48.4,1013.0,1.2,1.3,0,12,3.9,1.3000000000000007,2.6000000000000014,0,0,0,9.0,-2.4492935982947064e-16,1.0,1.1908,0.3252
REC_02872,Visakhapatnam,Andhra Pradesh,17.6868,83.2185,coastal_cyclonic,2022-12-08,2022-12-12,4,10.7,24.1,19.7,17.4,69.1,67.9,1008.3,5.7,5.0,0,12,13.400000000000002,2.3000000000000007,1.1999999999999886,0,0,0,16.0,-2.4492935982947064e-16,1.0,7.393699999999999,0.5164
REC_01017,Visakhapatnam,Andhra Pradesh,17.6868,83.2185,coastal_cyclonic,2022-12-09,2022-12-14,5,0.6,5.7,22.4,23.1,74.2,76.7,1013.0,0.0,4.5,0,12,5.1000000000000005,0.7000000000000028,2.5,0,0,0,25.0,-2.4492935982947064e-16,1.0,0.44520000000000004,0.5122
REC_03457,Visakhapatnam,Andhra Pradesh,17.6868,83.2185,coastal_cyclonic,2022-12-09,2022-12-15,6,1.4,0.0,21.5,17.9,42.8,44.7,1002.8,1.4,0.0,0,12,1.4,3.6000000000000014,1.9000000000000057,0,1,1,36.0,-2.4492935982947064e-16,1.0,0.5992,0.5081
REC_00732,Krishna District,Andhra Pradesh,16.5062,80.648,coastal_humid,2022-12-10,2022-12-20,10,1.8,0.0,23.9,27.7,55.5,59.7,1005.6,7.2,5.5,0,12,1.8,3.8000000000000007,4.200000000000003,0,1,1,100.0,-2.4492935982947064e-16,1.0,0.9990000000000001,0.4078
REC_03229,Hyderabad,Telangana,17.385,78.4867,semi_arid,2022-12-10,2022-12-19,9,2.8,4.9,25.3,30.0,60.3,78.7,1012.2,0.0,7.5,0,12,2.1000000000000005,4.699999999999999,18.400000000000006,0,1,1,81.0,-2.4492935982947064e-16,1.0,1.6883999999999997,0.3226
REC_00284,Krishna District,Andhra Pradesh,16.5062,80.648,coastal_humid,2022-12-10,2022-12-19,9,0.8,0.0,23.4,21.7,45.0,48.4,1010.4,0.0,12.3,0,12,0.8,1.6999999999999993,3.3999999999999986,0,0,0,81.0,-2.4492935982947064e-16,1.0,0.36,0.4135
REC_02893,Delhi,NCR,28.6139,77.209,continental_subtropical,2022-12-10,2022-12-11,1,1.6,19.0,21.6,21.7,56.2,56.7,1010.8,2.2,0.6,0,12,17.4,0.09999999999999787,0.5,0,0,0,1.0,-2.4492935982947064e-16,1.0,0.8992000000000001,0.2578
REC_00708,Hyderabad,Telangana,17.385,78.4867,semi_arid,2022-12-11,2022-12-13,2,0.6,0.0,24.3,23.5,59.0,56.1,1010.5,3.1,2.4,0,12,0.6,0.8000000000000007,2.8999999999999986,0,0,0,4.0,-2.4492935982947064e-16,1.0,0.354,0.328
REC_02199,Bengaluru,Karnataka,12.9716,77.5946,plateau_temperate,2022-12-11,2022-12-13,2,1.6,0.1,23.6,24.8,65.2,63.3,1011.9,3.1,1.4,0,12,1.5,1.1999999999999993,1.9000000000000057,0,0,0,4.0,-2.4492935982947064e-16,1.0,1.0432000000000001,0.28
REC_02840,Visakhapatnam,Andhra Pradesh,17.6868,83.2185,coastal_cyclonic,2022-12-12,2022-12-13,1,0.4,0.0,22.2,22.9,56.3,53.3,1011.2,0.8,0.4,0,12,0.4,0.6999999999999993,3.0,0,0,0,1.0,-2.4492935982947064e-16,1.0,0.22519999999999998,0.512
REC_00735,Visakhapatnam,Andhra Pradesh,17.6868,83.2185,coastal_cyclonic,2022-12-12,2022-12-14,2,0.9,0.0,25.7,24.5,46.7,47.2,1006.7,5.6,4.7,0,12,0.9,1.1999999999999993,0.5,0,0,0,4.0,-2.4492935982947064e-16,1.0,0.4203,0.5079
REC_03061,Krishna District,Andhra Pradesh,16.5062,80.648,coastal_humid,2022-12-12,2022-12-17,5,1.6,0.0,27.8,26.4,53.6,41.9,1005.9,5.5,3.9,0,12,1.6,1.4000000000000021,11.700000000000003,0,0,0,25.0,-2.4492935982947064e-16,1.0,0.8576,0.4095
REC_00223,Mumbai,Maharashtra,19.076,72.8777,coastal_heavy_monsoon,2022-12-13,2022-12-15,2,1.1,3.6,19.2,20.2,61.2,65.2,1012.2,2.8,1.7,0,12,2.5,1.0,4.0,0,0,0,4.0,-2.4492935982947064e-16,1.0,0.6732,0.5126
REC_02415,Krishna District,Andhra Pradesh,16.5062,80.648,coastal_humid,2022-12-13,2022-12-15,2,6.5,27.2,23.6,23.7,66.8,69.1,1008.3,10.4,3.9,0,12,20.7,0.09999999999999787,2.299999999999997,0,0,0,4.0,-2.4492935982947064e-16,1.0,4.342,0.4057
REC_02419,Mumbai,Maharashtra,19.076,72.8777,coastal_heavy_monsoon,2022-12-13,2022-12-15,2,0.6,0.0,20.1,19.3,48.6,42.9,1001.7,0.0,2.3,0,12,0.6,0.8000000000000007,5.700000000000003,0,0,0,4.0,-2.4492935982947064e-16,1.0,0.2916,0.5083
REC_03406,Krishna District,Andhra Pradesh,16.5062,80.648,coastal_humid,2022-12-13,2022-12-19,6,0.7,0.0,20.9,23.6,50.5,46.4,1011.0,7.3,6.6,0,12,0.7,2.700000000000003,4.100000000000001,0,0,0,36.0,-2.4492935982947064e-16,1.0,0.3534999999999999,0.4019
REC_03083,Hyderabad,Telangana,17.385,78.4867,semi_arid,2022-12-14,2022-12-17,3,3.7,16.6,23.5,21.2,76.5,79.3,1002.6,7.2,3.5,0,12,12.900000000000002,2.3000000000000007,2.799999999999997,0,0,0,9.0,-2.4492935982947064e-16,1.0,2.8305000000000002,0.3254
REC_00131,Delhi,NCR,28.6139,77.209,continental_subtropical,2022-12-15,2022-12-22,7,1.8,0.0,25.2,23.7,72.5,78.9,1006.5,0.0,2.1,0,12,1.8,1.5,6.400000000000006,0,0,0,49.0,-2.4492935982947064e-16,1.0,1.305,0.2558
REC_03363,Bengaluru,Karnataka,12.9716,77.5946,plateau_temperate,2022-12-15,2022-12-20,5,5.5,0.0,24.6,22.6,52.0,53.4,1003.7,1.9,3.6,0,12,5.5,2.0,1.3999999999999986,0,0,0,25.0,-2.4492935982947064e-16,1.0,2.86,0.2778
REC_01302,Delhi,NCR,28.6139,77.209,continental_subtropical,2022-12-16,2022-12-21,5,9.6,12.0,20.6,18.4,35.2,31.1,1010.0,0.0,9.8,0,12,2.4000000000000004,2.200000000000003,4.100000000000001,0,0,0,25.0,-2.4492935982947064e-16,1.0,3.3792,0.2538
REC_03440,Bengaluru,Karnataka,12.9716,77.5946,plateau_temperate,2022-12-16,2022-12-21,5,1.6,0.0,24.2,22.5,62.8,72.1,1008.7,0.0,7.5,0,12,1.6,1.6999999999999993,9.299999999999997,0,0,0,25.0,-2.4492935982947064e-16,1.0,1.0048000000000001,0.2756
REC_01799,Visakhapatnam,Andhra Pradesh,17.6868,83.2185,coastal_cyclonic,2022-12-16,2022-12-22,6,3.4,0.0,21.1,18.4,53.6,42.5,1004.3,0.0,5.8,0,12,3.4,2.700000000000003,11.100000000000001,0,0,0,36.0,-2.4492935982947064e-16,1.0,1.8224,0.5039
REC_02602,Mumbai,Maharashtra,19.076,72.8777,coastal_heavy_monsoon,2022-12-16,2022-12-26,10,2.1,10.7,25.6,29.3,70.3,73.4,1009.0,44.5,42.4,0,12,8.6,3.6999999999999993,3.1000000000000085,0,1,1,100.0,-2.4492935982947064e-16,1.0,1.4763,0.5041
REC_00159,Mumbai,Maharashtra,19.076,72.8777,coastal_heavy_monsoon,2022-12-17,2022-12-24,7,3.5,0.0,24.9,22.9,50.7,44.6,1001.5,0.0,5.7,0,12,3.5,2.0,6.100000000000001,0,0,0,49.0,-2.4492935982947064e-16,1.0,1.7745000000000002,0.5082
REC_02120,Hyderabad,Telangana,17.385,78.4867,semi_arid,2022-12-18,2022-12-19,1,4.2,18.1,28.1,29.2,43.1,50.0,1008.8,5.3,1.1,0,12,13.900000000000002,1.0999999999999979,6.899999999999999,0,0,0,1.0,-2.4492935982947064e-16,1.0,1.8102,0.3228
REC_02949,Delhi,NCR,28.6139,77.209,continental_subtropical,2022-12-18,2022-12-19,1,1.1,0.0,21.5,21.4,58.2,57.6,1006.8,1.2,0.1,0,12,1.1,0.10000000000000142,0.6000000000000014,0,0,0,1.0,-2.4492935982947064e-16,1.0,0.6402000000000001,0.2519
REC_03314,Krishna District,Andhra Pradesh,16.5062,80.648,coastal_humid,2022-12-18,2022-12-26,8,1.9,32.8,27.7,31.7,59.5,59.7,1001.9,12.0,10.1,0,12,30.9,4.0,0.20000000000000284,1,1,1,64.0,-2.4492935982947064e-16,1.0,1.1305,0.3981
REC_00576,Hyderabad,Telangana,17.385,78.4867,semi_arid,2022-12-19,2022-12-28,9,7.3,0.0,28.9,31.9,58.2,79.6,1004.2,15.5,8.2,0,12,7.3,3.0,21.39999999999999,0,0,0,81.0,-2.4492935982947064e-16,1.0,4.2486,0.3203
REC_00857,Hyderabad,Telangana,17.385,78.4867,semi_arid,2022-12-19,2022-12-27,8,1.8,82.1,24.3,28.4,54.2,55.9,1006.0,0.0,2.9,0,12,80.3,4.099999999999998,1.6999999999999957,1,1,1,64.0,-2.4492935982947064e-16,1.0,0.9756,0.3178
REC_03497,Delhi,NCR,28.6139,77.209,continental_subtropical,2022-12-19,2022-12-26,7,1.4,0.0,17.4,19.4,65.7,59.6,1009.0,0.0,5.5,0,12,1.4,2.0,6.100000000000001,0,0,0,49.0,-2.4492935982947064e-16,1.0,0.9198000000000001,0.25
REC_02619,Visakhapatnam,Andhra Pradesh,17.6868,83.2185,coastal_cyclonic,2022-12-19,2022-12-22,3,1.4,7.5,23.7,21.3,59.8,59.8,1005.7,0.0,2.8,0,12,6.1,2.3999999999999986,0.0,0,0,0,9.0,-2.4492935982947064e-16,1.0,0.8371999999999998,0.5
REC_02175,Krishna District,Andhra Pradesh,16.5062,80.648,coastal_humid,2022-12-19,2022-12-21,2,0.4,2.6,24.0,22.7,54.7,55.3,1012.1,0.0,3.6,0,12,2.2,1.3000000000000007,0.5999999999999943,0,0,0,4.0,-2.4492935982947064e-16,1.0,0.21880000000000002,0.4037
REC_00446,Hyderabad,Telangana,17.385,78.4867,semi_arid,2022-12-20,2022-12-23,3,0.2,7.5,24.0,24.3,68.6,61.1,1015.6,0.0,0.5,0,12,7.3,0.3000000000000007,7.499999999999993,0,0,0,9.0,-2.4492935982947064e-16,1.0,0.1372,0.3231
REC_02827,Delhi,NCR,28.6139,77.209,continental_subtropical,2022-12-20,2022-12-24,4,1.8,0.0,23.2,24.5,61.1,53.4,1011.7,2.0,0.2,0,12,1.8,1.3000000000000007,7.700000000000003,0,0,0,16.0,-2.4492935982947064e-16,1.0,1.0998,0.2481
REC_03387,Hyderabad,Telangana,17.385,78.4867,semi_arid,2022-12-20,2022-12-24,4,2.1,21.7,27.9,31.1,43.3,52.8,1009.2,0.0,4.0,0,12,19.599999999999998,3.200000000000003,9.5,0,0,0,16.0,-2.4492935982947064e-16,1.0,0.9092999999999999,0.3206
REC_01580,Hyderabad,Telangana,17.385,78.4867,semi_arid,2022-12-21,2022-12-27,6,5.1,8.0,21.2,25.1,51.0,59.9,1008.2,9.7,4.6,0,12,2.9000000000000004,3.900000000000002,8.899999999999999,0,1,1,36.0,-2.4492935982947064e-16,1.0,2.6009999999999995,0.3182
REC_02206,Hyderabad,Telangana,17.385,78.4867,semi_arid,2022-12-21,2022-12-27,6,0.8,8.5,27.4,26.0,63.9,80.4,1005.6,13.3,12.5,0,12,7.7,1.3999999999999986,16.500000000000007,0,0,0,36.0,-2.4492935982947064e-16,1.0,0.5112000000000001,0.3233
REC_01575,Krishna District,Andhra Pradesh,16.5062,80.648,coastal_humid,2022-12-21,2022-12-29,8,0.9,0.0,26.6,21.2,52.2,56.7,1009.8,23.4,22.4,0,12,0.9,5.400000000000002,4.5,0,1,1,64.0,-2.4492935982947064e-16,1.0,0.46980000000000005,0.4
REC_01694,Visakhapatnam,Andhra Pradesh,17.6868,83.2185,coastal_cyclonic,2022-12-21,2022-12-30,9,2.8,0.0,27.4,26.7,50.8,47.8,1008.4,15.5,12.6,0,12,2.8,0.6999999999999993,3.0,0,0,0,81.0,-2.4492935982947064e-16,1.0,1.4223999999999999,0.4961
REC_01512,Mumbai,Maharashtra,19.076,72.8777,coastal_heavy_monsoon,2022-12-21,2022-12-31,10,1.8,13.9,22.1,22.5,60.2,69.4,1010.8,0.0,14.2,0,12,12.1,0.3999999999999986,9.200000000000003,0,0,0,100.0,-2.4492935982947064e-16,1.0,1.0836000000000001,0.5041
REC_00820,Mumbai,Maharashtra,19.076,72.8777,coastal_heavy_monsoon,2022-12-22,2023-01-01,10,2.0,1.9,25.3,19.1,61.7,52.4,1011.0,33.0,31.0,0,1,0.10000000000000009,6.199999999999999,9.300000000000004,0,1,1,100.0,0.49999999999999994,0.8660254037844387,1.234,0.5
REC_02445,Visakhapatnam,Andhra Pradesh,17.6868,83.2185,coastal_cyclonic,2022-12-22,2022-12-25,3,4.3,0.0,24.9,23.7,54.0,50.8,1005.4,0.0,7.0,0,12,4.3,1.1999999999999993,3.200000000000003,0,0,0,9.0,-2.4492935982947064e-16,1.0,2.322,0.4923
REC_01210,Mumbai,Maharashtra,19.076,72.8777,coastal_heavy_monsoon,2022-12-22,2022-12-27,5,0.7,0.0,26.5,25.9,39.2,34.1,1016.1,0.0,5.6,0,12,0.7,0.6000000000000014,5.100000000000001,0,0,0,25.0,-2.4492935982947064e-16,1.0,0.27440000000000003,0.504
REC_02180,Mumbai,Maharashtra,19.076,72.8777,coastal_heavy_monsoon,2022-12-22,2022-12-25,3,12.4,3.8,24.0,22.2,55.3,58.7,1008.3,11.6,0.8,0,12,8.600000000000001,1.8000000000000007,3.4000000000000057,0,0,0,9.0,-2.4492935982947064e-16,1.0,6.857200000000001,0.5
REC_00555,Bengaluru,Karnataka,12.9716,77.5946,plateau_temperate,2022-12-22,2022-12-24,2,4.4,11.3,26.8,28.0,50.3,55.1,1006.1,7.9,3.5,0,12,6.9,1.1999999999999993,4.800000000000004,0,0,0,4.0,-2.4492935982947064e-16,1.0,2.2132,0.2734
REC_01079,Bengaluru,Karnataka,12.9716,77.5946,plateau_temperate,2022-12-22,2022-12-24,2,2.5,4.7,23.8,24.2,62.7,54.1,1009.8,2.2,0.4,0,12,2.2,0.3999999999999986,8.600000000000001,0,0,0,4.0,-2.4492935982947064e-16,1.0,1.5675,0.2713
REC_00196,Visakhapatnam,Andhra Pradesh,17.6868,83.2185,coastal_cyclonic,2022-12-22,2022-12-23,1,1.3,0.7,25.0,24.7,56.1,51.0,1000.9,1.1,0.3,0,12,0.6000000000000001,0.3000000000000007,5.100000000000001,0,0,0,1.0,-2.4492935982947064e-16,1.0,0.7293000000000001,0.4885
REC_02135,Visakhapatnam,Andhra Pradesh,17.6868,83.2185,coastal_cyclonic,2022-12-22,2022-12-25,3,5.0,15.3,24.8,25.2,53.1,45.4,1011.2,1.8,3.1,0,12,10.3,0.3999999999999986,7.700000000000003,0,0,0,9.0,-2.4492935982947064e-16,1.0,2.655,0.4848
REC_00563,Krishna District,Andhra Pradesh,16.5062,80.648,coastal_humid,2022-12-23,2022-12-26,3,8.6,0.0,27.4,28.7,58.0,50.1,1005.5,7.5,1.1,0,12,8.6,1.3000000000000007,7.899999999999999,0,0,0,9.0,-2.4492935982947064e-16,1.0,4.9879999999999995,0.4054
REC_00056,Delhi,NCR,28.6139,77.209,continental_subtropical,2022-12-23,2022-12-28,5,0.7,0.0,26.6,26.1,63.5,69.2,1001.0,8.4,7.7,0,12,0.7,0.5,5.700000000000003,0,0,0,25.0,-2.4492935982947064e-16,1.0,0.44449999999999995,0.2463
REC_00978,Hyderabad,Telangana,17.385,78.4867,semi_arid,2022-12-23,2022-12-28,5,4.1,7.8,22.0,21.7,42.4,38.3,1003.8,0.0,6.4,0,12,3.7,0.3000000000000007,4.100000000000001,0,0,0,25.0,-2.4492935982947064e-16,1.0,1.7383999999999997,0.3209
REC_01173,Visakhapatnam,Andhra Pradesh,17.6868,83.2185,coastal_cyclonic,2022-12-23,2022-12-29,6,5.0,0.0,21.2,20.9,54.9,63.6,1004.7,0.0,7.7,0,12,5.0,0.3000000000000007,8.700000000000003,0,0,0,36.0,-2.4492935982947064e-16,1.0,2.745,0.4812
REC_02267,Mumbai,Maharashtra,19.076,72.8777,coastal_heavy_monsoon,2022-12-23,2022-12-29,6,0.8,21.8,23.3,21.8,67.2,69.1,1006.7,5.2,4.5,0,12,21.0,1.5,1.8999999999999915,0,0,0,36.0,-2.4492935982947064e-16,1.0,0.5376000000000001,0.4961
REC_01687,Hyderabad,Telangana,17.385,78.4867,semi_arid,2022-12-23,2023-01-02,10,1.1,67.9,28.3,32.3,43.1,56.5,1011.2,0.0,14.0,0,1,66.80000000000001,3.9999999999999964,13.399999999999999,1,1,1,100.0,0.49999999999999994,0.8660254037844387,0.4741,0.3185
REC_01794,Delhi,NCR,28.6139,77.209,continental_subtropical,2022-12-24,2022-12-29,5,0.6,0.0,26.5,25.8,65.4,65.0,1004.9,0.0,0.8,0,12,0.6,0.6999999999999993,0.4000000000000057,0,0,0,25.0,-2.4492935982947064e-16,1.0,0.3924,0.2444
REC_02219,Bengaluru,Karnataka,12.9716,77.5946,plateau_temperate,2022-12-24,2022-12-29,5,3.4,26.3,24.6,25.9,69.7,80.8,1006.5,10.5,7.1,0,12,22.900000000000002,1.2999999999999972,11.099999999999994,0,0,0,25.0,-2.4492935982947064e-16,1.0,2.3697999999999997,0.2692
REC_00649,Visakhapatnam,Andhra Pradesh,17.6868,83.2185,coastal_cyclonic,2022-12-24,2023-01-02,9,14.0,34.5,24.0,26.9,40.6,37.8,1005.3,40.5,26.5,0,1,20.5,2.8999999999999986,2.8000000000000043,0,0,0,81.0,0.49999999999999994,0.8660254037844387,5.684,0.4776
REC_03429,Mumbai,Maharashtra,19.076,72.8777,coastal_heavy_monsoon,2022-12-25,2023-01-01,7,9.5,0.0,23.7,20.6,51.0,51.4,1015.9,0.0,28.0,0,1,9.5,3.099999999999998,0.3999999999999986,0,0,0,49.0,0.49999999999999994,0.8660254037844387,4.845,0.4922
REC_03155,Krishna District,Andhra Pradesh,16.5062,80.648,coastal_humid,2022-12-25,2022-12-28,3,3.5,3.0,20.9,20.7,57.4,53.6,1007.3,1.8,1.7,0,12,0.5,0.1999999999999993,3.799999999999997,0,0,0,9.0,-2.4492935982947064e-16,1.0,2.009,0.4018
REC_02556,Krishna District,Andhra Pradesh,16.5062,80.648,coastal_humid,2022-12-25,2022-12-29,4,8.2,2.4,28.6,27.0,65.4,58.6,1006.7,2.9,5.3,0,12,5.799999999999999,1.6000000000000014,6.800000000000004,0,0,0,16.0,-2.4492935982947064e-16,1.0,5.3628,0.3982
REC_03333,Hyderabad,Telangana,17.385,78.4867,semi_arid,2022-12-26,2022-12-28,2,3.0,15.2,23.7,22.3,61.7,58.6,1013.5,0.0,3.1,0,12,12.2,1.3999999999999986,3.1000000000000014,0,0,0,4.0,-2.4492935982947064e-16,1.0,1.8510000000000002,0.3235
REC_00107,Hyderabad,Telangana,17.385,78.4867,semi_arid,2022-12-26,2022-12-31,5,1.6,0.0,21.4,19.1,61.3,45.9,1006.8,6.9,5.2,0,12,1.6,2.299999999999997,15.399999999999999,0,0,0,25.0,-2.4492935982947064e-16,1.0,0.9808,0.3212
REC_02270,Delhi,NCR,28.6139,77.209,continental_subtropical,2022-12-26,2023-01-02,7,6.7,47.0,24.9,22.4,54.3,34.4,1010.7,18.0,11.3,0,1,40.3,2.5,19.9,1,0,1,49.0,0.49999999999999994,0.8660254037844387,3.6381,0.2426
REC_02733,Bengaluru,Karnataka,12.9716,77.5946,plateau_temperate,2022-12-27,2023-01-03,7,1.8,0.0,26.7,24.5,50.9,54.2,1005.2,2.3,0.6,0,1,1.8,2.1999999999999993,3.3000000000000043,0,0,0,49.0,0.49999999999999994,0.8660254037844387,0.9162,0.2672
REC_01823,Visakhapatnam,Andhra Pradesh,17.6868,83.2185,coastal_cyclonic,2022-12-28,2022-12-29,1,1.8,0.0,26.7,27.0,58.6,60.9,1009.9,1.4,0.4,0,12,1.8,0.3000000000000007,2.299999999999997,0,0,0,1.0,-2.4492935982947064e-16,1.0,1.0548,0.4741
REC_02664,Bengaluru,Karnataka,12.9716,77.5946,plateau_temperate,2022-12-28,2023-01-04,7,0.1,0.0,29.6,33.4,48.1,44.6,1007.1,0.0,0.6,0,1,0.1,3.799999999999997,3.5,0,1,1,49.0,0.49999999999999994,0.8660254037844387,0.048100000000000004,0.2652
REC_02104,Visakhapatnam,Andhra Pradesh,17.6868,83.2185,coastal_cyclonic,2022-12-28,2023-01-06,9,0.9,38.4,23.5,22.7,63.1,75.0,1002.1,0.7,0.1,0,1,37.5,0.8000000000000007,11.899999999999999,1,0,1,81.0,0.49999999999999994,0.8660254037844387,0.5679,0.4706
REC_00691,Delhi,NCR,28.6139,77.209,continental_subtropical,2022-12-28,2023-01-07,10,0.8,0.0,23.5,25.6,69.8,79.1,1009.8,0.5,0.3,0,1,0.8,2.1000000000000014,9.299999999999997,0,0,0,100.0,0.49999999999999994,0.8660254037844387,0.5584,0.2482
REC_01138,Delhi,NCR,28.6139,77.209,continental_subtropical,2022-12-29,2023-01-03,5,7.4,9.8,22.4,21.5,42.2,28.9,1000.7,5.5,1.9,0,1,2.4000000000000004,0.8999999999999986,13.300000000000004,0,0,0,25.0,0.49999999999999994,0.8660254037844387,3.1228000000000002,0.2464
REC_01253,Mumbai,Maharashtra,19.076,72.8777,coastal_heavy_monsoon,2022-12-29,2023-01-06,8,9.5,14.0,26.6,27.1,45.9,59.9,1008.7,4.0,5.6,0,1,4.5,0.5,14.0,0,0,0,64.0,0.49999999999999994,0.8660254037844387,4.3605,0.4884
REC_01478,Hyderabad,Telangana,17.385,78.4867,semi_arid,2022-12-29,2023-01-02,4,3.5,0.0,26.8,27.0,58.4,50.9,1010.0,1.4,2.0,0,1,3.5,0.1999999999999993,7.5,0,0,0,16.0,0.49999999999999994,0.8660254037844387,2.044,0.3188
REC_01080,Krishna District,Andhra Pradesh,16.5062,80.648,coastal_humid,2022-12-29,2023-01-01,3,8.2,0.0,27.5,26.6,65.8,65.6,998.5,1.3,6.8,0,1,8.2,0.8999999999999986,0.20000000000000284,0,0,0,9.0,0.49999999999999994,0.8660254037844387,5.395599999999999,0.3947
REC_01707,Visakhapatnam,Andhra Pradesh,17.6868,83.2185,coastal_cyclonic,2022-12-29,2023-01-01,3,6.8,10.1,25.4,25.2,56.4,59.2,996.2,9.2,2.3,0,1,3.3,0.1999999999999993,2.8000000000000043,0,0,0,9.0,0.49999999999999994,0.8660254037844387,3.8352,0.4745
REC_02977,Mumbai,Maharashtra,19.076,72.8777,coastal_heavy_monsoon,2022-12-29,2023-01-01,3,4.9,0.9,23.8,20.6,45.6,52.4,1007.6,0.0,5.6,0,1,4.0,3.1999999999999993,6.799999999999997,0,0,0,9.0,0.49999999999999994,0.8660254037844387,2.2344000000000004,0.4846
REC_02791,Mumbai,Maharashtra,19.076,72.8777,coastal_heavy_monsoon,2022-12-30,2023-01-08,9,7.4,8.6,18.6,14.4,45.3,43.1,1002.6,12.7,5.3,0,1,1.1999999999999993,4.200000000000001,2.1999999999999957,0,1,1,81.0,0.49999999999999994,0.8660254037844387,3.3522,0.4809
REC_00376,Mumbai,Maharashtra,19.076,72.8777,coastal_heavy_monsoon,2022-12-30,2023-01-09,10,1.0,0.0,25.6,19.2,62.0,56.5,1013.9,10.6,9.6,0,1,1.0,6.400000000000002,5.5,0,1,1,100.0,0.49999999999999994,0.8660254037844387,0.62,0.4848
REC_01617,Krishna District,Andhra Pradesh,16.5062,80.648,coastal_humid,2022-12-31,2023-01-08,8,5.0,2.0,29.7,33.1,55.4,60.2,1004.6,0.0,10.1,0,1,3.0,3.400000000000002,4.800000000000004,0,0,0,64.0,0.49999999999999994,0.8660254037844387,2.77,0.3913
REC_01806,Krishna District,Andhra Pradesh,16.5062,80.648,coastal_humid,2022-12-31,2023-01-10,10,4.4,23.6,24.4,26.2,65.9,53.8,1003.9,1.8,2.6,0,1,19.200000000000003,1.8000000000000007,12.100000000000009,0,0,0,100.0,0.49999999999999994,0.8660254037844387,2.8996000000000004,0.3879
REC_01280,Visakhapatnam,Andhra Pradesh,17.6868,83.2185,coastal_cyclonic,2023-01-01,2023-01-11,10,0.8,0.0,22.8,27.5,66.5,84.7,1008.8,0.0,10.6,0,1,0.8,4.699999999999999,18.200000000000003,0,1,1,100.0,0.49999999999999994,0.8660254037844387,0.532,0.471
REC_00886,Visakhapatnam,Andhra Pradesh,17.6868,83.2185,coastal_cyclonic,2023-01-01,2023-01-11,10,0.3,46.0,24.6,22.2,56.4,55.1,1004.7,23.8,23.6,0,1,45.7,2.400000000000002,1.2999999999999972,1,0,1,100.0,0.49999999999999994,0.8660254037844387,0.1692,0.4748
REC_01682,Hyderabad,Telangana,17.385,78.4867,semi_arid,2023-01-01,2023-01-10,9,1.1,28.5,18.7,18.4,44.9,40.2,1015.5,22.6,21.5,0,1,27.4,0.3000000000000007,4.699999999999996,1,0,1,81.0,0.49999999999999994,0.8660254037844387,0.4939,0.3165
REC_02417,Krishna District,Andhra Pradesh,16.5062,80.648,coastal_humid,2023-01-01,2023-01-09,8,0.8,0.0,24.3,27.1,53.0,46.6,1000.7,0.0,3.5,0,1,0.8,2.8000000000000007,6.399999999999999,0,0,0,64.0,0.49999999999999994,0.8660254037844387,0.42400000000000004,0.3846
REC_02948,Visakhapatnam,Andhra Pradesh,17.6868,83.2185,coastal_cyclonic,2023-01-01,2023-01-05,4,2.3,1.5,23.0,22.0,63.2,62.5,1003.5,0.0,2.7,0,1,0.7999999999999998,1.0,0.7000000000000028,0,0,0,16.0,0.49999999999999994,0.8660254037844387,1.4535999999999998,0.4786
REC_01056,Hyderabad,Telangana,17.385,78.4867,semi_arid,2023-01-01,2023-01-05,4,1.0,0.0,26.2,25.8,50.9,41.9,1009.0,0.0,7.2,0,1,1.0,0.3999999999999986,9.0,0,0,0,16.0,0.49999999999999994,0.8660254037844387,0.509,0.3214
REC_02986,Mumbai,Maharashtra,19.076,72.8777,coastal_heavy_monsoon,2023-01-01,2023-01-03,2,1.1,0.0,26.1,25.5,58.1,60.0,1007.6,0.0,1.8,0,1,1.1,0.6000000000000014,1.8999999999999986,0,0,0,4.0,0.49999999999999994,0.8660254037844387,0.6391,0.4887
REC_03296,Hyderabad,Telangana,17.385,78.4867,semi_arid,2023-01-01,2023-01-05,4,6.0,0.0,28.1,25.6,59.8,62.6,1003.1,5.4,0.5,0,1,6.0,2.5,2.8000000000000043,0,0,0,16.0,0.49999999999999994,0.8660254037844387,3.5879999999999996,0.3191
REC_02935,Delhi,NCR,28.6139,77.209,continental_subtropical,2023-01-02,2023-01-06,4,0.4,11.1,29.0,29.2,51.9,45.9,1007.6,0.0,2.0,0,1,10.7,0.1999999999999993,6.0,0,0,0,16.0,0.49999999999999994,0.8660254037844387,0.2076,0.2446
REC_01345,Hyderabad,Telangana,17.385,78.4867,semi_arid,2023-01-02,2023-01-08,6,6.6,48.1,29.5,27.9,60.4,60.3,1011.3,21.9,15.3,0,1,41.5,1.6000000000000014,0.10000000000000142,1,0,1,36.0,0.49999999999999994,0.8660254037844387,3.9863999999999997,0.3169
REC_01491,Delhi,NCR,28.6139,77.209,continental_subtropical,2023-01-02,2023-01-09,7,0.3,0.0,23.8,25.6,61.3,56.0,1013.4,14.7,14.4,0,1,0.3,1.8000000000000007,5.299999999999997,0,0,0,49.0,0.49999999999999994,0.8660254037844387,0.18389999999999998,0.2429
REC_03348,Krishna District,Andhra Pradesh,16.5062,80.648,coastal_humid,2023-01-02,2023-01-09,7,1.2,0.0,24.3,23.8,60.4,35.8,1000.6,0.0,7.1,0,1,1.2,0.5,24.6,0,0,0,49.0,0.49999999999999994,0.8660254037844387,0.7247999999999999,0.3814
REC_01923,Visakhapatnam,Andhra Pradesh,17.6868,83.2185,coastal_cyclonic,2023-01-02,2023-01-12,10,2.1,0.0,23.0,21.3,51.9,51.6,1001.4,28.4,26.3,0,1,2.1,1.6999999999999993,0.29999999999999716,0,0,0,100.0,0.49999999999999994,0.8660254037844387,1.0898999999999999,0.4752
REC_02882,Krishna District,Andhra Pradesh,16.5062,80.648,coastal_humid,2023-01-03,2023-01-12,9,3.2,35.5,25.9,22.6,57.9,61.4,1008.1,7.4,4.2,0,1,32.3,3.299999999999997,3.5,1,0,1,81.0,0.49999999999999994,0.8660254037844387,1.8528,0.3782
REC_00055,Bengaluru,Karnataka,12.9716,77.5946,plateau_temperate,2023-01-03,2023-01-12,9,2.2,0.0,24.5,23.6,64.2,83.3,1012.1,0.0,2.3,0,1,2.2,0.8999999999999986,19.099999999999994,0,0,0,81.0,0.49999999999999994,0.8660254037844387,1.4124,0.2707
REC_01986,Krishna District,Andhra Pradesh,16.5062,80.648,coastal_humid,2023-01-03,2023-01-12,9,3.5,58.3,20.5,24.5,59.8,40.2,1002.1,8.4,4.9,0,1,54.8,4.0,19.599999999999994,1,1,1,81.0,0.49999999999999994,0.8660254037844387,2.093,0.3833
REC_01098,Visakhapatnam,Andhra Pradesh,17.6868,83.2185,coastal_cyclonic,2023-01-03,2023-01-07,4,0.9,2.6,21.4,20.7,59.2,73.8,1008.0,0.0,4.6,0,1,1.7000000000000002,0.6999999999999993,14.599999999999994,0,0,0,16.0,0.49999999999999994,0.8660254037844387,0.5328,0.4718
REC_03219,Delhi,NCR,28.6139,77.209,continental_subtropical,2023-01-03,2023-01-10,7,3.6,0.0,21.2,17.0,55.5,42.2,1005.9,1.8,1.9,0,1,3.6,4.199999999999999,13.299999999999997,0,1,1,49.0,0.49999999999999994,0.8660254037844387,1.9980000000000002,0.2411
REC_01195,Visakhapatnam,Andhra Pradesh,17.6868,83.2185,coastal_cyclonic,2023-01-03,2023-01-04,1,3.3,2.6,19.0,18.0,69.9,68.9,1012.4,2.9,0.4,0,1,0.6999999999999997,1.0,1.0,0,0,0,1.0,0.49999999999999994,0.8660254037844387,2.3067,0.4685
REC_01793,Delhi,NCR,28.6139,77.209,continental_subtropical,2023-01-04,2023-01-05,1,1.3,4.0,20.5,21.1,57.7,56.0,1005.9,0.2,1.1,0,1,2.7,0.6000000000000014,1.7000000000000028,0,0,0,1.0,0.49999999999999994,0.8660254037844387,0.7501000000000001,0.2465
REC_02574,Delhi,NCR,28.6139,77.209,continental_subtropical,2023-01-04,2023-01-14,10,1.5,0.0,22.0,23.9,57.4,38.9,1007.1,0.0,4.9,0,1,1.5,1.8999999999999986,18.5,0,0,0,100.0,0.49999999999999994,0.8660254037844387,0.861,0.2448
REC_00928,Delhi,NCR,28.6139,77.209,continental_subtropical,2023-01-05,2023-01-08,3,2.9,7.8,17.9,17.1,44.7,53.4,1006.4,2.8,0.0,0,1,4.9,0.7999999999999972,8.699999999999996,0,0,0,9.0,0.49999999999999994,0.8660254037844387,1.2963,0.2431
REC_00098,Mumbai,Maharashtra,19.076,72.8777,coastal_heavy_monsoon,2023-01-05,2023-01-14,9,1.9,19.7,18.7,16.7,58.9,60.5,1008.7,13.9,11.9,0,1,17.8,2.0,1.6000000000000014,0,0,0,81.0,0.49999999999999994,0.8660254037844387,1.1191,0.4851
REC_02192,Bengaluru,Karnataka,12.9716,77.5946,plateau_temperate,2023-01-06,2023-01-15,9,11.5,88.4,18.9,18.9,53.8,49.9,997.7,17.6,6.1,0,1,76.9,0.0,3.8999999999999986,1,0,1,81.0,0.49999999999999994,0.8660254037844387,6.186999999999999,0.2687
REC_00176,Delhi,NCR,28.6139,77.209,continental_subtropical,2023-01-06,2023-01-08,2,1.9,0.6,21.4,20.7,44.0,48.6,1001.5,0.0,2.9,0,1,1.2999999999999998,0.6999999999999993,4.600000000000001,0,0,0,4.0,0.49999999999999994,0.8660254037844387,0.836,0.2414
REC_00854,Delhi,NCR,28.6139,77.209,continental_subtropical,2023-01-06,2023-01-10,4,1.6,3.6,20.6,21.1,59.4,57.1,1004.3,0.0,5.4,0,1,2.0,0.5,2.299999999999997,0,0,0,16.0,0.49999999999999994,0.8660254037844387,0.9504,0.2397
REC_02252,Mumbai,Maharashtra,19.076,72.8777,coastal_heavy_monsoon,2023-01-06,2023-01-11,5,6.1,0.0,26.5,25.2,57.3,52.8,1009.3,20.8,14.7,0,1,6.1,1.3000000000000007,4.5,0,0,0,25.0,0.49999999999999994,0.8660254037844387,3.4953,0.4815
REC_03280,Mumbai,Maharashtra,19.076,72.8777,coastal_heavy_monsoon,2023-01-06,2023-01-11,5,0.4,9.3,24.0,24.4,52.0,49.8,1008.7,3.0,2.6,0,1,8.9,0.3999999999999986,2.200000000000003,0,0,0,25.0,0.49999999999999994,0.8660254037844387,0.20800000000000002,0.4779
REC_01440,Krishna District,Andhra Pradesh,16.5062,80.648,coastal_humid,2023-01-06,2023-01-15,9,0.7,32.0,22.4,23.4,54.6,65.0,1002.5,0.0,4.4,0,1,31.3,1.0,10.399999999999999,1,0,1,81.0,0.49999999999999994,0.8660254037844387,0.3822,0.3884
REC_00601,Visakhapatnam,Andhra Pradesh,17.6868,83.2185,coastal_cyclonic,2023-01-07,2023-01-17,10,2.9,0.0,20.5,17.6,48.7,39.6,1011.6,0.0,18.0,0,1,2.9,2.8999999999999986,9.100000000000001,0,0,0,100.0,0.49999999999999994,0.8660254037844387,1.4122999999999999,0.4653
REC_01262,Bengaluru,Karnataka,12.9716,77.5946,plateau_temperate,2023-01-07,2023-01-15,8,0.3,13.4,21.7,19.6,57.1,55.3,1009.0,10.2,9.9,0,1,13.1,2.099999999999998,1.8000000000000043,0,0,0,64.0,0.49999999999999994,0.8660254037844387,0.17129999999999998,0.2741
REC_03240,Visakhapatnam,Andhra Pradesh,17.6868,83.2185,coastal_cyclonic,2023-01-07,2023-01-10,3,0.1,0.0,30.5,29.0,44.6,47.4,1004.1,0.0,0.5,0,1,0.1,1.5,2.799999999999997,0,0,0,9.0,0.49999999999999994,0.8660254037844387,0.0446,0.4621
REC_02337,Mumbai,Maharashtra,19.076,72.8777,coastal_heavy_monsoon,2023-01-07,2023-01-12,5,2.8,16.7,24.7,22.6,49.6,42.6,1011.0,3.1,0.3,0,1,13.899999999999999,2.099999999999998,7.0,0,0,0,25.0,0.49999999999999994,0.8660254037844387,1.3888,0.4745
REC_03357,Visakhapatnam,Andhra Pradesh,17.6868,83.2185,coastal_cyclonic,2023-01-08,2023-01-14,6,10.0,0.0,27.5,25.3,60.1,43.5,1004.5,13.5,3.5,0,1,10.0,2.1999999999999993,16.6,0,0,0,36.0,0.49999999999999994,0.8660254037844387,6.01,0.4589
REC_00084,Hyderabad,Telangana,17.385,78.4867,semi_arid,2023-01-09,2023-01-10,1,1.6,7.0,20.0,19.8,53.2,49.6,1010.8,0.1,1.5,0,1,5.4,0.1999999999999993,3.6000000000000014,0,0,0,1.0,0.49999999999999994,0.8660254037844387,0.8512000000000001,0.3217
REC_00714,Mumbai,Maharashtra,19.076,72.8777,coastal_heavy_monsoon,2023-01-09,2023-01-10,1,0.9,3.9,23.2,23.4,55.3,52.1,1010.8,0.0,0.9,0,1,3.0,0.1999999999999993,3.1999999999999957,0,0,0,1.0,0.49999999999999994,0.8660254037844387,0.4977,0.471
REC_02187,Mumbai,Maharashtra,19.076,72.8777,coastal_heavy_monsoon,2023-01-09,2023-01-13,4,1.0,0.0,15.0,14.1,51.8,48.2,1019.1,0.0,6.2,0,1,1.0,0.9000000000000004,3.5999999999999943,0,0,0,16.0,0.49999999999999994,0.8660254037844387,0.518,0.4676
REC_00733,Mumbai,Maharashtra,19.076,72.8777,coastal_heavy_monsoon,2023-01-09,2023-01-17,8,3.3,6.3,27.8,26.7,52.9,51.3,1000.8,0.1,3.2,0,1,3.0,1.1000000000000014,1.6000000000000014,0,0,0,64.0,0.49999999999999994,0.8660254037844387,1.7457,0.4643
REC_00697,Delhi,NCR,28.6139,77.209,continental_subtropical,2023-01-10,2023-01-20,10,1.9,0.0,23.5,26.6,35.8,41.6,1002.2,8.6,6.7,0,1,1.9,3.1000000000000014,5.800000000000004,0,0,0,100.0,0.49999999999999994,0.8660254037844387,0.6801999999999999,0.2381
REC_01474,Hyderabad,Telangana,17.385,78.4867,semi_arid,2023-01-10,2023-01-20,10,2.2,12.1,27.0,28.1,45.2,50.7,1004.3,15.3,13.1,0,1,9.899999999999999,1.1000000000000014,5.5,0,0,0,100.0,0.49999999999999994,0.8660254037844387,0.9944000000000002,0.3194
REC_01314,Hyderabad,Telangana,17.385,78.4867,semi_arid,2023-01-10,2023-01-20,10,7.2,43.0,25.8,28.2,51.5,49.3,1007.9,6.5,0.6,0,1,35.8,2.3999999999999986,2.200000000000003,1,0,1,100.0,0.49999999999999994,0.8660254037844387,3.708,0.3172
REC_03120,Mumbai,Maharashtra,19.076,72.8777,coastal_heavy_monsoon,2023-01-10,2023-01-20,10,1.5,2.9,24.7,27.4,61.8,49.8,1008.7,0.9,0.6,0,1,1.4,2.6999999999999993,12.0,0,0,0,100.0,0.49999999999999994,0.8660254037844387,0.9269999999999999,0.461
REC_00757,Krishna District,Andhra Pradesh,16.5062,80.648,coastal_humid,2023-01-10,2023-01-19,9,5.1,0.0,16.5,14.1,57.5,55.2,1016.4,5.6,0.5,0,1,5.1,2.4000000000000004,2.299999999999997,0,0,0,81.0,0.49999999999999994,0.8660254037844387,2.9325,0.3934
REC_02698,Bengaluru,Karnataka,12.9716,77.5946,plateau_temperate,2023-01-10,2023-01-15,5,1.4,17.9,20.5,17.1,65.1,82.2,1010.4,5.6,4.1,0,1,16.5,3.3999999999999986,17.10000000000001,0,0,0,25.0,0.49999999999999994,0.8660254037844387,0.9113999999999999,0.2721
REC_02290,Bengaluru,Karnataka,12.9716,77.5946,plateau_temperate,2023-01-10,2023-01-13,3,0.8,1.5,23.4,24.0,41.8,44.3,1004.1,0.4,0.4,0,1,0.7,0.6000000000000014,2.5,0,0,0,9.0,0.49999999999999994,0.8660254037844387,0.3344,0.2701
REC_01581,Delhi,NCR,28.6139,77.209,continental_subtropical,2023-01-10,2023-01-12,2,0.7,6.2,22.3,21.7,62.5,65.9,1011.2,0.3,0.3,0,1,5.5,0.6000000000000014,3.4000000000000057,0,0,0,4.0,0.49999999999999994,0.8660254037844387,0.4375,0.2365
REC_00199,Mumbai,Maharashtra,19.076,72.8777,coastal_heavy_monsoon,2023-01-10,2023-01-18,8,4.2,13.2,25.1,24.4,56.0,46.2,1004.1,14.8,10.7,0,1,9.0,0.7000000000000028,9.799999999999997,0,0,0,64.0,0.49999999999999994,0.8660254037844387,2.3520000000000003,0.4577
REC_02696,Visakhapatnam,Andhra Pradesh,17.6868,83.2185,coastal_cyclonic,2023-01-11,2023-01-15,4,3.1,0.0,27.7,30.7,55.7,54.1,1009.3,0.0,7.3,0,1,3.1,3.0,1.6000000000000014,0,0,0,16.0,0.49999999999999994,0.8660254037844387,1.7267000000000001,0.4558
REC_03134,Hyderabad,Telangana,17.385,78.4867,semi_arid,2023-01-11,2023-01-16,5,1.7,16.9,29.7,27.4,38.4,44.3,1010.7,0.0,3.6,0,1,15.2,2.3000000000000007,5.899999999999999,0,0,0,25.0,0.49999999999999994,0.8660254037844387,0.6528,0.3219
REC_01378,Krishna District,Andhra Pradesh,16.5062,80.648,coastal_humid,2023-01-11,2023-01-19,8,1.9,36.4,29.9,32.7,61.4,77.0,1016.0,0.0,14.8,0,1,34.5,2.8000000000000043,15.600000000000001,1,0,1,64.0,0.49999999999999994,0.8660254037844387,1.1665999999999999,0.3902
REC_00061,Mumbai,Maharashtra,19.076,72.8777,coastal_heavy_monsoon,2023-01-12,2023-01-13,1,0.1,0.0,25.5,26.0,64.6,62.9,1011.4,0.6,0.5,0,1,0.1,0.5,1.6999999999999957,0,0,0,1.0,0.49999999999999994,0.8660254037844387,0.0646,0.4545
REC_02032,Bengaluru,Karnataka,12.9716,77.5946,plateau_temperate,2023-01-12,2023-01-14,2,6.5,1.4,19.3,21.8,60.1,56.6,1002.9,8.0,1.5,0,1,5.1,2.5,3.5,0,0,0,4.0,0.49999999999999994,0.8660254037844387,3.9065000000000003,0.2681
REC_02039,Hyderabad,Telangana,17.385,78.4867,semi_arid,2023-01-12,2023-01-17,5,4.6,0.0,25.0,24.1,62.9,63.4,1010.0,0.0,6.9,0,1,4.6,0.8999999999999986,0.5,0,0,0,25.0,0.49999999999999994,0.8660254037844387,2.8933999999999997,0.3197
REC_03137,Bengaluru,Karnataka,12.9716,77.5946,plateau_temperate,2023-01-12,2023-01-18,6,1.5,0.0,23.8,26.5,59.2,43.4,1010.5,0.5,1.0,0,1,1.5,2.6999999999999993,15.800000000000004,0,0,0,36.0,0.49999999999999994,0.8660254037844387,0.8880000000000001,0.2662
REC_01616,Hyderabad,Telangana,17.385,78.4867,semi_arid,2023-01-13,2023-01-23,10,13.8,8.2,19.2,18.6,56.8,43.2,1002.3,0.0,30.8,0,1,5.600000000000001,0.5999999999999979,13.599999999999994,0,0,0,100.0,0.49999999999999994,0.8660254037844387,7.8384,0.3176
REC_01347,Visakhapatnam,Andhra Pradesh,17.6868,83.2185,coastal_cyclonic,2023-01-13,2023-01-23,10,1.6,31.0,25.9,24.1,58.5,57.3,1004.4,26.9,25.3,0,1,29.4,1.7999999999999972,1.2000000000000028,1,0,1,100.0,0.49999999999999994,0.8660254037844387,0.936,0.4527
REC_02597,Delhi,NCR,28.6139,77.209,continental_subtropical,2023-01-13,2023-01-17,4,0.3,0.0,26.1,28.8,55.7,59.1,1010.0,3.0,2.7,0,1,0.3,2.6999999999999993,3.3999999999999986,0,0,0,16.0,0.49999999999999994,0.8660254037844387,0.1671,0.2349
REC_00359,Mumbai,Maharashtra,19.076,72.8777,coastal_heavy_monsoon,2023-01-13,2023-01-15,2,2.6,0.0,20.5,20.5,55.1,46.8,1002.3,1.1,1.5,0,1,2.6,0.0,8.300000000000004,0,0,0,4.0,0.49999999999999994,0.8660254037844387,1.4326,0.4514
REC_01052,Mumbai,Maharashtra,19.076,72.8777,coastal_heavy_monsoon,2023-01-13,2023-01-23,10,7.0,0.0,27.8,28.0,29.1,15.0,1009.2,7.1,0.0,0,1,7.0,0.1999999999999993,14.100000000000001,0,0,0,100.0,0.49999999999999994,0.8660254037844387,2.0370000000000004,0.4483
REC_00128,Bengaluru,Karnataka,12.9716,77.5946,plateau_temperate,2023-01-14,2023-01-18,4,0.0,0.0,29.3,27.5,56.7,54.8,999.8,1.2,1.2,0,1,0.0,1.8000000000000007,1.9000000000000057,0,0,0,16.0,0.49999999999999994,0.8660254037844387,0.0,0.2643
REC_03338,Delhi,NCR,28.6139,77.209,continental_subtropical,2023-01-14,2023-01-19,5,4.1,0.0,24.0,18.9,51.3,61.8,1006.5,5.2,1.0,0,1,4.1,5.100000000000001,10.5,0,1,1,25.0,0.49999999999999994,0.8660254037844387,2.1033,0.2333
REC_03008,Bengaluru,Karnataka,12.9716,77.5946,plateau_temperate,2023-01-14,2023-01-21,7,1.9,5.6,21.6,25.0,55.7,64.5,1008.5,3.3,1.4,0,1,3.6999999999999997,3.3999999999999986,8.799999999999997,0,0,0,49.0,0.49999999999999994,0.8660254037844387,1.0583,0.2624
REC_00130,Visakhapatnam,Andhra Pradesh,17.6868,83.2185,coastal_cyclonic,2023-01-15,2023-01-16,1,6.1,2.7,25.1,26.1,62.2,62.8,1010.5,5.3,0.8,0,1,3.3999999999999995,1.0,0.5999999999999943,0,0,0,1.0,0.49999999999999994,0.8660254037844387,3.7942,0.4564
REC_03313,Visakhapatnam,Andhra Pradesh,17.6868,83.2185,coastal_cyclonic,2023-01-15,2023-01-23,8,0.4,12.0,23.2,21.3,55.8,78.1,1007.8,13.9,13.5,0,1,11.6,1.8999999999999986,22.299999999999997,0,0,0,64.0,0.49999999999999994,0.8660254037844387,0.2232,0.4533
REC_01246,Mumbai,Maharashtra,19.076,72.8777,coastal_heavy_monsoon,2023-01-15,2023-01-24,9,4.7,5.4,25.2,22.5,52.4,48.6,1009.0,3.2,1.4,0,1,0.7000000000000002,2.6999999999999993,3.799999999999997,0,0,0,81.0,0.49999999999999994,0.8660254037844387,2.4628,0.4452
REC_03403,Krishna District,Andhra Pradesh,16.5062,80.648,coastal_humid,2023-01-16,2023-01-17,1,0.6,0.0,23.9,23.7,39.6,35.7,1013.5,0.3,0.3,0,1,0.6,0.1999999999999993,3.8999999999999986,0,0,0,1.0,0.49999999999999994,0.8660254037844387,0.2376,0.3952
REC_02393,Delhi,NCR,28.6139,77.209,continental_subtropical,2023-01-16,2023-01-19,3,2.1,11.7,21.1,21.6,46.4,42.1,1005.9,3.5,1.3,0,1,9.6,0.5,4.299999999999997,0,0,0,9.0,0.49999999999999994,0.8660254037844387,0.9743999999999999,0.2384
REC_00194,Hyderabad,Telangana,17.385,78.4867,semi_arid,2023-01-16,2023-01-18,2,1.7,5.6,21.3,20.2,54.3,62.5,1007.5,0.0,3.0,0,1,3.8999999999999995,1.1000000000000014,8.200000000000003,0,0,0,4.0,0.49999999999999994,0.8660254037844387,0.9230999999999999,0.3154
REC_03162,Krishna District,Andhra Pradesh,16.5062,80.648,coastal_humid,2023-01-16,2023-01-17,1,1.2,0.0,21.5,21.1,65.0,59.1,1010.0,2.2,1.0,0,1,1.2,0.3999999999999986,5.899999999999999,0,0,0,1.0,0.49999999999999994,0.8660254037844387,0.78,0.392
REC_02452,Mumbai,Maharashtra,19.076,72.8777,coastal_heavy_monsoon,2023-01-16,2023-01-24,8,1.9,7.9,29.1,24.4,63.5,65.3,1010.4,1.1,0.9,0,1,6.0,4.700000000000003,1.7999999999999972,0,1,1,64.0,0.49999999999999994,0.8660254037844387,1.2065,0.4422
REC_02614,Delhi,NCR,28.6139,77.209,continental_subtropical,2023-01-16,2023-01-17,1,2.4,1.3,24.0,23.4,61.7,62.5,1007.3,2.6,0.3,0,1,1.0999999999999999,0.6000000000000014,0.7999999999999972,0,0,0,1.0,0.49999999999999994,0.8660254037844387,1.4808000000000001,0.2368
REC_02327,Mumbai,Maharashtra,19.076,72.8777,coastal_heavy_monsoon,2023-01-16,2023-01-17,1,3.3,8.8,26.5,26.9,48.4,50.5,1006.7,4.2,0.9,0,1,5.500000000000001,0.3999999999999986,2.1000000000000014,0,0,0,1.0,0.49999999999999994,0.8660254037844387,1.5972,0.4459
REC_00498,Hyderabad,Telangana,17.385,78.4867,semi_arid,2023-01-16,2023-01-17,1,0.5,4.9,23.4,22.3,57.6,58.1,1014.6,0.4,0.1,0,1,4.4,1.0999999999999979,0.5,0,0,0,1.0,0.49999999999999994,0.8660254037844387,0.28800000000000003,0.3133
REC_03124,Visakhapatnam,Andhra Pradesh,17.6868,83.2185,coastal_cyclonic,2023-01-16,2023-01-17,1,2.0,6.0,23.5,24.3,47.1,48.7,1004.5,2.5,0.5,0,1,4.0,0.8000000000000007,1.6000000000000014,0,0,0,1.0,0.49999999999999994,0.8660254037844387,0.9420000000000001,0.4503
REC_00876,Hyderabad,Telangana,17.385,78.4867,semi_arid,2023-01-17,2023-01-26,9,1.6,0.0,22.2,17.2,58.5,60.8,1002.3,13.3,11.7,0,1,1.6,5.0,2.299999999999997,0,1,1,81.0,0.49999999999999994,0.8660254037844387,0.936,0.3113
REC_00264,Mumbai,Maharashtra,19.076,72.8777,coastal_heavy_monsoon,2023-01-17,2023-01-20,3,6.7,5.5,22.0,22.4,61.8,58.5,1007.5,5.4,1.3,0,1,1.2000000000000002,0.3999999999999986,3.299999999999997,0,0,0,9.0,0.49999999999999994,0.8660254037844387,4.1406,0.443
REC_00059,Visakhapatnam,Andhra Pradesh,17.6868,83.2185,coastal_cyclonic,2023-01-17,2023-01-19,2,0.6,0.0,26.2,25.7,52.7,49.1,1016.2,1.2,0.6,0,1,0.6,0.5,3.6000000000000014,0,0,0,4.0,0.49999999999999994,0.8660254037844387,0.31620000000000004,0.4474
REC_01970,Mumbai,Maharashtra,19.076,72.8777,coastal_heavy_monsoon,2023-01-18,2023-01-19,1,0.7,8.9,26.9,27.1,56.0,57.5,1011.0,1.8,1.1,0,1,8.200000000000001,0.20000000000000284,1.5,0,0,0,1.0,0.49999999999999994,0.8660254037844387,0.39199999999999996,0.44
REC_01088,Hyderabad,Telangana,17.385,78.4867,semi_arid,2023-01-18,2023-01-23,5,0.7,0.0,23.8,28.5,58.8,48.0,1005.7,0.0,1.0,0,1,0.7,4.699999999999999,10.799999999999997,0,1,1,25.0,0.49999999999999994,0.8660254037844387,0.41159999999999997,0.3158
REC_02618,Delhi,NCR,28.6139,77.209,continental_subtropical,2023-01-18,2023-01-25,7,2.2,0.0,20.2,20.5,58.5,57.0,1010.6,20.2,18.1,0,1,2.2,0.3000000000000007,1.5,0,0,0,49.0,0.49999999999999994,0.8660254037844387,1.2870000000000001,0.2353
REC_00251,Mumbai,Maharashtra,19.076,72.8777,coastal_heavy_monsoon,2023-01-18,2023-01-27,9,2.6,33.5,27.6,26.9,52.3,50.6,1009.7,0.0,20.8,0,1,30.9,0.7000000000000028,1.6999999999999957,1,0,1,81.0,0.49999999999999994,0.8660254037844387,1.3598,0.4371
REC_02198,Bengaluru,Karnataka,12.9716,77.5946,plateau_temperate,2023-01-18,2023-01-27,9,0.8,39.3,26.4,25.5,45.6,15.0,1003.6,12.0,11.2,0,1,38.5,0.8999999999999986,30.6,1,0,1,81.0,0.49999999999999994,0.8660254037844387,0.3648,0.2606
REC_01460,Hyderabad,Telangana,17.385,78.4867,semi_arid,2023-01-18,2023-01-28,10,1.2,42.8,25.6,24.3,58.0,79.5,1010.3,13.5,12.3,0,1,41.599999999999994,1.3000000000000007,21.5,1,0,1,100.0,0.49999999999999994,0.8660254037844387,0.696,0.3203
REC_03447,Hyderabad,Telangana,17.385,78.4867,semi_arid,2023-01-18,2023-01-28,10,3.0,0.0,28.2,24.6,45.5,81.4,1009.6,9.7,6.7,0,1,3.0,3.599999999999998,35.900000000000006,0,1,1,100.0,0.49999999999999994,0.8660254037844387,1.365,0.3247
REC_02172,Delhi,NCR,28.6139,77.209,continental_subtropical,2023-01-19,2023-01-24,5,1.2,0.0,22.9,20.8,52.2,50.7,1012.1,5.8,4.6,0,1,1.2,2.099999999999998,1.5,0,0,0,25.0,0.49999999999999994,0.8660254037844387,0.6264,0.2338
REC_00239,Hyderabad,Telangana,17.385,78.4867,semi_arid,2023-01-19,2023-01-25,6,7.5,42.3,18.5,20.5,49.5,40.4,1000.7,0.0,9.6,0,1,34.8,2.0,9.100000000000001,1,0,1,36.0,0.49999999999999994,0.8660254037844387,3.7125,0.329
REC_00017,Delhi,NCR,28.6139,77.209,continental_subtropical,2023-01-20,2023-01-25,5,0.3,0.4,22.5,21.7,62.4,67.6,1014.8,0.0,5.7,0,1,0.10000000000000003,0.8000000000000007,5.199999999999996,0,0,0,25.0,0.49999999999999994,0.8660254037844387,0.18719999999999998,0.2323
REC_01521,Hyderabad,Telangana,17.385,78.4867,semi_arid,2023-01-20,2023-01-26,6,0.1,0.0,21.0,21.1,57.6,52.1,1010.2,11.0,10.9,0,1,0.1,0.10000000000000142,5.5,0,0,0,36.0,0.49999999999999994,0.8660254037844387,0.057600000000000005,0.3333
REC_02709,Hyderabad,Telangana,17.385,78.4867,semi_arid,2023-01-20,2023-01-22,2,1.5,11.6,25.1,26.4,44.5,40.5,1014.8,0.0,2.3,0,1,10.1,1.2999999999999972,4.0,0,0,0,4.0,0.49999999999999994,0.8660254037844387,0.6675,0.3312
REC_03081,Visakhapatnam,Andhra Pradesh,17.6868,83.2185,coastal_cyclonic,2023-01-21,2023-01-23,2,4.1,11.2,17.8,16.2,47.2,40.8,1008.8,4.3,0.1,0,1,7.1,1.6000000000000014,6.400000000000006,0,0,0,4.0,0.49999999999999994,0.8660254037844387,1.9351999999999998,0.4444
REC_00273,Krishna District,Andhra Pradesh,16.5062,80.648,coastal_humid,2023-01-21,2023-01-31,10,2.2,0.0,23.3,24.3,56.5,70.4,1011.9,14.1,11.8,0,1,2.2,1.0,13.900000000000006,0,0,0,100.0,0.49999999999999994,0.8660254037844387,1.243,0.3889
REC_02662,Delhi,NCR,28.6139,77.209,continental_subtropical,2023-01-22,2023-01-30,8,0.7,43.1,27.5,19.2,56.4,42.0,999.5,0.0,7.9,0,1,42.4,8.3,14.399999999999999,1,1,1,64.0,0.49999999999999994,0.8660254037844387,0.3948,0.2308
REC_01721,Visakhapatnam,Andhra Pradesh,17.6868,83.2185,coastal_cyclonic,2023-01-23,2023-01-24,1,1.9,9.8,24.5,26.1,57.4,56.2,1010.8,1.7,0.2,0,1,7.9,1.6000000000000014,1.1999999999999957,0,0,0,1.0,0.49999999999999994,0.8660254037844387,1.0905999999999998,0.4416
REC_02213,Bengaluru,Karnataka,12.9716,77.5946,plateau_temperate,2023-01-23,2023-01-26,3,0.7,0.0,23.2,24.3,52.4,45.6,1015.2,6.0,5.3,0,1,0.7,1.1000000000000014,6.799999999999997,0,0,0,9.0,0.49999999999999994,0.8660254037844387,0.3668,0.2657
REC_01217,Delhi,NCR,28.6139,77.209,continental_subtropical,2023-01-23,2023-01-31,8,2.1,0.0,27.6,28.4,49.0,51.2,1012.2,0.6,1.5,0,1,2.1,0.7999999999999972,2.200000000000003,0,0,0,64.0,0.49999999999999994,0.8660254037844387,1.0290000000000001,0.2357
REC_01624,Delhi,NCR,28.6139,77.209,continental_subtropical,2023-01-23,2023-02-01,9,1.5,0.0,26.5,25.0,35.3,37.0,1007.4,0.0,16.3,0,2,1.5,1.5,1.7000000000000028,0,0,0,81.0,0.8660254037844386,0.5000000000000001,0.5295,0.2342
REC_02430,Bengaluru,Karnataka,12.9716,77.5946,plateau_temperate,2023-01-24,2023-01-25,1,1.8,5.6,25.9,26.5,52.2,52.3,1001.3,1.3,0.6,0,1,3.8,0.6000000000000014,0.09999999999999432,0,0,0,1.0,0.49999999999999994,0.8660254037844387,0.9396000000000001,0.2639
REC_00850,Bengaluru,Karnataka,12.9716,77.5946,plateau_temperate,2023-01-24,2023-01-31,7,8.0,2.0,25.8,19.0,63.7,65.7,1017.5,22.5,14.4,0,1,6.0,6.800000000000001,2.0,0,1,1,49.0,0.49999999999999994,0.8660254037844387,5.096,0.2621
REC_01452,Delhi,NCR,28.6139,77.209,continental_subtropical,2023-01-24,2023-02-03,10,0.1,33.7,28.4,33.8,55.9,59.4,1006.2,4.4,4.4,0,2,33.6,5.399999999999999,3.5,1,1,1,100.0,0.8660254037844386,0.5000000000000001,0.0559,0.2327
REC_02531,Bengaluru,Karnataka,12.9716,77.5946,plateau_temperate,2023-01-25,2023-02-01,7,0.5,13.9,24.6,25.1,61.8,39.5,1008.4,3.7,3.2,0,2,13.4,0.5,22.299999999999997,0,0,0,49.0,0.8660254037844386,0.5000000000000001,0.309,0.2671
REC_02804,Delhi,NCR,28.6139,77.209,continental_subtropical,2023-01-25,2023-02-03,9,0.1,6.0,21.5,27.1,67.5,60.1,1007.4,0.0,3.4,0,2,5.9,5.600000000000001,7.399999999999999,0,1,1,81.0,0.8660254037844386,0.5000000000000001,0.0675,0.2375
REC_01788,Mumbai,Maharashtra,19.076,72.8777,coastal_heavy_monsoon,2023-01-25,2023-01-30,5,1.2,8.7,20.2,21.1,59.8,56.7,1002.4,3.1,1.9,0,1,7.499999999999999,0.9000000000000021,3.0999999999999943,0,0,0,25.0,0.49999999999999994,0.8660254037844387,0.7175999999999999,0.4408
REC_01028,Mumbai,Maharashtra,19.076,72.8777,coastal_heavy_monsoon,2023-01-25,2023-01-28,3,4.2,4.0,24.7,27.0,57.6,62.7,1010.3,0.2,4.0,0,1,0.20000000000000018,2.3000000000000007,5.100000000000001,0,0,0,9.0,0.49999999999999994,0.8660254037844387,2.4192,0.4379
REC_01988,Mumbai,Maharashtra,19.076,72.8777,coastal_heavy_monsoon,2023-01-25,2023-01-27,2,0.0,1.7,20.9,17.7,47.9,46.7,1007.1,3.5,3.5,0,1,1.7,3.1999999999999993,1.1999999999999957,0,0,0,4.0,0.49999999999999994,0.8660254037844387,0.0,0.4351
REC_02805,Krishna District,Andhra Pradesh,16.5062,80.648,coastal_humid,2023-01-25,2023-01-26,1,1.0,0.0,24.5,24.7,51.8,53.0,1012.5,0.6,0.4,0,1,1.0,0.1999999999999993,1.2000000000000028,0,0,0,1.0,0.49999999999999994,0.8660254037844387,0.518,0.3858
REC_01647,Visakhapatnam,Andhra Pradesh,17.6868,83.2185,coastal_cyclonic,2023-01-25,2023-01-30,5,4.1,13.0,24.6,20.2,59.8,67.0,1007.8,2.9,1.2,0,1,8.9,4.400000000000002,7.200000000000003,0,1,1,25.0,0.49999999999999994,0.8660254037844387,2.4518,0.4387
REC_00996,Hyderabad,Telangana,17.385,78.4867,semi_arid,2023-01-26,2023-01-28,2,2.6,1.6,18.8,18.1,56.7,59.3,1010.5,1.2,1.4,0,1,1.0,0.6999999999999993,2.5999999999999943,0,0,0,4.0,0.49999999999999994,0.8660254037844387,1.4742000000000002,0.3291
REC_02706,Bengaluru,Karnataka,12.9716,77.5946,plateau_temperate,2023-01-26,2023-01-31,5,0.6,0.0,26.2,30.0,51.5,44.3,1007.2,12.8,12.3,0,1,0.6,3.8000000000000007,7.200000000000003,0,1,1,25.0,0.49999999999999994,0.8660254037844387,0.309,0.2653
REC_00358,Delhi,NCR,28.6139,77.209,continental_subtropical,2023-01-26,2023-02-03,8,1.3,55.3,25.0,23.8,54.7,58.2,1004.6,0.0,6.8,0,2,54.0,1.1999999999999993,3.5,1,0,1,64.0,0.8660254037844386,0.5000000000000001,0.7111,0.2422
REC_02720,Bengaluru,Karnataka,12.9716,77.5946,plateau_temperate,2023-01-26,2023-02-04,9,0.7,23.1,21.9,24.9,68.2,63.9,1011.0,0.0,18.2,0,2,22.400000000000002,3.0,4.300000000000004,0,0,0,81.0,0.8660254037844386,0.5000000000000001,0.47740000000000005,0.2703
REC_02348,Hyderabad,Telangana,17.385,78.4867,semi_arid,2023-01-27,2023-02-04,8,10.4,0.0,20.5,20.8,48.6,46.4,1015.3,0.0,25.9,0,2,10.4,0.3000000000000007,2.200000000000003,0,0,0,64.0,0.8660254037844386,0.5000000000000001,5.0544,0.327
REC_01699,Hyderabad,Telangana,17.385,78.4867,semi_arid,2023-01-28,2023-02-06,9,2.6,0.0,25.5,25.8,61.1,64.9,1009.0,16.7,14.1,0,2,2.6,0.3000000000000007,3.8000000000000043,0,0,0,81.0,0.8660254037844386,0.5000000000000001,1.5886000000000002,0.325
REC_00369,Bengaluru,Karnataka,12.9716,77.5946,plateau_temperate,2023-01-28,2023-02-03,6,0.8,54.7,23.8,20.8,62.1,80.0,1014.4,2.5,1.7,0,2,53.900000000000006,3.0,17.9,1,0,1,36.0,0.8660254037844386,0.5000000000000001,0.4968000000000001,0.2685
REC_00545,Krishna District,Andhra Pradesh,16.5062,80.648,coastal_humid,2023-01-28,2023-02-03,6,0.9,16.2,15.3,15.8,59.7,74.7,1008.3,0.0,3.9,0,2,15.299999999999999,0.5,15.0,0,0,0,36.0,0.8660254037844386,0.5000000000000001,0.5373,0.3828
REC_02807,Hyderabad,Telangana,17.385,78.4867,semi_arid,2023-01-29,2023-02-05,7,6.2,0.3,27.9,29.8,46.0,37.9,1009.1,9.5,3.3,0,2,5.9,1.9000000000000021,8.100000000000001,0,0,0,49.0,0.8660254037844386,0.5000000000000001,2.852,0.323
REC_02031,Krishna District,Andhra Pradesh,16.5062,80.648,coastal_humid,2023-01-29,2023-02-05,7,4.9,21.1,23.9,24.4,44.5,44.2,1012.3,0.0,13.3,0,2,16.200000000000003,0.5,0.29999999999999716,0,0,0,49.0,0.8660254037844386,0.5000000000000001,2.1805000000000003,0.3798
REC_03069,Delhi,NCR,28.6139,77.209,continental_subtropical,2023-01-29,2023-01-30,1,5.5,0.0,27.1,27.7,53.2,52.1,998.4,3.8,1.7,0,1,5.5,0.5999999999999979,1.1000000000000014,0,0,0,1.0,0.49999999999999994,0.8660254037844387,2.926,0.2469
REC_01075,Hyderabad,Telangana,17.385,78.4867,semi_arid,2023-01-30,2023-02-01,2,3.1,0.0,25.1,25.6,59.5,54.3,1008.4,1.0,2.1,0,2,3.1,0.5,5.200000000000003,0,0,0,4.0,0.8660254037844386,0.5000000000000001,1.8445000000000003,0.321
REC_02102,Visakhapatnam,Andhra Pradesh,17.6868,83.2185,coastal_cyclonic,2023-01-30,2023-02-01,2,3.5,2.9,23.7,23.8,51.7,56.5,1001.1,2.4,1.1,0,2,0.6000000000000001,0.10000000000000142,4.799999999999997,0,0,0,4.0,0.8660254037844386,0.5000000000000001,1.8095,0.4423
REC_03125,Mumbai,Maharashtra,19.076,72.8777,coastal_heavy_monsoon,2023-01-30,2023-02-04,5,4.7,0.0,23.7,22.6,55.5,64.6,1007.1,8.0,3.3,0,2,4.7,1.0999999999999979,9.099999999999994,0,0,0,25.0,0.8660254037844386,0.5000000000000001,2.6085000000000003,0.4323
REC_00483,Delhi,NCR,28.6139,77.209,continental_subtropical,2023-01-30,2023-02-07,8,1.4,0.0,28.4,31.9,61.5,83.6,1007.6,6.8,5.4,0,2,1.4,3.5,22.099999999999994,0,1,1,64.0,0.8660254037844386,0.5000000000000001,0.861,0.2454
REC_02651,Krishna District,Andhra Pradesh,16.5062,80.648,coastal_humid,2023-01-30,2023-02-08,9,1.0,15.7,23.1,25.5,60.8,74.0,1002.0,0.0,6.3,0,2,14.7,2.3999999999999986,13.200000000000003,0,0,0,81.0,0.8660254037844386,0.5000000000000001,0.608,0.3769
REC_01374,Delhi,NCR,28.6139,77.209,continental_subtropical,2023-01-31,2023-02-10,10,0.8,0.0,17.6,23.5,50.9,36.9,1005.8,16.6,15.7,0,2,0.8,5.899999999999999,14.0,0,1,1,100.0,0.8660254037844386,0.5000000000000001,0.4072,0.25
REC_00305,Delhi,NCR,28.6139,77.209,continental_subtropical,2023-01-31,2023-02-10,10,1.0,41.7,22.5,20.1,41.7,32.7,1002.7,0.0,1.2,0,2,40.7,2.3999999999999986,9.0,1,0,1,100.0,0.8660254037844386,0.5000000000000001,0.41700000000000004,0.2545
REC_01857,Bengaluru,Karnataka,12.9716,77.5946,plateau_temperate,2023-01-31,2023-02-10,10,4.0,0.0,21.8,27.1,59.1,73.9,1004.0,5.8,1.8,0,2,4.0,5.300000000000001,14.800000000000004,0,1,1,100.0,0.8660254037844386,0.5000000000000001,2.364,0.2733
REC_02011,Bengaluru,Karnataka,12.9716,77.5946,plateau_temperate,2023-01-31,2023-02-03,3,2.8,33.2,21.1,21.6,57.2,60.6,1007.1,0.0,3.3,0,2,30.400000000000002,0.5,3.3999999999999986,1,0,1,9.0,0.8660254037844386,0.5000000000000001,1.6016,0.2781
REC_03455,Delhi,NCR,28.6139,77.209,continental_subtropical,2023-01-31,2023-02-03,3,3.4,15.0,22.7,22.4,66.1,58.0,1009.4,4.9,1.4,0,2,11.6,0.3000000000000007,8.099999999999994,0,0,0,9.0,0.8660254037844386,0.5000000000000001,2.2474,0.259
REC_00256,Visakhapatnam,Andhra Pradesh,17.6868,83.2185,coastal_cyclonic,2023-02-01,2023-02-04,3,0.2,1.7,19.1,19.1,48.7,44.1,1006.8,6.5,6.3,0,2,1.5,0.0,4.600000000000001,0,0,0,9.0,0.8660254037844386,0.5000000000000001,0.09740000000000001,0.4395
REC_00738,Bengaluru,Karnataka,12.9716,77.5946,plateau_temperate,2023-02-01,2023-02-10,9,0.2,0.0,26.3,31.2,54.9,37.5,1004.1,0.9,0.6,0,2,0.2,4.899999999999999,17.4,0,1,1,81.0,0.8660254037844386,0.5000000000000001,0.10980000000000001,0.2829
REC_00049,Hyderabad,Telangana,17.385,78.4867,semi_arid,2023-02-01,2023-02-02,1,3.0,2.4,22.7,23.4,69.9,65.2,1012.8,1.5,1.5,0,2,0.6000000000000001,0.6999999999999993,4.700000000000003,0,0,0,1.0,0.8660254037844386,0.5000000000000001,2.097,0.319
REC_03027,Delhi,NCR,28.6139,77.209,continental_subtropical,2023-02-01,2023-02-03,2,0.3,0.0,22.9,22.6,43.7,38.8,1006.1,0.0,1.3,0,2,0.3,0.29999999999999716,4.900000000000006,0,0,0,4.0,0.8660254037844386,0.5000000000000001,0.13110000000000002,0.2575
REC_00520,Hyderabad,Telangana,17.385,78.4867,semi_arid,2023-02-02,2023-02-04,2,5.7,8.9,20.3,19.5,60.6,61.4,1019.3,5.9,0.2,0,2,3.2,0.8000000000000007,0.7999999999999972,0,0,0,4.0,0.8660254037844386,0.5000000000000001,3.4542,0.3171
REC_00710,Krishna District,Andhra Pradesh,16.5062,80.648,coastal_humid,2023-02-02,2023-02-06,4,4.1,34.2,22.1,20.2,65.5,63.1,1008.8,4.9,0.8,0,2,30.1,1.9000000000000021,2.3999999999999986,1,0,1,16.0,0.8660254037844386,0.5000000000000001,2.6854999999999993,0.374
REC_03230,Krishna District,Andhra Pradesh,16.5062,80.648,coastal_humid,2023-02-02,2023-02-07,5,2.7,32.0,20.8,21.9,43.3,48.2,1012.8,0.0,10.7,0,2,29.3,1.0999999999999979,4.900000000000006,1,0,1,25.0,0.8660254037844386,0.5000000000000001,1.1691,0.3788
REC_02956,Krishna District,Andhra Pradesh,16.5062,80.648,coastal_humid,2023-02-02,2023-02-09,7,1.3,0.0,25.2,25.4,60.9,59.3,1015.9,0.0,1.7,0,2,1.3,0.1999999999999993,1.6000000000000014,0,0,0,49.0,0.8660254037844386,0.5000000000000001,0.7917000000000001,0.3835
REC_01705,Bengaluru,Karnataka,12.9716,77.5946,plateau_temperate,2023-02-02,2023-02-12,10,0.9,15.0,25.7,29.0,44.2,36.6,1007.0,0.7,0.2,0,2,14.1,3.3000000000000007,7.600000000000001,0,0,0,100.0,0.8660254037844386,0.5000000000000001,0.3978,0.2876
REC_02418,Delhi,NCR,28.6139,77.209,continental_subtropical,2023-02-03,2023-02-10,7,13.3,0.0,26.8,29.1,63.8,76.9,1009.3,15.4,2.1,0,2,13.3,2.3000000000000007,13.100000000000009,0,0,0,49.0,0.8660254037844386,0.5000000000000001,8.4854,0.256
REC_00848,Delhi,NCR,28.6139,77.209,continental_subtropical,2023-02-05,2023-02-14,9,0.6,0.0,16.0,13.1,62.3,64.7,1009.7,1.4,0.8,0,2,0.6,2.9000000000000004,2.4000000000000057,0,0,0,81.0,0.8660254037844386,0.5000000000000001,0.37379999999999997,0.2544
REC_02005,Bengaluru,Karnataka,12.9716,77.5946,plateau_temperate,2023-02-05,2023-02-15,10,0.5,0.0,21.4,18.7,62.4,36.7,1010.8,0.0,3.5,0,2,0.5,2.6999999999999993,25.699999999999996,0,0,0,100.0,0.8660254037844386,0.5000000000000001,0.312,0.2857
REC_00712,Krishna District,Andhra Pradesh,16.5062,80.648,coastal_humid,2023-02-06,2023-02-07,1,3.3,5.4,17.1,16.9,51.1,53.1,1013.3,4.0,0.8,0,2,2.1000000000000005,0.20000000000000284,2.0,0,0,0,1.0,0.8660254037844386,0.5000000000000001,1.6863,0.3806
REC_00157,Krishna District,Andhra Pradesh,16.5062,80.648,coastal_humid,2023-02-06,2023-02-14,8,2.7,30.8,25.6,30.8,49.1,31.3,1006.6,0.0,5.4,0,2,28.1,5.199999999999999,17.8,1,1,1,64.0,0.8660254037844386,0.5000000000000001,1.3257000000000003,0.3778
REC_03186,Delhi,NCR,28.6139,77.209,continental_subtropical,2023-02-07,2023-02-14,7,2.2,0.0,26.3,28.5,44.7,41.0,1006.4,0.0,8.1,0,2,2.2,2.1999999999999993,3.700000000000003,0,0,0,49.0,0.8660254037844386,0.5000000000000001,0.9834000000000002,0.2529
REC_03376,Hyderabad,Telangana,17.385,78.4867,semi_arid,2023-02-07,2023-02-09,2,4.8,1.0,28.2,27.7,56.1,53.9,1003.2,3.5,1.3,0,2,3.8,0.5,2.200000000000003,0,0,0,4.0,0.8660254037844386,0.5000000000000001,2.6927999999999996,0.3152
REC_02469,Delhi,NCR,28.6139,77.209,continental_subtropical,2023-02-07,2023-02-10,3,2.6,17.2,24.7,24.0,49.7,49.8,1004.0,0.0,4.9,0,2,14.6,0.6999999999999993,0.09999999999999432,0,0,0,9.0,0.8660254037844386,0.5000000000000001,1.2922,0.2515
REC_00640,Visakhapatnam,Andhra Pradesh,17.6868,83.2185,coastal_cyclonic,2023-02-08,2023-02-13,5,0.9,20.4,24.9,24.4,57.3,57.8,1007.4,0.0,3.7,0,2,19.5,0.5,0.5,0,0,0,25.0,0.8660254037844386,0.5000000000000001,0.5157,0.4367
REC_02372,Krishna District,Andhra Pradesh,16.5062,80.648,coastal_humid,2023-02-08,2023-02-16,8,10.3,39.2,18.9,15.4,54.7,49.9,1009.4,15.9,5.6,0,2,28.900000000000002,3.4999999999999982,4.800000000000004,1,0,1,64.0,0.8660254037844386,0.5000000000000001,5.634100000000001,0.3824
REC_02686,Hyderabad,Telangana,17.385,78.4867,semi_arid,2023-02-09,2023-02-10,1,3.7,10.0,23.3,23.4,49.0,41.8,1006.2,2.5,1.2,0,2,6.3,0.09999999999999787,7.200000000000003,0,0,0,1.0,0.8660254037844386,0.5000000000000001,1.8130000000000002,0.3133
REC_03003,Mumbai,Maharashtra,19.076,72.8777,coastal_heavy_monsoon,2023-02-09,2023-02-11,2,5.8,17.1,23.3,23.8,61.6,58.3,1009.7,6.6,0.9,0,2,11.3,0.5,3.3000000000000043,0,0,0,4.0,0.8660254037844386,0.5000000000000001,3.5727999999999995,0.4295
REC_01029,Krishna District,Andhra Pradesh,16.5062,80.648,coastal_humid,2023-02-09,2023-02-13,4,15.1,32.8,25.8,29.3,44.5,41.2,1005.8,15.3,0.2,0,2,17.699999999999996,3.5,3.299999999999997,0,1,1,16.0,0.8660254037844386,0.5000000000000001,6.719499999999999,0.3869
REC_02045,Visakhapatnam,Andhra Pradesh,17.6868,83.2185,coastal_cyclonic,2023-02-09,2023-02-15,6,3.1,11.3,21.9,23.4,49.5,50.2,1006.0,15.8,12.8,0,2,8.200000000000001,1.5,0.7000000000000028,0,0,0,36.0,0.8660254037844386,0.5000000000000001,1.5345000000000002,0.434
REC_00464,Krishna District,Andhra Pradesh,16.5062,80.648,coastal_humid,2023-02-09,2023-02-17,8,5.9,0.0,22.9,20.4,71.4,83.9,1008.0,0.0,9.3,0,2,5.9,2.5,12.5,0,0,0,64.0,0.8660254037844386,0.5000000000000001,4.2126,0.3913
REC_00707,Visakhapatnam,Andhra Pradesh,17.6868,83.2185,coastal_cyclonic,2023-02-09,2023-02-17,8,0.5,0.0,21.6,23.8,48.7,43.8,1015.2,0.0,10.3,0,2,0.5,2.1999999999999993,4.900000000000006,0,0,0,64.0,0.8660254037844386,0.5000000000000001,0.24350000000000002,0.4313
REC_01696,Krishna District,Andhra Pradesh,16.5062,80.648,coastal_humid,2023-02-09,2023-02-18,9,9.0,52.3,25.4,24.6,52.4,62.3,1008.7,0.0,16.1,0,2,43.3,0.7999999999999972,9.899999999999999,1,0,1,81.0,0.8660254037844386,0.5000000000000001,4.715999999999999,0.3885
REC_02341,Bengaluru,Karnataka,12.9716,77.5946,plateau_temperate,2023-02-10,2023-02-16,6,4.9,16.5,22.6,25.4,39.4,40.5,1006.0,0.0,13.8,0,2,11.6,2.799999999999997,1.1000000000000014,0,0,0,36.0,0.8660254037844386,0.5000000000000001,1.9306,0.2839
REC_00073,Krishna District,Andhra Pradesh,16.5062,80.648,coastal_humid,2023-02-10,2023-02-14,4,0.7,0.0,23.0,23.7,52.4,50.6,1010.2,0.0,5.0,0,2,0.7,0.6999999999999993,1.7999999999999972,0,0,0,16.0,0.8660254037844386,0.5000000000000001,0.3668,0.3929
REC_02818,Delhi,NCR,28.6139,77.209,continental_subtropical,2023-02-10,2023-02-14,4,0.9,15.8,23.7,22.0,58.0,64.3,1003.3,4.8,3.9,0,2,14.9,1.6999999999999993,6.299999999999997,0,0,0,16.0,0.8660254037844386,0.5000000000000001,0.522,0.25
REC_00249,Krishna District,Andhra Pradesh,16.5062,80.648,coastal_humid,2023-02-10,2023-02-12,2,0.4,0.3,22.0,22.4,62.0,63.1,1007.5,2.7,2.3,0,2,0.10000000000000003,0.3999999999999986,1.1000000000000014,0,0,0,4.0,0.8660254037844386,0.5000000000000001,0.248,0.3901
REC_01587,Krishna District,Andhra Pradesh,16.5062,80.648,coastal_humid,2023-02-10,2023-02-13,3,0.9,4.3,21.7,22.0,64.7,62.7,1000.3,5.7,4.8,0,2,3.4,0.3000000000000007,2.0,0,0,0,9.0,0.8660254037844386,0.5000000000000001,0.5823,0.3873
REC_00119,Delhi,NCR,28.6139,77.209,continental_subtropical,2023-02-11,2023-02-13,2,1.3,0.5,22.6,20.3,56.0,59.2,1009.5,2.3,1.0,0,2,0.8,2.3000000000000007,3.200000000000003,0,0,0,4.0,0.8660254037844386,0.5000000000000001,0.728,0.2486
REC_00550,Hyderabad,Telangana,17.385,78.4867,semi_arid,2023-02-11,2023-02-13,2,0.2,0.0,22.2,20.5,67.1,66.2,1010.4,0.0,1.0,0,2,0.2,1.6999999999999993,0.8999999999999915,0,0,0,4.0,0.8660254037844386,0.5000000000000001,0.13419999999999999,0.3114
REC_01022,Mumbai,Maharashtra,19.076,72.8777,coastal_heavy_monsoon,2023-02-11,2023-02-20,9,0.1,0.0,21.4,25.4,43.4,53.8,1009.8,0.0,5.7,0,2,0.1,4.0,10.399999999999999,0,1,1,81.0,0.8660254037844386,0.5000000000000001,0.0434,0.4268
REC_00272,Mumbai,Maharashtra,19.076,72.8777,coastal_heavy_monsoon,2023-02-12,2023-02-13,1,1.9,7.3,24.0,24.6,55.2,57.5,1010.2,2.8,0.9,0,2,5.4,0.6000000000000014,2.299999999999997,0,0,0,1.0,0.8660254037844386,0.5000000000000001,1.0488,0.4304
REC_01596,Visakhapatnam,Andhra Pradesh,17.6868,83.2185,coastal_cyclonic,2023-02-12,2023-02-13,1,2.6,0.0,25.2,25.0,53.2,52.8,1006.4,2.1,0.4,0,2,2.6,0.1999999999999993,0.4000000000000057,0,0,0,1.0,0.8660254037844386,0.5000000000000001,1.3832000000000002,0.4286
REC_02764,Krishna District,Andhra Pradesh,16.5062,80.648,coastal_humid,2023-02-12,2023-02-14,2,10.1,0.0,25.1,24.2,56.2,56.7,1003.1,9.5,0.6,0,2,10.1,0.9000000000000021,0.5,0,0,0,4.0,0.8660254037844386,0.5000000000000001,5.6762,0.3846
REC_03056,Delhi,NCR,28.6139,77.209,continental_subtropical,2023-02-12,2023-02-16,4,3.1,24.0,22.6,23.1,47.5,54.4,1007.9,0.0,3.2,0,2,20.9,0.5,6.899999999999999,0,0,0,16.0,0.8660254037844386,0.5000000000000001,1.4725,0.2471
REC_01504,Hyderabad,Telangana,17.385,78.4867,semi_arid,2023-02-12,2023-02-21,9,2.4,0.0,23.4,21.3,60.2,76.0,1013.9,15.2,12.9,0,2,2.4,2.099999999999998,15.799999999999997,0,0,0,81.0,0.8660254037844386,0.5000000000000001,1.4447999999999999,0.3095
REC_02286,Mumbai,Maharashtra,19.076,72.8777,coastal_heavy_monsoon,2023-02-13,2023-02-21,8,0.9,0.0,22.5,21.7,57.1,47.8,1002.0,10.6,9.7,0,2,0.9,0.8000000000000007,9.300000000000004,0,0,0,64.0,0.8660254037844386,0.5000000000000001,0.5139,0.4277
REC_02024,Bengaluru,Karnataka,12.9716,77.5946,plateau_temperate,2023-02-13,2023-02-19,6,1.6,0.0,22.8,22.9,55.6,47.7,1015.7,0.0,6.1,0,2,1.6,0.09999999999999787,7.899999999999999,0,0,0,36.0,0.8660254037844386,0.5000000000000001,0.8896000000000001,0.2821
REC_01388,Mumbai,Maharashtra,19.076,72.8777,coastal_heavy_monsoon,2023-02-13,2023-02-20,7,3.2,17.3,22.1,21.5,52.7,48.7,1005.5,11.9,8.7,0,2,14.100000000000001,0.6000000000000014,4.0,0,0,0,49.0,0.8660254037844386,0.5000000000000001,1.6864000000000001,0.425
REC_03493,Krishna District,Andhra Pradesh,16.5062,80.648,coastal_humid,2023-02-13,2023-02-16,3,0.4,0.0,28.7,29.4,62.4,64.2,1009.2,0.0,6.2,0,2,0.4,0.6999999999999993,1.8000000000000043,0,0,0,9.0,0.8660254037844386,0.5000000000000001,0.24960000000000002,0.3819
REC_01528,Delhi,NCR,28.6139,77.209,continental_subtropical,2023-02-13,2023-02-15,2,5.1,11.3,21.2,22.1,49.9,51.9,1014.6,3.2,1.9,0,2,6.200000000000001,0.9000000000000021,2.0,0,0,0,4.0,0.8660254037844386,0.5000000000000001,2.5448999999999997,0.2457
REC_00807,Hyderabad,Telangana,17.385,78.4867,semi_arid,2023-02-13,2023-02-17,4,0.7,7.0,26.0,27.2,46.8,56.6,1006.7,7.7,7.1,0,2,6.3,1.1999999999999993,9.800000000000004,0,0,0,16.0,0.8660254037844386,0.5000000000000001,0.3276,0.3077
REC_01912,Hyderabad,Telangana,17.385,78.4867,semi_arid,2023-02-14,2023-02-17,3,7.0,10.2,26.8,27.7,54.5,53.8,1006.0,9.2,2.1,0,2,3.1999999999999993,0.8999999999999986,0.7000000000000028,0,0,0,9.0,0.8660254037844386,0.5000000000000001,3.815,0.3059
REC_02760,Visakhapatnam,Andhra Pradesh,17.6868,83.2185,coastal_cyclonic,2023-02-14,2023-02-18,4,1.4,2.0,22.9,24.7,58.8,69.0,1012.0,9.2,7.8,0,2,0.6000000000000001,1.8000000000000007,10.200000000000003,0,0,0,16.0,0.8660254037844386,0.5000000000000001,0.8231999999999999,0.4259
REC_00469,Hyderabad,Telangana,17.385,78.4867,semi_arid,2023-02-14,2023-02-24,10,1.2,28.4,23.9,21.6,49.2,43.9,1006.8,8.5,7.2,0,2,27.2,2.299999999999997,5.300000000000004,1,0,1,100.0,0.8660254037844386,0.5000000000000001,0.5904,0.3041
REC_01142,Visakhapatnam,Andhra Pradesh,17.6868,83.2185,coastal_cyclonic,2023-02-14,2023-02-24,10,9.1,32.6,26.0,22.4,54.5,39.4,1006.9,14.0,4.8,0,2,23.5,3.6000000000000014,15.100000000000001,0,1,1,100.0,0.8660254037844386,0.5000000000000001,4.9595,0.4233
REC_00518,Hyderabad,Telangana,17.385,78.4867,semi_arid,2023-02-15,2023-02-16,1,0.3,0.0,21.6,20.7,67.8,58.7,1011.2,0.0,0.7,0,2,0.3,0.9000000000000021,9.099999999999994,0,0,0,1.0,0.8660254037844386,0.5000000000000001,0.2034,0.3081
REC_03469,Bengaluru,Karnataka,12.9716,77.5946,plateau_temperate,2023-02-15,2023-02-21,6,0.7,27.6,24.6,23.6,70.1,83.4,1007.6,13.7,13.0,0,2,26.900000000000002,1.0,13.300000000000011,1,0,1,36.0,0.8660254037844386,0.5000000000000001,0.4906999999999999,0.2803
REC_03372,Mumbai,Maharashtra,19.076,72.8777,coastal_heavy_monsoon,2023-02-15,2023-02-25,10,1.2,0.0,27.0,28.3,47.1,58.4,1000.8,0.0,17.3,0,2,1.2,1.3000000000000007,11.299999999999997,0,0,0,100.0,0.8660254037844386,0.5000000000000001,0.5652,0.4224
REC_00696,Bengaluru,Karnataka,12.9716,77.5946,plateau_temperate,2023-02-16,2023-02-17,1,0.7,0.0,21.7,21.7,51.9,48.1,1000.1,1.1,0.5,0,2,0.7,0.0,3.799999999999997,0,0,0,1.0,0.8660254037844386,0.5000000000000001,0.36329999999999996,0.2848
REC_02853,Visakhapatnam,Andhra Pradesh,17.6868,83.2185,coastal_cyclonic,2023-02-16,2023-02-20,4,3.4,0.0,25.6,25.6,45.8,40.9,1008.9,7.2,3.8,0,2,3.4,0.0,4.899999999999999,0,0,0,16.0,0.8660254037844386,0.5000000000000001,1.5572,0.4268
REC_02700,Hyderabad,Telangana,17.385,78.4867,semi_arid,2023-02-16,2023-02-25,9,3.2,49.8,24.5,21.2,57.2,33.4,1003.4,0.0,15.0,0,2,46.599999999999994,3.3000000000000007,23.800000000000004,1,0,1,81.0,0.8660254037844386,0.5000000000000001,1.8304000000000002,0.3064
REC_02401,Hyderabad,Telangana,17.385,78.4867,semi_arid,2023-02-16,2023-02-26,10,2.1,68.3,21.8,17.4,59.7,53.0,1007.4,0.0,7.1,0,2,66.2,4.400000000000002,6.700000000000003,1,1,1,100.0,0.8660254037844386,0.5000000000000001,1.2537,0.3103
REC_02846,Bengaluru,Karnataka,12.9716,77.5946,plateau_temperate,2023-02-17,2023-02-23,6,5.1,0.0,26.5,26.5,49.4,44.3,1006.7,8.0,2.9,0,2,5.1,0.0,5.100000000000001,0,0,0,36.0,0.8660254037844386,0.5000000000000001,2.5193999999999996,0.283
REC_00399,Delhi,NCR,28.6139,77.209,continental_subtropical,2023-02-17,2023-02-23,6,1.1,23.0,17.3,16.1,65.1,57.4,1006.7,3.9,2.8,0,2,21.9,1.1999999999999993,7.699999999999996,0,0,0,36.0,0.8660254037844386,0.5000000000000001,0.7161,0.2443
REC_02304,Bengaluru,Karnataka,12.9716,77.5946,plateau_temperate,2023-02-17,2023-02-22,5,6.1,63.9,29.9,29.0,49.3,51.8,1008.8,0.0,6.1,0,2,57.8,0.8999999999999986,2.5,1,0,1,25.0,0.8660254037844386,0.5000000000000001,3.0072999999999994,0.2812
REC_00966,Visakhapatnam,Andhra Pradesh,17.6868,83.2185,coastal_cyclonic,2023-02-17,2023-02-19,2,2.3,5.3,20.3,22.3,56.7,55.6,1006.1,4.6,2.3,0,2,3.0,2.0,1.1000000000000014,0,0,0,4.0,0.8660254037844386,0.5000000000000001,1.3041,0.4242
REC_03253,Bengaluru,Karnataka,12.9716,77.5946,plateau_temperate,2023-02-18,2023-02-26,8,2.3,34.8,26.2,22.6,46.1,43.9,1005.2,19.8,17.5,0,2,32.5,3.599999999999998,2.200000000000003,1,1,1,64.0,0.8660254037844386,0.5000000000000001,1.0603,0.2857
REC_01425,Bengaluru,Karnataka,12.9716,77.5946,plateau_temperate,2023-02-19,2023-02-23,4,1.3,14.9,24.2,22.1,53.6,59.9,1013.8,7.5,6.2,0,2,13.6,2.099999999999998,6.299999999999997,0,0,0,16.0,0.8660254037844386,0.5000000000000001,0.6968000000000001,0.2901
REC_00350,Visakhapatnam,Andhra Pradesh,17.6868,83.2185,coastal_cyclonic,2023-02-19,2023-02-27,8,3.3,23.8,29.5,30.8,52.3,57.7,1009.4,0.0,18.6,0,2,20.5,1.3000000000000007,5.400000000000006,0,0,0,64.0,0.8660254037844386,0.5000000000000001,1.7258999999999998,0.4217
REC_03136,Delhi,NCR,28.6139,77.209,continental_subtropical,2023-02-19,2023-03-01,10,1.3,0.0,33.7,34.8,54.3,32.9,1008.7,0.0,17.0,0,3,1.3,1.0999999999999943,21.4,0,0,0,100.0,1.0,6.123233995736766e-17,0.7059000000000001,0.2429
REC_01163,Delhi,NCR,28.6139,77.209,continental_subtropical,2023-02-20,2023-03-01,9,3.0,50.6,36.8,34.7,45.5,50.8,1003.9,0.0,9.3,0,3,47.6,2.0999999999999943,5.299999999999997,1,0,1,81.0,1.0,6.123233995736766e-17,1.365,0.2416
REC_01784,Hyderabad,Telangana,17.385,78.4867,semi_arid,2023-02-21,2023-03-02,9,0.3,1.2,35.0,32.7,43.6,48.2,1011.3,0.0,21.6,0,3,0.8999999999999999,2.299999999999997,4.600000000000001,0,0,0,81.0,1.0,6.123233995736766e-17,0.1308,0.3143
REC_02874,Visakhapatnam,Andhra Pradesh,17.6868,83.2185,coastal_cyclonic,2023-02-21,2023-02-28,7,1.8,7.7,20.5,24.6,53.2,46.4,1009.7,9.6,7.7,0,2,5.9,4.100000000000001,6.800000000000004,0,1,1,49.0,0.8660254037844386,0.5000000000000001,0.9576,0.4192
REC_02496,Hyderabad,Telangana,17.385,78.4867,semi_arid,2023-02-21,2023-03-02,9,0.4,4.0,31.2,27.7,78.4,68.2,1015.4,0.0,0.7,0,3,3.6,3.5,10.200000000000003,0,1,1,81.0,1.0,6.123233995736766e-17,0.31360000000000005,0.3125
REC_00959,Delhi,NCR,28.6139,77.209,continental_subtropical,2023-02-21,2023-02-24,3,3.6,0.0,20.9,21.7,46.5,45.1,1012.2,6.8,3.2,0,2,3.6,0.8000000000000007,1.3999999999999986,0,0,0,9.0,0.8660254037844386,0.5000000000000001,1.6740000000000002,0.2458
REC_02916,Visakhapatnam,Andhra Pradesh,17.6868,83.2185,coastal_cyclonic,2023-02-21,2023-02-23,2,1.6,0.0,27.9,28.6,59.2,54.9,1015.7,0.0,1.7,0,2,1.6,0.7000000000000028,4.300000000000004,0,0,0,4.0,0.8660254037844386,0.5000000000000001,0.9472000000000002,0.4226
REC_03122,Mumbai,Maharashtra,19.076,72.8777,coastal_heavy_monsoon,2023-02-21,2023-02-26,5,14.4,18.1,21.0,22.6,68.0,77.8,1010.8,4.3,10.1,0,2,3.700000000000001,1.6000000000000014,9.799999999999997,0,0,0,25.0,0.8660254037844386,0.5000000000000001,9.792,0.4198
REC_02323,Visakhapatnam,Andhra Pradesh,17.6868,83.2185,coastal_cyclonic,2023-02-22,2023-02-25,3,0.2,0.0,24.4,22.1,45.8,45.8,1009.7,3.1,2.9,0,2,0.2,2.299999999999997,0.0,0,0,0,9.0,0.8660254037844386,0.5000000000000001,0.0916,0.4201
REC_02363,Bengaluru,Karnataka,12.9716,77.5946,plateau_temperate,2023-02-22,2023-02-25,3,5.1,11.9,27.6,28.5,46.6,43.3,1005.7,2.8,2.4,0,2,6.800000000000001,0.8999999999999986,3.3000000000000043,0,0,0,9.0,0.8660254037844386,0.5000000000000001,2.3766,0.2883
REC_00189,Krishna District,Andhra Pradesh,16.5062,80.648,coastal_humid,2023-02-22,2023-03-01,7,2.9,0.0,31.5,28.3,46.1,41.4,1009.1,0.0,14.6,0,3,2.9,3.1999999999999993,4.700000000000003,0,0,0,49.0,1.0,6.123233995736766e-17,1.3369,0.3793
REC_03332,Delhi,NCR,28.6139,77.209,continental_subtropical,2023-02-22,2023-03-03,9,0.8,0.0,32.4,29.9,59.2,54.9,1007.6,0.0,15.2,0,3,0.8,2.5,4.300000000000004,0,0,0,81.0,1.0,6.123233995736766e-17,0.4736000000000001,0.2444
REC_02312,Delhi,NCR,28.6139,77.209,continental_subtropical,2023-02-23,2023-03-04,9,1.0,0.0,32.6,37.4,53.7,59.1,1006.5,0.0,2.5,0,3,1.0,4.799999999999997,5.399999999999999,0,1,1,81.0,1.0,6.123233995736766e-17,0.537,0.2431
REC_01065,Hyderabad,Telangana,17.385,78.4867,semi_arid,2023-02-23,2023-02-25,2,3.7,18.0,22.2,21.3,52.1,62.6,1000.3,2.5,1.2,0,2,14.3,0.8999999999999986,10.5,0,0,0,4.0,0.8660254037844386,0.5000000000000001,1.9277000000000002,0.3164
REC_00093,Hyderabad,Telangana,17.385,78.4867,semi_arid,2023-02-23,2023-02-27,4,6.1,35.2,26.9,28.1,54.8,50.5,1006.7,0.0,6.5,0,2,29.1,1.2000000000000028,4.299999999999997,1,0,1,16.0,0.8660254037844386,0.5000000000000001,3.3427999999999995,0.3146
REC_01236,Krishna District,Andhra Pradesh,16.5062,80.648,coastal_humid,2023-02-23,2023-03-01,6,3.4,53.6,24.3,24.1,52.6,66.4,1005.2,4.0,0.6,0,3,50.2,0.1999999999999993,13.800000000000004,1,0,1,36.0,1.0,6.123233995736766e-17,1.7884,0.3767
REC_02449,Hyderabad,Telangana,17.385,78.4867,semi_arid,2023-02-23,2023-03-01,6,2.0,0.0,32.4,30.7,45.9,40.2,1006.9,0.0,13.4,0,3,2.0,1.6999999999999993,5.699999999999996,0,0,0,36.0,1.0,6.123233995736766e-17,0.9179999999999999,0.3184
REC_00744,Krishna District,Andhra Pradesh,16.5062,80.648,coastal_humid,2023-02-23,2023-03-04,9,8.5,0.0,32.2,34.0,52.7,44.4,1007.6,0.0,43.1,0,3,8.5,1.7999999999999972,8.300000000000004,0,0,0,81.0,1.0,6.123233995736766e-17,4.479500000000001,0.381
REC_01431,Hyderabad,Telangana,17.385,78.4867,semi_arid,2023-02-23,2023-03-04,9,4.5,0.0,31.9,31.0,61.1,70.8,1005.0,2.3,2.1,0,3,4.5,0.8999999999999986,9.699999999999996,0,0,0,81.0,1.0,6.123233995736766e-17,2.7495,0.3167
REC_00945,Krishna District,Andhra Pradesh,16.5062,80.648,coastal_humid,2023-02-24,2023-02-28,4,8.9,35.2,23.2,23.2,51.3,48.5,1012.8,9.0,0.1,0,2,26.300000000000004,0.0,2.799999999999997,1,0,1,16.0,0.8660254037844386,0.5000000000000001,4.5657,0.3784
REC_00553,Krishna District,Andhra Pradesh,16.5062,80.648,coastal_humid,2023-02-24,2023-03-01,5,0.2,1.4,29.6,29.8,47.9,59.0,1014.1,0.0,0.2,0,3,1.2,0.1999999999999993,11.100000000000001,0,0,0,25.0,1.0,6.123233995736766e-17,0.0958,0.3826
REC_00111,Delhi,NCR,28.6139,77.209,continental_subtropical,2023-02-24,2023-02-27,3,0.8,0.0,31.1,31.9,62.5,65.5,1004.6,0.2,0.5,0,2,0.8,0.7999999999999972,3.0,0,0,0,9.0,0.8660254037844386,0.5000000000000001,0.5,0.2473
REC_02671,Visakhapatnam,Andhra Pradesh,17.6868,83.2185,coastal_cyclonic,2023-02-24,2023-02-27,3,10.6,0.0,22.1,18.8,57.5,58.7,1010.2,15.5,4.9,0,2,10.6,3.3000000000000007,1.2000000000000028,0,0,0,9.0,0.8660254037844386,0.5000000000000001,6.095,0.4176
REC_01553,Visakhapatnam,Andhra Pradesh,17.6868,83.2185,coastal_cyclonic,2023-02-25,2023-02-27,2,4.0,11.2,21.1,21.2,45.8,50.6,1012.4,5.6,1.6,0,2,7.199999999999999,0.09999999999999787,4.800000000000004,0,0,0,4.0,0.8660254037844386,0.5000000000000001,1.8319999999999999,0.4152
REC_00884,Bengaluru,Karnataka,12.9716,77.5946,plateau_temperate,2023-02-25,2023-03-03,6,4.2,16.4,32.9,29.5,50.8,46.6,1002.7,0.8,3.4,0,3,12.2,3.3999999999999986,4.199999999999996,0,0,0,36.0,1.0,6.123233995736766e-17,2.1336,0.2866
REC_00963,Krishna District,Andhra Pradesh,16.5062,80.648,coastal_humid,2023-02-25,2023-03-07,10,6.5,7.3,31.9,23.0,60.0,58.2,1011.3,30.6,24.1,0,3,0.7999999999999998,8.899999999999999,1.7999999999999972,0,1,1,100.0,1.0,6.123233995736766e-17,3.9,0.38
REC_03318,Delhi,NCR,28.6139,77.209,continental_subtropical,2023-02-26,2023-03-03,5,1.5,6.8,29.8,31.0,61.5,52.8,1006.8,0.0,11.8,0,3,5.3,1.1999999999999993,8.700000000000003,0,0,0,25.0,1.0,6.123233995736766e-17,0.9225,0.2459
REC_01109,Bengaluru,Karnataka,12.9716,77.5946,plateau_temperate,2023-02-26,2023-03-05,7,1.7,0.0,33.1,29.5,53.5,49.3,1002.9,0.0,10.9,0,3,1.7,3.6000000000000014,4.200000000000003,0,1,1,49.0,1.0,6.123233995736766e-17,0.9095,0.2848
REC_01218,Hyderabad,Telangana,17.385,78.4867,semi_arid,2023-02-26,2023-03-06,8,0.7,93.7,36.5,34.9,43.1,46.2,1013.2,2.6,1.9,0,3,93.0,1.6000000000000014,3.1000000000000014,1,0,1,64.0,1.0,6.123233995736766e-17,0.30169999999999997,0.3149
REC_00054,Visakhapatnam,Andhra Pradesh,17.6868,83.2185,coastal_cyclonic,2023-02-27,2023-03-08,9,3.3,0.0,34.6,40.1,42.7,44.2,1013.1,0.0,4.6,0,3,3.3,5.5,1.5,0,1,1,81.0,1.0,6.123233995736766e-17,1.4091,0.4128
REC_01084,Delhi,NCR,28.6139,77.209,continental_subtropical,2023-02-27,2023-03-01,2,1.4,0.0,32.5,33.2,53.1,62.8,1002.8,1.0,0.4,0,3,1.4,0.7000000000000028,9.699999999999996,0,0,0,4.0,1.0,6.123233995736766e-17,0.7434000000000001,0.2446
REC_01646,Visakhapatnam,Andhra Pradesh,17.6868,83.2185,coastal_cyclonic,2023-02-27,2023-03-05,6,7.2,10.6,33.7,34.9,53.5,43.1,1009.2,4.6,2.7,0,3,3.3999999999999995,1.1999999999999957,10.399999999999999,0,0,0,36.0,1.0,6.123233995736766e-17,3.852,0.4162
REC_03445,Mumbai,Maharashtra,19.076,72.8777,coastal_heavy_monsoon,2023-02-28,2023-03-04,4,11.1,0.0,32.1,31.8,47.1,46.3,1015.8,16.1,5.0,0,3,11.1,0.3000000000000007,0.8000000000000043,0,0,0,16.0,1.0,6.123233995736766e-17,5.2280999999999995,0.4172
REC_01669,Krishna District,Andhra Pradesh,16.5062,80.648,coastal_humid,2023-02-28,2023-03-07,7,4.3,4.0,39.2,37.2,60.0,48.9,1009.0,4.2,0.1,0,3,0.2999999999999998,2.0,11.100000000000001,0,0,0,49.0,1.0,6.123233995736766e-17,2.58,0.3841
REC_00766,Hyderabad,Telangana,17.385,78.4867,semi_arid,2023-03-01,2023-03-08,7,2.1,75.9,32.3,33.3,65.9,59.8,1008.5,0.0,8.5,0,3,73.80000000000001,1.0,6.1000000000000085,1,0,1,49.0,1.0,6.123233995736766e-17,1.3839000000000001,0.3187
REC_00593,Krishna District,Andhra Pradesh,16.5062,80.648,coastal_humid,2023-03-01,2023-03-09,8,0.0,12.6,38.0,36.1,50.3,34.6,1014.7,4.9,4.9,0,3,12.6,1.8999999999999986,15.699999999999996,0,0,0,64.0,1.0,6.123233995736766e-17,0.0,0.3816
REC_00286,Visakhapatnam,Andhra Pradesh,17.6868,83.2185,coastal_cyclonic,2023-03-01,2023-03-10,9,4.2,0.0,28.2,21.2,40.1,51.5,1012.0,13.7,9.5,0,3,4.2,7.0,11.399999999999999,0,1,1,81.0,1.0,6.123233995736766e-17,1.6842000000000001,0.4138
REC_02454,Mumbai,Maharashtra,19.076,72.8777,coastal_heavy_monsoon,2023-03-01,2023-03-04,3,1.3,0.0,28.5,25.3,48.4,56.6,1009.3,0.4,0.9,0,3,1.3,3.1999999999999993,8.200000000000003,0,0,0,9.0,1.0,6.123233995736766e-17,0.6292,0.4146
REC_02244,Bengaluru,Karnataka,12.9716,77.5946,plateau_temperate,2023-03-01,2023-03-02,1,3.8,3.8,34.1,34.7,52.4,55.6,1012.1,4.7,0.9,0,3,0.0,0.6000000000000014,3.200000000000003,0,0,0,1.0,1.0,6.123233995736766e-17,1.9911999999999999,0.2892
REC_00021,Delhi,NCR,28.6139,77.209,continental_subtropical,2023-03-01,2023-03-03,2,0.0,4.0,33.5,32.5,45.3,42.0,1012.2,0.0,2.6,0,3,4.0,1.0,3.299999999999997,0,0,0,4.0,1.0,6.123233995736766e-17,0.0,0.2432
REC_00299,Mumbai,Maharashtra,19.076,72.8777,coastal_heavy_monsoon,2023-03-01,2023-03-02,1,1.5,2.4,32.8,33.8,58.6,64.5,1011.1,2.3,0.8,0,3,0.8999999999999999,1.0,5.899999999999999,0,0,0,1.0,1.0,6.123233995736766e-17,0.879,0.4121
REC_00533,Mumbai,Maharashtra,19.076,72.8777,coastal_heavy_monsoon,2023-03-01,2023-03-03,2,1.5,0.0,30.7,31.1,54.7,55.7,999.2,0.0,2.6,0,3,1.5,0.40000000000000213,1.0,0,0,0,4.0,1.0,6.123233995736766e-17,0.8205000000000001,0.4096
REC_00907,Bengaluru,Karnataka,12.9716,77.5946,plateau_temperate,2023-03-02,2023-03-08,6,1.9,7.3,36.0,37.2,52.6,37.6,1007.2,0.0,3.6,0,3,5.4,1.2000000000000028,15.0,0,0,0,36.0,1.0,6.123233995736766e-17,0.9994,0.2874
REC_02559,Krishna District,Andhra Pradesh,16.5062,80.648,coastal_humid,2023-03-03,2023-03-04,1,1.5,2.6,34.9,35.7,61.4,60.1,1011.8,2.5,1.1,0,3,1.1,0.8000000000000043,1.2999999999999972,0,0,0,1.0,1.0,6.123233995736766e-17,0.9209999999999999,0.3791
REC_00899,Delhi,NCR,28.6139,77.209,continental_subtropical,2023-03-03,2023-03-10,7,0.0,10.5,30.8,30.2,68.7,72.7,1015.8,0.0,8.6,0,3,10.5,0.6000000000000014,4.0,0,0,0,49.0,1.0,6.123233995736766e-17,0.0,0.2419
REC_02562,Krishna District,Andhra Pradesh,16.5062,80.648,coastal_humid,2023-03-03,2023-03-12,9,9.8,82.5,27.3,35.2,44.3,46.9,1001.9,23.2,13.3,0,3,72.7,7.900000000000002,2.6000000000000014,1,1,1,81.0,1.0,6.123233995736766e-17,4.3414,0.3766
REC_01025,Bengaluru,Karnataka,12.9716,77.5946,plateau_temperate,2023-03-04,2023-03-07,3,4.2,7.1,30.9,31.3,49.4,56.9,1006.4,7.8,3.5,0,3,2.8999999999999995,0.40000000000000213,7.5,0,0,0,9.0,1.0,6.123233995736766e-17,2.0747999999999998,0.2857
REC_01523,Bengaluru,Karnataka,12.9716,77.5946,plateau_temperate,2023-03-05,2023-03-13,8,4.9,0.0,33.8,40.6,46.8,64.8,1003.3,13.0,8.1,0,3,4.9,6.800000000000004,18.0,0,1,1,64.0,1.0,6.123233995736766e-17,2.2932,0.284
REC_00232,Bengaluru,Karnataka,12.9716,77.5946,plateau_temperate,2023-03-05,2023-03-10,5,3.6,0.0,36.2,36.8,49.3,53.4,1001.9,15.3,11.7,0,3,3.6,0.5999999999999943,4.100000000000001,0,0,0,25.0,1.0,6.123233995736766e-17,1.7748,0.2882
REC_01538,Mumbai,Maharashtra,19.076,72.8777,coastal_heavy_monsoon,2023-03-06,2023-03-15,9,0.9,0.0,31.4,33.6,49.8,40.5,1011.4,0.6,0.3,0,3,0.9,2.200000000000003,9.299999999999997,0,0,0,81.0,1.0,6.123233995736766e-17,0.4482,0.4072
REC_01556,Delhi,NCR,28.6139,77.209,continental_subtropical,2023-03-06,2023-03-11,5,3.9,5.0,33.9,39.3,49.5,52.4,1007.7,4.4,0.5,0,3,1.1,5.399999999999999,2.8999999999999986,0,1,1,25.0,1.0,6.123233995736766e-17,1.9304999999999999,0.2406
REC_02830,Visakhapatnam,Andhra Pradesh,17.6868,83.2185,coastal_cyclonic,2023-03-06,2023-03-14,8,1.9,76.4,35.4,39.2,58.8,63.2,1001.9,13.1,11.1,0,3,74.5,3.8000000000000043,4.400000000000006,1,1,1,64.0,1.0,6.123233995736766e-17,1.1171999999999997,0.4171
REC_02772,Delhi,NCR,28.6139,77.209,continental_subtropical,2023-03-07,2023-03-10,3,2.8,0.0,37.3,37.5,63.3,62.2,1008.2,5.4,2.6,0,3,2.8,0.20000000000000284,1.0999999999999943,0,0,0,9.0,1.0,6.123233995736766e-17,1.7723999999999998,0.2447
REC_03439,Bengaluru,Karnataka,12.9716,77.5946,plateau_temperate,2023-03-07,2023-03-13,6,1.2,64.0,35.0,31.9,56.9,63.1,1006.6,11.1,9.9,0,3,62.8,3.1000000000000014,6.200000000000003,1,0,1,36.0,1.0,6.123233995736766e-17,0.6828,0.2865
REC_01129,Visakhapatnam,Andhra Pradesh,17.6868,83.2185,coastal_cyclonic,2023-03-08,2023-03-14,6,2.5,0.0,31.5,36.6,48.0,56.3,1009.2,0.0,5.2,0,3,2.5,5.100000000000001,8.299999999999997,0,1,1,36.0,1.0,6.123233995736766e-17,1.2,0.4205
REC_03360,Hyderabad,Telangana,17.385,78.4867,semi_arid,2023-03-08,2023-03-16,8,4.1,13.3,33.6,30.8,56.8,62.9,1008.0,0.0,9.0,0,3,9.200000000000001,2.8000000000000007,6.100000000000001,0,0,0,64.0,1.0,6.123233995736766e-17,2.3287999999999998,0.3224
REC_02756,Visakhapatnam,Andhra Pradesh,17.6868,83.2185,coastal_cyclonic,2023-03-08,2023-03-17,9,4.8,4.0,31.2,36.4,44.4,54.4,1009.0,0.0,11.5,0,3,0.7999999999999998,5.199999999999999,10.0,0,1,1,81.0,1.0,6.123233995736766e-17,2.1311999999999998,0.4237
REC_00540,Bengaluru,Karnataka,12.9716,77.5946,plateau_temperate,2023-03-09,2023-03-10,1,1.1,0.0,33.2,33.3,52.9,54.7,1005.8,0.5,0.6,0,3,1.1,0.09999999999999432,1.8000000000000043,0,0,0,1.0,1.0,6.123233995736766e-17,0.5819000000000001,0.2907
REC_00719,Hyderabad,Telangana,17.385,78.4867,semi_arid,2023-03-09,2023-03-10,1,0.1,0.0,34.5,35.0,52.4,52.6,1014.5,0.6,0.5,0,3,0.1,0.5,0.20000000000000284,0,0,0,1.0,1.0,6.123233995736766e-17,0.0524,0.3207
REC_00002,Delhi,NCR,28.6139,77.209,continental_subtropical,2023-03-09,2023-03-13,4,2.2,5.6,30.2,28.6,41.2,31.6,1005.8,7.1,4.9,0,3,3.3999999999999995,1.5999999999999979,9.600000000000001,0,0,0,16.0,1.0,6.123233995736766e-17,0.9064000000000001,0.2434
REC_02541,Krishna District,Andhra Pradesh,16.5062,80.648,coastal_humid,2023-03-09,2023-03-13,4,2.2,0.0,33.0,35.7,52.7,48.4,1013.0,7.9,5.7,0,3,2.2,2.700000000000003,4.300000000000004,0,0,0,16.0,1.0,6.123233995736766e-17,1.1594000000000002,0.3806
REC_00391,Visakhapatnam,Andhra Pradesh,17.6868,83.2185,coastal_cyclonic,2023-03-09,2023-03-19,10,3.3,16.0,32.4,34.0,50.0,28.1,999.3,0.0,18.3,0,3,12.7,1.6000000000000014,21.9,0,0,0,100.0,1.0,6.123233995736766e-17,1.65,0.427
REC_01600,Bengaluru,Karnataka,12.9716,77.5946,plateau_temperate,2023-03-09,2023-03-19,10,1.0,0.0,33.9,27.9,53.9,61.6,1012.7,1.1,0.1,0,3,1.0,6.0,7.700000000000003,0,1,1,100.0,1.0,6.123233995736766e-17,0.539,0.289
REC_01455,Krishna District,Andhra Pradesh,16.5062,80.648,coastal_humid,2023-03-10,2023-03-17,7,3.8,0.0,38.9,38.2,49.1,44.3,1002.9,15.4,11.5,0,3,3.8,0.6999999999999957,4.800000000000004,0,0,0,49.0,1.0,6.123233995736766e-17,1.8658,0.3782
REC_03481,Bengaluru,Karnataka,12.9716,77.5946,plateau_temperate,2023-03-10,2023-03-15,5,0.8,0.2,38.9,38.7,57.0,50.0,1010.6,8.4,7.6,0,3,0.6000000000000001,0.19999999999999574,7.0,0,0,0,25.0,1.0,6.123233995736766e-17,0.456,0.2931
REC_02085,Visakhapatnam,Andhra Pradesh,17.6868,83.2185,coastal_cyclonic,2023-03-10,2023-03-12,2,0.2,0.0,37.7,36.6,41.8,40.7,1011.1,1.2,0.9,0,3,0.2,1.1000000000000014,1.0999999999999943,0,0,0,4.0,1.0,6.123233995736766e-17,0.0836,0.4246
REC_00371,Bengaluru,Karnataka,12.9716,77.5946,plateau_temperate,2023-03-10,2023-03-14,4,2.9,3.5,33.1,32.1,62.1,70.3,1005.4,2.9,0.0,0,3,0.6000000000000001,1.0,8.199999999999996,0,0,0,16.0,1.0,6.123233995736766e-17,1.8009,0.2914
REC_03099,Delhi,NCR,28.6139,77.209,continental_subtropical,2023-03-10,2023-03-14,4,4.6,0.0,27.8,27.2,48.9,60.3,1004.8,0.0,5.8,0,3,4.6,0.6000000000000014,11.399999999999999,0,0,0,16.0,1.0,6.123233995736766e-17,2.2493999999999996,0.2421
REC_01954,Krishna District,Andhra Pradesh,16.5062,80.648,coastal_humid,2023-03-11,2023-03-12,1,2.3,0.0,36.1,35.9,58.3,58.4,1013.7,1.5,0.8,0,3,2.3,0.20000000000000284,0.10000000000000142,0,0,0,1.0,1.0,6.123233995736766e-17,1.3408999999999998,0.3758
REC_02076,Bengaluru,Karnataka,12.9716,77.5946,plateau_temperate,2023-03-11,2023-03-12,1,6.5,13.9,28.5,29.3,45.3,45.7,1002.0,6.5,0.0,0,3,7.4,0.8000000000000007,0.4000000000000057,0,0,0,1.0,1.0,6.123233995736766e-17,2.9444999999999997,0.2898
REC_00933,Visakhapatnam,Andhra Pradesh,17.6868,83.2185,coastal_cyclonic,2023-03-11,2023-03-13,2,1.7,7.7,30.2,31.2,53.2,55.1,1012.8,0.0,2.0,0,3,6.0,1.0,1.8999999999999986,0,0,0,4.0,1.0,6.123233995736766e-17,0.9044,0.4222
REC_01245,Hyderabad,Telangana,17.385,78.4867,semi_arid,2023-03-12,2023-03-13,1,1.3,1.0,36.4,36.7,45.9,41.6,1006.4,2.4,1.1,0,3,0.30000000000000004,0.30000000000000426,4.299999999999997,0,0,0,1.0,1.0,6.123233995736766e-17,0.5967,0.3189
REC_02991,Hyderabad,Telangana,17.385,78.4867,semi_arid,2023-03-12,2023-03-15,3,1.0,0.0,31.6,32.8,48.8,46.3,1003.2,0.0,1.4,0,3,1.0,1.1999999999999957,2.5,0,0,0,9.0,1.0,6.123233995736766e-17,0.488,0.3172
REC_00191,Bengaluru,Karnataka,12.9716,77.5946,plateau_temperate,2023-03-12,2023-03-19,7,3.6,49.8,36.5,35.7,50.4,51.7,1008.7,12.0,8.4,0,3,46.199999999999996,0.7999999999999972,1.3000000000000043,1,0,1,49.0,1.0,6.123233995736766e-17,1.8144,0.2881
REC_00019,Bengaluru,Karnataka,12.9716,77.5946,plateau_temperate,2023-03-12,2023-03-20,8,5.1,0.0,37.1,40.9,75.3,90.4,1006.7,7.6,2.5,0,3,5.1,3.799999999999997,15.100000000000009,0,1,1,64.0,1.0,6.123233995736766e-17,3.8402999999999996,0.2921
REC_00075,Visakhapatnam,Andhra Pradesh,17.6868,83.2185,coastal_cyclonic,2023-03-13,2023-03-21,8,0.8,0.0,32.3,33.2,61.6,63.5,1011.6,0.0,1.1,0,3,0.8,0.9000000000000057,1.8999999999999986,0,0,0,64.0,1.0,6.123233995736766e-17,0.4928,0.4199
REC_03093,Bengaluru,Karnataka,12.9716,77.5946,plateau_temperate,2023-03-14,2023-03-24,10,11.9,0.0,36.5,31.2,67.0,100.0,1009.4,32.5,20.6,0,3,11.9,5.300000000000001,33.0,0,1,1,100.0,1.0,6.123233995736766e-17,7.973000000000001,0.2961
REC_01021,Krishna District,Andhra Pradesh,16.5062,80.648,coastal_humid,2023-03-14,2023-03-21,7,7.0,0.0,35.1,39.4,35.0,23.3,997.2,18.9,11.8,0,3,7.0,4.299999999999997,11.7,0,1,1,49.0,1.0,6.123233995736766e-17,2.45,0.3734
REC_01497,Bengaluru,Karnataka,12.9716,77.5946,plateau_temperate,2023-03-14,2023-03-22,8,4.8,35.0,31.3,30.2,64.8,75.4,1008.1,3.2,1.6,0,3,30.2,1.1000000000000014,10.600000000000009,1,0,1,64.0,1.0,6.123233995736766e-17,3.1104,0.3
REC_01913,Mumbai,Maharashtra,19.076,72.8777,coastal_heavy_monsoon,2023-03-15,2023-03-20,5,1.7,0.0,34.8,36.7,68.1,66.9,1010.0,1.7,0.0,0,3,1.7,1.9000000000000057,1.1999999999999886,0,0,0,25.0,1.0,6.123233995736766e-17,1.1576999999999997,0.4048
REC_00602,Krishna District,Andhra Pradesh,16.5062,80.648,coastal_humid,2023-03-16,2023-03-24,8,0.8,11.4,28.2,27.6,54.3,52.0,1009.0,0.0,11.4,0,3,10.6,0.5999999999999979,2.299999999999997,0,0,0,64.0,1.0,6.123233995736766e-17,0.43439999999999995,0.3774
REC_01337,Krishna District,Andhra Pradesh,16.5062,80.648,coastal_humid,2023-03-16,2023-03-24,8,5.3,13.3,36.2,32.3,62.6,83.0,1003.3,0.0,14.9,0,3,8.0,3.9000000000000057,20.4,0,1,1,64.0,1.0,6.123233995736766e-17,3.3177999999999996,0.375
REC_00106,Hyderabad,Telangana,17.385,78.4867,semi_arid,2023-03-16,2023-03-26,10,4.8,0.0,33.1,31.4,50.9,71.2,1013.6,0.0,36.7,0,3,4.8,1.7000000000000028,20.300000000000004,0,0,0,100.0,1.0,6.123233995736766e-17,2.4432,0.3155
REC_00466,Hyderabad,Telangana,17.385,78.4867,semi_arid,2023-03-17,2023-03-24,7,0.4,6.2,34.3,28.6,64.6,65.0,1011.6,14.2,13.8,0,3,5.8,5.699999999999996,0.4000000000000057,0,1,1,49.0,1.0,6.123233995736766e-17,0.2584,0.3138
REC_01424,Krishna District,Andhra Pradesh,16.5062,80.648,coastal_humid,2023-03-18,2023-03-28,10,0.9,0.0,27.7,24.0,57.9,41.4,1012.7,0.0,2.9,0,3,0.9,3.6999999999999993,16.5,0,1,1,100.0,1.0,6.123233995736766e-17,0.5211,0.3789
REC_01942,Delhi,NCR,28.6139,77.209,continental_subtropical,2023-03-18,2023-03-23,5,0.1,5.7,34.5,33.6,72.6,83.0,1010.5,0.0,0.8,0,3,5.6000000000000005,0.8999999999999986,10.400000000000006,0,0,0,25.0,1.0,6.123233995736766e-17,0.0726,0.2408
REC_02738,Bengaluru,Karnataka,12.9716,77.5946,plateau_temperate,2023-03-18,2023-03-22,4,1.8,5.6,29.9,30.2,72.4,79.1,1010.5,1.2,0.6,0,3,3.8,0.3000000000000007,6.699999999999989,0,0,0,16.0,1.0,6.123233995736766e-17,1.3032000000000001,0.3039
REC_02524,Hyderabad,Telangana,17.385,78.4867,semi_arid,2023-03-18,2023-03-22,4,1.6,0.0,31.6,34.9,61.9,64.3,1007.5,3.1,1.5,0,3,1.6,3.299999999999997,2.3999999999999986,0,0,0,16.0,1.0,6.123233995736766e-17,0.9904000000000001,0.3175
REC_02670,Visakhapatnam,Andhra Pradesh,17.6868,83.2185,coastal_cyclonic,2023-03-18,2023-03-21,3,6.9,9.3,37.3,39.8,48.5,48.4,1011.0,4.7,2.1,0,3,2.4000000000000004,2.5,0.10000000000000142,0,0,0,9.0,1.0,6.123233995736766e-17,3.3465000000000003,0.4176
REC_00935,Mumbai,Maharashtra,19.076,72.8777,coastal_heavy_monsoon,2023-03-19,2023-03-20,1,8.1,14.0,33.0,33.1,48.5,47.5,1012.1,7.6,0.5,0,3,5.9,0.10000000000000142,1.0,0,0,0,1.0,1.0,6.123233995736766e-17,3.9284999999999997,0.4024
REC_00100,Hyderabad,Telangana,17.385,78.4867,semi_arid,2023-03-19,2023-03-22,3,1.7,9.5,32.9,33.8,60.7,51.9,1005.8,0.0,2.1,0,3,7.8,0.8999999999999986,8.800000000000004,0,0,0,9.0,1.0,6.123233995736766e-17,1.0319,0.3158
REC_02384,Bengaluru,Karnataka,12.9716,77.5946,plateau_temperate,2023-03-19,2023-03-22,3,0.4,0.0,35.3,37.1,40.4,40.7,1007.1,0.0,7.7,0,3,0.4,1.8000000000000043,0.30000000000000426,0,0,0,9.0,1.0,6.123233995736766e-17,0.1616,0.3022
REC_00663,Hyderabad,Telangana,17.385,78.4867,semi_arid,2023-03-19,2023-03-27,8,1.8,4.4,29.3,26.7,58.4,44.8,1007.8,22.8,21.0,0,3,2.6000000000000005,2.6000000000000014,13.600000000000001,0,0,0,64.0,1.0,6.123233995736766e-17,1.0512000000000001,0.3141
REC_01354,Krishna District,Andhra Pradesh,16.5062,80.648,coastal_humid,2023-03-19,2023-03-29,10,1.9,0.0,37.3,38.8,48.3,43.1,1002.9,0.0,13.2,0,3,1.9,1.5,5.199999999999996,0,0,0,100.0,1.0,6.123233995736766e-17,0.9177,0.3827
REC_00081,Bengaluru,Karnataka,12.9716,77.5946,plateau_temperate,2023-03-20,2023-03-27,7,2.6,0.8,29.0,31.2,70.1,96.5,1008.7,1.6,1.0,0,3,1.8,2.1999999999999993,26.400000000000006,0,0,0,49.0,1.0,6.123233995736766e-17,1.8226,0.3005
REC_01286,Mumbai,Maharashtra,19.076,72.8777,coastal_heavy_monsoon,2023-03-20,2023-03-27,7,4.8,0.0,33.5,35.3,39.2,59.8,1006.0,7.8,3.1,0,3,4.8,1.7999999999999972,20.599999999999994,0,0,0,49.0,1.0,6.123233995736766e-17,1.8816,0.4
REC_00172,Delhi,NCR,28.6139,77.209,continental_subtropical,2023-03-20,2023-03-24,4,17.1,0.0,30.8,26.2,58.5,64.8,1012.8,12.5,4.6,0,3,17.1,4.600000000000001,6.299999999999997,0,1,1,16.0,1.0,6.123233995736766e-17,10.0035,0.2396
REC_01450,Mumbai,Maharashtra,19.076,72.8777,coastal_heavy_monsoon,2023-03-20,2023-03-24,4,0.5,10.7,35.1,32.6,57.8,51.2,1009.4,0.0,2.5,0,3,10.2,2.5,6.599999999999994,0,0,0,16.0,1.0,6.123233995736766e-17,0.289,0.3977
REC_01829,Visakhapatnam,Andhra Pradesh,17.6868,83.2185,coastal_cyclonic,2023-03-21,2023-03-26,5,2.1,5.1,28.1,29.0,56.0,58.0,1007.3,7.7,5.6,0,3,2.9999999999999996,0.8999999999999986,2.0,0,0,0,25.0,1.0,6.123233995736766e-17,1.1760000000000002,0.4153
REC_03022,Mumbai,Maharashtra,19.076,72.8777,coastal_heavy_monsoon,2023-03-21,2023-03-26,5,1.0,3.2,29.9,28.3,39.0,43.4,1009.3,0.0,1.7,0,3,2.2,1.5999999999999979,4.399999999999999,0,0,0,25.0,1.0,6.123233995736766e-17,0.39,0.3953
REC_00149,Hyderabad,Telangana,17.385,78.4867,semi_arid,2023-03-21,2023-03-25,4,2.2,17.5,31.6,28.4,54.8,70.7,1003.4,9.6,7.4,0,3,15.3,3.200000000000003,15.900000000000006,0,0,0,16.0,1.0,6.123233995736766e-17,1.2056,0.3125
REC_03164,Delhi,NCR,28.6139,77.209,continental_subtropical,2023-03-21,2023-03-25,4,0.2,0.0,33.4,33.9,53.8,61.3,1007.4,5.8,5.6,0,3,0.2,0.5,7.5,0,0,0,16.0,1.0,6.123233995736766e-17,0.1076,0.2435
REC_02335,Hyderabad,Telangana,17.385,78.4867,semi_arid,2023-03-22,2023-03-30,8,4.0,30.5,40.0,41.2,47.9,67.4,1003.3,7.5,3.5,0,3,26.5,1.2000000000000028,19.500000000000007,1,0,1,64.0,1.0,6.123233995736766e-17,1.916,0.3109
REC_01783,Delhi,NCR,28.6139,77.209,continental_subtropical,2023-03-22,2023-03-29,7,2.2,5.5,32.0,29.2,55.4,74.3,1012.1,0.0,10.1,0,3,3.3,2.8000000000000007,18.9,0,0,0,49.0,1.0,6.123233995736766e-17,1.2188,0.2423
REC_02097,Hyderabad,Telangana,17.385,78.4867,semi_arid,2023-03-23,2023-03-24,1,3.5,1.7,34.8,36.4,74.4,73.7,1009.2,4.9,1.4,0,3,1.8,1.6000000000000014,0.7000000000000028,0,0,0,1.0,1.0,6.123233995736766e-17,2.6040000000000005,0.3144
REC_03484,Hyderabad,Telangana,17.385,78.4867,semi_arid,2023-03-23,2023-03-25,2,0.4,10.5,36.4,35.8,46.7,51.4,1003.5,0.0,3.0,0,3,10.1,0.6000000000000014,4.699999999999996,0,0,0,4.0,1.0,6.123233995736766e-17,0.18680000000000002,0.3128
REC_01759,Bengaluru,Karnataka,12.9716,77.5946,plateau_temperate,2023-03-23,2023-03-26,3,1.6,6.6,29.4,29.9,71.4,69.1,1008.2,0.0,2.5,0,3,5.0,0.5,2.3000000000000114,0,0,0,9.0,1.0,6.123233995736766e-17,1.1424,0.2989
REC_00260,Visakhapatnam,Andhra Pradesh,17.6868,83.2185,coastal_cyclonic,2023-03-23,2023-03-28,5,2.9,0.0,29.1,30.2,56.7,60.7,1006.0,0.0,5.2,0,3,2.9,1.0999999999999979,4.0,0,0,0,25.0,1.0,6.123233995736766e-17,1.6443,0.413
REC_02868,Delhi,NCR,28.6139,77.209,continental_subtropical,2023-03-23,2023-03-30,7,2.6,0.0,36.5,39.2,67.1,65.2,1004.9,7.8,5.1,0,3,2.6,2.700000000000003,1.8999999999999915,0,0,0,49.0,1.0,6.123233995736766e-17,1.7445999999999997,0.241
REC_00892,Hyderabad,Telangana,17.385,78.4867,semi_arid,2023-03-24,2023-04-03,10,2.1,27.1,32.2,33.1,54.5,54.3,1003.7,14.6,12.5,0,4,25.0,0.8999999999999986,0.20000000000000284,1,0,1,100.0,0.8660254037844387,-0.4999999999999998,1.1445,0.3112
REC_02136,Bengaluru,Karnataka,12.9716,77.5946,plateau_temperate,2023-03-24,2023-04-02,9,0.3,0.0,34.2,37.4,63.5,71.2,1011.8,0.0,22.0,0,4,0.3,3.1999999999999957,7.700000000000003,0,0,0,81.0,0.8660254037844387,-0.4999999999999998,0.1905,0.2973
REC_00431,Hyderabad,Telangana,17.385,78.4867,semi_arid,2023-03-24,2023-03-30,6,3.4,0.0,37.3,34.8,50.4,49.6,999.0,13.1,9.7,0,3,3.4,2.5,0.7999999999999972,0,0,0,36.0,1.0,6.123233995736766e-17,1.7135999999999998,0.3147
REC_03487,Mumbai,Maharashtra,19.076,72.8777,coastal_heavy_monsoon,2023-03-24,2023-04-03,10,0.6,0.0,34.4,34.2,53.1,31.3,1006.2,7.5,6.8,0,4,0.6,0.19999999999999574,21.8,0,0,0,100.0,0.8660254037844387,-0.4999999999999998,0.3186,0.3931
REC_02571,Mumbai,Maharashtra,19.076,72.8777,coastal_heavy_monsoon,2023-03-24,2023-03-27,3,1.7,19.0,31.6,32.2,69.9,74.7,1005.0,2.1,0.4,0,3,17.3,0.6000000000000014,4.799999999999997,0,0,0,9.0,1.0,6.123233995736766e-17,1.1883000000000001,0.3908
REC_01905,Hyderabad,Telangana,17.385,78.4867,semi_arid,2023-03-24,2023-03-27,3,0.1,6.8,36.9,36.3,46.9,41.8,1015.0,4.2,4.1,0,3,6.7,0.6000000000000014,5.100000000000001,0,0,0,9.0,1.0,6.123233995736766e-17,0.046900000000000004,0.3131
REC_03113,Visakhapatnam,Andhra Pradesh,17.6868,83.2185,coastal_cyclonic,2023-03-24,2023-03-25,1,8.9,5.7,34.1,34.6,55.9,61.0,1012.2,9.4,0.4,0,3,3.2,0.5,5.100000000000001,0,0,0,1.0,1.0,6.123233995736766e-17,4.9751,0.4108
REC_00585,Mumbai,Maharashtra,19.076,72.8777,coastal_heavy_monsoon,2023-03-24,2023-03-29,5,3.0,25.5,33.8,30.4,52.6,50.6,1010.8,10.8,7.9,0,3,22.5,3.3999999999999986,2.0,0,0,0,25.0,1.0,6.123233995736766e-17,1.578,0.3886
REC_01190,Hyderabad,Telangana,17.385,78.4867,semi_arid,2023-03-25,2023-04-02,8,1.9,29.9,30.0,26.8,69.3,81.3,1006.3,0.0,17.9,0,4,28.0,3.1999999999999993,12.0,1,0,1,64.0,0.8660254037844387,-0.4999999999999998,1.3167,0.3116
REC_02340,Krishna District,Andhra Pradesh,16.5062,80.648,coastal_humid,2023-03-25,2023-03-30,5,0.7,4.9,32.2,27.2,50.6,50.4,1007.7,8.9,8.2,0,3,4.2,5.0000000000000036,0.20000000000000284,0,1,1,25.0,1.0,6.123233995736766e-17,0.3542,0.3804
REC_03244,Hyderabad,Telangana,17.385,78.4867,semi_arid,2023-03-25,2023-03-31,6,5.0,17.5,29.9,31.5,62.6,56.4,1004.6,9.2,4.2,0,3,12.5,1.6000000000000014,6.200000000000003,0,0,0,36.0,1.0,6.123233995736766e-17,3.13,0.315
REC_03238,Krishna District,Andhra Pradesh,16.5062,80.648,coastal_humid,2023-03-25,2023-03-28,3,4.0,6.2,28.0,28.4,52.4,55.0,1013.0,2.5,1.5,0,3,2.2,0.3999999999999986,2.6000000000000014,0,0,0,9.0,1.0,6.123233995736766e-17,2.096,0.3841
REC_00646,Visakhapatnam,Andhra Pradesh,17.6868,83.2185,coastal_cyclonic,2023-03-25,2023-03-26,1,0.5,6.0,36.1,36.7,65.3,67.0,1008.1,1.5,1.0,0,3,5.5,0.6000000000000014,1.7000000000000028,0,0,0,1.0,1.0,6.123233995736766e-17,0.3265,0.4086
REC_03498,Krishna District,Andhra Pradesh,16.5062,80.648,coastal_humid,2023-03-25,2023-03-29,4,3.7,13.7,33.5,34.5,66.7,61.1,1008.7,6.9,3.2,0,3,10.0,1.0,5.600000000000001,0,0,0,16.0,1.0,6.123233995736766e-17,2.4679,0.3818
REC_00259,Bengaluru,Karnataka,12.9716,77.5946,plateau_temperate,2023-03-26,2023-03-27,1,11.6,11.7,28.0,28.8,64.6,71.6,1004.6,11.3,0.3,0,3,0.09999999999999964,0.8000000000000007,7.0,0,0,0,1.0,1.0,6.123233995736766e-17,7.493599999999999,0.2957
REC_01081,Delhi,NCR,28.6139,77.209,continental_subtropical,2023-03-26,2023-03-28,2,6.4,1.1,39.4,38.7,44.4,46.4,1011.3,8.4,2.0,0,3,5.300000000000001,0.6999999999999957,2.0,0,0,0,4.0,1.0,6.123233995736766e-17,2.8416,0.2398
REC_00994,Visakhapatnam,Andhra Pradesh,17.6868,83.2185,coastal_cyclonic,2023-03-26,2023-03-31,5,16.0,0.0,26.8,27.6,68.1,69.4,1002.3,24.3,8.3,0,3,16.0,0.8000000000000007,1.3000000000000114,0,0,0,25.0,1.0,6.123233995736766e-17,10.895999999999999,0.4064
REC_00800,Krishna District,Andhra Pradesh,16.5062,80.648,coastal_humid,2023-03-26,2023-04-02,7,1.6,8.1,32.9,32.3,49.9,40.2,1008.2,9.2,7.6,0,4,6.5,0.6000000000000014,9.699999999999996,0,0,0,49.0,0.8660254037844387,-0.4999999999999998,0.7984,0.3795
REC_02739,Visakhapatnam,Andhra Pradesh,17.6868,83.2185,coastal_cyclonic,2023-03-26,2023-04-04,9,3.0,0.0,27.5,23.7,66.2,50.2,1008.8,0.0,19.6,0,4,3.0,3.8000000000000007,16.0,0,1,1,81.0,0.8660254037844387,-0.4999999999999998,1.9860000000000002,0.4043
REC_02080,Mumbai,Maharashtra,19.076,72.8777,coastal_heavy_monsoon,2023-03-27,2023-04-04,8,6.5,4.0,22.8,24.7,67.8,79.0,1011.4,10.7,4.2,0,4,2.5,1.8999999999999986,11.200000000000003,0,0,0,64.0,0.8660254037844387,-0.4999999999999998,4.407,0.3864
REC_01778,Krishna District,Andhra Pradesh,16.5062,80.648,coastal_humid,2023-03-27,2023-04-04,8,2.5,42.3,27.3,29.8,55.7,79.2,1006.4,37.3,34.8,0,4,39.8,2.5,23.5,1,0,1,64.0,0.8660254037844387,-0.4999999999999998,1.3925,0.3772
REC_01691,Krishna District,Andhra Pradesh,16.5062,80.648,coastal_humid,2023-03-27,2023-04-03,7,2.2,4.9,30.8,26.6,55.1,63.3,1013.6,0.9,1.3,0,4,2.7,4.199999999999999,8.199999999999996,0,1,1,49.0,0.8660254037844387,-0.4999999999999998,1.2122000000000002,0.381
REC_00875,Visakhapatnam,Andhra Pradesh,17.6868,83.2185,coastal_cyclonic,2023-03-27,2023-03-28,1,1.0,2.1,33.8,33.4,41.4,39.4,999.7,2.4,1.4,0,3,1.1,0.3999999999999986,2.0,0,0,0,1.0,1.0,6.123233995736766e-17,0.414,0.4074
REC_02876,Krishna District,Andhra Pradesh,16.5062,80.648,coastal_humid,2023-03-28,2023-03-30,2,0.4,0.0,33.1,33.0,50.9,53.1,1006.2,5.2,4.8,0,3,0.4,0.10000000000000142,2.200000000000003,0,0,0,4.0,1.0,6.123233995736766e-17,0.2036,0.3846
REC_00536,Mumbai,Maharashtra,19.076,72.8777,coastal_heavy_monsoon,2023-03-28,2023-04-03,6,1.3,0.0,32.5,33.2,54.9,50.2,1009.2,0.0,14.9,0,4,1.3,0.7000000000000028,4.699999999999996,0,0,0,36.0,0.8660254037844387,-0.4999999999999998,0.7137,0.3842
REC_01064,Krishna District,Andhra Pradesh,16.5062,80.648,coastal_humid,2023-03-29,2023-03-30,1,2.7,9.7,29.2,29.8,48.1,38.7,1012.5,2.9,0.3,0,3,6.999999999999999,0.6000000000000014,9.399999999999999,0,0,0,1.0,1.0,6.123233995736766e-17,1.2987,0.3824
REC_02685,Mumbai,Maharashtra,19.076,72.8777,coastal_heavy_monsoon,2023-03-29,2023-04-01,3,4.3,2.4,36.6,35.4,57.2,58.9,1010.3,5.9,1.6,0,4,1.9,1.2000000000000028,1.6999999999999957,0,0,0,9.0,0.8660254037844387,-0.4999999999999998,2.4596,0.382
REC_00227,Krishna District,Andhra Pradesh,16.5062,80.648,coastal_humid,2023-03-29,2023-04-02,4,0.8,4.8,30.1,30.4,55.2,65.3,1007.0,12.5,11.7,0,4,4.0,0.29999999999999716,10.099999999999994,0,0,0,16.0,0.8660254037844387,-0.4999999999999998,0.44160000000000005,0.3801
REC_01950,Hyderabad,Telangana,17.385,78.4867,semi_arid,2023-03-29,2023-04-06,8,10.6,106.3,34.9,36.2,73.1,84.5,1008.6,17.2,6.6,0,4,95.7,1.3000000000000043,11.400000000000006,1,0,1,64.0,0.8660254037844387,-0.4999999999999998,7.748599999999999,0.3134
REC_01742,Bengaluru,Karnataka,12.9716,77.5946,plateau_temperate,2023-03-29,2023-04-08,10,1.5,0.0,35.4,32.5,49.9,24.9,1013.6,0.0,7.1,0,4,1.5,2.8999999999999986,25.0,0,0,0,100.0,0.8660254037844387,-0.4999999999999998,0.7484999999999999,0.2941
REC_02424,Visakhapatnam,Andhra Pradesh,17.6868,83.2185,coastal_cyclonic,2023-03-29,2023-04-08,10,1.6,1.1,32.2,24.8,56.1,42.6,1006.3,0.0,9.4,0,4,0.5,7.400000000000002,13.5,0,1,1,100.0,0.8660254037844387,-0.4999999999999998,0.8976000000000001,0.4053
REC_01340,Mumbai,Maharashtra,19.076,72.8777,coastal_heavy_monsoon,2023-03-30,2023-04-02,3,1.2,10.1,33.6,36.3,57.9,60.1,1003.3,4.5,3.3,0,4,8.9,2.6999999999999957,2.200000000000003,0,0,0,9.0,0.8660254037844387,-0.4999999999999998,0.6947999999999999,0.3799
REC_00681,Delhi,NCR,28.6139,77.209,continental_subtropical,2023-03-30,2023-04-05,6,3.2,0.0,35.3,34.9,47.2,33.4,1009.1,1.1,2.1,0,4,3.2,0.3999999999999986,13.800000000000004,0,0,0,36.0,0.8660254037844387,-0.4999999999999998,1.5104000000000002,0.2386
REC_01322,Krishna District,Andhra Pradesh,16.5062,80.648,coastal_humid,2023-03-31,2023-04-04,4,2.9,0.0,33.2,36.6,59.1,58.1,1012.3,6.7,3.8,0,4,2.9,3.3999999999999986,1.0,0,0,0,16.0,0.8660254037844387,-0.4999999999999998,1.7138999999999998,0.3779
REC_00641,Visakhapatnam,Andhra Pradesh,17.6868,83.2185,coastal_cyclonic,2023-04-01,2023-04-06,5,2.9,0.0,42.0,36.9,60.0,62.5,1005.3,4.3,1.5,0,4,2.9,5.100000000000001,2.5,0,1,1,25.0,0.8660254037844387,-0.4999999999999998,1.74,0.4084
REC_02404,Delhi,NCR,28.6139,77.209,continental_subtropical,2023-04-01,2023-04-07,6,0.2,0.0,32.5,34.8,57.6,52.2,1009.4,10.0,9.7,0,4,0.2,2.299999999999997,5.399999999999999,0,0,0,36.0,0.8660254037844387,-0.4999999999999998,0.11520000000000001,0.2374
REC_00252,Bengaluru,Karnataka,12.9716,77.5946,plateau_temperate,2023-04-01,2023-04-11,10,2.1,0.0,36.0,40.4,60.2,73.5,1008.8,2.4,0.3,0,4,2.1,4.399999999999999,13.299999999999997,0,1,1,100.0,0.8660254037844387,-0.4999999999999998,1.2642000000000002,0.2926
REC_03350,Visakhapatnam,Andhra Pradesh,17.6868,83.2185,coastal_cyclonic,2023-04-02,2023-04-03,1,0.0,0.0,30.5,31.7,48.7,54.9,1004.4,0.1,0.1,0,4,0.0,1.1999999999999993,6.199999999999996,0,0,0,1.0,0.8660254037844387,-0.4999999999999998,0.0,0.4115
REC_01770,Mumbai,Maharashtra,19.076,72.8777,coastal_heavy_monsoon,2023-04-02,2023-04-08,6,3.8,23.9,33.6,31.3,54.8,52.9,1013.9,2.5,1.2,0,4,20.099999999999998,2.3000000000000007,1.8999999999999986,0,0,0,36.0,0.8660254037844387,-0.4999999999999998,2.0824,0.3778
REC_02980,Mumbai,Maharashtra,19.076,72.8777,coastal_heavy_monsoon,2023-04-02,2023-04-08,6,5.0,0.0,33.3,36.7,45.4,42.5,1013.3,0.0,8.3,0,4,5.0,3.4000000000000057,2.8999999999999986,0,0,0,36.0,0.8660254037844387,-0.4999999999999998,2.27,0.3757
REC_00705,Krishna District,Andhra Pradesh,16.5062,80.648,coastal_humid,2023-04-02,2023-04-10,8,0.7,32.0,31.1,29.8,56.2,62.1,1012.8,27.5,26.8,0,4,31.3,1.3000000000000007,5.899999999999999,1,0,1,64.0,0.8660254037844387,-0.4999999999999998,0.39339999999999997,0.3757
REC_02385,Krishna District,Andhra Pradesh,16.5062,80.648,coastal_humid,2023-04-02,2023-04-10,8,0.8,2.4,36.7,37.7,50.8,51.5,998.3,0.0,8.3,0,4,1.5999999999999999,1.0,0.7000000000000028,0,0,0,64.0,0.8660254037844387,-0.4999999999999998,0.4064,0.3793
REC_00045,Delhi,NCR,28.6139,77.209,continental_subtropical,2023-04-02,2023-04-11,9,0.3,25.9,31.7,30.0,56.6,48.1,1010.2,0.0,12.1,0,4,25.599999999999998,1.6999999999999993,8.5,1,0,1,81.0,0.8660254037844387,-0.4999999999999998,0.1698,0.2362
REC_00662,Krishna District,Andhra Pradesh,16.5062,80.648,coastal_humid,2023-04-02,2023-04-12,10,5.5,0.0,36.2,39.1,62.3,66.8,1008.5,7.5,2.0,0,4,5.5,2.8999999999999986,4.5,0,0,0,100.0,0.8660254037844387,-0.4999999999999998,3.4265,0.3771
REC_02498,Bengaluru,Karnataka,12.9716,77.5946,plateau_temperate,2023-04-02,2023-04-12,10,1.1,29.0,34.4,32.6,45.9,40.1,1006.3,0.0,15.3,0,4,27.9,1.7999999999999972,5.799999999999997,1,0,1,100.0,0.8660254037844387,-0.4999999999999998,0.5049,0.2963
REC_03045,Hyderabad,Telangana,17.385,78.4867,semi_arid,2023-04-03,2023-04-11,8,4.2,22.0,33.1,31.5,48.6,54.8,1006.5,12.3,8.1,0,4,17.8,1.6000000000000014,6.199999999999996,0,0,0,64.0,0.8660254037844387,-0.4999999999999998,2.0412,0.3168
REC_02250,Mumbai,Maharashtra,19.076,72.8777,coastal_heavy_monsoon,2023-04-03,2023-04-09,6,4.3,1.1,31.6,35.1,51.1,55.0,1009.2,13.1,8.7,0,4,3.1999999999999997,3.5,3.8999999999999986,0,1,1,36.0,0.8660254037844387,-0.4999999999999998,2.1973,0.3736
REC_01548,Bengaluru,Karnataka,12.9716,77.5946,plateau_temperate,2023-04-03,2023-04-04,1,4.3,0.0,35.2,35.0,60.7,64.2,1008.6,5.7,1.3,0,4,4.3,0.20000000000000284,3.5,0,0,0,1.0,0.8660254037844387,-0.4999999999999998,2.6101,0.3
REC_02989,Visakhapatnam,Andhra Pradesh,17.6868,83.2185,coastal_cyclonic,2023-04-03,2023-04-07,4,1.3,0.0,26.1,22.7,62.9,58.6,1015.2,0.0,8.4,0,4,1.3,3.400000000000002,4.299999999999997,0,0,0,16.0,0.8660254037844387,-0.4999999999999998,0.8177,0.4093
REC_02982,Visakhapatnam,Andhra Pradesh,17.6868,83.2185,coastal_cyclonic,2023-04-04,2023-04-05,1,1.3,0.0,30.3,30.7,56.8,52.4,1002.1,1.1,0.2,0,4,1.3,0.3999999999999986,4.399999999999999,0,0,0,1.0,0.8660254037844387,-0.4999999999999998,0.7384000000000001,0.4072
REC_00726,Visakhapatnam,Andhra Pradesh,17.6868,83.2185,coastal_cyclonic,2023-04-04,2023-04-07,3,4.2,0.0,35.6,34.9,54.6,46.5,1004.3,4.1,0.0,0,4,4.2,0.7000000000000028,8.100000000000001,0,0,0,9.0,0.8660254037844387,-0.4999999999999998,2.2932,0.4051
REC_02107,Mumbai,Maharashtra,19.076,72.8777,coastal_heavy_monsoon,2023-04-05,2023-04-07,2,1.7,11.3,34.0,35.0,50.0,52.0,1008.0,2.4,0.7,0,4,9.600000000000001,1.0,2.0,0,0,0,4.0,0.8660254037844387,-0.4999999999999998,0.85,0.377
REC_00804,Hyderabad,Telangana,17.385,78.4867,semi_arid,2023-04-05,2023-04-10,5,3.9,6.0,30.0,30.2,53.7,61.5,1009.2,7.8,3.9,0,4,2.1,0.1999999999999993,7.799999999999997,0,0,0,25.0,0.8660254037844387,-0.4999999999999998,2.0943,0.3153
REC_03470,Hyderabad,Telangana,17.385,78.4867,semi_arid,2023-04-05,2023-04-11,6,6.6,0.0,34.9,34.0,39.4,51.4,1005.0,9.0,2.4,0,4,6.6,0.8999999999999986,12.0,0,0,0,36.0,0.8660254037844387,-0.4999999999999998,2.6003999999999996,0.3137
REC_01045,Hyderabad,Telangana,17.385,78.4867,semi_arid,2023-04-06,2023-04-12,6,2.2,0.0,32.5,32.9,71.2,75.5,1006.3,3.3,1.1,0,4,2.2,0.3999999999999986,4.299999999999997,0,0,0,36.0,0.8660254037844387,-0.4999999999999998,1.5664000000000002,0.3122
REC_02351,Bengaluru,Karnataka,12.9716,77.5946,plateau_temperate,2023-04-06,2023-04-13,7,3.0,13.1,27.6,27.6,43.6,42.5,1012.4,0.0,8.7,0,4,10.1,0.0,1.1000000000000014,0,0,0,49.0,0.8660254037844387,-0.4999999999999998,1.308,0.2984
REC_03488,Visakhapatnam,Andhra Pradesh,17.6868,83.2185,coastal_cyclonic,2023-04-07,2023-04-15,8,4.9,5.7,36.4,39.9,41.1,51.2,1013.6,2.7,2.2,0,4,0.7999999999999998,3.5,10.100000000000001,0,1,1,64.0,0.8660254037844387,-0.4999999999999998,2.0139,0.4031
REC_00734,Hyderabad,Telangana,17.385,78.4867,semi_arid,2023-04-07,2023-04-08,1,5.0,0.0,33.4,33.1,58.6,64.1,1007.0,4.6,0.4,0,4,5.0,0.29999999999999716,5.499999999999993,0,0,0,1.0,0.8660254037844387,-0.4999999999999998,2.93,0.3107
REC_02130,Visakhapatnam,Andhra Pradesh,17.6868,83.2185,coastal_cyclonic,2023-04-07,2023-04-15,8,3.5,8.3,37.1,40.7,65.9,79.3,1005.9,0.0,5.0,0,4,4.800000000000001,3.6000000000000014,13.399999999999991,0,1,1,64.0,0.8660254037844387,-0.4999999999999998,2.3065,0.4061
REC_00577,Delhi,NCR,28.6139,77.209,continental_subtropical,2023-04-07,2023-04-17,10,4.2,0.0,31.5,27.4,40.1,52.3,1008.9,4.9,0.7,0,4,4.2,4.100000000000001,12.199999999999996,0,1,1,100.0,0.8660254037844387,-0.4999999999999998,1.6842000000000001,0.24
REC_02217,Visakhapatnam,Andhra Pradesh,17.6868,83.2185,coastal_cyclonic,2023-04-07,2023-04-17,10,1.4,27.2,37.1,33.8,57.4,51.0,1010.2,2.6,1.2,0,4,25.8,3.3000000000000043,6.399999999999999,1,0,1,100.0,0.8660254037844387,-0.4999999999999998,0.8036,0.4091
REC_01002,Delhi,NCR,28.6139,77.209,continental_subtropical,2023-04-08,2023-04-18,10,10.8,109.5,33.2,33.6,55.8,44.7,1005.4,11.7,0.9,0,4,98.7,0.3999999999999986,11.099999999999994,1,0,1,100.0,0.8660254037844387,-0.4999999999999998,6.0264,0.2438
REC_00362,Krishna District,Andhra Pradesh,16.5062,80.648,coastal_humid,2023-04-08,2023-04-16,8,2.0,0.0,32.8,27.3,65.0,54.3,1007.8,0.0,11.4,0,4,2.0,5.4999999999999964,10.700000000000003,0,1,1,64.0,0.8660254037844387,-0.4999999999999998,1.3,0.375
REC_00810,Visakhapatnam,Andhra Pradesh,17.6868,83.2185,coastal_cyclonic,2023-04-08,2023-04-09,1,1.4,1.5,35.3,35.2,48.5,52.4,1011.4,1.4,0.1,0,4,0.10000000000000009,0.09999999999999432,3.8999999999999986,0,0,0,1.0,0.8660254037844387,-0.4999999999999998,0.6789999999999999,0.4121
REC_03467,Krishna District,Andhra Pradesh,16.5062,80.648,coastal_humid,2023-04-08,2023-04-14,6,5.5,0.0,35.3,31.7,53.1,42.9,1007.3,12.2,6.6,0,4,5.5,3.599999999999998,10.200000000000003,0,1,1,36.0,0.8660254037844387,-0.4999999999999998,2.9205,0.3785
REC_01873,Delhi,NCR,28.6139,77.209,continental_subtropical,2023-04-08,2023-04-15,7,1.9,0.0,36.4,35.9,53.4,71.1,1008.1,0.0,11.9,0,4,1.9,0.5,17.699999999999996,0,0,0,49.0,0.8660254037844387,-0.4999999999999998,1.0146,0.2475
REC_01681,Krishna District,Andhra Pradesh,16.5062,80.648,coastal_humid,2023-04-09,2023-04-17,8,6.1,14.3,29.3,31.0,60.2,72.1,1009.6,18.6,12.5,0,4,8.200000000000001,1.6999999999999993,11.899999999999991,0,0,0,64.0,0.8660254037844387,-0.4999999999999998,3.6721999999999997,0.382
REC_02726,Visakhapatnam,Andhra Pradesh,17.6868,83.2185,coastal_cyclonic,2023-04-09,2023-04-10,1,0.7,2.6,31.3,32.0,47.5,50.1,1005.2,0.0,1.6,0,4,1.9000000000000001,0.6999999999999993,2.6000000000000014,0,0,0,1.0,0.8660254037844387,-0.4999999999999998,0.3325,0.41
REC_02318,Delhi,NCR,28.6139,77.209,continental_subtropical,2023-04-09,2023-04-15,6,3.2,0.0,32.1,35.4,50.2,44.6,1009.5,10.6,7.4,0,4,3.2,3.299999999999997,5.600000000000001,0,0,0,36.0,0.8660254037844387,-0.4999999999999998,1.6064,0.2463
REC_02521,Hyderabad,Telangana,17.385,78.4867,semi_arid,2023-04-09,2023-04-15,6,7.4,10.7,36.6,35.0,47.7,47.8,1008.8,2.1,5.3,0,4,3.299999999999999,1.6000000000000014,0.09999999999999432,0,0,0,36.0,0.8660254037844387,-0.4999999999999998,3.5298000000000003,0.3092
REC_03216,Mumbai,Maharashtra,19.076,72.8777,coastal_heavy_monsoon,2023-04-10,2023-04-14,4,3.5,0.0,31.1,32.5,56.8,55.7,1005.6,0.1,3.4,0,4,3.5,1.3999999999999986,1.0999999999999943,0,0,0,16.0,0.8660254037844387,-0.4999999999999998,1.9879999999999998,0.375
REC_00537,Hyderabad,Telangana,17.385,78.4867,semi_arid,2023-04-10,2023-04-18,8,1.0,0.0,32.7,35.7,46.1,26.3,1002.8,0.0,23.1,0,4,1.0,3.0,19.8,0,0,0,64.0,0.8660254037844387,-0.4999999999999998,0.461,0.3077
REC_03491,Bengaluru,Karnataka,12.9716,77.5946,plateau_temperate,2023-04-10,2023-04-11,1,9.6,10.7,35.5,36.0,56.3,53.9,1009.5,8.8,0.8,0,4,1.0999999999999996,0.5,2.3999999999999986,0,0,0,1.0,0.8660254037844387,-0.4999999999999998,5.404799999999999,0.2969
REC_03431,Delhi,NCR,28.6139,77.209,continental_subtropical,2023-04-11,2023-04-21,10,3.7,40.4,33.5,30.5,57.8,60.3,1010.9,0.0,12.8,0,4,36.699999999999996,3.0,2.5,1,0,1,100.0,0.8660254037844387,-0.4999999999999998,2.1386000000000003,0.2451
REC_02551,Visakhapatnam,Andhra Pradesh,17.6868,83.2185,coastal_cyclonic,2023-04-11,2023-04-18,7,0.7,12.8,35.3,40.7,50.4,60.1,1005.5,11.7,11.0,0,4,12.100000000000001,5.400000000000006,9.700000000000003,0,1,1,49.0,0.8660254037844387,-0.4999999999999998,0.35279999999999995,0.408
REC_03157,Visakhapatnam,Andhra Pradesh,17.6868,83.2185,coastal_cyclonic,2023-04-11,2023-04-17,6,0.4,16.0,31.6,25.7,50.0,45.8,1010.0,8.2,7.8,0,4,15.6,5.900000000000002,4.200000000000003,0,1,1,36.0,0.8660254037844387,-0.4999999999999998,0.2,0.4109
REC_00986,Delhi,NCR,28.6139,77.209,continental_subtropical,2023-04-11,2023-04-13,2,2.4,3.3,36.4,35.7,61.1,64.0,1004.6,0.0,2.7,0,4,0.8999999999999999,0.6999999999999957,2.8999999999999986,0,0,0,4.0,0.8660254037844387,-0.4999999999999998,1.4664,0.2488
REC_00678,Bengaluru,Karnataka,12.9716,77.5946,plateau_temperate,2023-04-11,2023-04-14,3,1.1,1.7,31.9,30.9,43.2,46.9,1002.9,3.7,2.6,0,4,0.5999999999999999,1.0,3.6999999999999957,0,0,0,9.0,0.8660254037844387,-0.4999999999999998,0.4752000000000001,0.2953
REC_01050,Bengaluru,Karnataka,12.9716,77.5946,plateau_temperate,2023-04-11,2023-04-16,5,2.0,73.2,35.4,34.2,69.0,79.1,1010.9,6.9,4.9,0,4,71.2,1.1999999999999957,10.099999999999994,1,0,1,25.0,0.8660254037844387,-0.4999999999999998,1.38,0.2938
REC_00428,Delhi,NCR,28.6139,77.209,continental_subtropical,2023-04-12,2023-04-13,1,0.8,0.0,39.8,39.0,63.8,66.5,1009.9,0.8,0.0,0,4,0.8,0.7999999999999972,2.700000000000003,0,0,0,1.0,0.8660254037844387,-0.4999999999999998,0.5104,0.2476
REC_00740,Hyderabad,Telangana,17.385,78.4867,semi_arid,2023-04-12,2023-04-17,5,13.6,11.7,32.4,32.9,55.9,42.9,1006.7,9.6,4.1,0,4,1.9000000000000004,0.5,13.0,0,0,0,25.0,0.8660254037844387,-0.4999999999999998,7.6024,0.3062
REC_01758,Bengaluru,Karnataka,12.9716,77.5946,plateau_temperate,2023-04-12,2023-04-17,5,3.0,4.2,26.0,25.9,53.4,46.6,1007.8,5.7,2.7,0,4,1.2000000000000002,0.10000000000000142,6.799999999999997,0,0,0,25.0,0.8660254037844387,-0.4999999999999998,1.6019999999999999,0.2974
REC_01795,Krishna District,Andhra Pradesh,16.5062,80.648,coastal_humid,2023-04-12,2023-04-17,5,0.8,7.0,31.2,30.6,52.3,33.6,1002.7,0.0,4.4,0,4,6.2,0.5999999999999979,18.699999999999996,0,0,0,25.0,0.8660254037844387,-0.4999999999999998,0.41840000000000005,0.3799
REC_00117,Krishna District,Andhra Pradesh,16.5062,80.648,coastal_humid,2023-04-12,2023-04-18,6,3.0,12.1,37.5,37.6,56.7,67.8,1009.1,6.3,3.3,0,4,9.1,0.10000000000000142,11.099999999999994,0,0,0,36.0,0.8660254037844387,-0.4999999999999998,1.7010000000000003,0.3778
REC_01000,Bengaluru,Karnataka,12.9716,77.5946,plateau_temperate,2023-04-12,2023-04-20,8,3.2,13.9,33.6,36.2,62.1,69.1,1007.2,6.7,3.5,0,4,10.7,2.6000000000000014,6.999999999999993,0,0,0,64.0,0.8660254037844387,-0.4999999999999998,1.9872000000000003,0.2959
REC_02535,Delhi,NCR,28.6139,77.209,continental_subtropical,2023-04-13,2023-04-22,9,2.8,35.3,31.3,31.7,50.0,50.7,1008.2,10.3,7.6,0,4,32.5,0.3999999999999986,0.7000000000000028,1,0,1,81.0,0.8660254037844387,-0.4999999999999998,1.4,0.2464
REC_01709,Visakhapatnam,Andhra Pradesh,17.6868,83.2185,coastal_cyclonic,2023-04-13,2023-04-22,9,0.2,0.0,34.5,33.5,64.9,72.2,1004.4,7.1,6.9,0,4,0.2,1.0,7.299999999999997,0,0,0,81.0,0.8660254037844387,-0.4999999999999998,0.12980000000000003,0.4138
REC_00566,Krishna District,Andhra Pradesh,16.5062,80.648,coastal_humid,2023-04-13,2023-04-20,7,0.2,10.0,38.5,39.3,46.5,26.3,998.0,0.0,2.0,0,4,9.8,0.7999999999999972,20.2,0,0,0,49.0,0.8660254037844387,-0.4999999999999998,0.09300000000000001,0.3757
REC_00485,Visakhapatnam,Andhra Pradesh,17.6868,83.2185,coastal_cyclonic,2023-04-13,2023-04-21,8,2.3,0.0,33.9,37.2,50.5,38.2,1002.3,8.5,6.2,0,4,2.3,3.3000000000000043,12.299999999999997,0,0,0,64.0,0.8660254037844387,-0.4999999999999998,1.1615,0.4118
REC_01821,Mumbai,Maharashtra,19.076,72.8777,coastal_heavy_monsoon,2023-04-14,2023-04-20,6,1.8,24.5,34.7,37.0,58.6,65.6,1008.3,0.0,15.3,0,4,22.7,2.299999999999997,6.999999999999993,0,0,0,36.0,0.8660254037844387,-0.4999999999999998,1.0548,0.373
REC_00471,Hyderabad,Telangana,17.385,78.4867,semi_arid,2023-04-14,2023-04-21,7,1.2,52.5,39.7,37.9,55.1,53.7,1003.8,0.9,0.3,0,4,51.3,1.8000000000000043,1.3999999999999986,1,0,1,49.0,0.8660254037844387,-0.4999999999999998,0.6612,0.3048
REC_01846,Bengaluru,Karnataka,12.9716,77.5946,plateau_temperate,2023-04-14,2023-04-22,8,1.3,24.8,34.3,33.8,54.6,56.3,1004.5,0.0,2.0,0,4,23.5,0.5,1.6999999999999957,0,0,0,64.0,0.8660254037844387,-0.4999999999999998,0.7098,0.2944
REC_02746,Mumbai,Maharashtra,19.076,72.8777,coastal_heavy_monsoon,2023-04-14,2023-04-24,10,10.1,25.7,26.8,24.7,55.0,51.9,1002.0,25.7,15.6,0,4,15.6,2.1000000000000014,3.1000000000000014,0,0,0,100.0,0.8660254037844387,-0.4999999999999998,5.555,0.371
REC_01125,Krishna District,Andhra Pradesh,16.5062,80.648,coastal_humid,2023-04-15,2023-04-24,9,3.6,41.8,34.6,31.8,61.2,63.3,1009.3,0.0,6.5,0,4,38.199999999999996,2.8000000000000007,2.0999999999999943,1,0,1,81.0,0.8660254037844387,-0.4999999999999998,2.2032000000000003,0.3736
REC_00202,Visakhapatnam,Andhra Pradesh,17.6868,83.2185,coastal_cyclonic,2023-04-15,2023-04-17,2,11.9,0.0,30.2,30.8,61.4,61.2,1003.0,11.4,0.6,0,4,11.9,0.6000000000000014,0.19999999999999574,0,0,0,4.0,0.8660254037844387,-0.4999999999999998,7.3065999999999995,0.4098
REC_02620,Hyderabad,Telangana,17.385,78.4867,semi_arid,2023-04-15,2023-04-17,2,8.3,0.0,33.4,32.2,60.1,56.5,1010.5,12.2,4.0,0,4,8.3,1.1999999999999957,3.6000000000000014,0,0,0,4.0,0.8660254037844387,-0.4999999999999998,4.988300000000001,0.3081
REC_01116,Hyderabad,Telangana,17.385,78.4867,semi_arid,2023-04-15,2023-04-20,5,1.1,17.8,29.9,34.2,62.0,63.1,1009.3,8.4,7.3,0,4,16.7,4.300000000000004,1.1000000000000014,0,1,1,25.0,0.8660254037844387,-0.4999999999999998,0.682,0.3066
REC_00842,Hyderabad,Telangana,17.385,78.4867,semi_arid,2023-04-16,2023-04-22,6,1.7,23.3,35.0,34.2,54.1,66.5,1012.4,0.0,5.6,0,4,21.6,0.7999999999999972,12.399999999999999,0,0,0,36.0,0.8660254037844387,-0.4999999999999998,0.9197,0.3099
REC_01298,Delhi,NCR,28.6139,77.209,continental_subtropical,2023-04-17,2023-04-26,9,2.8,39.1,33.5,29.3,48.2,24.7,1006.9,17.5,14.6,0,4,36.300000000000004,4.199999999999999,23.500000000000004,1,1,1,81.0,0.8660254037844387,-0.4999999999999998,1.3496000000000001,0.25
REC_00858,Delhi,NCR,28.6139,77.209,continental_subtropical,2023-04-17,2023-04-27,10,8.1,0.0,32.7,30.2,62.5,54.8,1011.1,7.6,0.5,0,4,8.1,2.5000000000000036,7.700000000000003,0,0,0,100.0,0.8660254037844387,-0.4999999999999998,5.0625,0.2536
REC_00924,Krishna District,Andhra Pradesh,16.5062,80.648,coastal_humid,2023-04-17,2023-04-23,6,3.8,0.0,36.2,38.0,51.7,43.1,1005.1,1.2,2.6,0,4,3.8,1.7999999999999972,8.600000000000001,0,0,0,36.0,0.8660254037844387,-0.4999999999999998,1.9646000000000001,0.377
REC_00743,Hyderabad,Telangana,17.385,78.4867,semi_arid,2023-04-17,2023-04-24,7,8.6,63.4,37.8,33.0,48.2,67.4,1019.3,32.7,24.0,0,4,54.8,4.799999999999997,19.200000000000003,1,1,1,49.0,0.8660254037844387,-0.4999999999999998,4.1452,0.3084
REC_00597,Delhi,NCR,28.6139,77.209,continental_subtropical,2023-04-17,2023-04-21,4,1.9,24.7,33.8,34.8,53.6,46.3,1009.5,2.5,0.6,0,4,22.8,1.0,7.300000000000004,0,0,0,16.0,0.8660254037844387,-0.4999999999999998,1.0184,0.2524
REC_02630,Bengaluru,Karnataka,12.9716,77.5946,plateau_temperate,2023-04-17,2023-04-19,2,0.3,0.0,34.7,35.3,53.2,53.4,1008.7,0.0,2.0,0,4,0.3,0.5999999999999943,0.19999999999999574,0,0,0,4.0,0.8660254037844387,-0.4999999999999998,0.15960000000000002,0.2929
REC_01177,Visakhapatnam,Andhra Pradesh,17.6868,83.2185,coastal_cyclonic,2023-04-17,2023-04-18,1,1.5,5.2,31.6,31.4,64.6,62.3,1005.6,0.5,0.9,0,4,3.7,0.20000000000000284,2.299999999999997,0,0,0,1.0,0.8660254037844387,-0.4999999999999998,0.9689999999999999,0.4078
REC_00932,Bengaluru,Karnataka,12.9716,77.5946,plateau_temperate,2023-04-19,2023-04-22,3,5.8,0.0,30.2,30.0,48.2,48.3,1005.4,3.5,2.3,0,4,5.8,0.1999999999999993,0.09999999999999432,0,0,0,9.0,0.8660254037844387,-0.4999999999999998,2.7956,0.2915
REC_00029,Delhi,NCR,28.6139,77.209,continental_subtropical,2023-04-19,2023-04-23,4,1.4,0.0,33.5,34.1,48.2,45.3,1007.8,4.0,2.6,0,4,1.4,0.6000000000000014,2.9000000000000057,0,0,0,16.0,0.8660254037844387,-0.4999999999999998,0.6748000000000001,0.2512
REC_02886,Hyderabad,Telangana,17.385,78.4867,semi_arid,2023-04-19,2023-04-23,4,0.5,0.0,36.3,35.4,52.9,53.4,1005.2,0.0,3.8,0,4,0.5,0.8999999999999986,0.5,0,0,0,16.0,0.8660254037844387,-0.4999999999999998,0.2645,0.3116
REC_00870,Visakhapatnam,Andhra Pradesh,17.6868,83.2185,coastal_cyclonic,2023-04-19,2023-04-27,8,0.0,31.4,34.3,27.5,61.6,66.4,1007.2,0.0,3.5,0,4,31.4,6.799999999999997,4.800000000000004,1,1,1,64.0,0.8660254037844387,-0.4999999999999998,0.0,0.4058
REC_01633,Hyderabad,Telangana,17.385,78.4867,semi_arid,2023-04-19,2023-04-28,9,1.1,44.3,33.8,34.9,60.1,62.1,1011.2,0.0,27.7,0,4,43.199999999999996,1.1000000000000014,2.0,1,0,1,81.0,0.8660254037844387,-0.4999999999999998,0.6611000000000001,0.3102
REC_00451,Delhi,NCR,28.6139,77.209,continental_subtropical,2023-04-20,2023-04-23,3,14.7,0.0,34.5,32.0,52.2,48.9,1006.0,12.7,2.0,0,4,14.7,2.5,3.3000000000000043,0,0,0,9.0,0.8660254037844387,-0.4999999999999998,7.6734,0.25
REC_02360,Visakhapatnam,Andhra Pradesh,17.6868,83.2185,coastal_cyclonic,2023-04-20,2023-04-28,8,0.2,2.1,37.4,37.6,66.0,58.5,1006.5,0.0,1.5,0,4,1.9000000000000001,0.20000000000000284,7.5,0,0,0,64.0,0.8660254037844387,-0.4999999999999998,0.132,0.4087
REC_01930,Delhi,NCR,28.6139,77.209,continental_subtropical,2023-04-20,2023-04-29,9,0.6,27.5,32.2,31.8,64.5,74.2,1008.8,0.0,4.8,0,4,26.9,0.40000000000000213,9.700000000000003,1,0,1,81.0,0.8660254037844387,-0.4999999999999998,0.38699999999999996,0.2488
REC_02105,Delhi,NCR,28.6139,77.209,continental_subtropical,2023-04-21,2023-04-27,6,5.4,19.3,30.0,28.6,59.2,57.2,1007.4,3.3,2.1,0,4,13.9,1.3999999999999986,2.0,0,0,0,36.0,0.8660254037844387,-0.4999999999999998,3.1968000000000005,0.2523
REC_00165,Mumbai,Maharashtra,19.076,72.8777,coastal_heavy_monsoon,2023-04-21,2023-04-29,8,0.3,41.6,33.3,29.6,60.7,70.4,1004.6,19.4,19.1,0,4,41.300000000000004,3.6999999999999957,9.700000000000003,1,1,1,64.0,0.8660254037844387,-0.4999999999999998,0.1821,0.369
REC_02103,Krishna District,Andhra Pradesh,16.5062,80.648,coastal_humid,2023-04-21,2023-05-01,10,37.7,54.1,25.8,25.0,85.9,90.8,1007.3,37.2,0.6,0,5,16.4,0.8000000000000007,4.8999999999999915,0,0,0,100.0,0.49999999999999994,-0.8660254037844387,32.3843,0.375
REC_03329,Bengaluru,Karnataka,12.9716,77.5946,plateau_temperate,2023-04-22,2023-05-01,9,2.2,0.0,28.5,32.3,58.7,72.5,1008.4,0.0,11.0,0,5,2.2,3.799999999999997,13.799999999999997,0,1,1,81.0,0.49999999999999994,-0.8660254037844387,1.2914,0.29
REC_02802,Delhi,NCR,28.6139,77.209,continental_subtropical,2023-04-22,2023-04-30,8,6.9,1.1,32.7,34.4,62.4,72.4,1010.2,2.1,4.7,0,4,5.800000000000001,1.6999999999999957,10.000000000000007,0,0,0,64.0,0.8660254037844387,-0.4999999999999998,4.3056,0.2512
REC_01033,Mumbai,Maharashtra,19.076,72.8777,coastal_heavy_monsoon,2023-04-22,2023-04-28,6,2.1,0.0,36.8,35.3,32.5,50.2,1008.2,11.5,9.4,0,4,2.1,1.5,17.700000000000003,0,0,0,36.0,0.8660254037844387,-0.4999999999999998,0.6825,0.3723
REC_03323,Mumbai,Maharashtra,19.076,72.8777,coastal_heavy_monsoon,2023-04-22,2023-04-28,6,1.9,0.0,32.8,37.5,54.3,48.5,1004.5,0.0,11.6,0,4,1.9,4.700000000000003,5.799999999999997,0,1,1,36.0,0.8660254037844387,-0.4999999999999998,1.0316999999999998,0.3704
REC_03013,Visakhapatnam,Andhra Pradesh,17.6868,83.2185,coastal_cyclonic,2023-04-22,2023-04-29,7,0.7,10.2,35.3,26.5,51.7,48.5,1011.0,0.0,11.0,0,4,9.5,8.799999999999997,3.200000000000003,0,1,1,49.0,0.8660254037844387,-0.4999999999999998,0.3619,0.4067
REC_02269,Bengaluru,Karnataka,12.9716,77.5946,plateau_temperate,2023-04-23,2023-04-25,2,2.8,1.3,30.4,28.8,64.7,65.9,1010.0,2.4,0.5,0,4,1.4999999999999998,1.5999999999999979,1.2000000000000028,0,0,0,4.0,0.8660254037844387,-0.4999999999999998,1.8115999999999999,0.2935
REC_03412,Visakhapatnam,Andhra Pradesh,17.6868,83.2185,coastal_cyclonic,2023-04-23,2023-04-26,3,3.9,15.9,32.0,32.2,63.4,59.3,1008.5,3.5,0.4,0,4,12.0,0.20000000000000284,4.100000000000001,0,0,0,9.0,0.8660254037844387,-0.4999999999999998,2.4726,0.4095
REC_00816,Bengaluru,Karnataka,12.9716,77.5946,plateau_temperate,2023-04-23,2023-04-28,5,0.9,0.0,35.5,31.2,38.4,26.4,1007.1,0.0,13.9,0,4,0.9,4.300000000000001,12.0,0,1,1,25.0,0.8660254037844387,-0.4999999999999998,0.3456,0.2921
REC_01026,Krishna District,Andhra Pradesh,16.5062,80.648,coastal_humid,2023-04-23,2023-05-03,10,44.7,83.1,22.7,18.9,79.8,89.9,1006.0,43.4,1.3,0,5,38.39999999999999,3.8000000000000007,10.100000000000009,1,1,1,100.0,0.49999999999999994,-0.8660254037844387,35.6706,0.373
REC_02109,Bengaluru,Karnataka,12.9716,77.5946,plateau_temperate,2023-04-24,2023-04-27,3,0.1,0.0,35.5,34.4,43.6,49.8,1015.3,0.0,3.8,0,4,0.1,1.1000000000000014,6.199999999999996,0,0,0,9.0,0.8660254037844387,-0.4999999999999998,0.0436,0.2956
REC_02930,Mumbai,Maharashtra,19.076,72.8777,coastal_heavy_monsoon,2023-04-24,2023-04-29,5,3.2,6.2,28.6,30.5,73.2,53.8,1011.3,12.2,9.0,0,4,3.0,1.8999999999999986,19.400000000000006,0,0,0,25.0,0.8660254037844387,-0.4999999999999998,2.3424,0.3737
REC_03273,Visakhapatnam,Andhra Pradesh,17.6868,83.2185,coastal_cyclonic,2023-04-24,2023-05-04,10,35.5,157.4,33.3,27.2,95.4,85.1,1005.9,48.0,12.6,0,5,121.9,6.099999999999998,10.300000000000011,1,1,1,100.0,0.49999999999999994,-0.8660254037844387,33.867000000000004,0.4076
REC_01672,Visakhapatnam,Andhra Pradesh,17.6868,83.2185,coastal_cyclonic,2023-04-25,2023-05-01,6,7.1,17.0,24.4,24.4,87.3,81.4,1009.8,1.3,5.7,0,5,9.9,0.0,5.8999999999999915,0,0,0,36.0,0.49999999999999994,-0.8660254037844387,6.1983,0.4104
REC_00814,Hyderabad,Telangana,17.385,78.4867,semi_arid,2023-04-25,2023-05-05,10,5.8,1.6,31.5,31.0,56.1,53.8,1007.8,20.6,14.8,0,5,4.199999999999999,0.5,2.3000000000000043,0,0,0,100.0,0.49999999999999994,-0.8660254037844387,3.2538,0.3134
REC_00656,Hyderabad,Telangana,17.385,78.4867,semi_arid,2023-04-25,2023-04-30,5,0.9,6.9,33.4,33.9,48.9,49.5,1008.3,0.0,6.7,0,4,6.0,0.5,0.6000000000000014,0,0,0,25.0,0.8660254037844387,-0.4999999999999998,0.4401,0.3119
REC_02234,Hyderabad,Telangana,17.385,78.4867,semi_arid,2023-04-25,2023-04-26,1,4.1,0.0,32.2,32.3,52.5,54.1,1011.6,5.2,1.1,0,4,4.1,0.09999999999999432,1.6000000000000014,0,0,0,1.0,0.8660254037844387,-0.4999999999999998,2.1525,0.3105
REC_01606,Visakhapatnam,Andhra Pradesh,17.6868,83.2185,coastal_cyclonic,2023-04-25,2023-04-27,2,7.9,7.8,33.7,32.5,51.5,45.1,1002.0,7.9,0.0,0,4,0.10000000000000053,1.2000000000000028,6.399999999999999,0,0,0,4.0,0.8660254037844387,-0.4999999999999998,4.0685,0.4085
REC_00278,Hyderabad,Telangana,17.385,78.4867,semi_arid,2023-04-25,2023-04-27,2,1.0,1.9,32.3,31.4,62.9,72.1,1007.7,1.7,0.6,0,4,0.8999999999999999,0.8999999999999986,9.199999999999996,0,0,0,4.0,0.8660254037844387,-0.4999999999999998,0.629,0.3091
REC_01828,Visakhapatnam,Andhra Pradesh,17.6868,83.2185,coastal_cyclonic,2023-04-25,2023-04-29,4,0.1,0.0,33.7,31.6,66.8,64.9,1002.2,1.8,1.6,0,4,0.1,2.1000000000000014,1.8999999999999915,0,0,0,16.0,0.8660254037844387,-0.4999999999999998,0.0668,0.4065
REC_02380,Hyderabad,Telangana,17.385,78.4867,semi_arid,2023-04-27,2023-04-28,1,7.4,6.2,30.0,30.4,53.5,55.6,1002.3,6.3,1.1,0,4,1.2000000000000002,0.3999999999999986,2.1000000000000014,0,0,0,1.0,0.8660254037844387,-0.4999999999999998,3.9590000000000005,0.3077
REC_01776,Hyderabad,Telangana,17.385,78.4867,semi_arid,2023-04-27,2023-05-03,6,3.2,0.0,36.3,36.2,55.2,47.8,1003.7,3.6,0.4,0,5,3.2,0.09999999999999432,7.400000000000006,0,0,0,36.0,0.49999999999999994,-0.8660254037844387,1.7664000000000002,0.3063
REC_02155,Mumbai,Maharashtra,19.076,72.8777,coastal_heavy_monsoon,2023-04-27,2023-05-03,6,3.1,3.2,33.0,32.6,98.0,100.0,1012.3,5.9,2.9,0,5,0.10000000000000009,0.3999999999999986,2.0,0,0,0,36.0,0.49999999999999994,-0.8660254037844387,3.0380000000000003,0.3717
REC_01609,Hyderabad,Telangana,17.385,78.4867,semi_arid,2023-04-27,2023-05-04,7,0.8,0.0,32.7,31.4,71.2,77.3,1006.7,8.6,7.8,0,5,0.8,1.3000000000000043,6.099999999999994,0,0,0,49.0,0.49999999999999994,-0.8660254037844387,0.5696000000000001,0.3049
REC_02790,Hyderabad,Telangana,17.385,78.4867,semi_arid,2023-04-27,2023-05-06,9,1.0,13.3,33.5,36.7,50.1,67.3,1005.6,0.0,13.1,0,5,12.3,3.200000000000003,17.199999999999996,0,0,0,81.0,0.49999999999999994,-0.8660254037844387,0.501,0.3036
REC_01383,Delhi,NCR,28.6139,77.209,continental_subtropical,2023-04-28,2023-04-30,2,1.0,0.0,32.9,32.0,66.6,71.0,1009.7,3.2,2.1,0,4,1.0,0.8999999999999986,4.400000000000006,0,0,0,4.0,0.8660254037844387,-0.4999999999999998,0.6659999999999999,0.25
REC_00048,Mumbai,Maharashtra,19.076,72.8777,coastal_heavy_monsoon,2023-04-28,2023-05-06,8,71.0,69.5,25.5,25.5,86.8,92.6,1008.1,69.9,1.2,0,5,1.5,0.0,5.799999999999997,0,0,0,64.0,0.49999999999999994,-0.8660254037844387,61.628,0.3698
REC_02944,Visakhapatnam,Andhra Pradesh,17.6868,83.2185,coastal_cyclonic,2023-04-28,2023-05-08,10,54.0,0.0,27.3,32.6,94.4,97.9,1003.1,62.6,8.6,0,5,54.0,5.300000000000001,3.5,1,1,1,100.0,0.49999999999999994,-0.8660254037844387,50.976000000000006,0.4047
REC_01650,Delhi,NCR,28.6139,77.209,continental_subtropical,2023-04-29,2023-05-07,8,1.4,17.9,31.7,29.6,54.7,53.5,1007.3,16.3,14.9,0,5,16.5,2.099999999999998,1.2000000000000028,0,0,0,64.0,0.49999999999999994,-0.8660254037844387,0.7658,0.2488
REC_02800,Mumbai,Maharashtra,19.076,72.8777,coastal_heavy_monsoon,2023-04-29,2023-05-06,7,61.5,23.2,29.9,27.4,65.6,67.3,1008.3,57.9,3.6,0,5,38.3,2.5,1.7000000000000028,1,0,1,49.0,0.49999999999999994,-0.8660254037844387,40.343999999999994,0.3679
REC_00323,Krishna District,Andhra Pradesh,16.5062,80.648,coastal_humid,2023-04-29,2023-04-30,1,0.5,1.0,30.0,31.3,59.3,58.4,1003.9,0.0,0.6,0,4,0.5,1.3000000000000007,0.8999999999999986,0,0,0,1.0,0.8660254037844387,-0.4999999999999998,0.2965,0.3763
REC_03130,Hyderabad,Telangana,17.385,78.4867,semi_arid,2023-04-29,2023-05-01,2,1.7,1.0,35.0,35.5,61.1,67.7,1008.1,2.6,0.9,0,5,0.7,0.5,6.600000000000001,0,0,0,4.0,0.49999999999999994,-0.8660254037844387,1.0387,0.3022
REC_01150,Delhi,NCR,28.6139,77.209,continental_subtropical,2023-04-29,2023-05-04,5,0.6,0.0,28.3,28.9,62.6,60.8,1006.8,0.0,3.0,0,5,0.6,0.5999999999999979,1.8000000000000043,0,0,0,25.0,0.49999999999999994,-0.8660254037844387,0.37560000000000004,0.2477
REC_02242,Mumbai,Maharashtra,19.076,72.8777,coastal_heavy_monsoon,2023-04-30,2023-05-01,1,4.7,5.6,31.9,32.0,85.6,87.9,1010.8,4.1,0.5,0,5,0.8999999999999995,0.10000000000000142,2.3000000000000114,0,0,0,1.0,0.49999999999999994,-0.8660254037844387,4.0232,0.3711
REC_02030,Krishna District,Andhra Pradesh,16.5062,80.648,coastal_humid,2023-04-30,2023-05-04,4,1.8,0.0,31.3,30.0,80.9,88.3,1011.6,5.3,3.5,0,5,1.8,1.3000000000000007,7.3999999999999915,0,0,0,16.0,0.49999999999999994,-0.8660254037844387,1.4562,0.3743
REC_00190,Bengaluru,Karnataka,12.9716,77.5946,plateau_temperate,2023-05-01,2023-05-07,6,6.3,25.5,30.5,27.0,68.8,52.6,1006.4,4.4,1.8,0,5,19.2,3.5,16.199999999999996,0,1,1,36.0,0.49999999999999994,-0.8660254037844387,4.3344,0.2941
REC_02909,Visakhapatnam,Andhra Pradesh,17.6868,83.2185,coastal_cyclonic,2023-05-01,2023-05-08,7,29.1,150.8,30.1,30.2,79.1,80.0,1003.7,33.3,4.2,0,5,121.70000000000002,0.09999999999999787,0.9000000000000057,1,0,1,49.0,0.49999999999999994,-0.8660254037844387,23.0181,0.4074
REC_03391,Mumbai,Maharashtra,19.076,72.8777,coastal_heavy_monsoon,2023-05-01,2023-05-11,10,1.1,4.4,34.0,34.6,95.7,88.8,1009.2,17.8,16.7,0,5,3.3000000000000003,0.6000000000000014,6.900000000000006,0,0,0,100.0,0.49999999999999994,-0.8660254037844387,1.0527000000000002,0.3692
REC_02505,Krishna District,Andhra Pradesh,16.5062,80.648,coastal_humid,2023-05-02,2023-05-11,9,22.6,88.4,22.8,18.2,76.2,67.4,1008.4,35.7,13.1,0,5,65.80000000000001,4.600000000000001,8.799999999999997,1,1,1,81.0,0.49999999999999994,-0.8660254037844387,17.2212,0.3723
REC_02196,Krishna District,Andhra Pradesh,16.5062,80.648,coastal_humid,2023-05-02,2023-05-10,8,8.7,38.1,26.7,27.3,83.9,74.1,1007.8,0.0,15.0,0,5,29.400000000000002,0.6000000000000014,9.800000000000011,1,0,1,64.0,0.49999999999999994,-0.8660254037844387,7.2993,0.3757
REC_01866,Bengaluru,Karnataka,12.9716,77.5946,plateau_temperate,2023-05-02,2023-05-10,8,2.6,50.6,28.6,26.8,57.6,46.8,1010.0,28.0,25.5,0,5,48.0,1.8000000000000007,10.800000000000004,1,0,1,64.0,0.49999999999999994,-0.8660254037844387,1.4976000000000003,0.2976
REC_00976,Hyderabad,Telangana,17.385,78.4867,semi_arid,2023-05-02,2023-05-04,2,4.5,0.0,31.9,30.7,54.8,58.4,1013.5,3.2,1.3,0,5,4.5,1.1999999999999993,3.6000000000000014,0,0,0,4.0,0.49999999999999994,-0.8660254037844387,2.4659999999999997,0.3009
REC_00377,Visakhapatnam,Andhra Pradesh,17.6868,83.2185,coastal_cyclonic,2023-05-03,2023-05-06,3,14.7,13.8,26.6,27.3,75.8,66.5,1003.6,13.7,1.0,0,5,0.8999999999999986,0.6999999999999993,9.299999999999997,0,0,0,9.0,0.49999999999999994,-0.8660254037844387,11.1426,0.4101
REC_03380,Delhi,NCR,28.6139,77.209,continental_subtropical,2023-05-03,2023-05-07,4,1.2,0.0,28.5,27.8,51.6,51.3,1005.1,1.3,0.1,0,5,1.2,0.6999999999999993,0.30000000000000426,0,0,0,16.0,0.49999999999999994,-0.8660254037844387,0.6192,0.2466
REC_00405,Mumbai,Maharashtra,19.076,72.8777,coastal_heavy_monsoon,2023-05-04,2023-05-06,2,3.1,0.0,30.0,29.3,78.8,81.8,1008.0,4.3,1.3,0,5,3.1,0.6999999999999993,3.0,0,0,0,4.0,0.49999999999999994,-0.8660254037844387,2.4428,0.3673
REC_00746,Visakhapatnam,Andhra Pradesh,17.6868,83.2185,coastal_cyclonic,2023-05-04,2023-05-08,4,30.3,3.4,21.0,16.6,93.8,98.5,1013.8,29.2,1.1,0,5,26.900000000000002,4.399999999999999,4.700000000000003,1,1,1,16.0,0.49999999999999994,-0.8660254037844387,28.4214,0.4083
REC_00279,Visakhapatnam,Andhra Pradesh,17.6868,83.2185,coastal_cyclonic,2023-05-04,2023-05-11,7,5.0,0.0,28.1,28.8,89.7,98.4,1008.0,21.4,16.3,0,5,5.0,0.6999999999999993,8.700000000000003,0,0,0,49.0,0.49999999999999994,-0.8660254037844387,4.485,0.411
REC_01967,Delhi,NCR,28.6139,77.209,continental_subtropical,2023-05-04,2023-05-11,7,1.3,17.0,34.2,35.5,69.0,76.5,1014.8,0.0,8.5,0,5,15.7,1.2999999999999972,7.5,0,0,0,49.0,0.49999999999999994,-0.8660254037844387,0.897,0.2455
REC_02288,Hyderabad,Telangana,17.385,78.4867,semi_arid,2023-05-04,2023-05-14,10,0.4,0.0,31.5,26.6,45.3,48.2,1007.5,24.4,24.0,0,5,0.4,4.899999999999999,2.9000000000000057,0,1,1,100.0,0.49999999999999994,-0.8660254037844387,0.1812,0.2996
REC_00142,Delhi,NCR,28.6139,77.209,continental_subtropical,2023-05-05,2023-05-15,10,6.1,0.8,34.4,38.7,63.0,48.4,996.4,0.0,33.3,0,5,5.3,4.300000000000004,14.600000000000001,0,1,1,100.0,0.49999999999999994,-0.8660254037844387,3.8429999999999995,0.2443
REC_00653,Bengaluru,Karnataka,12.9716,77.5946,plateau_temperate,2023-05-05,2023-05-13,8,6.4,30.2,37.6,38.3,55.7,56.7,1015.0,0.0,24.5,0,5,23.799999999999997,0.6999999999999957,1.0,0,0,0,64.0,0.49999999999999994,-0.8660254037844387,3.5648,0.301
REC_00849,Visakhapatnam,Andhra Pradesh,17.6868,83.2185,coastal_cyclonic,2023-05-05,2023-05-14,9,32.6,125.3,30.8,30.2,90.5,90.5,1010.9,9.7,22.9,0,5,92.69999999999999,0.6000000000000014,0.0,1,0,1,81.0,0.49999999999999994,-0.8660254037844387,29.503,0.4091
REC_00729,Visakhapatnam,Andhra Pradesh,17.6868,83.2185,coastal_cyclonic,2023-05-05,2023-05-07,2,94.3,66.0,27.6,26.7,89.1,81.5,1008.2,96.5,2.2,0,5,28.299999999999997,0.9000000000000021,7.599999999999994,1,0,1,4.0,0.49999999999999994,-0.8660254037844387,84.0213,0.4118
REC_01569,Krishna District,Andhra Pradesh,16.5062,80.648,coastal_humid,2023-05-05,2023-05-07,2,10.9,21.9,28.3,28.1,72.4,76.8,1004.4,11.8,0.9,0,5,10.999999999999998,0.1999999999999993,4.3999999999999915,0,0,0,4.0,0.49999999999999994,-0.8660254037844387,7.8916,0.3789
REC_03062,Delhi,NCR,28.6139,77.209,continental_subtropical,2023-05-06,2023-05-07,1,20.2,25.9,29.1,29.2,43.9,41.8,1005.4,19.2,1.0,0,5,5.699999999999999,0.09999999999999787,2.1000000000000014,0,0,0,1.0,0.49999999999999994,-0.8660254037844387,8.867799999999999,0.2477
REC_00529,Delhi,NCR,28.6139,77.209,continental_subtropical,2023-05-06,2023-05-11,5,1.8,0.0,30.5,30.3,61.0,51.7,1007.4,3.8,2.1,0,5,1.8,0.1999999999999993,9.299999999999997,0,0,0,25.0,0.49999999999999994,-0.8660254037844387,1.0979999999999999,0.2466
REC_01842,Hyderabad,Telangana,17.385,78.4867,semi_arid,2023-05-07,2023-05-11,4,1.1,0.0,32.3,32.5,41.1,34.9,1012.6,0.0,4.7,0,5,1.1,0.20000000000000284,6.200000000000003,0,0,0,16.0,0.49999999999999994,-0.8660254037844387,0.45210000000000006,0.3026
REC_00811,Bengaluru,Karnataka,12.9716,77.5946,plateau_temperate,2023-05-07,2023-05-17,10,3.0,0.0,35.1,43.7,46.3,46.2,1007.4,0.0,24.7,0,5,3.0,8.600000000000001,0.09999999999999432,0,1,1,100.0,0.49999999999999994,-0.8660254037844387,1.3889999999999998,0.2995
REC_03438,Mumbai,Maharashtra,19.076,72.8777,coastal_heavy_monsoon,2023-05-08,2023-05-09,1,4.1,4.2,32.4,32.4,91.2,93.3,1008.0,2.9,1.2,0,5,0.10000000000000053,0.0,2.0999999999999943,0,0,0,1.0,0.49999999999999994,-0.8660254037844387,3.7391999999999994,0.3655
REC_03168,Mumbai,Maharashtra,19.076,72.8777,coastal_heavy_monsoon,2023-05-08,2023-05-10,2,75.1,105.3,31.3,31.4,76.6,80.4,1003.7,76.8,1.7,0,5,30.200000000000003,0.09999999999999787,3.8000000000000114,1,0,1,4.0,0.49999999999999994,-0.8660254037844387,57.52659999999999,0.3636
REC_00441,Visakhapatnam,Andhra Pradesh,17.6868,83.2185,coastal_cyclonic,2023-05-08,2023-05-11,3,32.0,40.6,27.3,29.0,91.5,97.9,1006.8,36.9,4.8,0,5,8.600000000000001,1.6999999999999993,6.400000000000006,0,0,0,9.0,0.49999999999999994,-0.8660254037844387,29.28,0.4144
REC_02838,Krishna District,Andhra Pradesh,16.5062,80.648,coastal_humid,2023-05-08,2023-05-11,3,19.7,0.0,23.3,23.5,85.2,85.2,1003.8,23.8,4.1,0,5,19.7,0.1999999999999993,0.0,0,0,0,9.0,0.49999999999999994,-0.8660254037844387,16.7844,0.377
REC_03185,Delhi,NCR,28.6139,77.209,continental_subtropical,2023-05-08,2023-05-11,3,1.1,1.6,31.6,30.9,47.0,43.3,1002.4,0.5,0.6,0,5,0.5,0.7000000000000028,3.700000000000003,0,0,0,9.0,0.49999999999999994,-0.8660254037844387,0.517,0.2455
REC_02071,Visakhapatnam,Andhra Pradesh,17.6868,83.2185,coastal_cyclonic,2023-05-09,2023-05-13,4,0.6,7.0,30.2,31.4,95.4,96.2,1008.3,2.2,1.6,0,5,6.4,1.1999999999999993,0.7999999999999972,0,0,0,16.0,0.49999999999999994,-0.8660254037844387,0.5724,0.4126
REC_02488,Mumbai,Maharashtra,19.076,72.8777,coastal_heavy_monsoon,2023-05-09,2023-05-16,7,135.3,0.0,25.1,30.6,89.9,89.9,1008.4,155.5,20.2,0,5,135.3,5.5,0.0,1,1,1,49.0,0.49999999999999994,-0.8660254037844387,121.63470000000001,0.3668
REC_00173,Hyderabad,Telangana,17.385,78.4867,semi_arid,2023-05-10,2023-05-16,6,0.4,17.2,32.6,31.8,62.9,71.0,1006.0,10.0,9.6,0,5,16.8,0.8000000000000007,8.100000000000001,0,0,0,36.0,0.49999999999999994,-0.8660254037844387,0.2516,0.3013
REC_02131,Mumbai,Maharashtra,19.076,72.8777,coastal_heavy_monsoon,2023-05-10,2023-05-12,2,8.9,12.0,35.3,34.2,95.9,93.8,1008.6,9.4,0.6,0,5,3.0999999999999996,1.0999999999999943,2.1000000000000085,0,0,0,4.0,0.49999999999999994,-0.8660254037844387,8.535100000000002,0.37
REC_03087,Visakhapatnam,Andhra Pradesh,17.6868,83.2185,coastal_cyclonic,2023-05-11,2023-05-18,7,6.0,0.0,22.9,25.5,71.3,76.7,1007.5,15.4,9.4,0,5,6.0,2.6000000000000014,5.400000000000006,0,0,0,49.0,0.49999999999999994,-0.8660254037844387,4.278,0.4107
REC_01937,Mumbai,Maharashtra,19.076,72.8777,coastal_heavy_monsoon,2023-05-12,2023-05-15,3,81.8,148.1,29.9,31.3,89.5,89.7,1002.8,80.7,1.0,0,5,66.3,1.4000000000000021,0.20000000000000284,1,0,1,9.0,0.49999999999999994,-0.8660254037844387,73.211,0.3682
REC_00669,Delhi,NCR,28.6139,77.209,continental_subtropical,2023-05-12,2023-05-17,5,7.6,9.5,36.0,39.0,74.5,80.3,1001.2,0.0,8.0,0,5,1.9000000000000004,3.0,5.799999999999997,0,0,0,25.0,0.49999999999999994,-0.8660254037844387,5.661999999999999,0.2444
REC_01999,Bengaluru,Karnataka,12.9716,77.5946,plateau_temperate,2023-05-12,2023-05-19,7,1.9,19.6,29.5,30.9,61.8,65.2,1010.0,3.9,2.0,0,5,17.700000000000003,1.3999999999999986,3.4000000000000057,0,0,0,49.0,0.49999999999999994,-0.8660254037844387,1.1742,0.3029
REC_03210,Delhi,NCR,28.6139,77.209,continental_subtropical,2023-05-12,2023-05-20,8,6.5,0.0,32.7,40.4,32.4,39.4,1005.6,27.3,20.8,0,5,6.5,7.699999999999996,7.0,0,1,1,64.0,0.49999999999999994,-0.8660254037844387,2.106,0.2434
REC_00581,Mumbai,Maharashtra,19.076,72.8777,coastal_heavy_monsoon,2023-05-12,2023-05-22,10,34.7,175.8,30.9,35.6,84.1,68.8,1012.9,30.6,4.1,0,5,141.10000000000002,4.700000000000003,15.299999999999997,1,1,1,100.0,0.49999999999999994,-0.8660254037844387,29.1827,0.3713
REC_02676,Krishna District,Andhra Pradesh,16.5062,80.648,coastal_humid,2023-05-13,2023-05-17,4,22.2,22.1,27.6,28.8,91.2,90.0,1010.7,26.6,4.5,0,5,0.09999999999999787,1.1999999999999993,1.2000000000000028,0,0,0,16.0,0.49999999999999994,-0.8660254037844387,20.2464,0.375
REC_03043,Krishna District,Andhra Pradesh,16.5062,80.648,coastal_humid,2023-05-13,2023-05-17,4,50.8,75.9,30.8,30.3,80.6,83.8,1007.2,51.6,0.8,0,5,25.10000000000001,0.5,3.200000000000003,1,0,1,16.0,0.49999999999999994,-0.8660254037844387,40.944799999999994,0.3731
REC_02475,Krishna District,Andhra Pradesh,16.5062,80.648,coastal_humid,2023-05-13,2023-05-19,6,0.9,0.0,26.8,30.0,72.4,61.6,1003.6,0.0,3.6,0,5,0.9,3.1999999999999993,10.800000000000004,0,0,0,36.0,0.49999999999999994,-0.8660254037844387,0.6516000000000001,0.3763
REC_00397,Bengaluru,Karnataka,12.9716,77.5946,plateau_temperate,2023-05-14,2023-05-22,8,2.6,32.4,32.3,28.6,54.3,69.9,1014.0,10.8,8.3,0,5,29.799999999999997,3.6999999999999957,15.600000000000009,1,1,1,64.0,0.49999999999999994,-0.8660254037844387,1.4118000000000002,0.3014
REC_02354,Bengaluru,Karnataka,12.9716,77.5946,plateau_temperate,2023-05-14,2023-05-22,8,1.0,0.0,38.6,40.4,57.3,47.2,1013.3,0.3,0.7,0,5,1.0,1.7999999999999972,10.099999999999994,0,0,0,64.0,0.49999999999999994,-0.8660254037844387,0.573,0.3048
REC_02249,Delhi,NCR,28.6139,77.209,continental_subtropical,2023-05-14,2023-05-17,3,11.7,0.0,32.1,33.3,62.3,52.6,1004.5,19.4,7.6,0,5,11.7,1.1999999999999957,9.699999999999996,0,0,0,9.0,0.49999999999999994,-0.8660254037844387,7.2890999999999995,0.2467
REC_00531,Bengaluru,Karnataka,12.9716,77.5946,plateau_temperate,2023-05-14,2023-05-17,3,3.6,5.0,33.4,33.3,34.0,34.4,1006.9,3.3,0.3,0,5,1.4,0.10000000000000142,0.3999999999999986,0,0,0,9.0,0.49999999999999994,-0.8660254037844387,1.224,0.3033
REC_02499,Bengaluru,Karnataka,12.9716,77.5946,plateau_temperate,2023-05-14,2023-05-18,4,0.2,15.0,32.6,31.4,56.8,55.4,1002.9,4.7,4.4,0,5,14.8,1.2000000000000028,1.3999999999999986,0,0,0,16.0,0.49999999999999994,-0.8660254037844387,0.11359999999999999,0.3019
REC_02722,Bengaluru,Karnataka,12.9716,77.5946,plateau_temperate,2023-05-15,2023-05-17,2,0.1,0.0,35.6,36.9,58.5,58.2,1010.7,3.1,3.0,0,5,0.1,1.2999999999999972,0.29999999999999716,0,0,0,4.0,0.49999999999999994,-0.8660254037844387,0.0585,0.3005
REC_01040,Visakhapatnam,Andhra Pradesh,17.6868,83.2185,coastal_cyclonic,2023-05-15,2023-05-18,3,22.5,45.8,26.8,26.0,87.9,92.2,1013.3,24.8,2.3,0,5,23.299999999999997,0.8000000000000007,4.299999999999997,0,0,0,9.0,0.49999999999999994,-0.8660254037844387,19.777500000000003,0.4089
REC_03424,Krishna District,Andhra Pradesh,16.5062,80.648,coastal_humid,2023-05-15,2023-05-19,4,2.5,1.6,26.1,26.5,95.4,97.6,1012.6,0.0,9.6,0,5,0.8999999999999999,0.3999999999999986,2.1999999999999886,0,0,0,16.0,0.49999999999999994,-0.8660254037844387,2.385,0.3744
REC_01820,Visakhapatnam,Andhra Pradesh,17.6868,83.2185,coastal_cyclonic,2023-05-15,2023-05-23,8,77.0,51.1,31.2,33.4,81.3,85.2,1007.3,97.9,20.9,0,5,25.9,2.1999999999999993,3.9000000000000057,1,0,1,64.0,0.49999999999999994,-0.8660254037844387,62.60099999999999,0.4071
REC_00785,Krishna District,Andhra Pradesh,16.5062,80.648,coastal_humid,2023-05-15,2023-05-25,10,6.0,0.0,25.7,29.2,88.1,94.6,1001.9,13.3,7.2,0,5,6.0,3.5,6.5,0,1,1,100.0,0.49999999999999994,-0.8660254037844387,5.285999999999999,0.3724
REC_02918,Krishna District,Andhra Pradesh,16.5062,80.648,coastal_humid,2023-05-15,2023-05-25,10,22.8,0.0,30.4,27.5,81.8,50.3,1007.6,7.0,15.8,0,5,22.8,2.8999999999999986,31.5,1,0,1,100.0,0.49999999999999994,-0.8660254037844387,18.6504,0.3756
REC_02238,Delhi,NCR,28.6139,77.209,continental_subtropical,2023-05-16,2023-05-23,7,4.4,0.0,36.8,31.6,52.2,40.9,1011.8,14.7,10.3,0,5,4.4,5.199999999999996,11.300000000000004,0,1,1,49.0,0.49999999999999994,-0.8660254037844387,2.2968,0.2456
REC_02655,Krishna District,Andhra Pradesh,16.5062,80.648,coastal_humid,2023-05-16,2023-05-20,4,13.5,0.0,30.1,31.0,81.6,82.4,1000.7,17.8,4.3,0,5,13.5,0.8999999999999986,0.8000000000000114,0,0,0,16.0,0.49999999999999994,-0.8660254037844387,11.015999999999998,0.3788
REC_00475,Visakhapatnam,Andhra Pradesh,17.6868,83.2185,coastal_cyclonic,2023-05-16,2023-05-24,8,61.9,0.0,26.2,30.7,87.5,91.7,1009.9,50.7,11.2,0,5,61.9,4.5,4.200000000000003,1,1,1,64.0,0.49999999999999994,-0.8660254037844387,54.1625,0.4097
REC_02406,Hyderabad,Telangana,17.385,78.4867,semi_arid,2023-05-16,2023-05-19,3,1.1,0.0,31.3,32.8,53.2,51.1,1003.8,1.9,0.8,0,5,1.1,1.4999999999999964,2.1000000000000014,0,0,0,9.0,0.49999999999999994,-0.8660254037844387,0.5852,0.3
REC_02582,Hyderabad,Telangana,17.385,78.4867,semi_arid,2023-05-16,2023-05-20,4,5.5,0.0,32.5,29.9,54.0,58.5,1007.8,4.1,1.4,0,5,5.5,2.6000000000000014,4.5,0,0,0,16.0,0.49999999999999994,-0.8660254037844387,2.97,0.2987
REC_01066,Krishna District,Andhra Pradesh,16.5062,80.648,coastal_humid,2023-05-17,2023-05-20,3,27.5,36.4,27.7,27.4,92.1,97.8,1012.1,20.9,6.6,0,5,8.899999999999999,0.3000000000000007,5.700000000000003,0,0,0,9.0,0.49999999999999994,-0.8660254037844387,25.3275,0.3769
REC_02437,Bengaluru,Karnataka,12.9716,77.5946,plateau_temperate,2023-05-19,2023-05-27,8,0.5,1.2,37.3,36.1,59.1,64.8,1011.4,22.1,21.6,0,5,0.7,1.1999999999999957,5.699999999999996,0,0,0,64.0,0.49999999999999994,-0.8660254037844387,0.2955,0.2991
REC_00722,Krishna District,Andhra Pradesh,16.5062,80.648,coastal_humid,2023-05-19,2023-05-26,7,47.0,76.4,24.2,22.1,87.6,96.6,1011.8,55.1,8.1,0,5,29.400000000000006,2.099999999999998,9.0,1,0,1,49.0,0.49999999999999994,-0.8660254037844387,41.172,0.375
REC_01024,Bengaluru,Karnataka,12.9716,77.5946,plateau_temperate,2023-05-19,2023-05-29,10,2.4,0.0,34.0,31.5,54.7,77.6,1016.6,1.0,1.5,0,5,2.4,2.5,22.89999999999999,0,0,0,100.0,0.49999999999999994,-0.8660254037844387,1.3128,0.2977
REC_02653,Bengaluru,Karnataka,12.9716,77.5946,plateau_temperate,2023-05-19,2023-05-23,4,1.7,3.7,31.4,31.5,52.2,57.6,1004.8,0.1,1.6,0,5,2.0,0.10000000000000142,5.399999999999999,0,0,0,16.0,0.49999999999999994,-0.8660254037844387,0.8874000000000001,0.2963
REC_01510,Hyderabad,Telangana,17.385,78.4867,semi_arid,2023-05-19,2023-05-20,1,4.5,0.0,30.5,30.5,40.1,40.2,1005.0,3.1,1.4,0,5,4.5,0.0,0.10000000000000142,0,0,0,1.0,0.49999999999999994,-0.8660254037844387,1.8045000000000002,0.2974
REC_01546,Visakhapatnam,Andhra Pradesh,17.6868,83.2185,coastal_cyclonic,2023-05-19,2023-05-24,5,42.0,39.1,30.0,28.3,95.1,100.0,1008.4,47.3,5.2,0,5,2.8999999999999986,1.6999999999999993,4.900000000000006,0,0,0,25.0,0.49999999999999994,-0.8660254037844387,39.942,0.4123
REC_01281,Delhi,NCR,28.6139,77.209,continental_subtropical,2023-05-20,2023-05-23,3,1.8,3.2,36.0,34.8,51.3,50.5,1004.9,0.0,3.7,0,5,1.4000000000000001,1.2000000000000028,0.7999999999999972,0,0,0,9.0,0.49999999999999994,-0.8660254037844387,0.9234,0.2489
REC_03036,Delhi,NCR,28.6139,77.209,continental_subtropical,2023-05-20,2023-05-24,4,4.9,6.9,31.2,30.4,49.4,44.8,1008.4,6.6,1.8,0,5,2.0,0.8000000000000007,4.600000000000001,0,0,0,16.0,0.49999999999999994,-0.8660254037844387,2.4206,0.2478
REC_00984,Mumbai,Maharashtra,19.076,72.8777,coastal_heavy_monsoon,2023-05-21,2023-05-22,1,30.4,30.5,24.6,25.3,68.5,66.7,1008.4,30.7,0.4,0,5,0.10000000000000142,0.6999999999999993,1.7999999999999972,0,0,0,1.0,0.49999999999999994,-0.8660254037844387,20.824,0.3744
REC_02257,Visakhapatnam,Andhra Pradesh,17.6868,83.2185,coastal_cyclonic,2023-05-22,2023-05-24,2,26.6,31.6,26.8,27.4,85.1,86.2,1007.4,26.7,0.1,0,5,5.0,0.5999999999999979,1.1000000000000085,0,0,0,4.0,0.49999999999999994,-0.8660254037844387,22.636599999999998,0.4105
REC_02752,Bengaluru,Karnataka,12.9716,77.5946,plateau_temperate,2023-05-22,2023-05-27,5,0.2,0.0,33.7,36.0,65.2,73.8,1008.8,0.0,6.2,0,5,0.2,2.299999999999997,8.599999999999994,0,0,0,25.0,0.49999999999999994,-0.8660254037844387,0.13040000000000002,0.2949
REC_01054,Visakhapatnam,Andhra Pradesh,17.6868,83.2185,coastal_cyclonic,2023-05-22,2023-05-28,6,27.6,83.4,29.8,28.4,98.0,90.6,1008.3,59.1,31.5,0,5,55.800000000000004,1.4000000000000021,7.400000000000006,1,0,1,36.0,0.49999999999999994,-0.8660254037844387,27.048000000000002,0.4087
REC_01698,Krishna District,Andhra Pradesh,16.5062,80.648,coastal_humid,2023-05-22,2023-05-28,6,2.9,0.0,24.9,23.9,81.6,82.3,1008.3,1.9,1.0,0,5,2.9,1.0,0.7000000000000028,0,0,0,36.0,0.49999999999999994,-0.8660254037844387,2.3664,0.3781
REC_03109,Mumbai,Maharashtra,19.076,72.8777,coastal_heavy_monsoon,2023-05-22,2023-05-28,6,24.4,58.6,28.6,31.0,82.3,89.2,1006.3,10.4,14.0,0,5,34.2,2.3999999999999986,6.900000000000006,1,0,1,36.0,0.49999999999999994,-0.8660254037844387,20.0812,0.3725
REC_02089,Bengaluru,Karnataka,12.9716,77.5946,plateau_temperate,2023-05-22,2023-05-29,7,2.4,0.0,31.7,32.6,42.2,55.5,1004.3,2.0,0.4,0,5,2.4,0.9000000000000021,13.299999999999997,0,0,0,49.0,0.49999999999999994,-0.8660254037844387,1.0128,0.2936
REC_03361,Krishna District,Andhra Pradesh,16.5062,80.648,coastal_humid,2023-05-23,2023-06-01,9,0.7,17.1,30.0,29.7,80.4,62.1,1010.4,0.0,7.4,1,6,16.400000000000002,0.3000000000000007,18.300000000000004,0,0,0,81.0,1.2246467991473532e-16,-1.0,0.5628,0.3762
REC_03174,Hyderabad,Telangana,17.385,78.4867,semi_arid,2023-05-23,2023-05-25,2,2.1,2.6,32.2,30.5,65.5,65.4,1007.1,0.0,2.1,0,5,0.5,1.7000000000000028,0.09999999999999432,0,0,0,4.0,0.49999999999999994,-0.8660254037844387,1.3755000000000002,0.2961
REC_00495,Bengaluru,Karnataka,12.9716,77.5946,plateau_temperate,2023-05-24,2023-05-25,1,0.7,0.0,30.7,31.7,46.8,45.2,1012.7,0.0,1.3,0,5,0.7,1.0,1.5999999999999943,0,0,0,1.0,0.49999999999999994,-0.8660254037844387,0.3276,0.2922
REC_02367,Krishna District,Andhra Pradesh,16.5062,80.648,coastal_humid,2023-05-24,2023-05-26,2,49.8,87.8,28.9,29.0,84.7,91.3,1010.8,51.6,1.8,0,5,38.0,0.10000000000000142,6.599999999999994,1,0,1,4.0,0.49999999999999994,-0.8660254037844387,42.1806,0.3744
REC_03480,Delhi,NCR,28.6139,77.209,continental_subtropical,2023-05-24,2023-05-30,6,6.7,0.0,30.3,31.1,63.1,72.2,1010.6,14.8,8.1,0,5,6.7,0.8000000000000007,9.100000000000001,0,0,0,36.0,0.49999999999999994,-0.8660254037844387,4.2277000000000005,0.2468
REC_00129,Bengaluru,Karnataka,12.9716,77.5946,plateau_temperate,2023-05-25,2023-05-30,5,2.5,6.2,36.0,34.2,60.0,74.5,1006.0,5.4,2.9,0,5,3.7,1.7999999999999972,14.5,0,0,0,25.0,0.49999999999999994,-0.8660254037844387,1.5,0.2909
REC_02502,Visakhapatnam,Andhra Pradesh,17.6868,83.2185,coastal_cyclonic,2023-05-25,2023-05-30,5,52.1,10.3,22.0,21.5,76.6,90.4,1006.3,57.3,5.2,0,5,41.8,0.5,13.800000000000011,1,0,1,25.0,0.49999999999999994,-0.8660254037844387,39.9086,0.4113
REC_00410,Krishna District,Andhra Pradesh,16.5062,80.648,coastal_humid,2023-05-25,2023-06-03,9,137.3,334.6,28.4,36.5,89.1,81.2,1015.3,150.1,12.8,1,6,197.3,8.100000000000001,7.8999999999999915,1,1,1,81.0,1.2246467991473532e-16,-1.0,122.3343,0.3775
REC_02181,Delhi,NCR,28.6139,77.209,continental_subtropical,2023-05-26,2023-05-27,1,4.3,0.0,32.9,32.6,48.0,44.6,1005.4,3.9,0.4,0,5,4.3,0.29999999999999716,3.3999999999999986,0,0,0,1.0,0.49999999999999994,-0.8660254037844387,2.0639999999999996,0.2457
REC_00444,Hyderabad,Telangana,17.385,78.4867,semi_arid,2023-05-26,2023-05-29,3,3.3,0.0,33.4,32.7,54.1,47.1,1004.8,4.6,1.3,0,5,3.3,0.6999999999999957,7.0,0,0,0,9.0,0.49999999999999994,-0.8660254037844387,1.7853,0.2949
REC_00890,Mumbai,Maharashtra,19.076,72.8777,coastal_heavy_monsoon,2023-05-26,2023-06-04,9,3.8,0.0,28.6,24.8,76.5,100.0,1012.7,0.0,33.5,1,6,3.8,3.8000000000000007,23.5,0,1,1,81.0,1.2246467991473532e-16,-1.0,2.907,0.3756
REC_03468,Delhi,NCR,28.6139,77.209,continental_subtropical,2023-05-26,2023-06-04,9,28.2,0.0,30.3,27.3,89.2,98.7,1008.5,23.4,4.8,1,6,28.2,3.0,9.5,1,0,1,81.0,1.2246467991473532e-16,-1.0,25.1544,0.2446
REC_00860,Hyderabad,Telangana,17.385,78.4867,semi_arid,2023-05-27,2023-06-04,8,50.2,96.5,26.1,27.8,85.8,73.3,1005.2,56.6,6.4,1,6,46.3,1.6999999999999993,12.5,1,0,1,64.0,1.2246467991473532e-16,-1.0,43.0716,0.2936
REC_03461,Mumbai,Maharashtra,19.076,72.8777,coastal_heavy_monsoon,2023-05-27,2023-06-04,8,119.9,242.9,24.7,21.0,92.4,74.1,1008.0,129.7,9.9,1,6,123.0,3.6999999999999993,18.30000000000001,1,1,1,64.0,1.2246467991473532e-16,-1.0,110.78760000000003,0.3786
REC_03436,Bengaluru,Karnataka,12.9716,77.5946,plateau_temperate,2023-05-27,2023-06-01,5,18.3,117.4,28.6,30.1,81.6,82.4,1013.1,47.6,29.4,1,6,99.10000000000001,1.5,0.8000000000000114,1,0,1,25.0,1.2246467991473532e-16,-1.0,14.9328,0.2896
REC_02701,Mumbai,Maharashtra,19.076,72.8777,coastal_heavy_monsoon,2023-05-27,2023-05-31,4,32.0,19.9,33.4,32.1,86.6,80.1,1008.3,34.6,2.6,0,5,12.100000000000001,1.2999999999999972,6.5,0,0,0,16.0,0.49999999999999994,-0.8660254037844387,27.712,0.3816
REC_02183,Hyderabad,Telangana,17.385,78.4867,semi_arid,2023-05-27,2023-05-30,3,0.3,4.0,37.6,39.1,53.5,46.8,1008.6,1.3,1.1,0,5,3.7,1.5,6.700000000000003,0,0,0,9.0,0.49999999999999994,-0.8660254037844387,0.1605,0.2966
REC_03492,Bengaluru,Karnataka,12.9716,77.5946,plateau_temperate,2023-05-27,2023-05-28,1,2.4,0.0,30.9,30.5,66.0,64.2,1010.1,3.5,1.1,0,5,2.4,0.3999999999999986,1.7999999999999972,0,0,0,1.0,0.49999999999999994,-0.8660254037844387,1.584,0.2928
REC_00181,Krishna District,Andhra Pradesh,16.5062,80.648,coastal_humid,2023-05-27,2023-06-01,5,6.4,0.0,29.8,29.9,74.6,86.2,1010.6,0.0,17.9,1,6,6.4,0.09999999999999787,11.600000000000009,0,0,0,25.0,1.2246467991473532e-16,-1.0,4.7744,0.3805
REC_03041,Mumbai,Maharashtra,19.076,72.8777,coastal_heavy_monsoon,2023-05-28,2023-05-29,1,0.9,1.3,26.7,26.1,65.2,64.1,1010.3,1.7,0.8,0,5,0.4,0.5999999999999979,1.1000000000000085,0,0,0,1.0,0.49999999999999994,-0.8660254037844387,0.5868000000000001,0.3798
REC_00511,Mumbai,Maharashtra,19.076,72.8777,coastal_heavy_monsoon,2023-05-28,2023-06-01,4,23.3,25.3,25.5,25.8,84.8,76.1,1013.8,39.6,16.3,1,6,2.0,0.3000000000000007,8.700000000000003,0,0,0,16.0,1.2246467991473532e-16,-1.0,19.758399999999998,0.378
REC_02075,Hyderabad,Telangana,17.385,78.4867,semi_arid,2023-05-28,2023-06-02,5,21.4,0.1,28.9,26.4,98.0,95.9,1011.3,13.3,8.1,1,6,21.299999999999997,2.5,2.0999999999999943,1,0,1,25.0,1.2246467991473532e-16,-1.0,20.971999999999998,0.2954
REC_02098,Visakhapatnam,Andhra Pradesh,17.6868,83.2185,coastal_cyclonic,2023-05-28,2023-06-02,5,22.9,16.3,33.0,29.8,85.4,84.1,1004.8,50.7,27.8,1,6,6.599999999999998,3.1999999999999993,1.3000000000000114,0,0,0,25.0,1.2246467991473532e-16,-1.0,19.5566,0.4138
REC_03183,Bengaluru,Karnataka,12.9716,77.5946,plateau_temperate,2023-05-28,2023-06-03,6,11.7,9.2,21.9,19.4,88.7,100.0,1006.3,0.0,40.7,1,6,2.5,2.5,11.299999999999997,0,0,0,36.0,1.2246467991473532e-16,-1.0,10.3779,0.2915
REC_01785,Mumbai,Maharashtra,19.076,72.8777,coastal_heavy_monsoon,2023-05-29,2023-06-01,3,25.0,36.6,30.4,30.0,88.3,85.2,1005.0,18.0,7.0,1,6,11.600000000000001,0.3999999999999986,3.0999999999999943,0,0,0,9.0,1.2246467991473532e-16,-1.0,22.075,0.3762
REC_00406,Bengaluru,Karnataka,12.9716,77.5946,plateau_temperate,2023-05-29,2023-06-05,7,2.5,11.3,21.9,20.6,92.6,85.4,1009.3,16.2,13.7,1,6,8.8,1.2999999999999972,7.199999999999989,0,0,0,49.0,1.2246467991473532e-16,-1.0,2.315,0.2902
REC_01514,Hyderabad,Telangana,17.385,78.4867,semi_arid,2023-05-30,2023-06-05,6,19.2,0.0,24.0,25.1,75.5,60.7,1008.5,29.4,10.2,1,6,19.2,1.1000000000000014,14.799999999999997,0,0,0,36.0,1.2246467991473532e-16,-1.0,14.495999999999999,0.2983
REC_01165,Visakhapatnam,Andhra Pradesh,17.6868,83.2185,coastal_cyclonic,2023-05-30,2023-06-03,4,5.1,14.1,23.9,23.9,73.6,68.9,1013.7,11.0,5.9,1,6,9.0,0.0,4.699999999999989,0,0,0,16.0,1.2246467991473532e-16,-1.0,3.7535999999999996,0.412
REC_01258,Hyderabad,Telangana,17.385,78.4867,semi_arid,2023-05-30,2023-06-04,5,13.3,13.4,27.5,25.1,80.9,89.8,1008.8,11.7,1.7,1,6,0.09999999999999964,2.3999999999999986,8.899999999999991,0,0,0,25.0,1.2246467991473532e-16,-1.0,10.7597,0.2971
REC_03049,Krishna District,Andhra Pradesh,16.5062,80.648,coastal_humid,2023-05-31,2023-06-01,1,2.8,0.0,27.4,27.3,85.8,89.8,1009.1,4.4,1.6,1,6,2.8,0.09999999999999787,4.0,0,0,0,1.0,1.2246467991473532e-16,-1.0,2.4023999999999996,0.3786
REC_01480,Mumbai,Maharashtra,19.076,72.8777,coastal_heavy_monsoon,2023-05-31,2023-06-03,3,57.7,71.3,33.3,32.5,78.6,81.3,1008.1,62.1,4.4,1,6,13.599999999999994,0.7999999999999972,2.700000000000003,0,0,0,9.0,1.2246467991473532e-16,-1.0,45.3522,0.3744
REC_01645,Bengaluru,Karnataka,12.9716,77.5946,plateau_temperate,2023-05-31,2023-06-03,3,0.5,0.0,26.8,28.0,77.1,82.4,996.8,0.0,0.7,1,6,0.5,1.1999999999999993,5.300000000000011,0,0,0,9.0,1.2246467991473532e-16,-1.0,0.38549999999999995,0.2889
REC_02888,Krishna District,Andhra Pradesh,16.5062,80.648,coastal_humid,2023-05-31,2023-06-06,6,18.3,50.9,33.3,32.8,79.4,82.0,1013.3,0.0,26.0,1,6,32.599999999999994,0.5,2.5999999999999943,1,0,1,36.0,1.2246467991473532e-16,-1.0,14.530200000000002,0.3768
REC_02365,Bengaluru,Karnataka,12.9716,77.5946,plateau_temperate,2023-06-01,2023-06-10,9,29.4,21.4,22.1,19.3,85.6,100.0,1006.4,5.1,24.3,1,6,8.0,2.8000000000000007,14.400000000000006,0,0,0,81.0,1.2246467991473532e-16,-1.0,25.1664,0.2876
REC_00528,Hyderabad,Telangana,17.385,78.4867,semi_arid,2023-06-01,2023-06-02,1,8.0,2.5,27.5,28.7,80.4,75.5,1008.9,5.9,2.1,1,6,5.5,1.1999999999999993,4.900000000000006,0,0,0,1.0,1.2246467991473532e-16,-1.0,6.432,0.2958
REC_02117,Bengaluru,Karnataka,12.9716,77.5946,plateau_temperate,2023-06-01,2023-06-03,2,1.9,5.2,28.5,28.0,85.7,83.9,1008.8,0.0,8.1,1,6,3.3000000000000003,0.5,1.7999999999999972,0,0,0,4.0,1.2246467991473532e-16,-1.0,1.6282999999999999,0.2863
REC_01352,Hyderabad,Telangana,17.385,78.4867,semi_arid,2023-06-01,2023-06-04,3,2.5,0.0,29.4,27.6,78.2,80.5,1014.5,16.3,13.9,1,6,2.5,1.7999999999999972,2.299999999999997,0,0,0,9.0,1.2246467991473532e-16,-1.0,1.955,0.2946
REC_01223,Hyderabad,Telangana,17.385,78.4867,semi_arid,2023-06-02,2023-06-10,8,13.3,27.3,23.9,27.2,85.0,79.6,1005.7,23.9,10.7,1,6,14.0,3.3000000000000007,5.400000000000006,0,0,0,64.0,1.2246467991473532e-16,-1.0,11.305,0.2934
REC_01211,Visakhapatnam,Andhra Pradesh,17.6868,83.2185,coastal_cyclonic,2023-06-02,2023-06-09,7,13.7,11.5,25.8,28.2,85.1,77.8,1007.4,0.0,25.1,1,6,2.1999999999999993,2.3999999999999986,7.299999999999997,0,0,0,49.0,1.2246467991473532e-16,-1.0,11.6587,0.4103
REC_01336,Krishna District,Andhra Pradesh,16.5062,80.648,coastal_humid,2023-06-02,2023-06-11,9,7.5,43.6,31.8,31.5,94.9,87.5,1005.4,17.4,10.0,1,6,36.1,0.3000000000000007,7.400000000000006,1,0,1,81.0,1.2246467991473532e-16,-1.0,7.1175,0.3798
REC_02595,Delhi,NCR,28.6139,77.209,continental_subtropical,2023-06-02,2023-06-06,4,1.9,0.0,28.9,29.6,93.5,100.0,1002.2,0.0,12.4,1,6,1.9,0.7000000000000028,6.5,0,0,0,16.0,1.2246467991473532e-16,-1.0,1.7765,0.2479
REC_00999,Mumbai,Maharashtra,19.076,72.8777,coastal_heavy_monsoon,2023-06-02,2023-06-06,4,28.3,24.6,31.4,34.0,91.1,100.0,1007.9,43.8,15.5,1,6,3.6999999999999993,2.6000000000000014,8.900000000000006,0,0,0,16.0,1.2246467991473532e-16,-1.0,25.7813,0.3726
REC_00118,Krishna District,Andhra Pradesh,16.5062,80.648,coastal_humid,2023-06-02,2023-06-06,4,75.3,7.3,24.7,24.9,78.4,73.7,1008.8,63.6,11.7,1,6,68.0,0.1999999999999993,4.700000000000003,1,0,1,16.0,1.2246467991473532e-16,-1.0,59.0352,0.3828
REC_02773,Bengaluru,Karnataka,12.9716,77.5946,plateau_temperate,2023-06-02,2023-06-05,3,7.4,2.4,29.6,31.3,62.3,54.8,1008.4,14.7,7.3,1,6,5.0,1.6999999999999993,7.5,0,0,0,9.0,1.2246467991473532e-16,-1.0,4.6102,0.2851
REC_02666,Krishna District,Andhra Pradesh,16.5062,80.648,coastal_humid,2023-06-02,2023-06-03,1,2.9,9.9,27.9,29.1,84.2,86.7,1011.8,2.7,0.2,1,6,7.0,1.2000000000000028,2.5,0,0,0,1.0,1.2246467991473532e-16,-1.0,2.4418,0.3857
REC_00370,Delhi,NCR,28.6139,77.209,continental_subtropical,2023-06-03,2023-06-04,1,108.1,124.5,24.8,24.9,77.8,71.0,1013.6,108.8,0.7,1,6,16.400000000000006,0.09999999999999787,6.799999999999997,0,0,0,1.0,1.2246467991473532e-16,-1.0,84.10179999999998,0.2468
REC_01193,Bengaluru,Karnataka,12.9716,77.5946,plateau_temperate,2023-06-03,2023-06-07,4,11.7,6.6,27.7,27.0,69.5,64.5,1002.6,3.6,8.1,1,6,5.1,0.6999999999999993,5.0,0,0,0,16.0,1.2246467991473532e-16,-1.0,8.131499999999999,0.2838
REC_02036,Delhi,NCR,28.6139,77.209,continental_subtropical,2023-06-03,2023-06-08,5,0.6,14.3,26.1,28.6,83.1,79.1,1005.8,0.0,20.2,1,6,13.700000000000001,2.5,4.0,0,0,0,25.0,1.2246467991473532e-16,-1.0,0.49859999999999993,0.2458
REC_02053,Visakhapatnam,Andhra Pradesh,17.6868,83.2185,coastal_cyclonic,2023-06-03,2023-06-08,5,76.9,191.2,28.6,27.7,82.0,66.5,1004.6,80.9,4.0,1,6,114.29999999999998,0.9000000000000021,15.5,1,0,1,25.0,1.2246467991473532e-16,-1.0,63.058,0.4085
REC_00324,Hyderabad,Telangana,17.385,78.4867,semi_arid,2023-06-03,2023-06-09,6,6.1,15.0,30.3,26.8,80.3,75.1,1006.8,0.0,44.9,1,6,8.9,3.5,5.200000000000003,0,1,1,36.0,1.2246467991473532e-16,-1.0,4.898299999999999,0.2922
REC_01160,Delhi,NCR,28.6139,77.209,continental_subtropical,2023-06-03,2023-06-12,9,8.7,8.5,29.1,29.9,82.3,86.0,1013.4,0.0,24.2,1,6,0.1999999999999993,0.7999999999999972,3.700000000000003,0,0,0,81.0,1.2246467991473532e-16,-1.0,7.160099999999999,0.2447
REC_01638,Hyderabad,Telangana,17.385,78.4867,semi_arid,2023-06-04,2023-06-12,8,8.1,11.2,24.8,21.7,94.8,74.4,1003.9,14.2,6.1,1,6,3.0999999999999996,3.1000000000000014,20.39999999999999,0,0,0,64.0,1.2246467991473532e-16,-1.0,7.6788,0.2951
REC_01219,Hyderabad,Telangana,17.385,78.4867,semi_arid,2023-06-04,2023-06-10,6,7.1,24.4,27.5,29.6,75.9,88.6,1012.7,31.7,24.6,1,6,17.299999999999997,2.1000000000000014,12.699999999999989,0,0,0,36.0,1.2246467991473532e-16,-1.0,5.3889,0.2939
REC_01690,Delhi,NCR,28.6139,77.209,continental_subtropical,2023-06-04,2023-06-06,2,13.3,29.8,27.5,28.5,81.0,80.3,1002.5,8.6,4.7,1,6,16.5,1.0,0.7000000000000028,0,0,0,4.0,1.2246467991473532e-16,-1.0,10.773,0.2437
REC_01453,Krishna District,Andhra Pradesh,16.5062,80.648,coastal_humid,2023-06-04,2023-06-08,4,26.4,36.3,30.6,30.8,71.3,84.9,1013.6,18.1,8.3,1,6,9.899999999999999,0.1999999999999993,13.600000000000009,0,0,0,16.0,1.2246467991473532e-16,-1.0,18.8232,0.3839
REC_00514,Mumbai,Maharashtra,19.076,72.8777,coastal_heavy_monsoon,2023-06-05,2023-06-07,2,11.9,8.4,23.9,25.7,65.5,67.1,1008.1,21.1,9.2,1,6,3.5,1.8000000000000007,1.5999999999999943,0,0,0,4.0,1.2246467991473532e-16,-1.0,7.7945,0.3709
REC_03195,Hyderabad,Telangana,17.385,78.4867,semi_arid,2023-06-05,2023-06-08,3,7.2,0.0,30.3,28.6,75.9,74.1,1008.6,8.1,0.8,1,6,7.2,1.6999999999999993,1.8000000000000114,0,0,0,9.0,1.2246467991473532e-16,-1.0,5.4648,0.2927
REC_00941,Krishna District,Andhra Pradesh,16.5062,80.648,coastal_humid,2023-06-05,2023-06-11,6,16.9,71.2,34.9,34.7,82.6,75.9,1012.6,7.8,9.1,1,6,54.300000000000004,0.19999999999999574,6.699999999999989,1,0,1,36.0,1.2246467991473532e-16,-1.0,13.959399999999999,0.3821
REC_01509,Hyderabad,Telangana,17.385,78.4867,semi_arid,2023-06-05,2023-06-11,6,30.8,52.7,30.1,30.9,91.0,88.7,1008.3,76.0,45.3,1,6,21.900000000000002,0.7999999999999972,2.299999999999997,0,0,0,36.0,1.2246467991473532e-16,-1.0,28.028000000000002,0.2915
REC_03097,Hyderabad,Telangana,17.385,78.4867,semi_arid,2023-06-05,2023-06-11,6,41.5,0.0,30.5,27.8,89.4,85.5,1005.8,54.7,13.3,1,6,41.5,2.6999999999999993,3.9000000000000057,1,0,1,36.0,1.2246467991473532e-16,-1.0,37.101000000000006,0.2903
REC_02150,Hyderabad,Telangana,17.385,78.4867,semi_arid,2023-06-05,2023-06-12,7,15.1,0.0,35.4,41.5,82.4,96.1,1005.3,3.8,11.2,1,6,15.1,6.100000000000001,13.699999999999989,0,1,1,49.0,1.2246467991473532e-16,-1.0,12.4424,0.2932
REC_02017,Mumbai,Maharashtra,19.076,72.8777,coastal_heavy_monsoon,2023-06-06,2023-06-15,9,4.1,6.4,25.6,26.9,71.7,61.9,1009.1,0.0,14.0,1,6,2.3000000000000007,1.2999999999999972,9.800000000000004,0,0,0,81.0,1.2246467991473532e-16,-1.0,2.9396999999999998,0.3692
REC_01492,Hyderabad,Telangana,17.385,78.4867,semi_arid,2023-06-06,2023-06-16,10,2.9,0.0,31.4,34.7,94.4,86.8,1005.5,0.0,3.6,1,6,2.9,3.3000000000000043,7.6000000000000085,0,0,0,100.0,1.2246467991473532e-16,-1.0,2.7376,0.296
REC_00474,Krishna District,Andhra Pradesh,16.5062,80.648,coastal_humid,2023-06-07,2023-06-12,5,22.3,30.8,28.0,30.7,86.8,85.6,1004.6,0.0,36.2,1,6,8.5,2.6999999999999993,1.2000000000000028,0,0,0,25.0,1.2246467991473532e-16,-1.0,19.3564,0.385
REC_02301,Delhi,NCR,28.6139,77.209,continental_subtropical,2023-06-07,2023-06-09,2,14.8,8.6,27.3,26.3,78.6,75.8,1004.7,5.4,9.4,1,6,6.200000000000001,1.0,2.799999999999997,0,0,0,4.0,1.2246467991473532e-16,-1.0,11.6328,0.2427
REC_03193,Krishna District,Andhra Pradesh,16.5062,80.648,coastal_humid,2023-06-07,2023-06-16,9,0.6,0.0,24.6,19.5,79.4,88.5,1007.9,15.6,15.0,1,6,0.6,5.100000000000001,9.099999999999994,0,1,1,81.0,1.2246467991473532e-16,-1.0,0.4764,0.3832
REC_02598,Bengaluru,Karnataka,12.9716,77.5946,plateau_temperate,2023-06-07,2023-06-08,1,12.9,21.8,27.5,26.3,75.5,71.7,999.9,13.8,0.9,1,6,8.9,1.1999999999999993,3.799999999999997,0,0,0,1.0,1.2246467991473532e-16,-1.0,9.7395,0.2826
REC_02665,Krishna District,Andhra Pradesh,16.5062,80.648,coastal_humid,2023-06-07,2023-06-08,1,8.9,0.0,26.4,25.8,75.3,67.0,1012.7,8.1,0.8,1,6,8.9,0.5999999999999979,8.299999999999997,0,0,0,1.0,1.2246467991473532e-16,-1.0,6.7017,0.386
REC_02066,Delhi,NCR,28.6139,77.209,continental_subtropical,2023-06-08,2023-06-09,1,19.5,11.8,25.2,24.9,76.6,76.4,1010.9,19.2,0.3,1,6,7.699999999999999,0.3000000000000007,0.19999999999998863,0,0,0,1.0,1.2246467991473532e-16,-1.0,14.936999999999998,0.2417
REC_02282,Bengaluru,Karnataka,12.9716,77.5946,plateau_temperate,2023-06-08,2023-06-10,2,29.8,0.0,26.7,26.4,78.2,66.9,1003.9,27.6,2.2,1,6,29.8,0.3000000000000007,11.299999999999997,1,0,1,4.0,1.2246467991473532e-16,-1.0,23.303600000000003,0.2814
REC_03094,Bengaluru,Karnataka,12.9716,77.5946,plateau_temperate,2023-06-08,2023-06-14,6,5.6,33.4,29.9,30.6,80.8,72.6,1012.2,0.0,17.7,1,6,27.799999999999997,0.7000000000000028,8.200000000000003,1,0,1,36.0,1.2246467991473532e-16,-1.0,4.5248,0.2845
REC_00819,Bengaluru,Karnataka,12.9716,77.5946,plateau_temperate,2023-06-09,2023-06-11,2,12.3,26.3,29.1,29.5,85.5,79.9,1007.0,18.3,5.9,1,6,14.0,0.3999999999999986,5.599999999999994,0,0,0,4.0,1.2246467991473532e-16,-1.0,10.5165,0.2876
REC_01357,Mumbai,Maharashtra,19.076,72.8777,coastal_heavy_monsoon,2023-06-09,2023-06-15,6,11.4,20.3,30.5,31.0,85.2,77.9,1000.0,31.0,19.6,1,6,8.9,0.5,7.299999999999997,0,0,0,36.0,1.2246467991473532e-16,-1.0,9.712800000000001,0.3674
REC_00606,Bengaluru,Karnataka,12.9716,77.5946,plateau_temperate,2023-06-10,2023-06-11,1,37.7,32.3,28.2,28.1,90.1,79.9,1010.1,37.6,0.0,1,6,5.400000000000006,0.09999999999999787,10.199999999999989,0,0,0,1.0,1.2246467991473532e-16,-1.0,33.9677,0.2863
REC_00354,Mumbai,Maharashtra,19.076,72.8777,coastal_heavy_monsoon,2023-06-10,2023-06-12,2,45.4,57.5,32.0,31.4,84.0,83.2,1011.3,45.6,0.1,1,6,12.100000000000001,0.6000000000000014,0.7999999999999972,0,0,0,4.0,1.2246467991473532e-16,-1.0,38.135999999999996,0.3657
REC_02068,Krishna District,Andhra Pradesh,16.5062,80.648,coastal_humid,2023-06-10,2023-06-16,6,5.7,0.0,33.0,29.4,76.7,92.6,1004.9,0.0,9.4,1,6,5.7,3.6000000000000014,15.899999999999991,0,1,1,36.0,1.2246467991473532e-16,-1.0,4.3719,0.3843
REC_01197,Krishna District,Andhra Pradesh,16.5062,80.648,coastal_humid,2023-06-11,2023-06-12,1,7.7,11.2,37.2,37.0,86.9,84.4,1010.9,9.1,1.4,1,6,3.499999999999999,0.20000000000000284,2.5,0,0,0,1.0,1.2246467991473532e-16,-1.0,6.691300000000001,0.3871
REC_00549,Mumbai,Maharashtra,19.076,72.8777,coastal_heavy_monsoon,2023-06-11,2023-06-18,7,16.5,45.8,29.9,34.2,82.4,85.1,1011.1,41.6,25.1,1,6,29.299999999999997,4.300000000000004,2.6999999999999886,1,1,1,49.0,1.2246467991473532e-16,-1.0,13.596000000000002,0.3641
REC_03257,Bengaluru,Karnataka,12.9716,77.5946,plateau_temperate,2023-06-11,2023-06-20,9,24.9,52.5,33.5,33.8,94.7,85.9,1018.7,49.9,25.0,1,6,27.6,0.29999999999999716,8.799999999999997,1,0,1,81.0,1.2246467991473532e-16,-1.0,23.580299999999998,0.2851
REC_00486,Visakhapatnam,Andhra Pradesh,17.6868,83.2185,coastal_cyclonic,2023-06-12,2023-06-22,10,7.4,0.0,26.6,18.5,67.8,66.6,1009.9,73.2,65.8,1,6,7.4,8.100000000000001,1.2000000000000028,0,1,1,100.0,1.2246467991473532e-16,-1.0,5.0172,0.411
REC_02704,Bengaluru,Karnataka,12.9716,77.5946,plateau_temperate,2023-06-12,2023-06-20,8,3.2,0.0,34.5,34.8,77.1,56.1,1008.9,0.0,22.8,1,6,3.2,0.29999999999999716,20.999999999999993,0,0,0,64.0,1.2246467991473532e-16,-1.0,2.4672,0.2881
REC_02649,Hyderabad,Telangana,17.385,78.4867,semi_arid,2023-06-13,2023-06-14,1,4.4,4.1,25.4,24.6,83.1,88.0,1006.9,5.7,1.3,1,6,0.3000000000000007,0.7999999999999972,4.900000000000006,0,0,0,1.0,1.2246467991473532e-16,-1.0,3.6563999999999997,0.2948
REC_00356,Bengaluru,Karnataka,12.9716,77.5946,plateau_temperate,2023-06-13,2023-06-18,5,1.5,7.5,28.3,30.2,80.0,74.8,1007.0,2.4,0.9,1,6,6.0,1.8999999999999986,5.200000000000003,0,0,0,25.0,1.2246467991473532e-16,-1.0,1.2,0.2869
REC_00622,Krishna District,Andhra Pradesh,16.5062,80.648,coastal_humid,2023-06-13,2023-06-19,6,45.3,76.7,30.8,24.2,64.6,88.0,1005.9,55.7,10.4,1,6,31.400000000000006,6.600000000000001,23.400000000000006,1,1,1,36.0,1.2246467991473532e-16,-1.0,29.263799999999996,0.3853
REC_02891,Visakhapatnam,Andhra Pradesh,17.6868,83.2185,coastal_cyclonic,2023-06-13,2023-06-21,8,40.5,83.5,29.5,30.2,76.0,68.3,1016.7,13.9,26.6,1,6,43.0,0.6999999999999993,7.700000000000003,1,0,1,64.0,1.2246467991473532e-16,-1.0,30.78,0.4135
REC_01086,Bengaluru,Karnataka,12.9716,77.5946,plateau_temperate,2023-06-14,2023-06-17,3,30.6,0.0,24.3,24.9,75.1,68.9,1014.4,36.3,5.6,1,6,30.6,0.5999999999999979,6.199999999999989,1,0,1,9.0,1.2246467991473532e-16,-1.0,22.9806,0.2857
REC_01379,Hyderabad,Telangana,17.385,78.4867,semi_arid,2023-06-14,2023-06-18,4,10.3,9.1,27.4,27.9,97.2,88.5,1016.2,0.0,14.9,1,6,1.200000000000001,0.5,8.700000000000003,0,0,0,16.0,1.2246467991473532e-16,-1.0,10.011600000000001,0.2937
REC_02510,Krishna District,Andhra Pradesh,16.5062,80.648,coastal_humid,2023-06-14,2023-06-23,9,13.0,41.9,28.6,27.3,81.0,70.2,1008.1,41.1,28.1,1,6,28.9,1.3000000000000007,10.799999999999997,1,0,1,81.0,1.2246467991473532e-16,-1.0,10.53,0.3881
REC_02592,Bengaluru,Karnataka,12.9716,77.5946,plateau_temperate,2023-06-15,2023-06-19,4,10.8,34.7,26.1,27.6,93.4,77.8,1010.3,9.1,1.7,1,6,23.900000000000002,1.5,15.600000000000009,0,0,0,16.0,1.2246467991473532e-16,-1.0,10.087200000000001,0.2887
REC_00547,Bengaluru,Karnataka,12.9716,77.5946,plateau_temperate,2023-06-15,2023-06-21,6,47.6,111.6,23.3,21.1,77.2,62.8,1015.8,42.6,5.0,1,6,63.99999999999999,2.1999999999999993,14.400000000000006,1,0,1,36.0,1.2246467991473532e-16,-1.0,36.7472,0.2875
REC_00357,Delhi,NCR,28.6139,77.209,continental_subtropical,2023-06-16,2023-06-18,2,5.5,16.4,26.0,24.7,75.9,74.2,1006.5,8.1,2.6,1,6,10.899999999999999,1.3000000000000007,1.7000000000000028,0,0,0,4.0,1.2246467991473532e-16,-1.0,4.1745,0.2407
REC_01167,Hyderabad,Telangana,17.385,78.4867,semi_arid,2023-06-16,2023-06-21,5,15.8,7.8,30.7,30.4,65.7,74.3,1006.2,29.9,14.1,1,6,8.0,0.3000000000000007,8.599999999999994,0,0,0,25.0,1.2246467991473532e-16,-1.0,10.380600000000001,0.2925
REC_01568,Bengaluru,Karnataka,12.9716,77.5946,plateau_temperate,2023-06-16,2023-06-24,8,5.1,9.1,33.2,31.2,90.9,98.2,1005.8,45.6,40.5,1,6,4.0,2.0000000000000036,7.299999999999997,0,0,0,64.0,1.2246467991473532e-16,-1.0,4.6358999999999995,0.2905
REC_02468,Hyderabad,Telangana,17.385,78.4867,semi_arid,2023-06-17,2023-06-24,7,7.0,0.0,28.1,32.5,88.9,80.0,1013.7,0.0,8.9,1,6,7.0,4.399999999999999,8.900000000000006,0,1,1,49.0,1.2246467991473532e-16,-1.0,6.223000000000001,0.2913
REC_02999,Delhi,NCR,28.6139,77.209,continental_subtropical,2023-06-17,2023-06-27,10,10.0,39.6,30.3,30.9,76.6,80.7,1008.5,15.1,5.1,1,6,29.6,0.5999999999999979,4.1000000000000085,1,0,1,100.0,1.2246467991473532e-16,-1.0,7.66,0.2397
REC_01010,Bengaluru,Karnataka,12.9716,77.5946,plateau_temperate,2023-06-17,2023-06-19,2,106.6,89.7,26.4,26.8,76.8,79.2,1006.7,97.7,8.9,1,6,16.89999999999999,0.40000000000000213,2.4000000000000057,0,0,0,4.0,1.2246467991473532e-16,-1.0,81.8688,0.2893
REC_02077,Krishna District,Andhra Pradesh,16.5062,80.648,coastal_humid,2023-06-17,2023-06-23,6,18.9,37.6,27.3,27.2,84.0,84.7,1006.6,41.3,22.4,1,6,18.700000000000003,0.10000000000000142,0.7000000000000028,0,0,0,36.0,1.2246467991473532e-16,-1.0,15.876,0.3909
REC_01184,Delhi,NCR,28.6139,77.209,continental_subtropical,2023-06-18,2023-06-19,1,3.4,3.6,35.8,35.8,78.1,80.2,1005.5,6.6,3.2,1,6,0.20000000000000018,0.0,2.1000000000000085,0,0,0,1.0,1.2246467991473532e-16,-1.0,2.6553999999999998,0.2428
REC_03258,Hyderabad,Telangana,17.385,78.4867,semi_arid,2023-06-18,2023-06-20,2,0.8,0.0,27.0,26.4,87.0,82.6,1016.0,2.1,1.3,1,6,0.8,0.6000000000000014,4.400000000000006,0,0,0,4.0,1.2246467991473532e-16,-1.0,0.6960000000000001,0.2941
REC_03370,Hyderabad,Telangana,17.385,78.4867,semi_arid,2023-06-18,2023-06-20,2,2.5,5.8,27.4,27.8,77.9,79.7,1006.0,9.4,6.9,1,6,3.3,0.40000000000000213,1.7999999999999972,0,0,0,4.0,1.2246467991473532e-16,-1.0,1.9475,0.293
REC_00046,Visakhapatnam,Andhra Pradesh,17.6868,83.2185,coastal_cyclonic,2023-06-18,2023-06-21,3,2.4,1.1,33.1,33.1,84.5,78.9,1013.9,0.0,6.4,1,6,1.2999999999999998,0.0,5.599999999999994,0,0,0,9.0,1.2246467991473532e-16,-1.0,2.028,0.416
REC_01723,Delhi,NCR,28.6139,77.209,continental_subtropical,2023-06-18,2023-06-21,3,18.8,21.5,28.7,30.0,88.7,92.4,1004.9,16.7,2.1,1,6,2.6999999999999993,1.3000000000000007,3.700000000000003,0,0,0,9.0,1.2246467991473532e-16,-1.0,16.675600000000003,0.2418
REC_00611,Bengaluru,Karnataka,12.9716,77.5946,plateau_temperate,2023-06-18,2023-06-24,6,21.8,31.8,31.0,33.5,71.9,70.0,1011.1,39.6,17.9,1,6,10.0,2.5,1.9000000000000057,0,0,0,36.0,1.2246467991473532e-16,-1.0,15.6742,0.2881
REC_01044,Krishna District,Andhra Pradesh,16.5062,80.648,coastal_humid,2023-06-18,2023-06-25,7,15.8,9.8,32.2,29.3,67.9,71.5,1002.9,35.8,20.1,1,6,6.0,2.900000000000002,3.5999999999999943,0,0,0,49.0,1.2246467991473532e-16,-1.0,10.728200000000001,0.3891
REC_02567,Visakhapatnam,Andhra Pradesh,17.6868,83.2185,coastal_cyclonic,2023-06-18,2023-06-27,9,13.1,0.0,29.8,35.8,81.4,60.8,1010.6,30.5,17.4,1,6,13.1,5.9999999999999964,20.60000000000001,0,1,1,81.0,1.2246467991473532e-16,-1.0,10.663400000000001,0.4142
REC_00837,Bengaluru,Karnataka,12.9716,77.5946,plateau_temperate,2023-06-19,2023-06-26,7,1.0,0.0,30.8,26.7,98.0,100.0,1008.3,0.0,38.4,1,6,1.0,4.100000000000001,2.0,0,1,1,49.0,1.2246467991473532e-16,-1.0,0.98,0.2869
REC_02809,Visakhapatnam,Andhra Pradesh,17.6868,83.2185,coastal_cyclonic,2023-06-19,2023-06-27,8,95.1,178.6,29.6,31.2,84.0,71.3,1010.7,48.1,47.0,1,6,83.5,1.5999999999999979,12.700000000000003,1,0,1,64.0,1.2246467991473532e-16,-1.0,79.884,0.4167
REC_02782,Visakhapatnam,Andhra Pradesh,17.6868,83.2185,coastal_cyclonic,2023-06-19,2023-06-23,4,37.8,102.5,30.7,30.5,89.9,93.2,1002.3,35.0,2.8,1,6,64.7,0.1999999999999993,3.299999999999997,1,0,1,16.0,1.2246467991473532e-16,-1.0,33.9822,0.4191
REC_02555,Hyderabad,Telangana,17.385,78.4867,semi_arid,2023-06-20,2023-06-22,2,0.6,9.0,26.5,26.2,87.8,91.2,1007.9,0.0,3.2,1,6,8.4,0.3000000000000007,3.4000000000000057,0,0,0,4.0,1.2246467991473532e-16,-1.0,0.5268,0.2918
REC_02810,Visakhapatnam,Andhra Pradesh,17.6868,83.2185,coastal_cyclonic,2023-06-20,2023-06-24,4,0.7,0.5,35.1,35.2,75.4,68.7,1000.9,0.0,8.5,1,6,0.19999999999999996,0.10000000000000142,6.700000000000003,0,0,0,16.0,1.2246467991473532e-16,-1.0,0.5278,0.4215
REC_01809,Hyderabad,Telangana,17.385,78.4867,semi_arid,2023-06-20,2023-06-29,9,1.6,3.9,27.3,29.7,72.1,56.7,1005.6,0.0,25.6,1,6,2.3,2.3999999999999986,15.399999999999991,0,0,0,81.0,1.2246467991473532e-16,-1.0,1.1536,0.2907
REC_02837,Hyderabad,Telangana,17.385,78.4867,semi_arid,2023-06-20,2023-06-29,9,4.4,18.7,29.6,32.3,85.6,94.8,1004.7,0.0,57.6,1,6,14.299999999999999,2.6999999999999957,9.200000000000003,0,0,0,81.0,1.2246467991473532e-16,-1.0,3.7664,0.2896
REC_00724,Hyderabad,Telangana,17.385,78.4867,semi_arid,2023-06-21,2023-06-24,3,24.2,0.0,30.6,29.7,59.3,68.1,1013.4,18.5,5.7,1,6,24.2,0.9000000000000021,8.799999999999997,1,0,1,9.0,1.2246467991473532e-16,-1.0,14.3506,0.2885
REC_00818,Hyderabad,Telangana,17.385,78.4867,semi_arid,2023-06-21,2023-06-26,5,2.1,18.8,28.6,28.2,79.9,88.7,1007.2,0.0,16.3,1,6,16.7,0.40000000000000213,8.799999999999997,0,0,0,25.0,1.2246467991473532e-16,-1.0,1.6779000000000002,0.2912
REC_00472,Mumbai,Maharashtra,19.076,72.8777,coastal_heavy_monsoon,2023-06-21,2023-06-27,6,30.4,46.8,30.0,32.6,87.9,95.9,1010.4,33.0,2.6,1,6,16.4,2.6000000000000014,8.0,0,0,0,36.0,1.2246467991473532e-16,-1.0,26.7216,0.367
REC_01465,Bengaluru,Karnataka,12.9716,77.5946,plateau_temperate,2023-06-22,2023-07-02,10,13.2,0.0,30.6,32.1,79.0,70.1,1003.2,56.6,43.4,1,7,13.2,1.5,8.900000000000006,0,0,0,100.0,-0.4999999999999997,-0.8660254037844388,10.427999999999999,0.2898
REC_03218,Mumbai,Maharashtra,19.076,72.8777,coastal_heavy_monsoon,2023-06-22,2023-06-25,3,18.4,35.5,37.7,37.1,92.6,94.1,1007.7,22.4,4.0,1,6,17.1,0.6000000000000014,1.5,0,0,0,9.0,1.2246467991473532e-16,-1.0,17.038399999999996,0.3653
REC_03295,Mumbai,Maharashtra,19.076,72.8777,coastal_heavy_monsoon,2023-06-22,2023-06-26,4,5.9,23.9,29.7,26.6,77.4,85.2,1003.7,13.9,8.0,1,6,18.0,3.099999999999998,7.799999999999997,0,0,0,16.0,1.2246467991473532e-16,-1.0,4.566600000000001,0.3636
REC_02504,Delhi,NCR,28.6139,77.209,continental_subtropical,2023-06-22,2023-07-01,9,31.4,0.0,25.1,19.6,83.0,91.6,1005.5,74.6,43.1,1,7,31.4,5.5,8.599999999999994,1,1,1,81.0,-0.4999999999999997,-0.8660254037844388,26.061999999999998,0.2408
REC_00731,Hyderabad,Telangana,17.385,78.4867,semi_arid,2023-06-22,2023-07-02,10,11.7,42.9,29.9,28.6,83.1,80.8,1005.8,25.2,13.5,1,7,31.2,1.2999999999999972,2.299999999999997,1,0,1,100.0,-0.4999999999999997,-0.8660254037844388,9.722699999999998,0.2901
REC_02233,Mumbai,Maharashtra,19.076,72.8777,coastal_heavy_monsoon,2023-06-22,2023-07-02,10,4.7,0.0,23.3,28.1,84.8,55.3,1001.8,6.9,2.2,1,7,4.7,4.800000000000001,29.5,0,1,1,100.0,-0.4999999999999997,-0.8660254037844388,3.9856,0.362
REC_01411,Visakhapatnam,Andhra Pradesh,17.6868,83.2185,coastal_cyclonic,2023-06-23,2023-06-30,7,40.6,0.0,29.5,29.0,83.8,78.8,1009.7,69.2,28.6,1,6,40.6,0.5,5.0,1,0,1,49.0,1.2246467991473532e-16,-1.0,34.022800000000004,0.4198
REC_03085,Krishna District,Andhra Pradesh,16.5062,80.648,coastal_humid,2023-06-25,2023-07-02,7,75.0,0.0,31.6,29.7,84.6,84.0,1011.9,86.4,11.4,1,7,75.0,1.9000000000000021,0.5999999999999943,1,0,1,49.0,-0.4999999999999997,-0.8660254037844388,63.45,0.3874
REC_00739,Hyderabad,Telangana,17.385,78.4867,semi_arid,2023-06-25,2023-07-03,8,1.9,0.0,24.0,24.9,77.9,71.1,1011.9,20.1,18.2,1,7,1.9,0.8999999999999986,6.800000000000011,0,0,0,64.0,-0.4999999999999997,-0.8660254037844388,1.4801,0.2928
REC_02836,Hyderabad,Telangana,17.385,78.4867,semi_arid,2023-06-25,2023-07-03,8,7.3,11.6,35.1,28.6,78.4,93.1,1011.6,0.0,9.3,1,7,4.3,6.5,14.699999999999989,0,1,1,64.0,-0.4999999999999997,-0.8660254037844388,5.7232,0.2917
REC_02920,Hyderabad,Telangana,17.385,78.4867,semi_arid,2023-06-25,2023-07-05,10,20.7,0.0,31.3,33.1,64.3,88.3,1008.0,30.1,9.4,1,7,20.7,1.8000000000000007,24.0,1,0,1,100.0,-0.4999999999999997,-0.8660254037844388,13.3101,0.2943
REC_02762,Bengaluru,Karnataka,12.9716,77.5946,plateau_temperate,2023-06-26,2023-07-02,6,7.2,12.8,30.3,32.4,82.5,82.4,1011.6,30.6,23.3,1,7,5.6000000000000005,2.099999999999998,0.09999999999999432,0,0,0,36.0,-0.4999999999999997,-0.8660254037844388,5.94,0.2886
REC_01297,Krishna District,Andhra Pradesh,16.5062,80.648,coastal_humid,2023-06-26,2023-07-03,7,0.1,0.0,29.4,29.5,80.6,68.8,1007.7,0.0,11.6,1,7,0.1,0.10000000000000142,11.799999999999997,0,0,0,49.0,-0.4999999999999997,-0.8660254037844388,0.0806,0.3901
REC_00925,Visakhapatnam,Andhra Pradesh,17.6868,83.2185,coastal_cyclonic,2023-06-27,2023-06-30,3,80.4,214.3,36.5,35.7,95.9,100.0,1000.1,83.7,3.3,1,6,133.9,0.7999999999999972,4.099999999999994,1,0,1,9.0,1.2246467991473532e-16,-1.0,77.1036,0.4221
REC_02216,Visakhapatnam,Andhra Pradesh,17.6868,83.2185,coastal_cyclonic,2023-06-27,2023-07-07,10,18.0,37.0,32.6,30.7,87.8,88.9,1009.0,0.0,49.0,1,7,19.0,1.9000000000000021,1.1000000000000085,0,0,0,100.0,-0.4999999999999997,-0.8660254037844388,15.803999999999998,0.4245
REC_01188,Krishna District,Andhra Pradesh,16.5062,80.648,coastal_humid,2023-06-28,2023-07-07,9,14.4,0.0,27.8,37.6,83.8,80.5,1006.1,40.6,26.2,1,7,14.4,9.8,3.299999999999997,0,1,1,81.0,-0.4999999999999997,-0.8660254037844388,12.0672,0.3884
REC_02345,Delhi,NCR,28.6139,77.209,continental_subtropical,2023-06-28,2023-07-05,7,11.6,0.0,27.9,28.7,84.4,86.3,1010.2,0.0,34.0,1,7,11.6,0.8000000000000007,1.8999999999999915,0,0,0,49.0,-0.4999999999999997,-0.8660254037844388,9.7904,0.2439
REC_03369,Mumbai,Maharashtra,19.076,72.8777,coastal_heavy_monsoon,2023-06-28,2023-07-05,7,22.6,0.0,29.9,27.4,74.4,84.3,1010.4,6.1,16.5,1,7,22.6,2.5,9.899999999999991,1,0,1,49.0,-0.4999999999999997,-0.8660254037844388,16.814400000000003,0.3649
REC_02067,Krishna District,Andhra Pradesh,16.5062,80.648,coastal_humid,2023-06-28,2023-07-04,6,25.9,0.0,27.4,26.1,68.2,76.7,1005.0,26.2,0.4,1,7,25.9,1.2999999999999972,8.5,1,0,1,36.0,-0.4999999999999997,-0.8660254037844388,17.6638,0.3911
REC_00175,Visakhapatnam,Andhra Pradesh,17.6868,83.2185,coastal_cyclonic,2023-06-28,2023-07-01,3,0.3,0.0,26.0,26.0,81.8,88.3,1000.2,0.0,15.5,1,7,0.3,0.0,6.5,0,0,0,9.0,-0.4999999999999997,-0.8660254037844388,0.24539999999999998,0.4228
REC_00867,Mumbai,Maharashtra,19.076,72.8777,coastal_heavy_monsoon,2023-06-28,2023-07-05,7,70.4,0.0,28.6,26.4,89.4,96.2,1005.1,104.4,34.0,1,7,70.4,2.200000000000003,6.799999999999997,1,0,1,49.0,-0.4999999999999997,-0.8660254037844388,62.93760000000001,0.3677
REC_03149,Bengaluru,Karnataka,12.9716,77.5946,plateau_temperate,2023-06-29,2023-06-30,1,1.4,0.0,28.8,29.3,71.3,70.3,1014.3,1.5,0.1,1,6,1.4,0.5,1.0,0,0,0,1.0,1.2246467991473532e-16,-1.0,0.9982,0.2874
REC_03100,Mumbai,Maharashtra,19.076,72.8777,coastal_heavy_monsoon,2023-06-29,2023-07-01,2,8.9,14.9,29.5,29.7,83.5,78.2,1005.7,12.0,3.1,1,7,6.0,0.1999999999999993,5.299999999999997,0,0,0,4.0,-0.4999999999999997,-0.8660254037844388,7.4315,0.3705
REC_03165,Delhi,NCR,28.6139,77.209,continental_subtropical,2023-06-29,2023-07-01,2,6.4,8.1,29.4,31.0,76.4,78.2,1009.3,8.8,2.3,1,7,1.6999999999999993,1.6000000000000014,1.7999999999999972,0,0,0,4.0,-0.4999999999999997,-0.8660254037844388,4.889600000000001,0.2429
REC_01890,Bengaluru,Karnataka,12.9716,77.5946,plateau_temperate,2023-06-29,2023-07-05,6,23.8,59.8,25.6,26.1,81.7,77.8,1010.0,13.7,10.1,1,7,36.0,0.5,3.9000000000000057,1,0,1,36.0,-0.4999999999999997,-0.8660254037844388,19.4446,0.2863
REC_02848,Delhi,NCR,28.6139,77.209,continental_subtropical,2023-06-30,2023-07-07,7,13.0,0.0,26.6,27.2,96.2,81.2,1012.8,24.2,11.2,1,7,13.0,0.5999999999999979,15.0,0,0,0,49.0,-0.4999999999999997,-0.8660254037844388,12.506000000000002,0.2419
REC_03428,Hyderabad,Telangana,17.385,78.4867,semi_arid,2023-06-30,2023-07-08,8,7.0,0.0,28.6,30.0,74.9,88.3,1010.8,19.0,12.0,1,7,7.0,1.3999999999999986,13.399999999999991,0,0,0,64.0,-0.4999999999999997,-0.8660254037844388,5.243,0.297
REC_00138,Krishna District,Andhra Pradesh,16.5062,80.648,coastal_humid,2023-06-30,2023-07-10,10,2.1,0.0,28.2,22.1,82.6,76.6,1002.9,0.0,35.8,1,7,2.1,6.099999999999998,6.0,0,1,1,100.0,-0.4999999999999997,-0.8660254037844388,1.7346000000000001,0.3938
REC_02845,Krishna District,Andhra Pradesh,16.5062,80.648,coastal_humid,2023-06-30,2023-07-10,10,21.7,0.9,34.4,34.4,95.7,86.2,1006.7,0.0,37.8,1,7,20.8,0.0,9.5,1,0,1,100.0,-0.4999999999999997,-0.8660254037844388,20.7669,0.3965
REC_01059,Krishna District,Andhra Pradesh,16.5062,80.648,coastal_humid,2023-07-01,2023-07-09,8,33.1,13.5,30.8,37.2,85.4,66.5,1005.0,0.0,41.3,1,7,19.6,6.400000000000002,18.900000000000006,0,1,1,64.0,-0.4999999999999997,-0.8660254037844388,28.267400000000002,0.3991
REC_00497,Visakhapatnam,Andhra Pradesh,17.6868,83.2185,coastal_cyclonic,2023-07-01,2023-07-03,2,26.4,7.7,27.2,27.1,70.9,73.0,1005.9,27.5,1.2,1,7,18.7,0.09999999999999787,2.0999999999999943,0,0,0,4.0,-0.4999999999999997,-0.8660254037844388,18.7176,0.4211
REC_01319,Krishna District,Andhra Pradesh,16.5062,80.648,coastal_humid,2023-07-01,2023-07-06,5,5.5,0.0,30.0,30.2,82.3,69.6,1011.2,5.0,0.5,1,7,5.5,0.1999999999999993,12.700000000000003,0,0,0,25.0,-0.4999999999999997,-0.8660254037844388,4.5264999999999995,0.4017
REC_01824,Bengaluru,Karnataka,12.9716,77.5946,plateau_temperate,2023-07-02,2023-07-11,9,7.8,0.0,30.0,32.1,70.9,57.2,999.6,0.0,47.2,1,7,7.8,2.1000000000000014,13.700000000000003,0,0,0,81.0,-0.4999999999999997,-0.8660254037844388,5.5302,0.2892
REC_01271,Krishna District,Andhra Pradesh,16.5062,80.648,coastal_humid,2023-07-02,2023-07-12,10,13.6,10.5,31.2,31.4,89.2,92.6,1008.5,37.1,23.4,1,7,3.0999999999999996,0.1999999999999993,3.3999999999999915,0,0,0,100.0,-0.4999999999999997,-0.8660254037844388,12.131200000000002,0.4
REC_02590,Hyderabad,Telangana,17.385,78.4867,semi_arid,2023-07-02,2023-07-05,3,23.7,7.0,28.8,27.6,68.9,58.7,1006.5,27.3,3.7,1,7,16.7,1.1999999999999993,10.200000000000003,0,0,0,9.0,-0.4999999999999997,-0.8660254037844388,16.3293,0.2959
REC_02303,Bengaluru,Karnataka,12.9716,77.5946,plateau_temperate,2023-07-03,2023-07-04,1,15.8,26.4,32.2,33.0,89.4,89.9,1005.2,15.3,0.5,1,7,10.599999999999998,0.7999999999999972,0.5,0,0,0,1.0,-0.4999999999999997,-0.8660254037844388,14.125200000000001,0.288
REC_01689,Krishna District,Andhra Pradesh,16.5062,80.648,coastal_humid,2023-07-03,2023-07-08,5,43.7,53.6,28.7,28.2,83.1,87.0,1012.9,42.4,1.3,1,7,9.899999999999999,0.5,3.9000000000000057,0,0,0,25.0,-0.4999999999999997,-0.8660254037844388,36.314699999999995,0.3983
REC_01955,Bengaluru,Karnataka,12.9716,77.5946,plateau_temperate,2023-07-03,2023-07-09,6,32.5,0.0,32.2,32.8,83.1,91.8,1007.4,13.9,18.6,1,7,32.5,0.5999999999999943,8.700000000000003,1,0,1,36.0,-0.4999999999999997,-0.8660254037844388,27.0075,0.2869
REC_00866,Mumbai,Maharashtra,19.076,72.8777,coastal_heavy_monsoon,2023-07-03,2023-07-10,7,25.2,42.0,29.6,38.0,86.9,76.2,1010.0,6.9,18.3,1,7,16.8,8.399999999999999,10.700000000000003,0,1,1,49.0,-0.4999999999999997,-0.8660254037844388,21.8988,0.3689
REC_03264,Visakhapatnam,Andhra Pradesh,17.6868,83.2185,coastal_cyclonic,2023-07-03,2023-07-11,8,11.7,55.7,31.9,37.0,80.1,80.7,1015.9,33.7,22.0,1,7,44.0,5.100000000000001,0.6000000000000085,1,1,1,64.0,-0.4999999999999997,-0.8660254037844388,9.371699999999999,0.4194
REC_01102,Krishna District,Andhra Pradesh,16.5062,80.648,coastal_humid,2023-07-03,2023-07-12,9,12.9,41.6,33.9,33.0,83.4,90.5,1005.5,63.6,50.7,1,7,28.700000000000003,0.8999999999999986,7.099999999999994,1,0,1,81.0,-0.4999999999999997,-0.8660254037844388,10.758600000000001,0.3966
REC_02691,Mumbai,Maharashtra,19.076,72.8777,coastal_heavy_monsoon,2023-07-03,2023-07-12,9,9.2,22.4,32.8,37.5,92.2,71.6,1005.2,81.1,71.9,1,7,13.2,4.700000000000003,20.60000000000001,0,1,1,81.0,-0.4999999999999997,-0.8660254037844388,8.4824,0.3717
REC_01443,Visakhapatnam,Andhra Pradesh,17.6868,83.2185,coastal_cyclonic,2023-07-04,2023-07-05,1,2.5,0.0,28.7,28.3,71.3,68.9,1004.3,1.7,0.7,1,7,2.5,0.3999999999999986,2.3999999999999915,0,0,0,1.0,-0.4999999999999997,-0.8660254037844388,1.7825,0.4217
REC_03286,Mumbai,Maharashtra,19.076,72.8777,coastal_heavy_monsoon,2023-07-04,2023-07-05,1,33.6,55.0,28.5,28.5,74.3,69.7,1004.6,34.7,1.1,1,7,21.4,0.0,4.599999999999994,0,0,0,1.0,-0.4999999999999997,-0.8660254037844388,24.9648,0.3744
REC_01577,Bengaluru,Karnataka,12.9716,77.5946,plateau_temperate,2023-07-04,2023-07-09,5,53.2,37.7,26.4,29.8,95.6,100.0,1008.2,59.3,6.1,1,7,15.5,3.400000000000002,4.400000000000006,0,0,0,25.0,-0.4999999999999997,-0.8660254037844388,50.8592,0.2897
REC_00179,Bengaluru,Karnataka,12.9716,77.5946,plateau_temperate,2023-07-04,2023-07-14,10,0.6,0.0,29.7,24.5,78.4,87.9,1004.8,0.0,46.6,1,7,0.6,5.199999999999999,9.5,0,1,1,100.0,-0.4999999999999997,-0.8660254037844388,0.4704,0.2885
REC_02440,Delhi,NCR,28.6139,77.209,continental_subtropical,2023-07-05,2023-07-12,7,14.6,9.3,30.5,30.2,95.8,100.0,1010.3,33.9,19.3,1,7,5.299999999999999,0.3000000000000007,4.200000000000003,0,0,0,49.0,-0.4999999999999997,-0.8660254037844388,13.986799999999999,0.241
REC_03328,Delhi,NCR,28.6139,77.209,continental_subtropical,2023-07-05,2023-07-08,3,20.6,70.8,29.0,27.3,87.6,83.1,1008.5,12.4,8.3,1,7,50.199999999999996,1.6999999999999993,4.5,1,0,1,9.0,-0.4999999999999997,-0.8660254037844388,18.0456,0.24
REC_02246,Mumbai,Maharashtra,19.076,72.8777,coastal_heavy_monsoon,2023-07-05,2023-07-11,6,1.0,0.0,27.7,27.8,82.3,72.6,1008.6,0.0,36.4,1,7,1.0,0.10000000000000142,9.700000000000003,0,0,0,36.0,-0.4999999999999997,-0.8660254037844388,0.823,0.3728
REC_03345,Visakhapatnam,Andhra Pradesh,17.6868,83.2185,coastal_cyclonic,2023-07-06,2023-07-08,2,47.2,8.8,32.2,31.6,82.9,82.2,1005.5,43.4,3.8,1,7,38.400000000000006,0.6000000000000014,0.7000000000000028,1,0,1,4.0,-0.4999999999999997,-0.8660254037844388,39.128800000000005,0.42
REC_02083,Krishna District,Andhra Pradesh,16.5062,80.648,coastal_humid,2023-07-06,2023-07-09,3,13.1,0.0,31.0,30.9,74.9,77.8,1006.7,11.0,2.1,1,7,13.1,0.10000000000000142,2.8999999999999915,0,0,0,9.0,-0.4999999999999997,-0.8660254037844388,9.811900000000001,0.3991
REC_03325,Mumbai,Maharashtra,19.076,72.8777,coastal_heavy_monsoon,2023-07-06,2023-07-10,4,35.3,124.6,30.0,30.1,91.7,100.0,1008.2,23.4,11.9,1,7,89.3,0.10000000000000142,8.299999999999997,1,0,1,16.0,-0.4999999999999997,-0.8660254037844388,32.3701,0.3712
REC_01051,Mumbai,Maharashtra,19.076,72.8777,coastal_heavy_monsoon,2023-07-06,2023-07-16,10,3.0,113.6,31.6,25.1,84.5,61.7,1012.6,18.6,15.7,1,7,110.6,6.5,22.799999999999997,1,1,1,100.0,-0.4999999999999997,-0.8660254037844388,2.535,0.3739
REC_00938,Delhi,NCR,28.6139,77.209,continental_subtropical,2023-07-07,2023-07-12,5,6.4,0.0,28.0,30.3,97.7,100.0,1007.8,0.0,18.2,1,7,6.4,2.3000000000000007,2.299999999999997,0,0,0,25.0,-0.4999999999999997,-0.8660254037844388,6.252800000000001,0.243
REC_01839,Bengaluru,Karnataka,12.9716,77.5946,plateau_temperate,2023-07-07,2023-07-10,3,4.7,0.0,34.3,36.4,87.5,92.9,1012.1,16.4,11.8,1,7,4.7,2.1000000000000014,5.400000000000006,0,0,0,9.0,-0.4999999999999997,-0.8660254037844388,4.1125,0.2913
REC_01848,Hyderabad,Telangana,17.385,78.4867,semi_arid,2023-07-07,2023-07-10,3,2.9,0.0,33.0,35.6,83.1,83.3,1007.5,0.0,13.7,1,7,2.9,2.6000000000000014,0.20000000000000284,0,0,0,9.0,-0.4999999999999997,-0.8660254037844388,2.4099,0.2948
REC_03220,Visakhapatnam,Andhra Pradesh,17.6868,83.2185,coastal_cyclonic,2023-07-07,2023-07-10,3,24.1,39.2,28.8,27.4,87.0,89.1,1007.6,23.3,0.8,1,7,15.100000000000001,1.4000000000000021,2.0999999999999943,0,0,0,9.0,-0.4999999999999997,-0.8660254037844388,20.967000000000002,0.4223
REC_01371,Hyderabad,Telangana,17.385,78.4867,semi_arid,2023-07-07,2023-07-11,4,7.3,6.2,24.6,24.7,79.0,96.1,1010.4,7.9,0.6,1,7,1.0999999999999996,0.09999999999999787,17.099999999999994,0,0,0,16.0,-0.4999999999999997,-0.8660254037844388,5.7669999999999995,0.2937
REC_02616,Krishna District,Andhra Pradesh,16.5062,80.648,coastal_humid,2023-07-07,2023-07-11,4,27.2,0.0,28.7,29.6,71.8,74.0,1008.6,42.2,15.0,1,7,27.2,0.9000000000000021,2.200000000000003,1,0,1,16.0,-0.4999999999999997,-0.8660254037844388,19.5296,0.3974
REC_03448,Bengaluru,Karnataka,12.9716,77.5946,plateau_temperate,2023-07-07,2023-07-14,7,11.5,141.0,28.3,27.8,80.6,78.3,1004.4,0.0,34.0,1,7,129.5,0.5,2.299999999999997,1,0,1,49.0,-0.4999999999999997,-0.8660254037844388,9.269,0.2902
REC_01702,Hyderabad,Telangana,17.385,78.4867,semi_arid,2023-07-08,2023-07-11,3,14.0,0.0,25.7,26.6,77.3,78.9,1011.6,9.2,4.9,1,7,14.0,0.9000000000000021,1.6000000000000085,0,0,0,9.0,-0.4999999999999997,-0.8660254037844388,10.822000000000001,0.2926
REC_00704,Mumbai,Maharashtra,19.076,72.8777,coastal_heavy_monsoon,2023-07-08,2023-07-17,9,28.8,173.2,28.6,27.3,76.3,100.0,1006.5,41.6,12.9,1,7,144.39999999999998,1.3000000000000007,23.700000000000003,1,0,1,81.0,-0.4999999999999997,-0.8660254037844388,21.9744,0.3766
REC_01076,Krishna District,Andhra Pradesh,16.5062,80.648,coastal_humid,2023-07-08,2023-07-18,10,20.0,0.0,24.2,27.4,80.5,83.8,1007.2,69.1,49.0,1,7,20.0,3.1999999999999993,3.299999999999997,1,0,1,100.0,-0.4999999999999997,-0.8660254037844388,16.1,0.4
REC_00600,Krishna District,Andhra Pradesh,16.5062,80.648,coastal_humid,2023-07-08,2023-07-17,9,94.5,0.0,29.6,32.1,85.8,100.0,1003.8,68.8,25.8,1,7,94.5,2.5,14.200000000000003,1,0,1,81.0,-0.4999999999999997,-0.8660254037844388,81.08099999999999,0.4025
REC_01697,Bengaluru,Karnataka,12.9716,77.5946,plateau_temperate,2023-07-08,2023-07-11,3,12.3,0.0,29.1,29.3,76.2,76.4,1005.9,8.1,4.2,1,7,12.3,0.1999999999999993,0.20000000000000284,0,0,0,9.0,-0.4999999999999997,-0.8660254037844388,9.3726,0.293
REC_03400,Krishna District,Andhra Pradesh,16.5062,80.648,coastal_humid,2023-07-08,2023-07-13,5,3.7,10.6,26.3,26.1,85.4,84.3,1005.8,0.0,9.5,1,7,6.8999999999999995,0.1999999999999993,1.1000000000000085,0,0,0,25.0,-0.4999999999999997,-0.8660254037844388,3.1598,0.4051
REC_01958,Mumbai,Maharashtra,19.076,72.8777,coastal_heavy_monsoon,2023-07-08,2023-07-11,3,11.7,14.1,23.4,19.9,77.0,83.1,1008.4,29.0,17.3,1,7,2.4000000000000004,3.5,6.099999999999994,0,1,1,9.0,-0.4999999999999997,-0.8660254037844388,9.009,0.3793
REC_00898,Delhi,NCR,28.6139,77.209,continental_subtropical,2023-07-08,2023-07-16,8,1.9,2.4,34.9,35.9,97.3,100.0,1012.7,0.0,36.3,1,7,0.5,1.0,2.700000000000003,0,0,0,64.0,-0.4999999999999997,-0.8660254037844388,1.8486999999999998,0.2421
REC_02925,Krishna District,Andhra Pradesh,16.5062,80.648,coastal_humid,2023-07-10,2023-07-11,1,28.1,23.8,34.0,34.0,94.1,95.7,1007.7,26.4,1.6,1,7,4.300000000000001,0.0,1.6000000000000085,0,0,0,1.0,-0.4999999999999997,-0.8660254037844388,26.4421,0.4034
REC_03057,Bengaluru,Karnataka,12.9716,77.5946,plateau_temperate,2023-07-10,2023-07-16,6,11.9,0.0,24.5,23.2,63.0,54.1,1016.0,24.7,12.7,1,7,11.9,1.3000000000000007,8.899999999999999,0,0,0,36.0,-0.4999999999999997,-0.8660254037844388,7.497000000000001,0.2918
REC_00429,Visakhapatnam,Andhra Pradesh,17.6868,83.2185,coastal_cyclonic,2023-07-10,2023-07-20,10,10.3,0.0,31.5,36.8,83.9,76.6,1009.4,0.0,46.2,1,7,10.3,5.299999999999997,7.300000000000011,0,1,1,100.0,-0.4999999999999997,-0.8660254037844388,8.6417,0.4206
REC_01667,Bengaluru,Karnataka,12.9716,77.5946,plateau_temperate,2023-07-10,2023-07-20,10,11.3,0.0,26.2,30.2,98.0,93.7,1005.2,0.0,11.6,1,7,11.3,4.0,4.299999999999997,0,1,1,100.0,-0.4999999999999997,-0.8660254037844388,11.074000000000002,0.2907
REC_00915,Krishna District,Andhra Pradesh,16.5062,80.648,coastal_humid,2023-07-11,2023-07-16,5,2.5,4.8,25.2,21.1,89.0,97.8,1007.8,0.0,15.9,1,7,2.3,4.099999999999998,8.799999999999997,0,1,1,25.0,-0.4999999999999997,-0.8660254037844388,2.225,0.4017
REC_01004,Hyderabad,Telangana,17.385,78.4867,semi_arid,2023-07-11,2023-07-20,9,10.2,0.0,26.5,25.9,75.3,68.2,1005.3,35.1,24.9,1,7,10.2,0.6000000000000014,7.099999999999994,0,0,0,81.0,-0.4999999999999997,-0.8660254037844388,7.680599999999999,0.2915
REC_01146,Mumbai,Maharashtra,19.076,72.8777,coastal_heavy_monsoon,2023-07-12,2023-07-22,10,4.0,59.8,28.2,24.3,73.1,74.8,1010.6,52.5,48.5,1,7,55.8,3.8999999999999986,1.7000000000000028,1,1,1,100.0,-0.4999999999999997,-0.8660254037844388,2.924,0.382
REC_00786,Mumbai,Maharashtra,19.076,72.8777,coastal_heavy_monsoon,2023-07-12,2023-07-18,6,2.6,0.0,25.3,23.3,94.2,80.9,1004.9,0.0,21.7,1,7,2.6,2.0,13.299999999999997,0,0,0,36.0,-0.4999999999999997,-0.8660254037844388,2.4492000000000003,0.3846
REC_01130,Mumbai,Maharashtra,19.076,72.8777,coastal_heavy_monsoon,2023-07-12,2023-07-14,2,53.9,0.0,27.9,27.3,82.5,86.5,1006.9,59.1,5.1,1,7,53.9,0.5999999999999979,4.0,1,0,1,4.0,-0.4999999999999997,-0.8660254037844388,44.4675,0.383
REC_02763,Visakhapatnam,Andhra Pradesh,17.6868,83.2185,coastal_cyclonic,2023-07-12,2023-07-13,1,22.9,41.4,31.5,31.6,67.2,59.9,1008.5,23.8,0.9,1,7,18.5,0.10000000000000142,7.300000000000004,0,0,0,1.0,-0.4999999999999997,-0.8660254037844388,15.388799999999998,0.4229
REC_00204,Bengaluru,Karnataka,12.9716,77.5946,plateau_temperate,2023-07-12,2023-07-16,4,1.7,0.0,37.0,35.5,85.4,86.0,1010.8,0.0,1.9,1,7,1.7,1.5,0.5999999999999943,0,0,0,16.0,-0.4999999999999997,-0.8660254037844388,1.4518,0.2934
REC_03233,Hyderabad,Telangana,17.385,78.4867,semi_arid,2023-07-13,2023-07-22,9,22.7,64.6,25.9,29.7,74.7,86.2,1003.5,0.0,50.3,1,7,41.89999999999999,3.8000000000000007,11.5,1,1,1,81.0,-0.4999999999999997,-0.8660254037844388,16.9569,0.2904
REC_00315,Delhi,NCR,28.6139,77.209,continental_subtropical,2023-07-13,2023-07-15,2,19.0,21.2,29.5,30.3,95.7,88.1,1007.3,21.8,2.7,1,7,2.1999999999999993,0.8000000000000007,7.6000000000000085,0,0,0,4.0,-0.4999999999999997,-0.8660254037844388,18.183,0.2411
REC_01505,Krishna District,Andhra Pradesh,16.5062,80.648,coastal_humid,2023-07-13,2023-07-15,2,37.3,41.4,34.1,34.0,82.7,78.1,1012.0,23.7,13.6,1,7,4.100000000000001,0.10000000000000142,4.6000000000000085,0,0,0,4.0,-0.4999999999999997,-0.8660254037844388,30.8471,0.4042
REC_00905,Mumbai,Maharashtra,19.076,72.8777,coastal_heavy_monsoon,2023-07-13,2023-07-17,4,21.0,61.3,29.3,32.3,78.6,78.2,1006.7,17.5,3.5,1,7,40.3,2.9999999999999964,0.3999999999999915,1,0,1,16.0,-0.4999999999999997,-0.8660254037844388,16.506,0.3856
REC_02865,Delhi,NCR,28.6139,77.209,continental_subtropical,2023-07-13,2023-07-18,5,1.3,0.0,29.3,30.5,75.2,69.9,1007.4,14.5,13.2,1,7,1.3,1.1999999999999993,5.299999999999997,0,0,0,25.0,-0.4999999999999997,-0.8660254037844388,0.9776,0.2402
REC_01274,Hyderabad,Telangana,17.385,78.4867,semi_arid,2023-07-13,2023-07-19,6,0.4,25.9,28.6,28.1,77.5,61.1,1015.2,0.0,37.4,1,7,25.5,0.5,16.4,1,0,1,36.0,-0.4999999999999997,-0.8660254037844388,0.31,0.293
REC_00526,Mumbai,Maharashtra,19.076,72.8777,coastal_heavy_monsoon,2023-07-13,2023-07-22,9,49.5,74.8,31.3,35.7,73.2,60.0,1013.7,53.1,3.6,1,7,25.299999999999997,4.400000000000002,13.200000000000003,1,1,1,81.0,-0.4999999999999997,-0.8660254037844388,36.234,0.3882
REC_01473,Krishna District,Andhra Pradesh,16.5062,80.648,coastal_humid,2023-07-14,2023-07-20,6,8.1,51.4,32.9,29.3,77.5,76.7,1012.0,8.5,0.3,1,7,43.3,3.599999999999998,0.7999999999999972,1,1,1,36.0,-0.4999999999999997,-0.8660254037844388,6.2775,0.4025
REC_01926,Bengaluru,Karnataka,12.9716,77.5946,plateau_temperate,2023-07-14,2023-07-22,8,1.6,0.0,29.5,30.2,94.7,100.0,1008.2,0.0,15.2,1,7,1.6,0.6999999999999993,5.299999999999997,0,0,0,64.0,-0.4999999999999997,-0.8660254037844388,1.5152,0.2923
REC_00591,Hyderabad,Telangana,17.385,78.4867,semi_arid,2023-07-14,2023-07-17,3,30.5,11.9,34.2,33.2,70.2,65.3,1003.3,16.7,13.8,1,7,18.6,1.0,4.900000000000006,0,0,0,9.0,-0.4999999999999997,-0.8660254037844388,21.410999999999998,0.2956
REC_01226,Bengaluru,Karnataka,12.9716,77.5946,plateau_temperate,2023-07-15,2023-07-23,8,22.7,0.0,26.6,27.7,87.4,88.2,1011.0,39.5,16.9,1,7,22.7,1.0999999999999979,0.7999999999999972,1,0,1,64.0,-0.4999999999999997,-0.8660254037844388,19.8398,0.2912
REC_00133,Mumbai,Maharashtra,19.076,72.8777,coastal_heavy_monsoon,2023-07-15,2023-07-24,9,2.1,0.0,32.3,29.1,81.1,61.1,1011.7,0.0,27.3,1,7,2.1,3.1999999999999957,19.999999999999993,0,0,0,81.0,-0.4999999999999997,-0.8660254037844388,1.7031,0.3908
REC_03398,Hyderabad,Telangana,17.385,78.4867,semi_arid,2023-07-15,2023-07-17,2,33.2,18.1,30.8,31.4,66.1,66.9,1004.5,41.3,8.1,1,7,15.100000000000001,0.5999999999999979,0.8000000000000114,0,0,0,4.0,-0.4999999999999997,-0.8660254037844388,21.9452,0.2945
REC_02210,Delhi,NCR,28.6139,77.209,continental_subtropical,2023-07-15,2023-07-21,6,15.3,21.9,31.7,28.7,91.0,93.7,1008.8,0.6,14.7,1,7,6.599999999999998,3.0,2.700000000000003,0,0,0,36.0,-0.4999999999999997,-0.8660254037844388,13.923,0.2392
REC_03082,Visakhapatnam,Andhra Pradesh,17.6868,83.2185,coastal_cyclonic,2023-07-16,2023-07-17,1,16.5,17.2,31.3,31.2,64.7,62.2,1009.0,15.3,1.2,1,7,0.6999999999999993,0.10000000000000142,2.5,0,0,0,1.0,-0.4999999999999997,-0.8660254037844388,10.6755,0.4213
REC_00672,Krishna District,Andhra Pradesh,16.5062,80.648,coastal_humid,2023-07-16,2023-07-18,2,33.1,27.7,27.6,27.9,96.5,100.0,1010.0,37.7,4.7,1,7,5.400000000000002,0.29999999999999716,3.5,0,0,0,4.0,-0.4999999999999997,-0.8660254037844388,31.9415,0.405
REC_02317,Krishna District,Andhra Pradesh,16.5062,80.648,coastal_humid,2023-07-16,2023-07-20,4,133.2,221.3,23.5,22.3,83.8,74.5,1006.0,128.5,4.7,1,7,88.10000000000002,1.1999999999999993,9.299999999999997,1,0,1,16.0,-0.4999999999999997,-0.8660254037844388,111.62159999999999,0.4033
REC_00028,Hyderabad,Telangana,17.385,78.4867,semi_arid,2023-07-16,2023-07-21,5,9.7,78.4,31.6,30.9,86.6,92.6,1012.5,0.0,13.9,1,7,68.7,0.7000000000000028,6.0,1,0,1,25.0,-0.4999999999999997,-0.8660254037844388,8.400199999999998,0.2935
REC_00440,Mumbai,Maharashtra,19.076,72.8777,coastal_heavy_monsoon,2023-07-16,2023-07-25,9,18.4,63.6,30.4,28.5,76.6,74.7,1006.4,0.0,62.4,1,7,45.2,1.8999999999999986,1.8999999999999915,1,0,1,81.0,-0.4999999999999997,-0.8660254037844388,14.094399999999998,0.3891
REC_02204,Bengaluru,Karnataka,12.9716,77.5946,plateau_temperate,2023-07-16,2023-07-26,10,8.0,19.5,30.1,34.9,92.4,100.0,1012.0,16.7,8.7,1,7,11.5,4.799999999999997,7.599999999999994,0,1,1,100.0,-0.4999999999999997,-0.8660254037844388,7.392,0.2939
REC_02331,Krishna District,Andhra Pradesh,16.5062,80.648,coastal_humid,2023-07-16,2023-07-26,10,8.5,22.9,29.3,29.1,62.1,80.8,1002.3,0.0,13.8,1,7,14.399999999999999,0.1999999999999993,18.699999999999996,0,0,0,100.0,-0.4999999999999997,-0.8660254037844388,5.2785,0.4057
REC_02695,Mumbai,Maharashtra,19.076,72.8777,coastal_heavy_monsoon,2023-07-16,2023-07-26,10,16.9,158.3,31.3,24.1,94.6,100.0,1008.3,1.9,14.9,1,7,141.4,7.199999999999999,5.400000000000006,1,1,1,100.0,-0.4999999999999997,-0.8660254037844388,15.987399999999997,0.3917
REC_03118,Bengaluru,Karnataka,12.9716,77.5946,plateau_temperate,2023-07-16,2023-07-26,10,47.1,0.0,33.8,27.6,66.3,87.9,1010.1,43.6,3.5,1,7,47.1,6.199999999999996,21.60000000000001,1,1,1,100.0,-0.4999999999999997,-0.8660254037844388,31.2273,0.2966
REC_02480,Bengaluru,Karnataka,12.9716,77.5946,plateau_temperate,2023-07-17,2023-07-26,9,0.6,0.0,32.2,32.7,91.8,94.1,1008.8,0.0,54.7,1,7,0.6,0.5,2.299999999999997,0,0,0,81.0,-0.4999999999999997,-0.8660254037844388,0.5508,0.2992
REC_03052,Visakhapatnam,Andhra Pradesh,17.6868,83.2185,coastal_cyclonic,2023-07-17,2023-07-23,6,1.1,0.0,29.9,28.6,89.6,97.3,1009.7,0.0,9.3,1,7,1.1,1.2999999999999972,7.700000000000003,0,0,0,36.0,-0.4999999999999997,-0.8660254037844388,0.9856,0.4196
REC_01631,Mumbai,Maharashtra,19.076,72.8777,coastal_heavy_monsoon,2023-07-17,2023-07-26,9,18.1,70.4,28.9,30.4,84.1,91.4,1006.2,13.5,4.6,1,7,52.300000000000004,1.5,7.300000000000011,1,0,1,81.0,-0.4999999999999997,-0.8660254037844388,15.222100000000001,0.3942
REC_02260,Bengaluru,Karnataka,12.9716,77.5946,plateau_temperate,2023-07-17,2023-07-22,5,38.9,53.8,30.9,29.7,83.6,91.9,1008.3,20.7,18.2,1,7,14.899999999999999,1.1999999999999993,8.300000000000011,0,0,0,25.0,-0.4999999999999997,-0.8660254037844388,32.520399999999995,0.2981
REC_02794,Krishna District,Andhra Pradesh,16.5062,80.648,coastal_humid,2023-07-17,2023-07-23,6,18.6,0.0,26.6,29.8,86.7,99.7,1004.3,27.4,8.8,1,7,18.6,3.1999999999999993,13.0,0,0,0,36.0,-0.4999999999999997,-0.8660254037844388,16.1262,0.4041
REC_00269,Delhi,NCR,28.6139,77.209,continental_subtropical,2023-07-18,2023-07-23,5,2.1,22.1,32.8,31.2,88.5,90.0,1012.3,22.0,20.0,1,7,20.0,1.5999999999999979,1.5,0,0,0,25.0,-0.4999999999999997,-0.8660254037844388,1.8585,0.2383
REC_00072,Krishna District,Andhra Pradesh,16.5062,80.648,coastal_humid,2023-07-18,2023-07-24,6,5.6,10.6,29.3,30.1,82.7,78.9,1007.4,0.0,21.6,1,7,5.0,0.8000000000000007,3.799999999999997,0,0,0,36.0,-0.4999999999999997,-0.8660254037844388,4.6312,0.4024
REC_01251,Krishna District,Andhra Pradesh,16.5062,80.648,coastal_humid,2023-07-19,2023-07-26,7,1.4,72.8,24.1,29.2,71.5,68.5,1009.9,7.1,5.7,1,7,71.39999999999999,5.099999999999998,3.0,1,1,1,49.0,-0.4999999999999997,-0.8660254037844388,1.001,0.4008
REC_01461,Bengaluru,Karnataka,12.9716,77.5946,plateau_temperate,2023-07-19,2023-07-29,10,5.9,8.8,33.9,33.5,79.5,87.7,1005.9,5.0,1.0,1,7,2.9000000000000004,0.3999999999999986,8.200000000000003,0,0,0,100.0,-0.4999999999999997,-0.8660254037844388,4.6905,0.297
REC_01731,Bengaluru,Karnataka,12.9716,77.5946,plateau_temperate,2023-07-20,2023-07-21,1,9.9,17.4,29.2,28.9,81.9,86.8,1013.2,9.0,0.9,1,7,7.499999999999998,0.3000000000000007,4.8999999999999915,0,0,0,1.0,-0.4999999999999997,-0.8660254037844388,8.1081,0.2959
REC_02486,Delhi,NCR,28.6139,77.209,continental_subtropical,2023-07-20,2023-07-24,4,12.6,18.1,26.7,25.2,90.1,92.0,1006.4,18.6,5.9,1,7,5.500000000000002,1.5,1.9000000000000057,0,0,0,16.0,-0.4999999999999997,-0.8660254037844388,11.3526,0.2374
REC_03223,Delhi,NCR,28.6139,77.209,continental_subtropical,2023-07-20,2023-07-27,7,1.5,28.7,25.6,26.3,79.3,80.4,1005.9,0.0,5.2,1,7,27.2,0.6999999999999993,1.1000000000000085,1,0,1,49.0,-0.4999999999999997,-0.8660254037844388,1.1894999999999998,0.2364
REC_02108,Krishna District,Andhra Pradesh,16.5062,80.648,coastal_humid,2023-07-20,2023-07-28,8,7.1,0.0,34.2,32.6,83.2,82.0,1009.3,27.3,20.3,1,7,7.1,1.6000000000000014,1.2000000000000028,0,0,0,64.0,-0.4999999999999997,-0.8660254037844388,5.9072000000000005,0.4032
REC_02211,Mumbai,Maharashtra,19.076,72.8777,coastal_heavy_monsoon,2023-07-20,2023-07-28,8,68.6,219.6,32.5,34.1,90.5,89.9,1002.0,79.7,11.1,1,7,151.0,1.6000000000000014,0.5999999999999943,1,0,1,64.0,-0.4999999999999997,-0.8660254037844388,62.08299999999999,0.3967
REC_01456,Bengaluru,Karnataka,12.9716,77.5946,plateau_temperate,2023-07-21,2023-07-31,10,7.2,9.4,32.1,33.9,81.9,81.6,1011.9,0.0,21.0,1,7,2.2,1.7999999999999972,0.30000000000001137,0,0,0,100.0,-0.4999999999999997,-0.8660254037844388,5.896800000000001,0.2948
REC_00770,Krishna District,Andhra Pradesh,16.5062,80.648,coastal_humid,2023-07-21,2023-07-28,7,31.1,0.0,30.9,28.2,85.7,80.0,1003.3,56.2,25.2,1,7,31.1,2.6999999999999993,5.700000000000003,1,0,1,49.0,-0.4999999999999997,-0.8660254037844388,26.652700000000003,0.4016
REC_00586,Delhi,NCR,28.6139,77.209,continental_subtropical,2023-07-21,2023-07-26,5,24.0,24.5,30.3,29.0,88.8,86.4,1003.1,2.8,21.2,1,7,0.5,1.3000000000000007,2.3999999999999915,0,0,0,25.0,-0.4999999999999997,-0.8660254037844388,21.311999999999998,0.2394
REC_02058,Delhi,NCR,28.6139,77.209,continental_subtropical,2023-07-21,2023-07-24,3,12.0,0.0,28.6,28.6,76.6,90.5,1014.7,6.5,5.5,1,7,12.0,0.0,13.900000000000006,0,0,0,9.0,-0.4999999999999997,-0.8660254037844388,9.192,0.2385
REC_02968,Visakhapatnam,Andhra Pradesh,17.6868,83.2185,coastal_cyclonic,2023-07-21,2023-07-22,1,20.0,0.5,29.1,29.2,93.2,92.6,1019.8,20.6,0.6,1,7,19.5,0.09999999999999787,0.6000000000000085,1,0,1,1.0,-0.4999999999999997,-0.8660254037844388,18.64,0.418
REC_02307,Delhi,NCR,28.6139,77.209,continental_subtropical,2023-07-22,2023-07-23,1,21.5,20.2,34.1,34.6,75.4,77.9,1009.3,21.4,0.1,1,7,1.3000000000000007,0.5,2.5,0,0,0,1.0,-0.4999999999999997,-0.8660254037844388,16.211000000000002,0.2375
REC_03025,Hyderabad,Telangana,17.385,78.4867,semi_arid,2023-07-22,2023-07-28,6,0.9,0.5,25.6,25.8,71.2,65.9,1010.4,0.0,14.7,1,7,0.4,0.1999999999999993,5.299999999999997,0,0,0,36.0,-0.4999999999999997,-0.8660254037844388,0.6408,0.296
REC_00078,Visakhapatnam,Andhra Pradesh,17.6868,83.2185,coastal_cyclonic,2023-07-22,2023-07-30,8,4.5,39.9,27.7,29.0,88.1,100.0,1004.3,0.0,23.4,1,7,35.4,1.3000000000000007,11.900000000000006,1,0,1,64.0,-0.4999999999999997,-0.8660254037844388,3.9644999999999997,0.4202
REC_00290,Mumbai,Maharashtra,19.076,72.8777,coastal_heavy_monsoon,2023-07-23,2023-07-25,2,2.1,4.6,30.3,31.7,61.2,56.5,1008.8,0.1,1.9,1,7,2.4999999999999996,1.3999999999999986,4.700000000000003,0,0,0,4.0,-0.4999999999999997,-0.8660254037844388,1.2852000000000001,0.3992
REC_00797,Mumbai,Maharashtra,19.076,72.8777,coastal_heavy_monsoon,2023-07-23,2023-07-25,2,1.6,0.0,35.5,34.5,67.1,62.3,1006.0,0.0,2.5,1,7,1.6,1.0,4.799999999999997,0,0,0,4.0,-0.4999999999999997,-0.8660254037844388,1.0735999999999999,0.3975
REC_00177,Bengaluru,Karnataka,12.9716,77.5946,plateau_temperate,2023-07-23,2023-07-29,6,16.3,61.6,24.2,27.2,78.7,81.3,1007.6,0.0,17.0,1,7,45.3,3.0,2.5999999999999943,1,0,1,36.0,-0.4999999999999997,-0.8660254037844388,12.828100000000001,0.2937
REC_01333,Hyderabad,Telangana,17.385,78.4867,semi_arid,2023-07-23,2023-07-30,7,1.1,51.9,34.1,35.5,97.9,98.1,999.4,0.0,2.6,1,7,50.8,1.3999999999999986,0.19999999999998863,1,0,1,49.0,-0.4999999999999997,-0.8660254037844388,1.0769000000000002,0.295
REC_03236,Hyderabad,Telangana,17.385,78.4867,semi_arid,2023-07-23,2023-08-01,9,0.5,36.8,29.2,31.4,92.6,93.2,1003.1,11.8,11.3,1,8,36.3,2.1999999999999993,0.6000000000000085,1,0,1,81.0,-0.8660254037844385,-0.5000000000000004,0.46299999999999997,0.2975
REC_00258,Krishna District,Andhra Pradesh,16.5062,80.648,coastal_humid,2023-07-24,2023-08-01,8,74.2,0.0,27.1,29.1,88.6,74.3,1007.2,81.3,7.1,1,8,74.2,2.0,14.299999999999997,1,0,1,64.0,-0.8660254037844385,-0.5000000000000004,65.74119999999999,0.404
REC_00144,Delhi,NCR,28.6139,77.209,continental_subtropical,2023-07-24,2023-07-30,6,13.5,47.7,35.0,36.6,83.6,73.1,1012.2,0.0,20.4,1,7,34.2,1.6000000000000014,10.5,1,0,1,36.0,-0.4999999999999997,-0.8660254037844388,11.286,0.2366
REC_01725,Krishna District,Andhra Pradesh,16.5062,80.648,coastal_humid,2023-07-24,2023-07-25,1,11.4,18.2,30.1,30.8,90.1,90.8,1005.5,11.8,0.4,1,7,6.799999999999999,0.6999999999999993,0.7000000000000028,0,0,0,1.0,-0.4999999999999997,-0.8660254037844388,10.271399999999998,0.4064
REC_00700,Hyderabad,Telangana,17.385,78.4867,semi_arid,2023-07-24,2023-07-27,3,14.7,10.3,27.6,26.1,89.8,88.7,1013.6,19.4,4.7,1,7,4.399999999999999,1.5,1.0999999999999943,0,0,0,9.0,-0.4999999999999997,-0.8660254037844388,13.2006,0.3
REC_01073,Visakhapatnam,Andhra Pradesh,17.6868,83.2185,coastal_cyclonic,2023-07-25,2023-08-03,9,42.0,85.6,25.2,31.7,96.0,85.9,1010.4,55.1,13.1,1,8,43.599999999999994,6.5,10.099999999999994,1,1,1,81.0,-0.8660254037844385,-0.5000000000000004,40.32,0.4225
REC_03054,Visakhapatnam,Andhra Pradesh,17.6868,83.2185,coastal_cyclonic,2023-07-26,2023-07-28,2,2.0,7.0,30.2,30.6,65.7,73.5,1007.3,0.0,2.1,1,7,5.0,0.40000000000000213,7.799999999999997,0,0,0,4.0,-0.4999999999999997,-0.8660254037844388,1.314,0.4247
REC_02797,Visakhapatnam,Andhra Pradesh,17.6868,83.2185,coastal_cyclonic,2023-07-26,2023-07-31,5,11.1,1.5,22.6,21.8,96.3,97.9,1012.0,8.4,2.7,1,7,9.6,0.8000000000000007,1.6000000000000085,0,0,0,25.0,-0.4999999999999997,-0.8660254037844388,10.689299999999998,0.4231
REC_01940,Krishna District,Andhra Pradesh,16.5062,80.648,coastal_humid,2023-07-27,2023-07-29,2,4.8,20.8,24.6,25.2,75.3,71.9,1006.0,21.0,16.1,1,7,16.0,0.5999999999999979,3.3999999999999915,0,0,0,4.0,-0.4999999999999997,-0.8660254037844388,3.6144,0.4048
REC_03309,Mumbai,Maharashtra,19.076,72.8777,coastal_heavy_monsoon,2023-07-27,2023-07-29,2,17.5,21.2,25.1,27.6,93.7,98.0,1013.5,13.7,3.8,1,7,3.6999999999999993,2.5,4.299999999999997,0,0,0,4.0,-0.4999999999999997,-0.8660254037844388,16.3975,0.3959
REC_01716,Bengaluru,Karnataka,12.9716,77.5946,plateau_temperate,2023-07-27,2023-08-01,5,8.4,14.6,30.0,28.0,65.7,67.8,1003.8,6.0,2.4,1,8,6.199999999999999,2.0,2.0999999999999943,0,0,0,25.0,-0.8660254037844385,-0.5000000000000004,5.5188,0.2963
REC_02159,Bengaluru,Karnataka,12.9716,77.5946,plateau_temperate,2023-07-27,2023-08-02,6,9.3,16.2,25.7,22.1,84.8,91.8,1005.1,0.0,18.4,1,8,6.899999999999999,3.599999999999998,7.0,0,1,1,36.0,-0.8660254037844385,-0.5000000000000004,7.8864,0.2952
REC_02239,Hyderabad,Telangana,17.385,78.4867,semi_arid,2023-07-27,2023-08-02,6,2.8,0.0,31.5,31.0,84.3,93.0,1009.7,11.1,8.3,1,8,2.8,0.5,8.700000000000003,0,0,0,36.0,-0.8660254037844385,-0.5000000000000004,2.3604,0.2989
REC_02042,Krishna District,Andhra Pradesh,16.5062,80.648,coastal_humid,2023-07-27,2023-08-05,9,13.5,0.0,27.9,28.9,77.9,100.0,1012.0,0.0,64.5,1,8,13.5,1.0,22.099999999999994,0,0,0,81.0,-0.8660254037844385,-0.5000000000000004,10.5165,0.4032
REC_02758,Bengaluru,Karnataka,12.9716,77.5946,plateau_temperate,2023-07-27,2023-08-05,9,19.4,0.0,30.5,33.0,83.4,83.9,1005.9,51.7,32.3,1,8,19.4,2.5,0.5,0,0,0,81.0,-0.8660254037844385,-0.5000000000000004,16.1796,0.2978
REC_01276,Visakhapatnam,Andhra Pradesh,17.6868,83.2185,coastal_cyclonic,2023-07-28,2023-08-07,10,29.3,66.5,28.2,24.1,85.1,74.2,1003.9,6.0,23.4,1,8,37.2,4.099999999999998,10.899999999999991,1,1,1,100.0,-0.8660254037844385,-0.5000000000000004,24.934299999999997,0.4215
REC_01726,Hyderabad,Telangana,17.385,78.4867,semi_arid,2023-07-28,2023-08-01,4,24.7,20.3,30.2,28.2,87.7,99.1,1013.4,15.1,9.6,1,8,4.399999999999999,2.0,11.399999999999991,0,0,0,16.0,-0.8660254037844385,-0.5000000000000004,21.6619,0.2979
REC_01471,Hyderabad,Telangana,17.385,78.4867,semi_arid,2023-07-28,2023-08-03,6,38.5,61.7,27.9,29.2,80.3,82.6,1011.6,52.7,14.2,1,8,23.200000000000003,1.3000000000000007,2.299999999999997,0,0,0,36.0,-0.8660254037844385,-0.5000000000000004,30.915499999999998,0.2968
REC_00990,Mumbai,Maharashtra,19.076,72.8777,coastal_heavy_monsoon,2023-07-28,2023-08-03,6,42.8,0.0,34.0,35.1,86.9,94.8,1013.8,23.7,19.1,1,8,42.8,1.1000000000000014,7.8999999999999915,1,0,1,36.0,-0.8660254037844385,-0.5000000000000004,37.193200000000004,0.3943
REC_00632,Visakhapatnam,Andhra Pradesh,17.6868,83.2185,coastal_cyclonic,2023-07-28,2023-08-01,4,29.5,73.8,32.0,32.8,95.3,91.9,1009.2,23.0,6.4,1,8,44.3,0.7999999999999972,3.3999999999999915,1,0,1,16.0,-0.8660254037844385,-0.5000000000000004,28.1135,0.4237
REC_00123,Visakhapatnam,Andhra Pradesh,17.6868,83.2185,coastal_cyclonic,2023-07-28,2023-07-29,1,55.9,73.1,30.5,31.1,81.8,83.2,1009.1,56.4,0.4,1,7,17.199999999999996,0.6000000000000014,1.4000000000000057,0,0,0,1.0,-0.4999999999999997,-0.8660254037844388,45.7262,0.4259
REC_01813,Hyderabad,Telangana,17.385,78.4867,semi_arid,2023-07-29,2023-07-31,2,20.0,8.5,26.7,28.0,82.4,82.3,1011.4,21.3,1.3,1,7,11.5,1.3000000000000007,0.10000000000000853,0,0,0,4.0,-0.4999999999999997,-0.8660254037844388,16.48,0.2958
REC_01525,Bengaluru,Karnataka,12.9716,77.5946,plateau_temperate,2023-07-29,2023-08-01,3,28.2,38.1,34.2,34.6,68.5,71.4,1009.7,32.4,4.2,1,8,9.900000000000002,0.3999999999999986,2.9000000000000057,0,0,0,9.0,-0.8660254037844385,-0.5000000000000004,19.317,0.2967
REC_01671,Delhi,NCR,28.6139,77.209,continental_subtropical,2023-07-29,2023-08-05,7,0.0,0.8,31.3,33.9,88.7,77.8,1011.7,0.0,0.5,1,8,0.8,2.599999999999998,10.900000000000006,0,0,0,49.0,-0.8660254037844385,-0.5000000000000004,0.0,0.2395
REC_03300,Bengaluru,Karnataka,12.9716,77.5946,plateau_temperate,2023-07-29,2023-08-05,7,8.7,0.0,25.8,24.5,77.3,64.0,1013.8,11.7,3.0,1,8,8.7,1.3000000000000007,13.299999999999997,0,0,0,49.0,-0.8660254037844385,-0.5000000000000004,6.7250999999999985,0.2956
REC_01060,Visakhapatnam,Andhra Pradesh,17.6868,83.2185,coastal_cyclonic,2023-07-29,2023-08-06,8,13.0,39.7,28.2,26.9,82.2,69.9,1006.4,0.0,90.8,1,8,26.700000000000003,1.3000000000000007,12.299999999999997,1,0,1,64.0,-0.8660254037844385,-0.5000000000000004,10.686000000000002,0.4242
REC_01779,Mumbai,Maharashtra,19.076,72.8777,coastal_heavy_monsoon,2023-07-29,2023-08-07,9,28.2,0.0,30.1,37.6,86.4,82.1,995.2,36.3,8.2,1,8,28.2,7.5,4.300000000000011,1,1,1,81.0,-0.8660254037844385,-0.5000000000000004,24.3648,0.3968
REC_02585,Visakhapatnam,Andhra Pradesh,17.6868,83.2185,coastal_cyclonic,2023-07-29,2023-08-07,9,6.0,0.0,30.1,32.3,78.4,41.3,1013.8,11.5,5.5,1,8,6.0,2.1999999999999957,37.10000000000001,0,0,0,81.0,-0.8660254037844385,-0.5000000000000004,4.704000000000001,0.4264
REC_03259,Delhi,NCR,28.6139,77.209,continental_subtropical,2023-07-29,2023-08-07,9,42.3,0.0,28.2,31.1,96.5,100.0,1013.6,39.7,2.6,1,8,42.3,2.900000000000002,3.5,1,0,1,81.0,-0.8660254037844385,-0.5000000000000004,40.8195,0.2386
REC_00425,Bengaluru,Karnataka,12.9716,77.5946,plateau_temperate,2023-07-30,2023-08-04,5,16.0,61.4,26.6,28.1,78.8,87.1,1004.3,11.3,4.8,1,8,45.4,1.5,8.299999999999997,1,0,1,25.0,-0.8660254037844385,-0.5000000000000004,12.607999999999999,0.2945
REC_01792,Mumbai,Maharashtra,19.076,72.8777,coastal_heavy_monsoon,2023-07-30,2023-08-06,7,15.0,34.3,23.9,27.1,79.3,84.5,1004.9,0.0,16.7,1,8,19.299999999999997,3.200000000000003,5.200000000000003,0,0,0,49.0,-0.8660254037844385,-0.5000000000000004,11.895,0.3992
REC_03320,Krishna District,Andhra Pradesh,16.5062,80.648,coastal_humid,2023-07-30,2023-07-31,1,3.6,0.0,31.7,31.8,66.7,67.4,1013.3,5.9,2.3,1,7,3.6,0.10000000000000142,0.7000000000000028,0,0,0,1.0,-0.4999999999999997,-0.8660254037844388,2.4012000000000002,0.4016
REC_02133,Hyderabad,Telangana,17.385,78.4867,semi_arid,2023-07-30,2023-08-02,3,63.2,17.7,26.9,25.3,95.2,95.4,1004.6,66.8,3.5,1,8,45.5,1.5999999999999979,0.20000000000000284,1,0,1,9.0,-0.8660254037844385,-0.5000000000000004,60.1664,0.2947
REC_02465,Bengaluru,Karnataka,12.9716,77.5946,plateau_temperate,2023-07-31,2023-08-01,1,18.1,0.0,30.6,30.7,71.7,71.5,1003.2,18.4,0.3,1,8,18.1,0.09999999999999787,0.20000000000000284,0,0,0,1.0,-0.8660254037844385,-0.5000000000000004,12.977700000000002,0.2971
REC_00840,Hyderabad,Telangana,17.385,78.4867,semi_arid,2023-07-31,2023-08-02,2,5.8,4.3,27.5,27.6,84.2,82.6,997.3,13.5,7.8,1,8,1.5,0.10000000000000142,1.6000000000000085,0,0,0,4.0,-0.8660254037844385,-0.5000000000000004,4.8836,0.2972
REC_02753,Visakhapatnam,Andhra Pradesh,17.6868,83.2185,coastal_cyclonic,2023-07-31,2023-08-04,4,53.9,81.9,30.3,31.9,83.1,74.5,1010.2,54.4,0.5,1,8,28.000000000000007,1.5999999999999979,8.599999999999994,1,0,1,16.0,-0.8660254037844385,-0.5000000000000004,44.79089999999999,0.4248
REC_00294,Hyderabad,Telangana,17.385,78.4867,semi_arid,2023-07-31,2023-08-08,8,15.1,37.7,23.8,25.2,82.7,98.9,1004.8,37.5,22.3,1,8,22.6,1.3999999999999986,16.200000000000003,0,0,0,64.0,-0.8660254037844385,-0.5000000000000004,12.4877,0.2962
REC_00588,Bengaluru,Karnataka,12.9716,77.5946,plateau_temperate,2023-07-31,2023-08-08,8,59.9,0.0,28.1,28.1,77.5,86.6,1011.3,54.3,5.6,1,8,59.9,0.0,9.099999999999994,1,0,1,64.0,-0.8660254037844385,-0.5000000000000004,46.4225,0.296
REC_00873,Bengaluru,Karnataka,12.9716,77.5946,plateau_temperate,2023-07-31,2023-08-08,8,0.3,21.8,24.4,28.3,87.7,68.9,1006.3,0.0,19.0,1,8,21.5,3.900000000000002,18.799999999999997,0,1,1,64.0,-0.8660254037844385,-0.5000000000000004,0.2631,0.2986
REC_01654,Bengaluru,Karnataka,12.9716,77.5946,plateau_temperate,2023-08-01,2023-08-03,2,51.1,0.0,25.3,24.5,92.8,90.0,1009.5,57.6,6.6,1,8,51.1,0.8000000000000007,2.799999999999997,1,0,1,4.0,-0.8660254037844385,-0.5000000000000004,47.4208,0.3011
REC_00512,Mumbai,Maharashtra,19.076,72.8777,coastal_heavy_monsoon,2023-08-01,2023-08-04,3,30.8,2.2,30.1,30.5,92.9,81.2,1014.6,7.1,23.7,1,8,28.6,0.3999999999999986,11.700000000000003,1,0,1,9.0,-0.8660254037844385,-0.5000000000000004,28.613200000000003,0.3976
REC_00972,Visakhapatnam,Andhra Pradesh,17.6868,83.2185,coastal_cyclonic,2023-08-01,2023-08-07,6,62.1,44.0,24.4,20.6,92.5,82.1,1007.9,78.1,16.0,1,8,18.1,3.799999999999997,10.400000000000006,0,1,1,36.0,-0.8660254037844385,-0.5000000000000004,57.4425,0.427
REC_02088,Hyderabad,Telangana,17.385,78.4867,semi_arid,2023-08-01,2023-08-10,9,5.6,53.7,29.9,33.2,88.7,89.6,1007.2,14.4,8.8,1,8,48.1,3.3000000000000043,0.8999999999999915,1,0,1,81.0,-0.8660254037844385,-0.5000000000000004,4.9672,0.2951
REC_00659,Visakhapatnam,Andhra Pradesh,17.6868,83.2185,coastal_cyclonic,2023-08-02,2023-08-05,3,25.9,11.3,26.8,27.7,68.7,68.5,1006.7,33.0,7.0,1,8,14.599999999999998,0.8999999999999986,0.20000000000000284,0,0,0,9.0,-0.8660254037844385,-0.5000000000000004,17.7933,0.4291
REC_02526,Krishna District,Andhra Pradesh,16.5062,80.648,coastal_humid,2023-08-02,2023-08-10,8,28.4,14.0,25.9,25.4,98.0,100.0,1011.5,76.2,47.8,1,8,14.399999999999999,0.5,2.0,0,0,0,64.0,-0.8660254037844385,-0.5000000000000004,27.831999999999997,0.4
REC_00828,Delhi,NCR,28.6139,77.209,continental_subtropical,2023-08-03,2023-08-12,9,6.4,61.6,31.2,25.9,79.8,67.0,1011.9,40.8,34.4,1,8,55.2,5.300000000000001,12.799999999999997,1,1,1,81.0,-0.8660254037844385,-0.5000000000000004,5.107200000000001,0.2415
REC_01156,Hyderabad,Telangana,17.385,78.4867,semi_arid,2023-08-03,2023-08-10,7,16.3,0.0,26.7,26.1,86.0,96.2,1000.2,19.8,3.5,1,8,16.3,0.5999999999999979,10.200000000000003,0,0,0,49.0,-0.8660254037844385,-0.5000000000000004,14.017999999999999,0.2976
REC_02338,Visakhapatnam,Andhra Pradesh,17.6868,83.2185,coastal_cyclonic,2023-08-03,2023-08-06,3,65.4,35.5,31.2,28.7,98.0,100.0,1007.6,68.7,3.3,1,8,29.900000000000006,2.5,2.0,1,0,1,9.0,-0.8660254037844385,-0.5000000000000004,64.09200000000001,0.4275
REC_00595,Mumbai,Maharashtra,19.076,72.8777,coastal_heavy_monsoon,2023-08-03,2023-08-07,4,16.6,16.5,24.7,25.0,81.5,100.0,1002.1,2.3,14.3,1,8,0.10000000000000142,0.3000000000000007,18.5,0,0,0,16.0,-0.8660254037844385,-0.5000000000000004,13.529000000000002,0.4
REC_03283,Hyderabad,Telangana,17.385,78.4867,semi_arid,2023-08-04,2023-08-12,8,12.4,9.1,27.9,25.1,81.9,100.0,1014.2,46.9,34.5,1,8,3.3000000000000007,2.799999999999997,18.099999999999994,0,0,0,64.0,-0.8660254037844385,-0.5000000000000004,10.1556,0.2966
REC_01205,Hyderabad,Telangana,17.385,78.4867,semi_arid,2023-08-05,2023-08-07,2,21.2,26.3,21.1,21.5,75.3,74.0,1002.9,19.2,2.0,1,8,5.100000000000001,0.3999999999999986,1.2999999999999972,0,0,0,4.0,-0.8660254037844385,-0.5000000000000004,15.9636,0.2955
REC_01567,Hyderabad,Telangana,17.385,78.4867,semi_arid,2023-08-05,2023-08-10,5,7.5,28.5,28.4,31.3,81.3,81.0,1011.4,0.0,12.4,1,8,21.0,2.900000000000002,0.29999999999999716,0,0,0,25.0,-0.8660254037844385,-0.5000000000000004,6.0975,0.2945
REC_00146,Visakhapatnam,Andhra Pradesh,17.6868,83.2185,coastal_cyclonic,2023-08-05,2023-08-12,7,14.5,39.6,30.1,29.2,91.5,100.0,1003.1,1.0,13.5,1,8,25.1,0.9000000000000021,8.5,1,0,1,49.0,-0.8660254037844385,-0.5000000000000004,13.2675,0.4296
REC_02615,Hyderabad,Telangana,17.385,78.4867,semi_arid,2023-08-05,2023-08-14,9,6.5,57.2,33.1,35.7,64.2,43.2,1004.2,16.6,10.1,1,8,50.7,2.6000000000000014,21.0,1,0,1,81.0,-0.8660254037844385,-0.5000000000000004,4.173,0.2935
REC_03294,Visakhapatnam,Andhra Pradesh,17.6868,83.2185,coastal_cyclonic,2023-08-05,2023-08-14,9,7.9,0.0,26.3,24.2,77.3,98.7,995.8,0.0,77.2,1,8,7.9,2.1000000000000014,21.400000000000006,0,0,0,81.0,-0.8660254037844385,-0.5000000000000004,6.1067,0.4317
REC_03389,Hyderabad,Telangana,17.385,78.4867,semi_arid,2023-08-06,2023-08-08,2,2.5,2.7,23.6,22.7,82.9,76.3,1014.5,0.7,1.8,1,8,0.20000000000000018,0.9000000000000021,6.6000000000000085,0,0,0,4.0,-0.8660254037844385,-0.5000000000000004,2.0725,0.2959
REC_02470,Mumbai,Maharashtra,19.076,72.8777,coastal_heavy_monsoon,2023-08-06,2023-08-10,4,14.3,0.0,33.1,33.9,81.1,78.7,1008.7,22.5,8.2,1,8,14.3,0.7999999999999972,2.3999999999999915,0,0,0,16.0,-0.8660254037844385,-0.5000000000000004,11.5973,0.3984
REC_03197,Mumbai,Maharashtra,19.076,72.8777,coastal_heavy_monsoon,2023-08-06,2023-08-10,4,0.5,4.5,26.6,27.2,79.4,81.1,1003.0,3.6,3.2,1,8,4.0,0.5999999999999979,1.6999999999999886,0,0,0,16.0,-0.8660254037844385,-0.5000000000000004,0.397,0.3968
REC_01502,Visakhapatnam,Andhra Pradesh,17.6868,83.2185,coastal_cyclonic,2023-08-06,2023-08-14,8,2.2,63.6,31.9,31.8,79.3,77.9,1015.8,35.1,32.9,1,8,61.4,0.09999999999999787,1.3999999999999915,1,0,1,64.0,-0.8660254037844385,-0.5000000000000004,1.7446000000000002,0.4301
REC_00010,Delhi,NCR,28.6139,77.209,continental_subtropical,2023-08-07,2023-08-13,6,1.6,0.0,28.8,28.3,82.7,86.0,1006.8,0.0,1.7,1,8,1.6,0.5,3.299999999999997,0,0,0,36.0,-0.8660254037844385,-0.5000000000000004,1.3232000000000002,0.2444
REC_00038,Delhi,NCR,28.6139,77.209,continental_subtropical,2023-08-07,2023-08-17,10,6.8,0.0,29.2,26.9,84.2,96.1,1005.5,14.3,7.5,1,8,6.8,2.3000000000000007,11.899999999999991,0,0,0,100.0,-0.8660254037844385,-0.5000000000000004,5.725600000000001,0.2434
REC_02276,Bengaluru,Karnataka,12.9716,77.5946,plateau_temperate,2023-08-07,2023-08-08,1,52.1,52.9,33.2,32.0,71.3,71.4,1009.6,48.8,3.3,1,8,0.7999999999999972,1.2000000000000028,0.10000000000000853,0,0,0,1.0,-0.8660254037844385,-0.5000000000000004,37.1473,0.3036
REC_02981,Visakhapatnam,Andhra Pradesh,17.6868,83.2185,coastal_cyclonic,2023-08-08,2023-08-09,1,40.0,56.6,32.4,32.2,73.6,69.2,999.8,40.1,0.1,1,8,16.6,0.19999999999999574,4.3999999999999915,0,0,0,1.0,-0.8660254037844385,-0.5000000000000004,29.44,0.4322
REC_03430,Hyderabad,Telangana,17.385,78.4867,semi_arid,2023-08-08,2023-08-11,3,16.1,15.0,22.2,20.6,87.1,78.7,1008.0,15.7,0.3,1,8,1.1000000000000014,1.5999999999999979,8.399999999999991,0,0,0,9.0,-0.8660254037844385,-0.5000000000000004,14.0231,0.2949
REC_02922,Bengaluru,Karnataka,12.9716,77.5946,plateau_temperate,2023-08-08,2023-08-14,6,5.1,0.8,35.0,33.5,94.9,95.9,1011.3,0.0,29.7,1,8,4.3,1.5,1.0,0,0,0,36.0,-0.8660254037844385,-0.5000000000000004,4.8399,0.3025
REC_03367,Bengaluru,Karnataka,12.9716,77.5946,plateau_temperate,2023-08-08,2023-08-18,10,1.6,46.7,26.4,30.3,95.4,100.0,1002.7,0.0,14.3,1,8,45.1,3.900000000000002,4.599999999999994,1,1,1,100.0,-0.8660254037844385,-0.5000000000000004,1.5264000000000002,0.3014
REC_00534,Delhi,NCR,28.6139,77.209,continental_subtropical,2023-08-09,2023-08-11,2,0.8,0.0,32.8,32.3,82.1,85.6,1009.9,2.0,1.2,1,8,0.8,0.5,3.5,0,0,0,4.0,-0.8660254037844385,-0.5000000000000004,0.6567999999999999,0.2425
REC_01327,Delhi,NCR,28.6139,77.209,continental_subtropical,2023-08-09,2023-08-11,2,17.0,40.5,30.8,29.7,73.4,69.9,1009.7,22.3,5.2,1,8,23.5,1.1000000000000014,3.5,0,0,0,4.0,-0.8660254037844385,-0.5000000000000004,12.478000000000002,0.2416
REC_01495,Bengaluru,Karnataka,12.9716,77.5946,plateau_temperate,2023-08-09,2023-08-13,4,13.9,47.7,28.3,27.2,93.0,79.7,1013.5,13.0,0.9,1,8,33.800000000000004,1.1000000000000014,13.299999999999997,1,0,1,16.0,-0.8660254037844385,-0.5000000000000004,12.927,0.3039
REC_03202,Delhi,NCR,28.6139,77.209,continental_subtropical,2023-08-09,2023-08-15,6,31.6,0.0,25.4,27.6,76.7,71.6,1002.4,63.3,31.8,1,8,31.6,2.200000000000003,5.1000000000000085,1,0,1,36.0,-0.8660254037844385,-0.5000000000000004,24.2372,0.2407
REC_02129,Delhi,NCR,28.6139,77.209,continental_subtropical,2023-08-09,2023-08-16,7,41.5,33.9,28.9,30.0,79.7,99.4,1013.4,19.3,22.2,1,8,7.600000000000001,1.1000000000000014,19.700000000000003,0,0,0,49.0,-0.8660254037844385,-0.5000000000000004,33.075500000000005,0.2435
REC_00706,Mumbai,Maharashtra,19.076,72.8777,coastal_heavy_monsoon,2023-08-09,2023-08-18,9,1.1,21.1,30.9,27.1,83.3,50.9,1002.5,16.3,15.1,1,8,20.0,3.799999999999997,32.4,0,1,1,81.0,-0.8660254037844385,-0.5000000000000004,0.9163000000000001,0.3953
REC_02728,Bengaluru,Karnataka,12.9716,77.5946,plateau_temperate,2023-08-10,2023-08-17,7,0.9,0.0,28.4,33.5,79.3,76.1,1002.9,54.0,53.1,1,8,0.9,5.100000000000001,3.200000000000003,0,1,1,49.0,-0.8660254037844385,-0.5000000000000004,0.7137,0.3063
REC_03172,Delhi,NCR,28.6139,77.209,continental_subtropical,2023-08-10,2023-08-13,3,45.1,39.4,26.4,26.0,89.6,89.6,1010.5,51.6,6.5,1,8,5.700000000000003,0.3999999999999986,0.0,0,0,0,9.0,-0.8660254037844385,-0.5000000000000004,40.4096,0.2426
REC_02173,Krishna District,Andhra Pradesh,16.5062,80.648,coastal_humid,2023-08-10,2023-08-12,2,4.2,2.6,33.3,33.6,94.6,91.8,1007.5,10.7,6.6,1,8,1.6,0.30000000000000426,2.799999999999997,0,0,0,4.0,-0.8660254037844385,-0.5000000000000004,3.9732,0.3984
REC_00263,Visakhapatnam,Andhra Pradesh,17.6868,83.2185,coastal_cyclonic,2023-08-10,2023-08-12,2,51.2,72.4,26.4,25.9,91.0,95.5,1006.9,54.6,3.4,1,8,21.200000000000003,0.5,4.5,0,0,0,4.0,-0.8660254037844385,-0.5000000000000004,46.592,0.4307
REC_03146,Krishna District,Andhra Pradesh,16.5062,80.648,coastal_humid,2023-08-11,2023-08-15,4,5.5,6.2,29.9,26.8,75.7,74.8,1006.8,7.3,1.8,1,8,0.7000000000000002,3.099999999999998,0.9000000000000057,0,0,0,16.0,-0.8660254037844385,-0.5000000000000004,4.1635,0.3969
REC_02062,Hyderabad,Telangana,17.385,78.4867,semi_arid,2023-08-11,2023-08-16,5,15.8,45.5,31.0,34.1,88.6,100.0,1008.1,0.0,19.5,1,8,29.7,3.1000000000000014,11.400000000000006,1,0,1,25.0,-0.8660254037844385,-0.5000000000000004,13.9988,0.2939
REC_02703,Hyderabad,Telangana,17.385,78.4867,semi_arid,2023-08-11,2023-08-19,8,8.6,0.0,30.4,30.3,77.5,91.9,1012.1,13.9,5.3,1,8,8.6,0.09999999999999787,14.400000000000006,0,0,0,64.0,-0.8660254037844385,-0.5000000000000004,6.665,0.2963
REC_03301,Mumbai,Maharashtra,19.076,72.8777,coastal_heavy_monsoon,2023-08-11,2023-08-20,9,73.6,0.0,27.9,27.4,77.6,67.5,1009.9,123.8,50.2,1,8,73.6,0.5,10.099999999999994,1,0,1,81.0,-0.8660254037844385,-0.5000000000000004,57.11359999999999,0.3976
REC_03088,Mumbai,Maharashtra,19.076,72.8777,coastal_heavy_monsoon,2023-08-12,2023-08-13,1,0.9,5.2,28.8,28.6,94.1,94.4,1010.3,0.0,1.4,1,8,4.3,0.1999999999999993,0.30000000000001137,0,0,0,1.0,-0.8660254037844385,-0.5000000000000004,0.8469,0.4
REC_02951,Bengaluru,Karnataka,12.9716,77.5946,plateau_temperate,2023-08-12,2023-08-15,3,12.4,5.4,29.3,25.7,86.4,86.4,1008.3,21.6,9.3,1,8,7.0,3.6000000000000014,0.0,0,1,1,9.0,-0.8660254037844385,-0.5000000000000004,10.713600000000001,0.3088
REC_02397,Mumbai,Maharashtra,19.076,72.8777,coastal_heavy_monsoon,2023-08-12,2023-08-17,5,17.0,0.0,34.6,36.2,86.6,77.0,1010.5,24.2,7.2,1,8,17.0,1.6000000000000014,9.599999999999994,0,0,0,25.0,-0.8660254037844385,-0.5000000000000004,14.721999999999998,0.3984
REC_03163,Visakhapatnam,Andhra Pradesh,17.6868,83.2185,coastal_cyclonic,2023-08-12,2023-08-19,7,26.4,67.8,32.8,36.6,81.8,79.2,1007.7,5.3,21.1,1,8,41.4,3.8000000000000043,2.5999999999999943,1,1,1,49.0,-0.8660254037844385,-0.5000000000000004,21.5952,0.4291
REC_00034,Mumbai,Maharashtra,19.076,72.8777,coastal_heavy_monsoon,2023-08-13,2023-08-23,10,8.0,40.3,34.5,30.9,92.1,91.3,1005.2,0.0,15.9,1,8,32.3,3.6000000000000014,0.7999999999999972,1,1,1,100.0,-0.8660254037844385,-0.5000000000000004,7.367999999999999,0.3969
REC_03303,Bengaluru,Karnataka,12.9716,77.5946,plateau_temperate,2023-08-13,2023-08-19,6,12.7,34.3,28.5,33.0,82.3,89.7,1006.6,21.6,8.9,1,8,21.599999999999998,4.5,7.400000000000006,0,1,1,36.0,-0.8660254037844385,-0.5000000000000004,10.452099999999998,0.3112
REC_02898,Hyderabad,Telangana,17.385,78.4867,semi_arid,2023-08-13,2023-08-21,8,23.0,99.7,27.3,31.3,68.4,60.1,996.5,46.5,23.5,1,8,76.7,4.0,8.300000000000004,1,1,1,64.0,-0.8660254037844385,-0.5000000000000004,15.732000000000001,0.2953
REC_01182,Bengaluru,Karnataka,12.9716,77.5946,plateau_temperate,2023-08-14,2023-08-22,8,93.6,183.7,29.4,27.4,70.4,84.3,1004.3,61.0,32.6,1,8,90.1,2.0,13.899999999999991,1,0,1,64.0,-0.8660254037844385,-0.5000000000000004,65.8944,0.3136
REC_02885,Mumbai,Maharashtra,19.076,72.8777,coastal_heavy_monsoon,2023-08-14,2023-08-20,6,51.1,105.2,25.9,26.9,91.8,96.9,1007.8,27.3,23.7,1,8,54.1,1.0,5.1000000000000085,1,0,1,36.0,-0.8660254037844385,-0.5000000000000004,46.9098,0.3992
REC_00916,Visakhapatnam,Andhra Pradesh,17.6868,83.2185,coastal_cyclonic,2023-08-14,2023-08-16,2,3.4,0.4,23.0,24.9,92.5,90.9,1004.2,0.0,4.7,1,8,3.0,1.8999999999999986,1.5999999999999943,0,0,0,4.0,-0.8660254037844385,-0.5000000000000004,3.145,0.4312
REC_03327,Mumbai,Maharashtra,19.076,72.8777,coastal_heavy_monsoon,2023-08-14,2023-08-17,3,39.1,67.3,28.5,29.6,82.4,82.9,1011.6,33.5,5.6,1,8,28.199999999999996,1.1000000000000014,0.5,1,0,1,9.0,-0.8660254037844385,-0.5000000000000004,32.2184,0.4015
REC_03375,Hyderabad,Telangana,17.385,78.4867,semi_arid,2023-08-14,2023-08-17,3,16.1,0.0,28.0,28.1,89.9,91.6,1015.2,21.8,5.8,1,8,16.1,0.10000000000000142,1.6999999999999886,0,0,0,9.0,-0.8660254037844385,-0.5000000000000004,14.473900000000004,0.2977
REC_01635,Delhi,NCR,28.6139,77.209,continental_subtropical,2023-08-15,2023-08-21,6,48.1,0.0,29.0,29.9,74.4,77.8,1000.7,62.0,14.0,1,8,48.1,0.8999999999999986,3.3999999999999915,1,0,1,36.0,-0.8660254037844385,-0.5000000000000004,35.7864,0.2418
REC_00394,Mumbai,Maharashtra,19.076,72.8777,coastal_heavy_monsoon,2023-08-15,2023-08-17,2,36.8,75.1,24.3,24.5,83.8,91.0,1010.8,42.4,5.6,1,8,38.3,0.1999999999999993,7.200000000000003,1,0,1,4.0,-0.8660254037844385,-0.5000000000000004,30.838399999999996,0.4038
REC_02222,Krishna District,Andhra Pradesh,16.5062,80.648,coastal_humid,2023-08-15,2023-08-17,2,13.3,24.3,36.0,36.5,87.7,89.3,1003.8,17.7,4.3,1,8,11.0,0.5,1.5999999999999943,0,0,0,4.0,-0.8660254037844385,-0.5000000000000004,11.664100000000001,0.3953
REC_00116,Visakhapatnam,Andhra Pradesh,17.6868,83.2185,coastal_cyclonic,2023-08-15,2023-08-18,3,47.7,49.4,30.5,28.5,82.2,86.4,1013.1,46.3,1.4,1,8,1.6999999999999957,2.0,4.200000000000003,0,0,0,9.0,-0.8660254037844385,-0.5000000000000004,39.2094,0.4296
REC_00763,Delhi,NCR,28.6139,77.209,continental_subtropical,2023-08-15,2023-08-18,3,14.3,33.7,28.0,28.0,80.4,85.8,1006.8,17.4,3.0,1,8,19.400000000000002,0.0,5.3999999999999915,0,0,0,9.0,-0.8660254037844385,-0.5000000000000004,11.4972,0.2445
REC_03324,Mumbai,Maharashtra,19.076,72.8777,coastal_heavy_monsoon,2023-08-15,2023-08-19,4,17.2,18.9,27.6,26.0,81.0,94.7,1008.6,11.5,5.7,1,8,1.6999999999999993,1.6000000000000014,13.700000000000003,0,0,0,16.0,-0.8660254037844385,-0.5000000000000004,13.932,0.4061
REC_00396,Visakhapatnam,Andhra Pradesh,17.6868,83.2185,coastal_cyclonic,2023-08-15,2023-08-23,8,13.3,62.3,32.5,26.3,80.5,82.2,1009.2,14.9,1.5,1,8,49.0,6.199999999999999,1.7000000000000028,1,1,1,64.0,-0.8660254037844385,-0.5000000000000004,10.7065,0.4281
REC_00796,Visakhapatnam,Andhra Pradesh,17.6868,83.2185,coastal_cyclonic,2023-08-16,2023-08-24,8,0.2,30.5,24.9,23.6,98.0,99.5,1015.5,31.5,31.2,1,8,30.3,1.2999999999999972,1.5,1,0,1,64.0,-0.8660254037844385,-0.5000000000000004,0.196,0.4301
REC_00069,Delhi,NCR,28.6139,77.209,continental_subtropical,2023-08-16,2023-08-22,6,5.5,0.0,29.8,31.8,60.1,49.6,1006.2,11.1,5.7,1,8,5.5,2.0,10.5,0,0,0,36.0,-0.8660254037844385,-0.5000000000000004,3.3055000000000003,0.2436
REC_02227,Bengaluru,Karnataka,12.9716,77.5946,plateau_temperate,2023-08-16,2023-08-19,3,1.2,0.0,27.2,25.6,80.6,80.1,1016.6,0.0,2.3,1,8,1.2,1.5999999999999979,0.5,0,0,0,9.0,-0.8660254037844385,-0.5000000000000004,0.9671999999999998,0.316
REC_00141,Hyderabad,Telangana,17.385,78.4867,semi_arid,2023-08-16,2023-08-18,2,0.6,0.0,28.6,28.6,73.7,74.3,1007.2,0.0,2.0,1,8,0.6,0.0,0.5999999999999943,0,0,0,4.0,-0.8660254037844385,-0.5000000000000004,0.4422,0.2967
REC_00402,Krishna District,Andhra Pradesh,16.5062,80.648,coastal_humid,2023-08-17,2023-08-19,2,43.3,81.5,29.1,29.1,81.3,83.2,1007.8,51.0,7.7,1,8,38.2,0.0,1.9000000000000057,1,0,1,4.0,-0.8660254037844385,-0.5000000000000004,35.20289999999999,0.3938
REC_01500,Mumbai,Maharashtra,19.076,72.8777,coastal_heavy_monsoon,2023-08-17,2023-08-24,7,15.2,0.0,28.3,29.8,79.1,93.2,1002.8,0.0,32.4,1,8,15.2,1.5,14.100000000000009,0,0,0,49.0,-0.8660254037844385,-0.5000000000000004,12.0232,0.4046
REC_02611,Hyderabad,Telangana,17.385,78.4867,semi_arid,2023-08-17,2023-08-24,7,4.9,10.9,26.7,21.6,79.0,76.6,1008.9,5.8,0.8,1,8,6.0,5.099999999999998,2.4000000000000057,0,1,1,49.0,-0.8660254037844385,-0.5000000000000004,3.8710000000000004,0.2957
REC_02745,Hyderabad,Telangana,17.385,78.4867,semi_arid,2023-08-17,2023-08-25,8,1.0,10.4,28.9,32.1,78.7,80.9,1006.0,0.0,11.7,1,8,9.4,3.200000000000003,2.200000000000003,0,0,0,64.0,-0.8660254037844385,-0.5000000000000004,0.787,0.298
REC_01878,Visakhapatnam,Andhra Pradesh,17.6868,83.2185,coastal_cyclonic,2023-08-17,2023-08-27,10,72.7,0.0,31.5,32.5,73.4,62.6,1011.9,52.6,20.1,1,8,72.7,1.0,10.800000000000004,1,0,1,100.0,-0.8660254037844385,-0.5000000000000004,53.3618,0.4321
REC_01267,Mumbai,Maharashtra,19.076,72.8777,coastal_heavy_monsoon,2023-08-18,2023-08-28,10,6.0,73.8,27.6,31.1,83.3,69.9,1004.6,22.2,16.2,1,8,67.8,3.5,13.399999999999991,1,1,1,100.0,-0.8660254037844385,-0.5000000000000004,4.997999999999999,0.403
REC_00571,Visakhapatnam,Andhra Pradesh,17.6868,83.2185,coastal_cyclonic,2023-08-18,2023-08-27,9,5.7,0.0,29.4,32.9,77.0,91.0,1008.4,24.3,18.6,1,8,5.7,3.5,14.0,0,1,1,81.0,-0.8660254037844385,-0.5000000000000004,4.389,0.4342
REC_03483,Krishna District,Andhra Pradesh,16.5062,80.648,coastal_humid,2023-08-18,2023-08-26,8,4.7,3.3,21.4,22.5,77.9,85.1,1004.1,6.3,1.5,1,8,1.4000000000000004,1.1000000000000014,7.199999999999989,0,0,0,64.0,-0.8660254037844385,-0.5000000000000004,3.6613000000000007,0.3962
REC_02259,Hyderabad,Telangana,17.385,78.4867,semi_arid,2023-08-18,2023-08-27,9,52.8,103.0,26.5,28.4,89.8,69.5,1000.6,92.9,40.1,1,8,50.2,1.8999999999999986,20.299999999999997,1,0,1,81.0,-0.8660254037844385,-0.5000000000000004,47.41439999999999,0.297
REC_01334,Bengaluru,Karnataka,12.9716,77.5946,plateau_temperate,2023-08-18,2023-08-24,6,34.8,88.1,32.9,30.6,90.5,95.1,1009.6,34.5,0.2,1,8,53.3,2.299999999999997,4.599999999999994,1,0,1,36.0,-0.8660254037844385,-0.5000000000000004,31.493999999999996,0.3149
REC_02355,Mumbai,Maharashtra,19.076,72.8777,coastal_heavy_monsoon,2023-08-18,2023-08-21,3,4.7,12.6,26.5,26.7,82.6,82.6,1009.8,0.0,10.9,1,8,7.8999999999999995,0.1999999999999993,0.0,0,0,0,9.0,-0.8660254037844385,-0.5000000000000004,3.8821999999999997,0.4053
REC_01015,Mumbai,Maharashtra,19.076,72.8777,coastal_heavy_monsoon,2023-08-18,2023-08-25,7,84.2,0.0,24.8,26.5,92.4,90.2,1001.6,64.2,20.0,1,8,84.2,1.6999999999999993,2.200000000000003,1,0,1,49.0,-0.8660254037844385,-0.5000000000000004,77.80080000000001,0.4038
REC_02476,Visakhapatnam,Andhra Pradesh,17.6868,83.2185,coastal_cyclonic,2023-08-19,2023-08-20,1,44.4,63.5,32.1,31.6,95.5,95.4,1004.0,46.8,2.4,1,8,19.1,0.5,0.09999999999999432,0,0,0,1.0,-0.8660254037844385,-0.5000000000000004,42.402,0.4362
REC_00954,Krishna District,Andhra Pradesh,16.5062,80.648,coastal_humid,2023-08-19,2023-08-21,2,58.6,1.2,22.3,23.1,80.2,76.2,1009.6,48.4,10.1,1,8,57.4,0.8000000000000007,4.0,1,0,1,4.0,-0.8660254037844385,-0.5000000000000004,46.9972,0.3946
REC_01071,Mumbai,Maharashtra,19.076,72.8777,coastal_heavy_monsoon,2023-08-19,2023-08-22,3,73.9,111.0,34.3,33.9,91.8,89.9,1006.1,67.8,6.1,1,8,37.099999999999994,0.3999999999999986,1.8999999999999915,1,0,1,9.0,-0.8660254037844385,-0.5000000000000004,67.84020000000001,0.406
REC_00136,Mumbai,Maharashtra,19.076,72.8777,coastal_heavy_monsoon,2023-08-19,2023-08-25,6,19.0,0.0,28.1,31.0,86.3,70.3,1006.5,4.7,14.3,1,8,19.0,2.8999999999999986,16.0,0,0,0,36.0,-0.8660254037844385,-0.5000000000000004,16.397000000000002,0.4082
REC_02409,Krishna District,Andhra Pradesh,16.5062,80.648,coastal_humid,2023-08-19,2023-08-28,9,47.3,176.3,34.6,29.0,75.9,87.6,1004.0,68.1,20.8,1,8,129.0,5.600000000000001,11.699999999999989,1,1,1,81.0,-0.8660254037844385,-0.5000000000000004,35.9007,0.3969
REC_02908,Krishna District,Andhra Pradesh,16.5062,80.648,coastal_humid,2023-08-20,2023-08-21,1,16.8,1.8,32.2,33.2,88.0,84.2,1007.2,16.0,0.8,1,8,15.0,1.0,3.799999999999997,0,0,0,1.0,-0.8660254037844385,-0.5000000000000004,14.784,0.3992
REC_00215,Bengaluru,Karnataka,12.9716,77.5946,plateau_temperate,2023-08-21,2023-08-31,10,9.5,0.0,27.5,25.9,89.9,80.7,1010.2,39.7,30.2,1,8,9.5,1.6000000000000014,9.200000000000003,0,0,0,100.0,-0.8660254037844385,-0.5000000000000004,8.540500000000002,0.3172
REC_02144,Mumbai,Maharashtra,19.076,72.8777,coastal_heavy_monsoon,2023-08-21,2023-08-26,5,52.3,140.8,33.6,33.1,86.1,82.9,1007.0,61.5,9.2,1,8,88.50000000000001,0.5,3.1999999999999886,1,0,1,25.0,-0.8660254037844385,-0.5000000000000004,45.0303,0.4067
REC_00184,Hyderabad,Telangana,17.385,78.4867,semi_arid,2023-08-21,2023-08-29,8,23.7,80.0,31.7,33.3,80.7,89.2,1009.1,30.4,6.7,1,8,56.3,1.5999999999999979,8.5,1,0,1,64.0,-0.8660254037844385,-0.5000000000000004,19.125899999999998,0.2993
REC_00137,Hyderabad,Telangana,17.385,78.4867,semi_arid,2023-08-21,2023-08-31,10,2.5,35.9,30.1,27.4,81.3,59.5,1011.2,47.2,44.7,1,8,33.4,2.700000000000003,21.799999999999997,1,0,1,100.0,-0.8660254037844385,-0.5000000000000004,2.0325,0.3016
REC_03285,Delhi,NCR,28.6139,77.209,continental_subtropical,2023-08-22,2023-08-28,6,16.7,1.2,27.9,30.6,82.3,74.3,1005.0,5.6,11.1,1,8,15.5,2.700000000000003,8.0,0,0,0,36.0,-0.8660254037844385,-0.5000000000000004,13.744099999999998,0.2428
REC_01551,Mumbai,Maharashtra,19.076,72.8777,coastal_heavy_monsoon,2023-08-22,2023-08-29,7,7.4,0.0,28.3,25.4,68.8,70.2,1005.8,0.0,19.3,1,8,7.4,2.900000000000002,1.4000000000000057,0,0,0,49.0,-0.8660254037844385,-0.5000000000000004,5.0912,0.4089
REC_02545,Hyderabad,Telangana,17.385,78.4867,semi_arid,2023-08-22,2023-08-25,3,17.2,0.0,26.5,26.8,80.5,84.5,1005.4,27.3,10.1,1,8,17.2,0.3000000000000007,4.0,0,0,0,9.0,-0.8660254037844385,-0.5000000000000004,13.845999999999998,0.3039
REC_03117,Visakhapatnam,Andhra Pradesh,17.6868,83.2185,coastal_cyclonic,2023-08-23,2023-09-01,9,31.6,63.7,30.6,29.8,94.4,93.8,1008.3,87.7,56.1,1,9,32.1,0.8000000000000007,0.6000000000000085,1,0,1,81.0,-1.0,-1.8369701987210297e-16,29.830400000000004,0.4346
REC_02202,Bengaluru,Karnataka,12.9716,77.5946,plateau_temperate,2023-08-23,2023-09-01,9,1.7,22.2,29.8,26.5,71.3,70.4,1007.5,0.0,51.2,1,9,20.5,3.3000000000000007,0.8999999999999915,0,0,0,81.0,-1.0,-1.8369701987210297e-16,1.2121,0.3162
REC_00844,Krishna District,Andhra Pradesh,16.5062,80.648,coastal_humid,2023-08-23,2023-08-31,8,17.7,72.1,29.7,27.7,98.0,86.3,1006.1,13.4,4.3,1,8,54.39999999999999,2.0,11.700000000000003,1,0,1,64.0,-0.8660254037844385,-0.5000000000000004,17.346,0.3977
REC_00270,Bengaluru,Karnataka,12.9716,77.5946,plateau_temperate,2023-08-23,2023-08-25,2,4.7,0.0,28.6,29.4,77.6,75.4,1007.3,4.6,0.2,1,8,4.7,0.7999999999999972,2.1999999999999886,0,0,0,4.0,-0.8660254037844385,-0.5000000000000004,3.6471999999999998,0.3151
REC_01980,Delhi,NCR,28.6139,77.209,continental_subtropical,2023-08-23,2023-08-27,4,2.0,0.0,30.1,27.3,70.8,90.3,1006.1,0.0,4.7,1,8,2.0,2.8000000000000007,19.5,0,0,0,16.0,-0.8660254037844385,-0.5000000000000004,1.416,0.2419
REC_00822,Visakhapatnam,Andhra Pradesh,17.6868,83.2185,coastal_cyclonic,2023-08-23,2023-08-28,5,0.0,14.8,31.8,31.6,79.1,81.5,1010.0,0.0,7.6,1,8,14.8,0.1999999999999993,2.4000000000000057,0,0,0,25.0,-0.8660254037844385,-0.5000000000000004,0.0,0.4366
REC_01564,Delhi,NCR,28.6139,77.209,continental_subtropical,2023-08-23,2023-08-24,1,21.1,20.2,26.3,26.2,84.5,82.7,1010.2,22.6,1.5,1,8,0.9000000000000021,0.10000000000000142,1.7999999999999972,0,0,0,1.0,-0.8660254037844385,-0.5000000000000004,17.8295,0.241
REC_00885,Krishna District,Andhra Pradesh,16.5062,80.648,coastal_humid,2023-08-24,2023-08-26,2,12.3,0.0,26.5,25.5,77.6,77.4,1004.6,8.6,3.7,1,8,12.3,1.0,0.19999999999998863,0,0,0,4.0,-0.8660254037844385,-0.5000000000000004,9.5448,0.4
REC_00713,Bengaluru,Karnataka,12.9716,77.5946,plateau_temperate,2023-08-24,2023-08-28,4,18.3,0.0,32.2,26.5,81.7,83.1,1011.1,17.8,0.5,1,8,18.3,5.700000000000003,1.3999999999999915,0,1,1,16.0,-0.8660254037844385,-0.5000000000000004,14.951100000000002,0.314
REC_03021,Visakhapatnam,Andhra Pradesh,17.6868,83.2185,coastal_cyclonic,2023-08-24,2023-08-30,6,9.3,37.9,30.6,28.9,73.9,75.7,1015.3,0.0,18.3,1,8,28.599999999999998,1.7000000000000028,1.7999999999999972,1,0,1,36.0,-0.8660254037844385,-0.5000000000000004,6.872700000000001,0.4351
REC_03059,Krishna District,Andhra Pradesh,16.5062,80.648,coastal_humid,2023-08-24,2023-09-01,8,12.0,61.2,27.5,26.7,87.6,78.1,1001.6,0.0,24.2,1,9,49.2,0.8000000000000007,9.5,1,0,1,64.0,-1.0,-1.8369701987210297e-16,10.511999999999999,0.3985
REC_02292,Hyderabad,Telangana,17.385,78.4867,semi_arid,2023-08-25,2023-09-01,7,8.0,26.1,28.2,19.7,64.4,64.1,1003.7,13.1,5.1,1,9,18.1,8.5,0.30000000000001137,0,1,1,49.0,-1.0,-1.8369701987210297e-16,5.152,0.3029
REC_00171,Hyderabad,Telangana,17.385,78.4867,semi_arid,2023-08-25,2023-08-27,2,0.8,2.6,27.3,26.6,78.7,78.8,1006.5,4.0,3.1,1,8,1.8,0.6999999999999993,0.09999999999999432,0,0,0,4.0,-0.8660254037844385,-0.5000000000000004,0.6296,0.3052
REC_02668,Hyderabad,Telangana,17.385,78.4867,semi_arid,2023-08-25,2023-08-29,4,13.7,0.0,27.4,27.1,80.0,79.9,1005.4,10.2,3.5,1,8,13.7,0.29999999999999716,0.09999999999999432,0,0,0,16.0,-0.8660254037844385,-0.5000000000000004,10.96,0.3042
REC_00812,Hyderabad,Telangana,17.385,78.4867,semi_arid,2023-08-25,2023-08-31,6,25.8,0.0,31.9,30.6,78.9,84.6,1013.2,34.9,9.1,1,8,25.8,1.2999999999999972,5.699999999999989,1,0,1,36.0,-0.8660254037844385,-0.5000000000000004,20.3562,0.3032
REC_01740,Hyderabad,Telangana,17.385,78.4867,semi_arid,2023-08-25,2023-09-01,7,42.9,0.0,27.6,34.6,82.6,84.0,1004.7,66.8,23.8,1,9,42.9,7.0,1.4000000000000057,1,1,1,49.0,-1.0,-1.8369701987210297e-16,35.435399999999994,0.3055
REC_00881,Delhi,NCR,28.6139,77.209,continental_subtropical,2023-08-26,2023-09-04,9,46.1,0.0,26.6,30.0,98.0,87.9,1011.0,42.1,4.0,1,9,46.1,3.3999999999999986,10.099999999999994,1,0,1,81.0,-1.0,-1.8369701987210297e-16,45.178000000000004,0.2401
REC_01235,Bengaluru,Karnataka,12.9716,77.5946,plateau_temperate,2023-08-26,2023-08-27,1,1.0,2.2,23.5,23.5,90.0,88.6,1010.4,3.4,2.4,1,8,1.2000000000000002,0.0,1.4000000000000057,0,0,0,1.0,-0.8660254037844385,-0.5000000000000004,0.9,0.3163
REC_02820,Visakhapatnam,Andhra Pradesh,17.6868,83.2185,coastal_cyclonic,2023-08-27,2023-08-28,1,8.9,22.8,23.9,22.9,71.0,70.6,1006.6,10.8,1.9,1,8,13.9,1.0,0.4000000000000057,0,0,0,1.0,-0.8660254037844385,-0.5000000000000004,6.319,0.4371
REC_01121,Visakhapatnam,Andhra Pradesh,17.6868,83.2185,coastal_cyclonic,2023-08-27,2023-08-31,4,14.6,33.8,30.1,31.6,75.0,75.8,1012.4,33.0,18.4,1,8,19.199999999999996,1.5,0.7999999999999972,0,0,0,16.0,-0.8660254037844385,-0.5000000000000004,10.95,0.4355
REC_00648,Hyderabad,Telangana,17.385,78.4867,semi_arid,2023-08-27,2023-09-01,5,19.0,0.0,35.2,37.0,86.0,94.6,1001.2,21.5,2.5,1,9,19.0,1.7999999999999972,8.599999999999994,0,0,0,25.0,-1.0,-1.8369701987210297e-16,16.34,0.3077
REC_01544,Krishna District,Andhra Pradesh,16.5062,80.648,coastal_humid,2023-08-27,2023-09-01,5,75.0,196.4,26.8,28.4,84.8,91.3,1006.7,67.7,7.2,1,9,121.4,1.5999999999999979,6.5,1,0,1,25.0,-1.0,-1.8369701987210297e-16,63.6,0.4007
REC_00332,Krishna District,Andhra Pradesh,16.5062,80.648,coastal_humid,2023-08-27,2023-09-02,6,45.6,0.0,27.0,25.4,67.0,65.3,1010.5,57.3,11.7,1,9,45.6,1.6000000000000014,1.7000000000000028,1,0,1,36.0,-1.0,-1.8369701987210297e-16,30.552000000000003,0.403
REC_02485,Delhi,NCR,28.6139,77.209,continental_subtropical,2023-08-27,2023-09-02,6,6.8,33.2,28.2,27.9,77.4,72.8,1002.6,7.0,0.2,1,9,26.400000000000002,0.3000000000000007,4.6000000000000085,1,0,1,36.0,-1.0,-1.8369701987210297e-16,5.2632,0.2429
REC_00112,Delhi,NCR,28.6139,77.209,continental_subtropical,2023-08-27,2023-09-05,9,11.2,0.0,32.3,32.1,80.6,100.0,1004.8,54.4,43.2,1,9,11.2,0.19999999999999574,19.400000000000006,0,0,0,81.0,-1.0,-1.8369701987210297e-16,9.027199999999999,0.2456
REC_00424,Hyderabad,Telangana,17.385,78.4867,semi_arid,2023-08-28,2023-09-04,7,10.6,0.0,29.8,34.6,92.2,82.4,1009.4,37.9,27.3,1,9,10.6,4.800000000000001,9.799999999999997,0,1,1,49.0,-1.0,-1.8369701987210297e-16,9.773200000000001,0.3067
REC_00076,Krishna District,Andhra Pradesh,16.5062,80.648,coastal_humid,2023-08-28,2023-09-06,9,11.4,163.2,30.7,31.4,84.7,87.9,1006.3,0.0,19.8,1,9,151.79999999999998,0.6999999999999993,3.200000000000003,1,0,1,81.0,-1.0,-1.8369701987210297e-16,9.655800000000001,0.4052
REC_01202,Bengaluru,Karnataka,12.9716,77.5946,plateau_temperate,2023-08-29,2023-09-05,7,13.7,0.0,26.0,21.7,79.4,78.9,1013.3,0.0,22.0,1,9,13.7,4.300000000000001,0.5,0,1,1,49.0,-1.0,-1.8369701987210297e-16,10.8778,0.3153
REC_02316,Delhi,NCR,28.6139,77.209,continental_subtropical,2023-08-29,2023-09-01,3,10.2,7.5,26.5,27.4,78.5,77.9,1009.0,6.9,3.2,1,9,2.6999999999999993,0.8999999999999986,0.5999999999999943,0,0,0,9.0,-1.0,-1.8369701987210297e-16,8.007,0.2447
REC_00794,Hyderabad,Telangana,17.385,78.4867,semi_arid,2023-08-30,2023-09-05,6,13.3,0.0,28.6,26.9,81.8,90.6,1013.1,0.0,20.0,1,9,13.3,1.7000000000000028,8.799999999999997,0,0,0,36.0,-1.0,-1.8369701987210297e-16,10.8794,0.3089
REC_02961,Delhi,NCR,28.6139,77.209,continental_subtropical,2023-08-30,2023-09-05,6,15.2,0.0,25.3,24.0,69.3,78.5,1012.0,34.4,19.3,1,9,15.2,1.3000000000000007,9.200000000000003,0,0,0,36.0,-1.0,-1.8369701987210297e-16,10.5336,0.2438
REC_00692,Mumbai,Maharashtra,19.076,72.8777,coastal_heavy_monsoon,2023-08-31,2023-09-01,1,14.5,0.4,25.8,24.8,88.7,81.8,1008.1,12.1,2.4,1,9,14.1,1.0,6.900000000000006,0,0,0,1.0,-1.0,-1.8369701987210297e-16,12.861500000000001,0.4074
REC_00167,Mumbai,Maharashtra,19.076,72.8777,coastal_heavy_monsoon,2023-08-31,2023-09-03,3,43.7,9.3,27.5,29.4,80.1,80.4,1003.2,46.4,2.7,1,9,34.400000000000006,1.8999999999999986,0.30000000000001137,1,0,1,9.0,-1.0,-1.8369701987210297e-16,35.0037,0.4059
REC_01361,Bengaluru,Karnataka,12.9716,77.5946,plateau_temperate,2023-08-31,2023-09-06,6,8.9,11.9,26.9,26.5,96.3,96.5,1009.6,0.0,14.2,1,9,3.0,0.3999999999999986,0.20000000000000284,0,0,0,36.0,-1.0,-1.8369701987210297e-16,8.5707,0.3176
REC_02389,Bengaluru,Karnataka,12.9716,77.5946,plateau_temperate,2023-08-31,2023-09-07,7,27.4,11.9,30.0,25.8,80.8,80.8,1009.4,31.6,4.2,1,9,15.499999999999998,4.199999999999999,0.0,0,1,1,49.0,-1.0,-1.8369701987210297e-16,22.139199999999995,0.3165
REC_02127,Hyderabad,Telangana,17.385,78.4867,semi_arid,2023-08-31,2023-09-09,9,0.1,50.0,28.3,34.5,73.0,74.0,1005.5,0.0,27.5,1,9,49.9,6.199999999999999,1.0,1,1,1,81.0,-1.0,-1.8369701987210297e-16,0.07300000000000001,0.3079
REC_01871,Mumbai,Maharashtra,19.076,72.8777,coastal_heavy_monsoon,2023-09-01,2023-09-05,4,7.3,3.9,29.3,26.6,70.9,79.3,1006.8,6.0,1.2,1,9,3.4,2.6999999999999993,8.399999999999991,0,0,0,16.0,-1.0,-1.8369701987210297e-16,5.175700000000001,0.4081
REC_01916,Delhi,NCR,28.6139,77.209,continental_subtropical,2023-09-01,2023-09-07,6,29.8,41.3,33.1,32.4,92.8,84.4,1011.7,25.9,3.9,1,9,11.499999999999996,0.7000000000000028,8.399999999999991,0,0,0,36.0,-1.0,-1.8369701987210297e-16,27.6544,0.243
REC_00226,Bengaluru,Karnataka,12.9716,77.5946,plateau_temperate,2023-09-02,2023-09-03,1,12.9,24.4,27.9,29.2,80.9,83.3,1011.8,10.0,2.9,1,9,11.499999999999998,1.3000000000000007,2.3999999999999915,0,0,0,1.0,-1.0,-1.8369701987210297e-16,10.436100000000001,0.3188
REC_03243,Hyderabad,Telangana,17.385,78.4867,semi_arid,2023-09-02,2023-09-05,3,1.1,2.1,24.7,23.4,79.0,86.2,1002.7,6.9,5.8,1,9,1.0,1.3000000000000007,7.200000000000003,0,0,0,9.0,-1.0,-1.8369701987210297e-16,0.8690000000000001,0.3101
REC_01404,Visakhapatnam,Andhra Pradesh,17.6868,83.2185,coastal_cyclonic,2023-09-03,2023-09-13,10,74.9,120.6,31.4,34.4,96.6,88.4,1010.0,109.7,34.8,1,9,45.69999999999999,3.0,8.199999999999989,1,0,1,100.0,-1.0,-1.8369701987210297e-16,72.35340000000001,0.434
REC_00826,Krishna District,Andhra Pradesh,16.5062,80.648,coastal_humid,2023-09-03,2023-09-13,10,12.6,0.0,27.9,29.9,83.1,90.5,1006.7,61.0,48.3,1,9,12.6,2.0,7.400000000000006,0,0,0,100.0,-1.0,-1.8369701987210297e-16,10.4706,0.4074
REC_00702,Bengaluru,Karnataka,12.9716,77.5946,plateau_temperate,2023-09-03,2023-09-10,7,0.7,0.0,31.5,31.0,94.1,100.0,1009.5,9.1,8.4,1,9,0.7,0.5,5.900000000000006,0,0,0,49.0,-1.0,-1.8369701987210297e-16,0.6587,0.3177
REC_02803,Mumbai,Maharashtra,19.076,72.8777,coastal_heavy_monsoon,2023-09-03,2023-09-10,7,2.6,0.0,27.0,23.6,86.4,80.9,1005.8,34.1,31.6,1,9,2.6,3.3999999999999986,5.5,0,0,0,49.0,-1.0,-1.8369701987210297e-16,2.2464,0.4066
REC_02223,Bengaluru,Karnataka,12.9716,77.5946,plateau_temperate,2023-09-04,2023-09-10,6,35.5,0.0,27.5,23.1,75.1,85.9,1006.7,28.4,7.1,1,9,35.5,4.399999999999999,10.800000000000011,1,1,1,36.0,-1.0,-1.8369701987210297e-16,26.6605,0.3167
REC_00493,Hyderabad,Telangana,17.385,78.4867,semi_arid,2023-09-04,2023-09-13,9,20.9,37.8,32.6,35.7,70.2,54.2,1006.5,31.3,10.4,1,9,16.9,3.1000000000000014,16.0,0,0,0,81.0,-1.0,-1.8369701987210297e-16,14.671800000000001,0.3091
REC_03293,Delhi,NCR,28.6139,77.209,continental_subtropical,2023-09-04,2023-09-14,10,14.7,0.0,28.7,33.3,89.5,95.5,1009.0,0.0,72.8,1,9,14.7,4.599999999999998,6.0,0,1,1,100.0,-1.0,-1.8369701987210297e-16,13.1565,0.2421
REC_00461,Krishna District,Andhra Pradesh,16.5062,80.648,coastal_humid,2023-09-05,2023-09-07,2,7.9,1.4,30.6,30.8,67.3,60.8,1001.8,0.0,8.3,1,9,6.5,0.1999999999999993,6.5,0,0,0,4.0,-1.0,-1.8369701987210297e-16,5.3167,0.4059
REC_00217,Hyderabad,Telangana,17.385,78.4867,semi_arid,2023-09-05,2023-09-09,4,14.1,6.2,30.1,31.1,75.7,72.2,1012.8,26.3,12.2,1,9,7.8999999999999995,1.0,3.5,0,0,0,16.0,-1.0,-1.8369701987210297e-16,10.673700000000002,0.3082
REC_01355,Bengaluru,Karnataka,12.9716,77.5946,plateau_temperate,2023-09-05,2023-09-11,6,1.8,13.6,26.6,27.6,81.4,76.0,1010.2,10.5,8.6,1,9,11.799999999999999,1.0,5.400000000000006,0,0,0,36.0,-1.0,-1.8369701987210297e-16,1.4652,0.3189
REC_01815,Hyderabad,Telangana,17.385,78.4867,semi_arid,2023-09-06,2023-09-11,5,0.7,2.8,27.3,24.3,83.5,81.5,1009.1,0.0,24.9,1,9,2.0999999999999996,3.0,2.0,0,0,0,25.0,-1.0,-1.8369701987210297e-16,0.5844999999999999,0.3072
REC_01178,Krishna District,Andhra Pradesh,16.5062,80.648,coastal_humid,2023-09-06,2023-09-11,5,98.0,138.6,27.0,26.8,80.6,93.5,1007.7,122.9,24.9,1,9,40.599999999999994,0.1999999999999993,12.900000000000006,1,0,1,25.0,-1.0,-1.8369701987210297e-16,78.988,0.4044
REC_02322,Hyderabad,Telangana,17.385,78.4867,semi_arid,2023-09-06,2023-09-14,8,11.7,52.3,28.2,31.9,78.9,62.0,1006.8,0.0,75.8,1,9,40.599999999999994,3.6999999999999993,16.900000000000006,1,1,1,64.0,-1.0,-1.8369701987210297e-16,9.2313,0.3063
REC_00058,Mumbai,Maharashtra,19.076,72.8777,coastal_heavy_monsoon,2023-09-06,2023-09-08,2,109.6,147.2,24.0,24.4,65.5,61.3,1007.6,115.4,5.8,1,9,37.599999999999994,0.3999999999999986,4.200000000000003,1,0,1,4.0,-1.0,-1.8369701987210297e-16,71.788,0.4051
REC_02569,Mumbai,Maharashtra,19.076,72.8777,coastal_heavy_monsoon,2023-09-06,2023-09-07,1,40.0,61.2,33.6,33.7,84.9,82.6,1006.1,39.2,0.7,1,9,21.200000000000003,0.10000000000000142,2.3000000000000114,0,0,0,1.0,-1.0,-1.8369701987210297e-16,33.96,0.4073
REC_01063,Visakhapatnam,Andhra Pradesh,17.6868,83.2185,coastal_cyclonic,2023-09-06,2023-09-08,2,41.1,48.7,29.5,28.4,86.7,87.2,1003.5,44.6,3.5,1,9,7.600000000000001,1.1000000000000014,0.5,0,0,0,4.0,-1.0,-1.8369701987210297e-16,35.633700000000005,0.436
REC_02527,Mumbai,Maharashtra,19.076,72.8777,coastal_heavy_monsoon,2023-09-07,2023-09-13,6,20.1,0.0,33.8,30.0,78.3,63.5,1009.8,50.8,30.7,1,9,20.1,3.799999999999997,14.799999999999997,1,1,1,36.0,-1.0,-1.8369701987210297e-16,15.738300000000002,0.4058
REC_02581,Delhi,NCR,28.6139,77.209,continental_subtropical,2023-09-07,2023-09-12,5,1.3,13.9,31.4,31.6,80.6,71.2,1010.9,0.0,13.2,1,9,12.6,0.20000000000000284,9.399999999999991,0,0,0,25.0,-1.0,-1.8369701987210297e-16,1.0478,0.2448
REC_03390,Krishna District,Andhra Pradesh,16.5062,80.648,coastal_humid,2023-09-07,2023-09-10,3,85.6,29.1,31.6,29.9,71.3,68.6,1008.3,84.8,0.8,1,9,56.49999999999999,1.7000000000000028,2.700000000000003,1,0,1,9.0,-1.0,-1.8369701987210297e-16,61.032799999999995,0.4066
REC_00419,Bengaluru,Karnataka,12.9716,77.5946,plateau_temperate,2023-09-08,2023-09-14,6,22.0,47.2,32.5,29.7,91.3,100.0,1007.5,17.3,4.7,1,9,25.200000000000003,2.8000000000000007,8.700000000000003,1,0,1,36.0,-1.0,-1.8369701987210297e-16,20.086,0.3179
REC_01850,Hyderabad,Telangana,17.385,78.4867,semi_arid,2023-09-08,2023-09-16,8,3.8,0.0,31.1,32.1,75.1,67.2,1003.7,35.5,31.7,1,9,3.8,1.0,7.8999999999999915,0,0,0,64.0,-1.0,-1.8369701987210297e-16,2.8537999999999992,0.3084
REC_01903,Bengaluru,Karnataka,12.9716,77.5946,plateau_temperate,2023-09-08,2023-09-17,9,56.4,0.0,22.5,20.6,74.7,66.4,1005.8,42.3,14.1,1,9,56.4,1.8999999999999986,8.299999999999997,1,0,1,81.0,-1.0,-1.8369701987210297e-16,42.1308,0.3201
REC_02638,Krishna District,Andhra Pradesh,16.5062,80.648,coastal_humid,2023-09-08,2023-09-17,9,12.4,0.0,33.2,32.4,79.7,85.0,1015.7,49.7,37.3,1,9,12.4,0.8000000000000043,5.299999999999997,0,0,0,81.0,-1.0,-1.8369701987210297e-16,9.882800000000001,0.4088
REC_02506,Hyderabad,Telangana,17.385,78.4867,semi_arid,2023-09-09,2023-09-11,2,0.8,0.0,23.5,23.9,82.0,84.1,1009.0,0.6,0.2,1,9,0.8,0.3999999999999986,2.0999999999999943,0,0,0,4.0,-1.0,-1.8369701987210297e-16,0.6560000000000001,0.3075
REC_00902,Hyderabad,Telangana,17.385,78.4867,semi_arid,2023-09-09,2023-09-17,8,25.0,0.0,27.5,29.8,82.0,79.2,1009.6,3.9,21.1,1,9,25.0,2.3000000000000007,2.799999999999997,1,0,1,64.0,-1.0,-1.8369701987210297e-16,20.5,0.3065
REC_00158,Krishna District,Andhra Pradesh,16.5062,80.648,coastal_humid,2023-09-10,2023-09-17,7,13.9,71.2,29.8,34.6,81.3,75.5,1018.3,32.0,18.2,1,9,57.300000000000004,4.800000000000001,5.799999999999997,1,1,1,49.0,-1.0,-1.8369701987210297e-16,11.300699999999999,0.4073
REC_00964,Bengaluru,Karnataka,12.9716,77.5946,plateau_temperate,2023-09-10,2023-09-19,9,2.8,0.0,27.9,34.0,77.9,79.4,1016.5,89.6,86.9,1,9,2.8,6.100000000000001,1.5,0,1,1,81.0,-1.0,-1.8369701987210297e-16,2.1812,0.3224
REC_03121,Mumbai,Maharashtra,19.076,72.8777,coastal_heavy_monsoon,2023-09-10,2023-09-19,9,3.0,6.8,32.3,31.2,94.8,75.0,1009.1,0.0,46.6,1,9,3.8,1.0999999999999979,19.799999999999997,0,0,0,81.0,-1.0,-1.8369701987210297e-16,2.844,0.4079
REC_00295,Visakhapatnam,Andhra Pradesh,17.6868,83.2185,coastal_cyclonic,2023-09-11,2023-09-20,9,85.2,91.2,24.2,20.8,88.3,58.8,1011.9,60.0,25.2,1,9,6.0,3.3999999999999986,29.5,0,0,0,81.0,-1.0,-1.8369701987210297e-16,75.2316,0.4345
REC_02889,Krishna District,Andhra Pradesh,16.5062,80.648,coastal_humid,2023-09-11,2023-09-18,7,26.0,84.1,23.0,21.9,72.9,75.1,1010.0,10.7,15.2,1,9,58.099999999999994,1.1000000000000014,2.1999999999999886,1,0,1,49.0,-1.0,-1.8369701987210297e-16,18.954,0.4094
REC_02677,Hyderabad,Telangana,17.385,78.4867,semi_arid,2023-09-11,2023-09-15,4,3.7,7.3,32.4,28.0,75.4,80.7,1009.6,1.2,2.5,1,9,3.5999999999999996,4.399999999999999,5.299999999999997,0,1,1,16.0,-1.0,-1.8369701987210297e-16,2.7898,0.3086
REC_00616,Mumbai,Maharashtra,19.076,72.8777,coastal_heavy_monsoon,2023-09-11,2023-09-14,3,12.3,2.1,34.5,34.1,86.1,77.1,1007.8,22.8,10.5,1,9,10.200000000000001,0.3999999999999986,9.0,0,0,0,9.0,-1.0,-1.8369701987210297e-16,10.5903,0.4065
REC_00163,Krishna District,Andhra Pradesh,16.5062,80.648,coastal_humid,2023-09-11,2023-09-14,3,73.4,77.2,27.4,29.2,70.7,66.5,1008.3,67.5,5.9,1,9,3.799999999999997,1.8000000000000007,4.200000000000003,0,0,0,9.0,-1.0,-1.8369701987210297e-16,51.89380000000001,0.4116
REC_02994,Bengaluru,Karnataka,12.9716,77.5946,plateau_temperate,2023-09-11,2023-09-13,2,4.3,9.1,31.5,32.3,86.1,83.8,1008.1,5.3,1.0,1,9,4.8,0.7999999999999972,2.299999999999997,0,0,0,4.0,-1.0,-1.8369701987210297e-16,3.7022999999999997,0.3246
REC_00977,Mumbai,Maharashtra,19.076,72.8777,coastal_heavy_monsoon,2023-09-11,2023-09-12,1,65.4,58.6,30.3,29.3,88.5,87.9,1008.5,65.0,0.4,1,9,6.800000000000004,1.0,0.5999999999999943,0,0,0,1.0,-1.0,-1.8369701987210297e-16,57.879000000000005,0.405
REC_00809,Visakhapatnam,Andhra Pradesh,17.6868,83.2185,coastal_cyclonic,2023-09-12,2023-09-14,2,6.6,1.4,31.6,32.0,81.2,81.8,1009.2,9.0,2.4,1,9,5.199999999999999,0.3999999999999986,0.5999999999999943,0,0,0,4.0,-1.0,-1.8369701987210297e-16,5.3591999999999995,0.433
REC_02082,Visakhapatnam,Andhra Pradesh,17.6868,83.2185,coastal_cyclonic,2023-09-12,2023-09-14,2,12.1,8.1,27.0,28.7,85.6,91.1,1006.4,12.8,0.7,1,9,4.0,1.6999999999999993,5.5,0,0,0,4.0,-1.0,-1.8369701987210297e-16,10.3576,0.4315
REC_01174,Mumbai,Maharashtra,19.076,72.8777,coastal_heavy_monsoon,2023-09-12,2023-09-15,3,4.6,10.2,26.9,26.4,87.3,84.7,1008.9,0.0,7.5,1,9,5.6,0.5,2.5999999999999943,0,0,0,9.0,-1.0,-1.8369701987210297e-16,4.0158,0.4036
REC_02095,Bengaluru,Karnataka,12.9716,77.5946,plateau_temperate,2023-09-12,2023-09-17,5,25.9,26.1,34.4,32.0,78.9,73.4,1011.2,10.1,15.8,1,9,0.20000000000000284,2.3999999999999986,5.5,0,0,0,25.0,-1.0,-1.8369701987210297e-16,20.4351,0.3235
REC_02342,Delhi,NCR,28.6139,77.209,continental_subtropical,2023-09-13,2023-09-15,2,47.8,11.3,21.1,20.8,87.5,90.2,1009.1,48.2,0.3,1,9,36.5,0.3000000000000007,2.700000000000003,1,0,1,4.0,-1.0,-1.8369701987210297e-16,41.825,0.2439
REC_00031,Delhi,NCR,28.6139,77.209,continental_subtropical,2023-09-13,2023-09-16,3,13.7,13.9,36.2,36.8,96.7,100.0,1013.5,7.4,6.2,1,9,0.20000000000000107,0.5999999999999943,3.299999999999997,0,0,0,9.0,-1.0,-1.8369701987210297e-16,13.2479,0.2465
REC_00904,Delhi,NCR,28.6139,77.209,continental_subtropical,2023-09-13,2023-09-19,6,3.4,4.4,30.0,35.1,81.7,66.8,1004.6,0.0,23.9,1,9,1.0000000000000004,5.100000000000001,14.900000000000006,0,1,1,36.0,-1.0,-1.8369701987210297e-16,2.7778000000000005,0.2457
REC_02038,Bengaluru,Karnataka,12.9716,77.5946,plateau_temperate,2023-09-13,2023-09-20,7,3.0,24.4,34.0,33.0,76.2,92.5,1003.1,12.7,9.7,1,9,21.4,1.0,16.299999999999997,0,0,0,49.0,-1.0,-1.8369701987210297e-16,2.286,0.3225
REC_02472,Bengaluru,Karnataka,12.9716,77.5946,plateau_temperate,2023-09-13,2023-09-22,9,16.5,37.1,29.9,30.7,84.4,97.7,1007.1,0.0,26.7,1,9,20.6,0.8000000000000007,13.299999999999997,0,0,0,81.0,-1.0,-1.8369701987210297e-16,13.926000000000002,0.3214
REC_03342,Krishna District,Andhra Pradesh,16.5062,80.648,coastal_humid,2023-09-14,2023-09-24,10,22.5,0.0,30.2,31.5,73.1,74.2,1004.8,38.8,16.3,1,9,22.5,1.3000000000000007,1.1000000000000085,1,0,1,100.0,-1.0,-1.8369701987210297e-16,16.447499999999998,0.4101
REC_01248,Krishna District,Andhra Pradesh,16.5062,80.648,coastal_humid,2023-09-14,2023-09-22,8,46.8,84.9,35.2,32.6,85.3,71.8,1006.0,22.0,24.8,1,9,38.10000000000001,2.6000000000000014,13.5,1,0,1,64.0,-1.0,-1.8369701987210297e-16,39.920399999999994,0.4122
REC_02224,Bengaluru,Karnataka,12.9716,77.5946,plateau_temperate,2023-09-14,2023-09-15,1,5.8,7.7,28.5,28.9,84.0,79.7,1011.4,9.4,3.6,1,9,1.9000000000000004,0.3999999999999986,4.299999999999997,0,0,0,1.0,-1.0,-1.8369701987210297e-16,4.872,0.3204
REC_00435,Krishna District,Andhra Pradesh,16.5062,80.648,coastal_humid,2023-09-14,2023-09-16,2,3.8,4.4,25.6,24.9,79.1,83.5,1004.6,0.8,3.0,1,9,0.6000000000000005,0.7000000000000028,4.400000000000006,0,0,0,4.0,-1.0,-1.8369701987210297e-16,3.0058,0.4143
REC_01330,Krishna District,Andhra Pradesh,16.5062,80.648,coastal_humid,2023-09-14,2023-09-20,6,1.5,0.0,27.0,20.8,72.2,83.4,1006.4,0.0,33.5,1,9,1.5,6.199999999999999,11.200000000000003,0,1,1,36.0,-1.0,-1.8369701987210297e-16,1.0830000000000002,0.4128
REC_02165,Bengaluru,Karnataka,12.9716,77.5946,plateau_temperate,2023-09-15,2023-09-17,2,0.3,1.2,27.9,28.5,68.3,69.8,1010.3,0.0,1.4,1,9,0.8999999999999999,0.6000000000000014,1.5,0,0,0,4.0,-1.0,-1.8369701987210297e-16,0.20489999999999997,0.3194
REC_03196,Hyderabad,Telangana,17.385,78.4867,semi_arid,2023-09-15,2023-09-18,3,16.9,19.9,25.1,23.9,92.8,100.0,1012.7,3.6,13.3,1,9,3.0,1.2000000000000028,7.200000000000003,0,0,0,9.0,-1.0,-1.8369701987210297e-16,15.683199999999998,0.3108
REC_03434,Krishna District,Andhra Pradesh,16.5062,80.648,coastal_humid,2023-09-15,2023-09-18,3,7.8,6.2,26.3,27.3,76.6,78.8,1009.9,6.6,1.2,1,9,1.5999999999999996,1.0,2.200000000000003,0,0,0,9.0,-1.0,-1.8369701987210297e-16,5.974799999999999,0.4149
REC_00439,Mumbai,Maharashtra,19.076,72.8777,coastal_heavy_monsoon,2023-09-15,2023-09-21,6,3.7,91.2,30.7,32.0,75.5,77.2,1007.6,12.8,9.1,1,9,87.5,1.3000000000000007,1.7000000000000028,1,0,1,36.0,-1.0,-1.8369701987210297e-16,2.7935000000000003,0.4021
REC_03050,Mumbai,Maharashtra,19.076,72.8777,coastal_heavy_monsoon,2023-09-15,2023-09-21,6,26.7,39.4,27.0,29.8,72.8,77.6,1006.0,11.1,15.7,1,9,12.7,2.8000000000000007,4.799999999999997,0,0,0,36.0,-1.0,-1.8369701987210297e-16,19.437599999999996,0.4043
REC_02376,Krishna District,Andhra Pradesh,16.5062,80.648,coastal_humid,2023-09-15,2023-09-23,8,141.9,195.0,29.1,31.6,78.9,78.8,1014.3,162.1,20.2,1,9,53.099999999999994,2.5,0.10000000000000853,1,0,1,64.0,-1.0,-1.8369701987210297e-16,111.95910000000002,0.4134
REC_02529,Delhi,NCR,28.6139,77.209,continental_subtropical,2023-09-15,2023-09-23,8,11.6,100.7,30.7,35.3,85.3,81.8,1017.5,19.0,7.4,1,9,89.10000000000001,4.599999999999998,3.5,1,1,1,64.0,-1.0,-1.8369701987210297e-16,9.894799999999998,0.2483
REC_02750,Bengaluru,Karnataka,12.9716,77.5946,plateau_temperate,2023-09-15,2023-09-23,8,2.6,0.0,32.7,31.5,93.1,91.1,1009.9,0.0,18.0,1,9,2.6,1.2000000000000028,2.0,0,0,0,64.0,-1.0,-1.8369701987210297e-16,2.4206,0.3183
REC_01350,Mumbai,Maharashtra,19.076,72.8777,coastal_heavy_monsoon,2023-09-16,2023-09-25,9,27.2,166.9,25.9,24.3,84.2,92.0,1006.9,30.4,3.2,1,9,139.70000000000002,1.5999999999999979,7.799999999999997,1,0,1,81.0,-1.0,-1.8369701987210297e-16,22.902400000000004,0.4028
REC_00455,Hyderabad,Telangana,17.385,78.4867,semi_arid,2023-09-16,2023-09-24,8,12.6,0.0,25.5,26.5,84.1,98.1,1018.3,49.1,36.5,1,9,12.6,1.0,14.0,0,0,0,64.0,-1.0,-1.8369701987210297e-16,10.596599999999999,0.3098
REC_03393,Krishna District,Andhra Pradesh,16.5062,80.648,coastal_humid,2023-09-16,2023-09-21,5,17.0,31.7,36.6,35.2,66.7,51.1,1008.3,39.0,22.1,1,9,14.7,1.3999999999999986,15.600000000000001,0,0,0,25.0,-1.0,-1.8369701987210297e-16,11.339,0.4155
REC_01741,Hyderabad,Telangana,17.385,78.4867,semi_arid,2023-09-16,2023-09-19,3,0.1,5.5,30.8,28.1,86.2,90.8,1002.1,0.0,14.2,1,9,5.4,2.6999999999999993,4.599999999999994,0,0,0,9.0,-1.0,-1.8369701987210297e-16,0.08620000000000001,0.3089
REC_03432,Visakhapatnam,Andhra Pradesh,17.6868,83.2185,coastal_cyclonic,2023-09-16,2023-09-18,2,21.5,12.6,33.4,32.8,87.5,90.5,1010.3,16.8,4.8,1,9,8.9,0.6000000000000014,3.0,0,0,0,4.0,-1.0,-1.8369701987210297e-16,18.8125,0.43
REC_02148,Hyderabad,Telangana,17.385,78.4867,semi_arid,2023-09-16,2023-09-19,3,5.9,4.9,27.1,27.5,78.8,89.3,1004.8,3.5,2.4,1,9,1.0,0.3999999999999986,10.5,0,0,0,9.0,-1.0,-1.8369701987210297e-16,4.6492,0.3079
REC_02402,Delhi,NCR,28.6139,77.209,continental_subtropical,2023-09-17,2023-09-20,3,19.2,40.1,32.6,31.6,84.4,83.7,1009.7,14.0,5.2,1,9,20.900000000000002,1.0,0.7000000000000028,0,0,0,9.0,-1.0,-1.8369701987210297e-16,16.2048,0.2509
REC_02329,Krishna District,Andhra Pradesh,16.5062,80.648,coastal_humid,2023-09-17,2023-09-21,4,41.2,83.7,25.7,23.1,78.2,74.2,1005.2,44.0,2.8,1,9,42.5,2.599999999999998,4.0,1,0,1,16.0,-1.0,-1.8369701987210297e-16,32.2184,0.414
REC_00024,Visakhapatnam,Andhra Pradesh,17.6868,83.2185,coastal_cyclonic,2023-09-17,2023-09-24,7,35.9,82.4,28.9,30.2,73.4,72.7,1009.9,40.9,5.0,1,9,46.50000000000001,1.3000000000000007,0.7000000000000028,1,0,1,49.0,-1.0,-1.8369701987210297e-16,26.3506,0.4286
REC_02134,Mumbai,Maharashtra,19.076,72.8777,coastal_heavy_monsoon,2023-09-17,2023-09-27,10,0.3,0.0,25.3,35.4,85.1,69.3,1007.3,37.3,37.0,1,9,0.3,10.099999999999998,15.799999999999997,0,1,1,100.0,-1.0,-1.8369701987210297e-16,0.25529999999999997,0.4049
REC_02057,Bengaluru,Karnataka,12.9716,77.5946,plateau_temperate,2023-09-18,2023-09-21,3,25.6,11.5,33.2,35.7,87.8,92.3,1009.9,26.8,1.2,1,9,14.100000000000001,2.5,4.5,0,0,0,9.0,-1.0,-1.8369701987210297e-16,22.476799999999997,0.3173
REC_03048,Krishna District,Andhra Pradesh,16.5062,80.648,coastal_humid,2023-09-18,2023-09-28,10,12.3,0.0,31.1,25.6,67.9,100.0,1004.4,0.0,18.8,1,9,12.3,5.5,32.099999999999994,0,1,1,100.0,-1.0,-1.8369701987210297e-16,8.351700000000001,0.4161
REC_02400,Krishna District,Andhra Pradesh,16.5062,80.648,coastal_humid,2023-09-19,2023-09-29,10,36.2,0.0,31.9,33.3,73.2,39.2,1009.0,73.5,37.3,1,9,36.2,1.3999999999999986,34.0,1,0,1,100.0,-1.0,-1.8369701987210297e-16,26.4984,0.4181
REC_02560,Hyderabad,Telangana,17.385,78.4867,semi_arid,2023-09-19,2023-09-28,9,12.5,38.5,33.1,27.8,84.8,76.4,1009.1,41.8,29.3,1,9,26.0,5.300000000000001,8.399999999999991,1,1,1,81.0,-1.0,-1.8369701987210297e-16,10.6,0.307
REC_02275,Hyderabad,Telangana,17.385,78.4867,semi_arid,2023-09-19,2023-09-27,8,9.4,54.9,29.1,35.0,69.8,74.6,1010.3,0.0,21.8,1,9,45.5,5.899999999999999,4.799999999999997,1,1,1,64.0,-1.0,-1.8369701987210297e-16,6.5612,0.3091
REC_00523,Delhi,NCR,28.6139,77.209,continental_subtropical,2023-09-19,2023-09-27,8,15.8,40.6,26.3,22.0,77.4,76.3,1007.3,0.0,43.5,1,9,24.8,4.300000000000001,1.1000000000000085,0,1,1,64.0,-1.0,-1.8369701987210297e-16,12.2292,0.25
REC_02692,Mumbai,Maharashtra,19.076,72.8777,coastal_heavy_monsoon,2023-09-19,2023-09-22,3,3.8,0.9,27.9,26.3,72.6,66.1,1010.7,4.2,0.4,1,9,2.9,1.5999999999999979,6.5,0,0,0,9.0,-1.0,-1.8369701987210297e-16,2.7587999999999995,0.407
REC_00151,Hyderabad,Telangana,17.385,78.4867,semi_arid,2023-09-20,2023-09-28,8,0.9,0.0,28.4,25.3,86.4,97.7,1007.9,26.4,25.5,1,9,0.9,3.099999999999998,11.299999999999997,0,0,0,64.0,-1.0,-1.8369701987210297e-16,0.7776000000000001,0.3112
REC_01898,Hyderabad,Telangana,17.385,78.4867,semi_arid,2023-09-20,2023-09-29,9,48.1,118.8,31.6,36.1,83.6,84.2,1004.2,27.1,21.0,1,9,70.69999999999999,4.5,0.6000000000000085,1,1,1,81.0,-1.0,-1.8369701987210297e-16,40.2116,0.3102
REC_00741,Bengaluru,Karnataka,12.9716,77.5946,plateau_temperate,2023-09-21,2023-09-23,2,9.2,1.6,27.8,28.5,83.5,77.3,1005.7,12.0,2.7,1,9,7.6,0.6999999999999993,6.200000000000003,0,0,0,4.0,-1.0,-1.8369701987210297e-16,7.6819999999999995,0.3163
REC_01306,Hyderabad,Telangana,17.385,78.4867,semi_arid,2023-09-21,2023-09-24,3,29.0,54.1,26.1,27.9,79.3,81.0,1010.3,27.0,2.0,1,9,25.1,1.7999999999999972,1.7000000000000028,1,0,1,9.0,-1.0,-1.8369701987210297e-16,22.997,0.3123
REC_01145,Visakhapatnam,Andhra Pradesh,17.6868,83.2185,coastal_cyclonic,2023-09-21,2023-09-26,5,8.5,19.2,26.8,22.7,66.4,66.2,1010.8,0.0,24.0,1,9,10.7,4.100000000000001,0.20000000000000284,0,1,1,25.0,-1.0,-1.8369701987210297e-16,5.644000000000001,0.4305
REC_00998,Bengaluru,Karnataka,12.9716,77.5946,plateau_temperate,2023-09-21,2023-09-27,6,21.0,108.1,31.1,27.6,82.4,70.5,1008.5,38.7,17.7,1,9,87.1,3.5,11.900000000000006,1,1,1,36.0,-1.0,-1.8369701987210297e-16,17.304000000000002,0.3153
REC_03265,Hyderabad,Telangana,17.385,78.4867,semi_arid,2023-09-21,2023-09-29,8,19.5,0.0,33.6,33.3,86.6,76.8,1006.5,46.7,27.3,1,9,19.5,0.30000000000000426,9.799999999999997,0,0,0,64.0,-1.0,-1.8369701987210297e-16,16.886999999999997,0.3144
REC_00569,Bengaluru,Karnataka,12.9716,77.5946,plateau_temperate,2023-09-21,2023-09-30,9,1.1,8.5,32.0,26.4,86.2,83.5,1006.1,48.5,47.4,1,9,7.4,5.600000000000001,2.700000000000003,0,1,1,81.0,-1.0,-1.8369701987210297e-16,0.9482,0.3175
REC_01826,Hyderabad,Telangana,17.385,78.4867,semi_arid,2023-09-22,2023-09-23,1,34.0,24.2,28.0,27.3,80.4,79.6,1013.1,36.5,2.5,1,9,9.8,0.6999999999999993,0.8000000000000114,0,0,0,1.0,-1.0,-1.8369701987210297e-16,27.336000000000002,0.3134
REC_02364,Delhi,NCR,28.6139,77.209,continental_subtropical,2023-09-22,2023-09-29,7,0.9,61.9,27.2,33.2,75.9,68.5,1013.8,8.3,7.3,1,9,61.0,6.0000000000000036,7.400000000000006,1,1,1,49.0,-1.0,-1.8369701987210297e-16,0.6831,0.2526
REC_03222,Delhi,NCR,28.6139,77.209,continental_subtropical,2023-09-23,2023-10-01,8,0.9,0.0,20.7,19.7,51.8,39.7,1007.7,16.5,15.5,0,10,0.9,1.0,12.099999999999994,0,0,0,64.0,-0.8660254037844386,0.5000000000000001,0.46619999999999995,0.2551
REC_01618,Krishna District,Andhra Pradesh,16.5062,80.648,coastal_humid,2023-09-23,2023-09-24,1,15.1,10.8,28.0,26.7,84.5,88.9,1014.4,13.0,2.2,1,9,4.299999999999999,1.3000000000000007,4.400000000000006,0,0,0,1.0,-1.0,-1.8369701987210297e-16,12.759500000000001,0.4201
REC_01845,Delhi,NCR,28.6139,77.209,continental_subtropical,2023-09-23,2023-09-25,2,1.3,5.5,26.0,27.2,85.3,81.4,1015.2,6.6,5.3,1,9,4.2,1.1999999999999993,3.8999999999999915,0,0,0,4.0,-1.0,-1.8369701987210297e-16,1.1089,0.2542
REC_02343,Krishna District,Andhra Pradesh,16.5062,80.648,coastal_humid,2023-09-24,2023-09-27,3,96.1,89.8,26.7,25.2,81.2,84.4,1006.6,92.2,3.9,1,9,6.299999999999997,1.5,3.200000000000003,0,0,0,9.0,-1.0,-1.8369701987210297e-16,78.0332,0.4187
REC_02839,Delhi,NCR,28.6139,77.209,continental_subtropical,2023-09-24,2023-09-28,4,7.3,0.0,30.3,27.1,72.6,76.3,1006.5,10.1,2.8,1,9,7.3,3.1999999999999993,3.700000000000003,0,0,0,16.0,-1.0,-1.8369701987210297e-16,5.299799999999999,0.2534
REC_00314,Krishna District,Andhra Pradesh,16.5062,80.648,coastal_humid,2023-09-24,2023-09-29,5,2.4,12.2,32.0,33.0,86.0,76.1,1009.9,1.3,1.1,1,9,9.799999999999999,1.0,9.900000000000006,0,0,0,25.0,-1.0,-1.8369701987210297e-16,2.064,0.4172
REC_02648,Visakhapatnam,Andhra Pradesh,17.6868,83.2185,coastal_cyclonic,2023-09-24,2023-09-29,5,14.3,0.0,24.6,20.8,86.0,89.0,1009.5,0.0,18.5,1,9,14.3,3.8000000000000007,3.0,0,1,1,25.0,-1.0,-1.8369701987210297e-16,12.298,0.4324
REC_00742,Delhi,NCR,28.6139,77.209,continental_subtropical,2023-09-24,2023-09-30,6,27.7,0.0,30.1,31.2,82.2,100.0,1010.8,50.5,22.8,1,9,27.7,1.0999999999999979,17.799999999999997,1,0,1,36.0,-1.0,-1.8369701987210297e-16,22.7694,0.2525
REC_00243,Hyderabad,Telangana,17.385,78.4867,semi_arid,2023-09-24,2023-10-02,8,0.1,0.0,20.7,21.4,52.1,54.9,1000.8,4.3,4.2,0,10,0.1,0.6999999999999993,2.799999999999997,0,0,0,64.0,-0.8660254037844386,0.5000000000000001,0.05210000000000001,0.3125
REC_00502,Delhi,NCR,28.6139,77.209,continental_subtropical,2023-09-24,2023-10-02,8,1.7,17.0,27.2,28.6,51.9,56.3,1012.0,0.0,16.6,0,10,15.3,1.4000000000000021,4.399999999999999,0,0,0,64.0,-0.8660254037844386,0.5000000000000001,0.8822999999999999,0.255
REC_02245,Delhi,NCR,28.6139,77.209,continental_subtropical,2023-09-24,2023-10-04,10,0.7,0.0,22.6,28.2,61.0,74.8,1007.8,0.0,23.3,0,10,0.7,5.599999999999998,13.799999999999997,0,1,1,100.0,-0.8660254037844386,0.5000000000000001,0.42699999999999994,0.2542
REC_02048,Krishna District,Andhra Pradesh,16.5062,80.648,coastal_humid,2023-09-25,2023-10-04,9,10.2,162.3,30.8,33.7,90.6,87.5,1012.0,9.9,0.2,0,10,152.10000000000002,2.900000000000002,3.0999999999999943,1,0,1,81.0,-0.8660254037844386,0.5000000000000001,9.2412,0.4158
REC_03208,Visakhapatnam,Andhra Pradesh,17.6868,83.2185,coastal_cyclonic,2023-09-25,2023-09-28,3,18.1,27.1,25.9,26.7,74.8,75.1,1011.9,25.9,7.7,1,9,9.0,0.8000000000000007,0.29999999999999716,0,0,0,9.0,-1.0,-1.8369701987210297e-16,13.538800000000002,0.4343
REC_00275,Visakhapatnam,Andhra Pradesh,17.6868,83.2185,coastal_cyclonic,2023-09-25,2023-10-04,9,2.4,0.0,25.8,25.6,78.6,85.5,1014.7,3.9,1.5,0,10,2.4,0.1999999999999993,6.900000000000006,0,0,0,81.0,-0.8660254037844386,0.5000000000000001,1.8863999999999999,0.4329
REC_00192,Krishna District,Andhra Pradesh,16.5062,80.648,coastal_humid,2023-09-25,2023-09-26,1,23.1,30.4,26.9,27.5,98.0,96.2,1012.8,21.2,1.8,1,9,7.299999999999997,0.6000000000000014,1.7999999999999972,0,0,0,1.0,-1.0,-1.8369701987210297e-16,22.638,0.4178
REC_03396,Krishna District,Andhra Pradesh,16.5062,80.648,coastal_humid,2023-09-25,2023-09-27,2,28.6,24.2,30.3,32.3,76.2,73.6,1011.1,33.6,5.1,1,9,4.400000000000002,1.9999999999999964,2.6000000000000085,0,0,0,4.0,-1.0,-1.8369701987210297e-16,21.793200000000002,0.4164
REC_01162,Krishna District,Andhra Pradesh,16.5062,80.648,coastal_humid,2023-09-26,2023-09-29,3,27.2,11.1,29.7,29.5,81.4,80.8,1006.7,40.3,13.1,1,9,16.1,0.1999999999999993,0.6000000000000085,0,0,0,9.0,-1.0,-1.8369701987210297e-16,22.1408,0.415
REC_02309,Bengaluru,Karnataka,12.9716,77.5946,plateau_temperate,2023-09-26,2023-10-03,7,3.3,0.0,30.3,31.0,54.7,37.0,1008.6,0.0,6.0,0,10,3.3,0.6999999999999993,17.700000000000003,0,0,0,49.0,-0.8660254037844386,0.5000000000000001,1.8051,0.3196
REC_02831,Visakhapatnam,Andhra Pradesh,17.6868,83.2185,coastal_cyclonic,2023-09-26,2023-10-04,8,3.5,18.7,25.0,23.3,94.5,100.0,1008.5,15.9,12.4,0,10,15.2,1.6999999999999993,5.5,0,0,0,64.0,-0.8660254037844386,0.5000000000000001,3.3075,0.4314
REC_00684,Mumbai,Maharashtra,19.076,72.8777,coastal_heavy_monsoon,2023-09-26,2023-10-05,9,69.3,102.0,25.1,26.8,86.6,64.2,1008.0,76.5,7.2,0,10,32.7,1.6999999999999993,22.39999999999999,1,0,1,81.0,-0.8660254037844386,0.5000000000000001,60.01379999999999,0.4056
REC_00699,Krishna District,Andhra Pradesh,16.5062,80.648,coastal_humid,2023-09-27,2023-09-28,1,13.4,31.3,29.6,30.5,88.1,87.8,1010.7,13.6,0.2,1,9,17.9,0.8999999999999986,0.29999999999999716,0,0,0,1.0,-1.0,-1.8369701987210297e-16,11.805399999999999,0.4136
REC_01370,Mumbai,Maharashtra,19.076,72.8777,coastal_heavy_monsoon,2023-09-27,2023-09-30,3,39.8,22.7,27.8,29.5,82.3,94.1,1004.4,41.2,1.4,1,9,17.099999999999998,1.6999999999999993,11.799999999999997,0,0,0,9.0,-1.0,-1.8369701987210297e-16,32.755399999999995,0.4077
REC_00969,Krishna District,Andhra Pradesh,16.5062,80.648,coastal_humid,2023-09-27,2023-10-03,6,1.2,0.0,24.2,23.3,88.0,87.7,1002.9,11.9,10.7,0,10,1.2,0.8999999999999986,0.29999999999999716,0,0,0,36.0,-0.8660254037844386,0.5000000000000001,1.056,0.4122
REC_02940,Delhi,NCR,28.6139,77.209,continental_subtropical,2023-09-28,2023-10-04,6,8.4,30.0,25.7,24.5,47.9,52.9,1005.1,4.8,3.6,0,10,21.6,1.1999999999999993,5.0,0,0,0,36.0,-0.8660254037844386,0.5000000000000001,4.0236,0.2567
REC_01908,Delhi,NCR,28.6139,77.209,continental_subtropical,2023-09-28,2023-10-08,10,1.7,4.3,24.0,33.5,59.2,40.5,1010.4,28.2,26.5,0,10,2.5999999999999996,9.5,18.700000000000003,0,1,1,100.0,-0.8660254037844386,0.5000000000000001,1.0064,0.2558
REC_03499,Krishna District,Andhra Pradesh,16.5062,80.648,coastal_humid,2023-09-28,2023-10-04,6,6.7,14.9,28.6,29.7,75.4,92.4,1005.9,0.6,6.1,0,10,8.2,1.0999999999999979,17.0,0,0,0,36.0,-0.8660254037844386,0.5000000000000001,5.051800000000001,0.4108
REC_02433,Bengaluru,Karnataka,12.9716,77.5946,plateau_temperate,2023-09-28,2023-09-30,2,3.3,12.5,30.9,32.5,82.6,77.7,1001.7,0.0,3.8,1,9,9.2,1.6000000000000014,4.8999999999999915,0,0,0,4.0,-1.0,-1.8369701987210297e-16,2.7258,0.3186
REC_00198,Visakhapatnam,Andhra Pradesh,17.6868,83.2185,coastal_cyclonic,2023-09-28,2023-09-30,2,19.2,25.9,27.9,26.8,95.3,96.6,1006.2,21.9,2.7,1,9,6.699999999999999,1.0999999999999979,1.2999999999999972,0,0,0,4.0,-1.0,-1.8369701987210297e-16,18.2976,0.43
REC_02517,Bengaluru,Karnataka,12.9716,77.5946,plateau_temperate,2023-09-28,2023-09-29,1,0.5,0.9,28.7,29.0,66.6,65.1,1014.1,2.5,2.0,1,9,0.4,0.3000000000000007,1.5,0,0,0,1.0,-1.0,-1.8369701987210297e-16,0.33299999999999996,0.3176
REC_00725,Mumbai,Maharashtra,19.076,72.8777,coastal_heavy_monsoon,2023-09-28,2023-10-02,4,34.7,31.0,31.2,28.3,93.1,91.2,1001.3,36.2,1.4,0,10,3.700000000000003,2.8999999999999986,1.8999999999999915,0,0,0,16.0,-0.8660254037844386,0.5000000000000001,32.3057,0.4062
REC_00400,Delhi,NCR,28.6139,77.209,continental_subtropical,2023-09-29,2023-10-01,2,0.1,0.0,23.3,23.9,63.4,61.8,1014.6,1.0,1.0,0,10,0.1,0.5999999999999979,1.6000000000000014,0,0,0,4.0,-0.8660254037844386,0.5000000000000001,0.0634,0.2583
REC_03105,Delhi,NCR,28.6139,77.209,continental_subtropical,2023-09-29,2023-10-03,4,2.9,4.4,22.6,23.0,38.1,38.0,1009.2,0.0,13.5,0,10,1.5000000000000004,0.3999999999999986,0.10000000000000142,0,0,0,16.0,-0.8660254037844386,0.5000000000000001,1.1049,0.2574
REC_00625,Mumbai,Maharashtra,19.076,72.8777,coastal_heavy_monsoon,2023-09-29,2023-10-04,5,2.0,35.6,26.4,28.8,86.2,82.6,1008.2,0.0,8.1,0,10,33.6,2.400000000000002,3.6000000000000085,1,0,1,25.0,-0.8660254037844386,0.5000000000000001,1.724,0.4048
REC_02297,Hyderabad,Telangana,17.385,78.4867,semi_arid,2023-09-30,2023-10-06,6,1.9,14.7,22.8,27.0,72.0,66.1,1008.1,11.4,9.6,0,10,12.799999999999999,4.199999999999999,5.900000000000006,0,1,1,36.0,-0.8660254037844386,0.5000000000000001,1.3679999999999999,0.3116
REC_01414,Visakhapatnam,Andhra Pradesh,17.6868,83.2185,coastal_cyclonic,2023-10-01,2023-10-11,10,23.4,23.4,25.9,29.2,96.6,86.1,1001.3,17.2,6.2,0,10,0.0,3.3000000000000007,10.5,0,0,0,100.0,-0.8660254037844386,0.5000000000000001,22.604399999999995,0.4286
REC_01094,Visakhapatnam,Andhra Pradesh,17.6868,83.2185,coastal_cyclonic,2023-10-01,2023-10-06,5,4.9,62.1,26.4,25.7,81.0,82.7,1003.9,16.2,11.3,0,10,57.2,0.6999999999999993,1.7000000000000028,1,0,1,25.0,-0.8660254037844386,0.5000000000000001,3.9690000000000003,0.4272
REC_02656,Delhi,NCR,28.6139,77.209,continental_subtropical,2023-10-01,2023-10-09,8,1.6,3.5,19.3,17.9,53.0,59.7,1007.5,0.0,16.1,0,10,1.9,1.4000000000000021,6.700000000000003,0,0,0,64.0,-0.8660254037844386,0.5000000000000001,0.8480000000000001,0.2566
REC_03454,Mumbai,Maharashtra,19.076,72.8777,coastal_heavy_monsoon,2023-10-02,2023-10-07,5,1.6,0.9,27.3,27.8,92.2,100.0,1011.8,2.2,0.6,0,10,0.7000000000000001,0.5,7.799999999999997,0,0,0,25.0,-0.8660254037844386,0.5000000000000001,1.4752,0.4069
REC_03015,Bengaluru,Karnataka,12.9716,77.5946,plateau_temperate,2023-10-02,2023-10-12,10,0.4,0.0,21.8,20.1,48.2,26.2,1007.2,8.2,7.9,0,10,0.4,1.6999999999999993,22.000000000000004,0,0,0,100.0,-0.8660254037844386,0.5000000000000001,0.1928,0.3166
REC_00918,Visakhapatnam,Andhra Pradesh,17.6868,83.2185,coastal_cyclonic,2023-10-02,2023-10-04,2,29.6,54.7,26.8,26.8,85.2,84.4,1010.5,29.3,0.4,0,10,25.1,0.0,0.7999999999999972,1,0,1,4.0,-0.8660254037844386,0.5000000000000001,25.2192,0.429
REC_00655,Bengaluru,Karnataka,12.9716,77.5946,plateau_temperate,2023-10-02,2023-10-06,4,7.1,0.0,25.4,23.9,45.3,47.5,1006.0,7.6,0.5,0,10,7.1,1.5,2.200000000000003,0,0,0,16.0,-0.8660254037844386,0.5000000000000001,3.2162999999999995,0.3156
REC_02878,Visakhapatnam,Andhra Pradesh,17.6868,83.2185,coastal_cyclonic,2023-10-03,2023-10-11,8,8.1,18.1,30.9,28.3,85.9,98.6,1004.0,32.2,24.2,0,10,10.000000000000002,2.599999999999998,12.699999999999989,0,0,0,64.0,-0.8660254037844386,0.5000000000000001,6.9578999999999995,0.4309
REC_03415,Mumbai,Maharashtra,19.076,72.8777,coastal_heavy_monsoon,2023-10-03,2023-10-11,8,18.4,0.0,28.5,27.3,78.1,81.5,1006.4,11.0,7.4,0,10,18.4,1.1999999999999993,3.4000000000000057,0,0,0,64.0,-0.8660254037844386,0.5000000000000001,14.370399999999997,0.4055
REC_02849,Visakhapatnam,Andhra Pradesh,17.6868,83.2185,coastal_cyclonic,2023-10-03,2023-10-04,1,21.6,32.9,31.3,31.0,79.8,79.2,1009.1,22.0,0.3,0,10,11.299999999999997,0.3000000000000007,0.5999999999999943,0,0,0,1.0,-0.8660254037844386,0.5000000000000001,17.236800000000002,0.4295
REC_01020,Mumbai,Maharashtra,19.076,72.8777,coastal_heavy_monsoon,2023-10-04,2023-10-05,1,3.7,11.1,22.8,22.6,87.5,91.9,1002.1,3.2,0.5,0,10,7.3999999999999995,0.1999999999999993,4.400000000000006,0,0,0,1.0,-0.8660254037844386,0.5000000000000001,3.2375,0.4041
REC_00815,Visakhapatnam,Andhra Pradesh,17.6868,83.2185,coastal_cyclonic,2023-10-04,2023-10-10,6,112.9,96.4,30.9,27.0,90.0,100.0,1001.4,121.4,8.5,0,10,16.5,3.8999999999999986,10.0,0,1,1,36.0,-0.8660254037844386,0.5000000000000001,101.61,0.4281
REC_01800,Delhi,NCR,28.6139,77.209,continental_subtropical,2023-10-04,2023-10-12,8,0.6,0.0,26.1,25.8,54.9,47.6,1006.9,18.4,17.8,0,10,0.6,0.3000000000000007,7.299999999999997,0,0,0,64.0,-0.8660254037844386,0.5000000000000001,0.32939999999999997,0.2557
REC_01851,Hyderabad,Telangana,17.385,78.4867,semi_arid,2023-10-04,2023-10-12,8,4.5,0.0,17.2,13.1,55.1,80.9,1000.1,18.9,14.4,0,10,4.5,4.1,25.800000000000004,0,1,1,64.0,-0.8660254037844386,0.5000000000000001,2.4795000000000003,0.3136
REC_00567,Delhi,NCR,28.6139,77.209,continental_subtropical,2023-10-04,2023-10-13,9,0.2,25.0,23.8,28.3,56.8,44.2,999.2,4.9,4.7,0,10,24.8,4.5,12.599999999999994,0,1,1,81.0,-0.8660254037844386,0.5000000000000001,0.11359999999999999,0.2549
REC_03072,Bengaluru,Karnataka,12.9716,77.5946,plateau_temperate,2023-10-05,2023-10-10,5,2.6,9.8,19.8,21.3,47.6,54.7,1005.3,0.0,7.4,0,10,7.200000000000001,1.5,7.100000000000001,0,0,0,25.0,-0.8660254037844386,0.5000000000000001,1.2376,0.3146
REC_02167,Krishna District,Andhra Pradesh,16.5062,80.648,coastal_humid,2023-10-05,2023-10-11,6,61.3,15.5,29.6,29.2,82.3,78.9,1012.3,51.1,10.2,0,10,45.8,0.40000000000000213,3.3999999999999915,1,0,1,36.0,-0.8660254037844386,0.5000000000000001,50.4499,0.4094
REC_02622,Krishna District,Andhra Pradesh,16.5062,80.648,coastal_humid,2023-10-05,2023-10-12,7,16.1,4.4,23.7,24.2,96.1,84.2,1006.2,4.6,11.4,0,10,11.700000000000001,0.5,11.899999999999991,0,0,0,49.0,-0.8660254037844386,0.5000000000000001,15.472100000000001,0.4114
REC_03032,Visakhapatnam,Andhra Pradesh,17.6868,83.2185,coastal_cyclonic,2023-10-05,2023-10-13,8,12.0,0.0,25.8,25.4,84.3,100.0,1010.4,0.0,21.7,0,10,12.0,0.40000000000000213,15.700000000000003,0,0,0,64.0,-0.8660254037844386,0.5000000000000001,10.116,0.43
REC_02643,Bengaluru,Karnataka,12.9716,77.5946,plateau_temperate,2023-10-06,2023-10-16,10,4.2,0.0,30.2,32.0,48.5,62.4,1016.8,19.2,15.1,0,10,4.2,1.8000000000000007,13.899999999999999,0,0,0,100.0,-0.8660254037844386,0.5000000000000001,2.0370000000000004,0.3137
REC_02663,Visakhapatnam,Andhra Pradesh,17.6868,83.2185,coastal_cyclonic,2023-10-06,2023-10-12,6,24.1,52.2,32.4,36.3,66.5,75.9,1009.2,17.2,6.9,0,10,28.1,3.8999999999999986,9.400000000000006,1,1,1,36.0,-0.8660254037844386,0.5000000000000001,16.026500000000002,0.4286
REC_01213,Delhi,NCR,28.6139,77.209,continental_subtropical,2023-10-06,2023-10-12,6,4.5,2.1,25.1,24.6,53.7,55.2,1012.4,15.3,10.8,0,10,2.4,0.5,1.5,0,0,0,36.0,-0.8660254037844386,0.5000000000000001,2.4165,0.2573
REC_00490,Delhi,NCR,28.6139,77.209,continental_subtropical,2023-10-06,2023-10-12,6,0.5,0.0,17.3,18.9,47.9,55.3,1010.1,0.2,0.3,0,10,0.5,1.5999999999999979,7.399999999999999,0,0,0,36.0,-0.8660254037844386,0.5000000000000001,0.2395,0.2565
REC_01468,Krishna District,Andhra Pradesh,16.5062,80.648,coastal_humid,2023-10-07,2023-10-09,2,61.5,109.8,25.8,27.1,75.7,76.2,1007.4,62.5,0.9,0,10,48.3,1.3000000000000007,0.5,1,0,1,4.0,-0.8660254037844386,0.5000000000000001,46.5555,0.41
REC_01416,Krishna District,Andhra Pradesh,16.5062,80.648,coastal_humid,2023-10-07,2023-10-10,3,0.6,3.9,24.2,26.3,95.2,97.5,1006.7,1.5,1.0,0,10,3.3,2.1000000000000014,2.299999999999997,0,0,0,9.0,-0.8660254037844386,0.5000000000000001,0.5711999999999999,0.412
REC_01858,Visakhapatnam,Andhra Pradesh,17.6868,83.2185,coastal_cyclonic,2023-10-07,2023-10-14,7,0.3,0.0,26.6,30.0,87.6,71.5,1013.4,0.0,0.4,0,10,0.3,3.3999999999999986,16.099999999999994,0,0,0,49.0,-0.8660254037844386,0.5000000000000001,0.2628,0.4304
REC_01543,Hyderabad,Telangana,17.385,78.4867,semi_arid,2023-10-07,2023-10-16,9,6.9,60.2,25.7,21.5,44.8,47.1,1001.8,8.6,1.7,0,10,53.300000000000004,4.199999999999999,2.3000000000000043,1,1,1,81.0,-0.8660254037844386,0.5000000000000001,3.0912,0.3156
REC_01069,Mumbai,Maharashtra,19.076,72.8777,coastal_heavy_monsoon,2023-10-08,2023-10-09,1,107.1,168.4,26.8,25.4,90.9,95.8,1007.1,108.0,1.0,0,10,61.30000000000001,1.4000000000000021,4.8999999999999915,1,0,1,1.0,-0.8660254037844386,0.5000000000000001,97.3539,0.4027
REC_00839,Krishna District,Andhra Pradesh,16.5062,80.648,coastal_humid,2023-10-08,2023-10-10,2,33.7,52.1,27.3,26.2,85.5,83.2,1009.9,32.6,1.1,0,10,18.4,1.1000000000000014,2.299999999999997,0,0,0,4.0,-0.8660254037844386,0.5000000000000001,28.813500000000005,0.4106
REC_02444,Delhi,NCR,28.6139,77.209,continental_subtropical,2023-10-08,2023-10-11,3,3.5,0.0,21.1,21.8,51.6,51.0,1002.9,4.9,1.4,0,10,3.5,0.6999999999999993,0.6000000000000014,0,0,0,9.0,-0.8660254037844386,0.5000000000000001,1.806,0.2557
REC_00806,Hyderabad,Telangana,17.385,78.4867,semi_arid,2023-10-09,2023-10-11,2,6.8,8.4,22.6,23.6,45.3,49.8,1008.2,6.5,0.2,0,10,1.6000000000000005,1.0,4.5,0,0,0,4.0,-0.8660254037844386,0.5000000000000001,3.0803999999999996,0.3176
REC_01693,Hyderabad,Telangana,17.385,78.4867,semi_arid,2023-10-10,2023-10-20,10,1.6,0.0,21.2,16.8,42.5,17.6,1005.0,3.5,1.8,0,10,1.6,4.399999999999999,24.9,0,1,1,100.0,-0.8660254037844386,0.5000000000000001,0.68,0.3167
REC_02027,Krishna District,Andhra Pradesh,16.5062,80.648,coastal_humid,2023-10-10,2023-10-19,9,74.9,137.0,29.4,34.0,93.3,100.0,1011.0,75.9,1.0,0,10,62.099999999999994,4.600000000000001,6.700000000000003,1,1,1,81.0,-0.8660254037844386,0.5000000000000001,69.8817,0.4092
REC_00170,Mumbai,Maharashtra,19.076,72.8777,coastal_heavy_monsoon,2023-10-10,2023-10-14,4,3.9,18.4,28.9,28.5,75.3,85.5,1010.4,0.0,7.4,0,10,14.499999999999998,0.3999999999999986,10.200000000000003,0,0,0,16.0,-0.8660254037844386,0.5000000000000001,2.9366999999999996,0.4048
REC_00287,Delhi,NCR,28.6139,77.209,continental_subtropical,2023-10-10,2023-10-12,2,3.2,4.7,21.9,21.7,50.2,43.4,1001.9,3.1,0.1,0,10,1.5,0.1999999999999993,6.800000000000004,0,0,0,4.0,-0.8660254037844386,0.5000000000000001,1.6064,0.2548
REC_02766,Bengaluru,Karnataka,12.9716,77.5946,plateau_temperate,2023-10-10,2023-10-18,8,1.2,49.3,24.5,25.1,58.5,80.0,1010.2,0.0,10.6,0,10,48.099999999999994,0.6000000000000014,21.5,1,0,1,64.0,-0.8660254037844386,0.5000000000000001,0.7020000000000001,0.3127
REC_00065,Delhi,NCR,28.6139,77.209,continental_subtropical,2023-10-11,2023-10-15,4,0.3,0.0,31.1,29.9,63.1,72.6,1006.2,0.0,7.7,0,10,0.3,1.2000000000000028,9.499999999999993,0,0,0,16.0,-0.8660254037844386,0.5000000000000001,0.1893,0.254
REC_03270,Mumbai,Maharashtra,19.076,72.8777,coastal_heavy_monsoon,2023-10-11,2023-10-15,4,41.1,58.2,28.6,30.6,96.6,94.9,1009.3,40.9,0.2,0,10,17.1,2.0,1.6999999999999886,0,0,0,16.0,-0.8660254037844386,0.5000000000000001,39.7026,0.4034
REC_02884,Hyderabad,Telangana,17.385,78.4867,semi_arid,2023-10-11,2023-10-19,8,1.4,46.2,27.5,23.1,46.2,58.1,1017.8,7.2,5.8,0,10,44.800000000000004,4.399999999999999,11.899999999999999,1,1,1,64.0,-0.8660254037844386,0.5000000000000001,0.6468,0.3187
REC_02870,Visakhapatnam,Andhra Pradesh,17.6868,83.2185,coastal_cyclonic,2023-10-12,2023-10-15,3,16.9,10.3,28.4,26.6,98.0,100.0,1007.7,20.5,3.6,0,10,6.599999999999998,1.7999999999999972,2.0,0,0,0,9.0,-0.8660254037844386,0.5000000000000001,16.561999999999998,0.429
REC_01390,Hyderabad,Telangana,17.385,78.4867,semi_arid,2023-10-12,2023-10-20,8,2.0,0.0,23.9,21.7,54.6,61.5,1013.9,0.0,2.1,0,10,2.0,2.1999999999999993,6.899999999999999,0,0,0,64.0,-0.8660254037844386,0.5000000000000001,1.092,0.3207
REC_01592,Visakhapatnam,Andhra Pradesh,17.6868,83.2185,coastal_cyclonic,2023-10-13,2023-10-17,4,20.1,17.4,24.4,24.1,78.7,88.2,1003.2,18.5,1.6,0,10,2.700000000000003,0.29999999999999716,9.5,0,0,0,16.0,-0.8660254037844386,0.5000000000000001,15.818700000000002,0.4277
REC_02428,Krishna District,Andhra Pradesh,16.5062,80.648,coastal_humid,2023-10-13,2023-10-20,7,24.5,34.8,27.5,25.9,79.2,71.5,1007.9,31.3,6.8,0,10,10.299999999999997,1.6000000000000014,7.700000000000003,0,0,0,49.0,-0.8660254037844386,0.5000000000000001,19.404,0.4112
REC_01176,Krishna District,Andhra Pradesh,16.5062,80.648,coastal_humid,2023-10-13,2023-10-19,6,12.2,13.4,30.1,31.7,87.2,76.6,1009.4,21.2,9.0,0,10,1.200000000000001,1.5999999999999979,10.600000000000009,0,0,0,36.0,-0.8660254037844386,0.5000000000000001,10.638399999999999,0.4098
REC_00183,Visakhapatnam,Andhra Pradesh,17.6868,83.2185,coastal_cyclonic,2023-10-13,2023-10-17,4,20.3,25.4,29.7,29.4,86.2,77.1,1006.1,21.9,1.6,0,10,5.099999999999998,0.3000000000000007,9.100000000000009,0,0,0,16.0,-0.8660254037844386,0.5000000000000001,17.4986,0.4263
REC_01234,Bengaluru,Karnataka,12.9716,77.5946,plateau_temperate,2023-10-13,2023-10-15,2,0.5,0.0,23.3,23.7,63.1,60.9,1003.3,0.0,2.0,0,10,0.5,0.3999999999999986,2.200000000000003,0,0,0,4.0,-0.8660254037844386,0.5000000000000001,0.3155,0.3148
REC_00759,Delhi,NCR,28.6139,77.209,continental_subtropical,2023-10-13,2023-10-14,1,0.3,0.0,19.0,19.4,46.7,48.3,1012.4,0.2,0.2,0,10,0.3,0.3999999999999986,1.5999999999999943,0,0,0,1.0,-0.8660254037844386,0.5000000000000001,0.1401,0.2532
REC_00220,Visakhapatnam,Andhra Pradesh,17.6868,83.2185,coastal_cyclonic,2023-10-13,2023-10-17,4,20.7,41.7,28.5,27.5,93.9,93.2,1007.5,31.3,10.5,0,10,21.000000000000004,1.0,0.7000000000000028,0,0,0,16.0,-0.8660254037844386,0.5000000000000001,19.4373,0.4249
REC_02970,Mumbai,Maharashtra,19.076,72.8777,coastal_heavy_monsoon,2023-10-14,2023-10-16,2,72.6,84.9,34.5,32.6,84.2,87.7,1005.6,74.1,1.6,0,10,12.300000000000011,1.8999999999999986,3.5,0,0,0,4.0,-0.8660254037844386,0.5000000000000001,61.1292,0.402
REC_02586,Delhi,NCR,28.6139,77.209,continental_subtropical,2023-10-14,2023-10-21,7,1.7,0.0,25.6,31.3,57.9,49.3,1008.1,3.8,2.1,0,10,1.7,5.699999999999999,8.600000000000001,0,1,1,49.0,-0.8660254037844386,0.5000000000000001,0.9843,0.2524
REC_02962,Krishna District,Andhra Pradesh,16.5062,80.648,coastal_humid,2023-10-14,2023-10-23,9,46.9,0.0,26.9,32.8,90.3,100.0,1006.9,43.4,3.5,0,10,46.9,5.899999999999999,9.700000000000003,1,1,1,81.0,-0.8660254037844386,0.5000000000000001,42.350699999999996,0.4085
REC_01132,Hyderabad,Telangana,17.385,78.4867,semi_arid,2023-10-14,2023-10-24,10,2.3,25.1,27.4,28.0,48.1,52.7,1007.9,0.0,7.8,0,10,22.8,0.6000000000000014,4.600000000000001,0,0,0,100.0,-0.8660254037844386,0.5000000000000001,1.1063,0.3198
REC_02513,Delhi,NCR,28.6139,77.209,continental_subtropical,2023-10-15,2023-10-22,7,16.7,24.7,23.8,22.5,41.6,66.5,1010.5,30.1,13.4,0,10,8.0,1.3000000000000007,24.9,0,0,0,49.0,-0.8660254037844386,0.5000000000000001,6.9472000000000005,0.2548
REC_00389,Krishna District,Andhra Pradesh,16.5062,80.648,coastal_humid,2023-10-16,2023-10-24,8,94.4,0.0,29.0,28.0,98.0,99.9,1007.9,100.5,6.1,0,10,94.4,1.0,1.9000000000000057,1,0,1,64.0,-0.8660254037844386,0.5000000000000001,92.512,0.4104
REC_00817,Delhi,NCR,28.6139,77.209,continental_subtropical,2023-10-16,2023-10-26,10,4.0,0.0,26.7,31.3,59.1,31.3,1010.5,26.7,22.7,0,10,4.0,4.600000000000001,27.8,0,1,1,100.0,-0.8660254037844386,0.5000000000000001,2.364,0.254
REC_00787,Bengaluru,Karnataka,12.9716,77.5946,plateau_temperate,2023-10-16,2023-10-20,4,0.3,0.0,24.1,21.9,69.5,69.7,1004.0,0.0,4.0,0,10,0.3,2.200000000000003,0.20000000000000284,0,0,0,16.0,-0.8660254037844386,0.5000000000000001,0.2085,0.3138
REC_02842,Hyderabad,Telangana,17.385,78.4867,semi_arid,2023-10-17,2023-10-24,7,0.5,0.0,22.4,24.5,58.9,47.0,1008.5,8.9,8.5,0,10,0.5,2.1000000000000014,11.899999999999999,0,0,0,49.0,-0.8660254037844386,0.5000000000000001,0.2945,0.3188
REC_02141,Visakhapatnam,Andhra Pradesh,17.6868,83.2185,coastal_cyclonic,2023-10-17,2023-10-21,4,15.6,10.1,28.3,30.0,70.8,67.1,1010.5,16.5,0.9,0,10,5.5,1.6999999999999993,3.700000000000003,0,0,0,16.0,-0.8660254037844386,0.5000000000000001,11.0448,0.4236
REC_01724,Bengaluru,Karnataka,12.9716,77.5946,plateau_temperate,2023-10-17,2023-10-25,8,0.9,0.0,25.9,23.2,59.5,68.3,1008.1,0.0,3.2,0,10,0.9,2.6999999999999993,8.799999999999997,0,0,0,64.0,-0.8660254037844386,0.5000000000000001,0.5355000000000001,0.3129
REC_02446,Mumbai,Maharashtra,19.076,72.8777,coastal_heavy_monsoon,2023-10-17,2023-10-19,2,26.3,10.7,23.9,24.5,97.7,98.1,1008.7,23.6,2.7,0,10,15.600000000000001,0.6000000000000014,0.3999999999999915,0,0,0,4.0,-0.8660254037844386,0.5000000000000001,25.695100000000004,0.4007
REC_01957,Krishna District,Andhra Pradesh,16.5062,80.648,coastal_humid,2023-10-17,2023-10-21,4,45.1,14.9,36.4,35.6,85.0,85.5,1011.8,41.5,3.5,0,10,30.200000000000003,0.7999999999999972,0.5,1,0,1,16.0,-0.8660254037844386,0.5000000000000001,38.335,0.4123
REC_01959,Delhi,NCR,28.6139,77.209,continental_subtropical,2023-10-17,2023-10-19,2,1.0,0.9,25.6,24.4,56.8,55.8,1012.2,0.8,0.2,0,10,0.09999999999999998,1.2000000000000028,1.0,0,0,0,4.0,-0.8660254037844386,0.5000000000000001,0.568,0.2563
REC_00988,Bengaluru,Karnataka,12.9716,77.5946,plateau_temperate,2023-10-17,2023-10-18,1,0.8,0.0,25.9,26.3,53.3,50.7,993.6,1.3,0.6,0,10,0.8,0.40000000000000213,2.5999999999999943,0,0,0,1.0,-0.8660254037844386,0.5000000000000001,0.4264,0.3119
REC_02544,Krishna District,Andhra Pradesh,16.5062,80.648,coastal_humid,2023-10-17,2023-10-18,1,19.4,35.8,26.9,26.7,85.0,81.9,1010.8,18.3,1.1,0,10,16.4,0.1999999999999993,3.0999999999999943,0,0,0,1.0,-0.8660254037844386,0.5000000000000001,16.49,0.4142
REC_02201,Delhi,NCR,28.6139,77.209,continental_subtropical,2023-10-17,2023-10-19,2,2.2,2.4,24.9,25.8,48.6,48.7,1009.4,0.0,4.8,0,10,0.19999999999999973,0.9000000000000021,0.10000000000000142,0,0,0,4.0,-0.8660254037844386,0.5000000000000001,1.0692000000000002,0.2555
REC_00246,Bengaluru,Karnataka,12.9716,77.5946,plateau_temperate,2023-10-17,2023-10-19,2,10.2,12.6,21.4,23.7,39.2,35.1,1011.0,12.3,2.1,0,10,2.4000000000000004,2.3000000000000007,4.100000000000001,0,0,0,4.0,-0.8660254037844386,0.5000000000000001,3.9983999999999997,0.311
REC_01484,Hyderabad,Telangana,17.385,78.4867,semi_arid,2023-10-18,2023-10-28,10,0.4,6.2,18.3,13.3,50.6,40.2,1003.7,13.3,12.8,0,10,5.8,5.0,10.399999999999999,0,1,1,100.0,-0.8660254037844386,0.5000000000000001,0.20240000000000002,0.3179
REC_02599,Hyderabad,Telangana,17.385,78.4867,semi_arid,2023-10-18,2023-10-28,10,0.7,46.7,23.4,19.6,57.1,77.5,1011.5,0.0,5.0,0,10,46.0,3.799999999999997,20.4,1,1,1,100.0,-0.8660254037844386,0.5000000000000001,0.3997,0.3199
REC_03401,Bengaluru,Karnataka,12.9716,77.5946,plateau_temperate,2023-10-19,2023-10-21,2,5.4,20.6,26.6,27.6,60.0,65.0,1000.2,5.0,0.4,0,10,15.200000000000001,1.0,5.0,0,0,0,4.0,-0.8660254037844386,0.5000000000000001,3.24,0.31
REC_02601,Mumbai,Maharashtra,19.076,72.8777,coastal_heavy_monsoon,2023-10-19,2023-10-22,3,16.0,0.0,24.3,23.4,95.2,98.2,1013.1,18.7,2.8,0,10,16.0,0.9000000000000021,3.0,0,0,0,9.0,-0.8660254037844386,0.5000000000000001,15.232000000000001,0.3993
REC_01566,Krishna District,Andhra Pradesh,16.5062,80.648,coastal_humid,2023-10-19,2023-10-23,4,37.3,0.0,28.1,32.4,88.6,94.4,1006.9,32.8,4.5,0,10,37.3,4.299999999999997,5.800000000000011,1,1,1,16.0,-0.8660254037844386,0.5000000000000001,33.047799999999995,0.4129
REC_01763,Mumbai,Maharashtra,19.076,72.8777,coastal_heavy_monsoon,2023-10-19,2023-10-23,4,22.6,31.2,23.2,24.4,76.0,77.9,1007.9,23.1,0.6,0,10,8.599999999999998,1.1999999999999993,1.9000000000000057,0,0,0,16.0,-0.8660254037844386,0.5000000000000001,17.176000000000002,0.398
REC_02447,Bengaluru,Karnataka,12.9716,77.5946,plateau_temperate,2023-10-19,2023-10-24,5,1.5,0.0,28.2,24.2,65.0,71.3,1008.6,7.6,6.1,0,10,1.5,4.0,6.299999999999997,0,1,1,25.0,-0.8660254037844386,0.5000000000000001,0.975,0.3091
REC_01449,Delhi,NCR,28.6139,77.209,continental_subtropical,2023-10-20,2023-10-28,8,4.3,71.9,26.4,29.8,55.4,36.0,1009.4,0.4,3.9,0,10,67.60000000000001,3.400000000000002,19.4,1,0,1,64.0,-0.8660254037844386,0.5000000000000001,2.3821999999999997,0.2547
REC_00939,Visakhapatnam,Andhra Pradesh,17.6868,83.2185,coastal_cyclonic,2023-10-20,2023-10-27,7,23.7,0.0,27.9,27.7,91.9,78.1,1002.4,26.0,2.3,0,10,23.7,0.1999999999999993,13.800000000000011,1,0,1,49.0,-0.8660254037844386,0.5000000000000001,21.7803,0.4222
REC_03344,Krishna District,Andhra Pradesh,16.5062,80.648,coastal_humid,2023-10-20,2023-10-26,6,31.8,0.0,27.0,27.3,86.3,78.2,1007.0,30.7,1.2,0,10,31.8,0.3000000000000007,8.099999999999994,1,0,1,36.0,-0.8660254037844386,0.5000000000000001,27.4434,0.4148
REC_02933,Visakhapatnam,Andhra Pradesh,17.6868,83.2185,coastal_cyclonic,2023-10-20,2023-10-25,5,21.4,0.0,27.4,27.0,75.8,76.6,1006.2,29.5,8.2,0,10,21.4,0.3999999999999986,0.7999999999999972,1,0,1,25.0,-0.8660254037844386,0.5000000000000001,16.2212,0.4241
REC_02050,Bengaluru,Karnataka,12.9716,77.5946,plateau_temperate,2023-10-21,2023-10-25,4,1.3,1.8,26.1,24.8,50.5,49.9,1012.5,0.0,2.3,0,10,0.5,1.3000000000000007,0.6000000000000014,0,0,0,16.0,-0.8660254037844386,0.5000000000000001,0.6565000000000001,0.3112
REC_02660,Krishna District,Andhra Pradesh,16.5062,80.648,coastal_humid,2023-10-21,2023-10-25,4,7.2,14.2,22.2,23.5,82.6,77.4,1003.0,4.1,3.1,0,10,6.999999999999999,1.3000000000000007,5.199999999999989,0,0,0,16.0,-0.8660254037844386,0.5000000000000001,5.9472000000000005,0.4167
REC_03449,Hyderabad,Telangana,17.385,78.4867,semi_arid,2023-10-21,2023-10-25,4,0.9,0.0,29.3,28.9,54.3,49.7,1003.8,1.4,0.5,0,10,0.9,0.40000000000000213,4.599999999999994,0,0,0,16.0,-0.8660254037844386,0.5000000000000001,0.48869999999999997,0.3218
REC_02194,Visakhapatnam,Andhra Pradesh,17.6868,83.2185,coastal_cyclonic,2023-10-21,2023-10-27,6,19.0,1.0,29.0,29.3,78.7,87.1,1009.4,13.0,6.0,0,10,18.0,0.3000000000000007,8.399999999999991,0,0,0,36.0,-0.8660254037844386,0.5000000000000001,14.953,0.4259
REC_03042,Bengaluru,Karnataka,12.9716,77.5946,plateau_temperate,2023-10-21,2023-10-28,7,1.5,3.7,22.8,23.6,44.4,47.6,1003.3,3.6,2.1,0,10,2.2,0.8000000000000007,3.200000000000003,0,0,0,49.0,-0.8660254037844386,0.5000000000000001,0.6659999999999999,0.3102
REC_02251,Visakhapatnam,Andhra Pradesh,17.6868,83.2185,coastal_cyclonic,2023-10-22,2023-10-24,2,88.7,62.6,30.3,30.4,94.2,94.1,1017.3,90.2,1.5,0,10,26.1,0.09999999999999787,0.10000000000000853,1,0,1,4.0,-0.8660254037844386,0.5000000000000001,83.5554,0.4245
REC_00958,Visakhapatnam,Andhra Pradesh,17.6868,83.2185,coastal_cyclonic,2023-10-22,2023-10-28,6,18.0,9.3,31.9,30.8,91.2,95.6,1006.1,7.8,10.2,0,10,8.7,1.0999999999999979,4.3999999999999915,0,0,0,36.0,-0.8660254037844386,0.5000000000000001,16.416,0.4263
REC_02248,Hyderabad,Telangana,17.385,78.4867,semi_arid,2023-10-22,2023-10-31,9,2.5,13.0,29.7,34.7,55.4,49.5,1017.7,8.1,5.6,0,10,10.5,5.0000000000000036,5.899999999999999,0,1,1,81.0,-0.8660254037844386,0.5000000000000001,1.385,0.3209
REC_00328,Visakhapatnam,Andhra Pradesh,17.6868,83.2185,coastal_cyclonic,2023-10-23,2023-11-02,10,24.8,0.0,28.5,34.2,82.6,96.6,1007.8,0.0,41.8,0,11,24.8,5.700000000000003,14.0,1,1,1,100.0,-0.5000000000000004,0.8660254037844384,20.4848,0.425
REC_01608,Delhi,NCR,28.6139,77.209,continental_subtropical,2023-10-23,2023-11-01,9,6.3,15.2,21.9,23.0,41.6,20.4,1006.1,21.2,14.9,0,11,8.899999999999999,1.1000000000000014,21.200000000000003,0,0,0,81.0,-0.5000000000000004,0.8660254037844384,2.6208,0.2571
REC_01787,Delhi,NCR,28.6139,77.209,continental_subtropical,2023-10-23,2023-10-31,8,1.4,0.0,22.7,23.7,66.4,51.0,1010.5,0.0,4.9,0,10,1.4,1.0,15.400000000000006,0,0,0,64.0,-0.8660254037844386,0.5000000000000001,0.9296000000000001,0.2562
REC_01997,Krishna District,Andhra Pradesh,16.5062,80.648,coastal_humid,2023-10-23,2023-11-02,10,34.5,69.9,28.1,21.0,83.3,98.2,1002.4,35.1,0.6,0,11,35.400000000000006,7.100000000000001,14.900000000000006,1,1,1,100.0,-0.5000000000000004,0.8660254037844384,28.7385,0.4153
REC_01964,Krishna District,Andhra Pradesh,16.5062,80.648,coastal_humid,2023-10-23,2023-10-26,3,11.6,0.0,29.0,28.4,83.1,78.1,1011.7,16.8,5.2,0,10,11.6,0.6000000000000014,5.0,0,0,0,9.0,-0.8660254037844386,0.5000000000000001,9.6396,0.4172
REC_02903,Visakhapatnam,Andhra Pradesh,17.6868,83.2185,coastal_cyclonic,2023-10-23,2023-10-25,2,28.5,35.5,27.1,28.4,80.8,82.9,1006.8,29.5,1.0,0,10,7.0,1.2999999999999972,2.1000000000000085,0,0,0,4.0,-0.8660254037844386,0.5000000000000001,23.028,0.4268
REC_01250,Krishna District,Andhra Pradesh,16.5062,80.648,coastal_humid,2023-10-23,2023-10-24,1,1.8,6.8,23.7,24.3,76.4,74.8,1009.3,2.2,0.4,0,10,5.0,0.6000000000000014,1.6000000000000085,0,0,0,1.0,-0.8660254037844386,0.5000000000000001,1.3752000000000002,0.4159
REC_00599,Hyderabad,Telangana,17.385,78.4867,semi_arid,2023-10-23,2023-10-24,1,1.6,0.0,24.6,25.3,58.2,55.2,1010.2,3.7,2.1,0,10,1.6,0.6999999999999993,3.0,0,0,0,1.0,-0.8660254037844386,0.5000000000000001,0.9312,0.3229
REC_01209,Krishna District,Andhra Pradesh,16.5062,80.648,coastal_humid,2023-10-23,2023-10-27,4,175.6,177.7,30.6,31.8,89.1,86.0,1009.8,171.3,4.3,0,10,2.0999999999999943,1.1999999999999993,3.0999999999999943,0,0,0,16.0,-0.8660254037844386,0.5000000000000001,156.4596,0.4146
REC_02215,Krishna District,Andhra Pradesh,16.5062,80.648,coastal_humid,2023-10-24,2023-10-25,1,40.6,40.4,30.5,30.3,90.8,92.5,1013.3,41.1,0.5,0,10,0.20000000000000284,0.1999999999999993,1.7000000000000028,0,0,0,1.0,-0.8660254037844386,0.5000000000000001,36.8648,0.4132
REC_02462,Mumbai,Maharashtra,19.076,72.8777,coastal_heavy_monsoon,2023-10-24,2023-10-26,2,0.2,0.0,26.4,24.8,83.5,81.2,1003.6,0.0,1.4,0,10,0.2,1.5999999999999979,2.299999999999997,0,0,0,4.0,-0.8660254037844386,0.5000000000000001,0.16699999999999998,0.3967
REC_03485,Krishna District,Andhra Pradesh,16.5062,80.648,coastal_humid,2023-10-24,2023-10-27,3,8.5,9.4,33.3,34.1,90.4,97.1,1012.2,9.6,1.2,0,10,0.9000000000000004,0.8000000000000043,6.699999999999989,0,0,0,9.0,-0.8660254037844386,0.5000000000000001,7.684000000000001,0.4119
REC_01892,Mumbai,Maharashtra,19.076,72.8777,coastal_heavy_monsoon,2023-10-24,2023-10-28,4,76.9,127.1,30.4,26.6,71.1,71.4,1006.6,77.9,1.0,0,10,50.19999999999999,3.799999999999997,0.30000000000001137,1,1,1,16.0,-0.8660254037844386,0.5000000000000001,54.6759,0.3953
REC_02512,Mumbai,Maharashtra,19.076,72.8777,coastal_heavy_monsoon,2023-10-24,2023-10-31,7,18.0,52.8,28.8,29.5,98.0,100.0,1015.9,11.4,6.5,0,10,34.8,0.6999999999999993,2.0,1,0,1,49.0,-0.8660254037844386,0.5000000000000001,17.64,0.3974
REC_00598,Visakhapatnam,Andhra Pradesh,17.6868,83.2185,coastal_cyclonic,2023-10-24,2023-11-02,9,16.5,1.7,28.4,26.4,87.0,80.9,1004.8,0.0,20.6,0,11,14.8,2.0,6.099999999999994,0,0,0,81.0,-0.5000000000000004,0.8660254037844384,14.355,0.4255
REC_03175,Hyderabad,Telangana,17.385,78.4867,semi_arid,2023-10-25,2023-10-31,6,4.9,0.0,25.0,25.0,53.7,53.6,1005.2,9.2,4.2,0,10,4.9,0.0,0.10000000000000142,0,0,0,36.0,-0.8660254037844386,0.5000000000000001,2.6313000000000004,0.3219
REC_00030,Delhi,NCR,28.6139,77.209,continental_subtropical,2023-10-25,2023-11-01,7,0.1,0.0,24.2,22.2,51.2,58.3,1012.4,0.0,0.6,0,11,0.1,2.0,7.099999999999994,0,0,0,49.0,-0.5000000000000004,0.8660254037844384,0.05120000000000001,0.2555
REC_02263,Mumbai,Maharashtra,19.076,72.8777,coastal_heavy_monsoon,2023-10-25,2023-10-29,4,55.6,102.2,28.2,29.4,83.2,85.1,1010.0,54.7,0.8,0,10,46.6,1.1999999999999993,1.8999999999999915,1,0,1,16.0,-0.8660254037844386,0.5000000000000001,46.2592,0.3993
REC_01819,Bengaluru,Karnataka,12.9716,77.5946,plateau_temperate,2023-10-26,2023-10-29,3,1.3,0.0,24.4,25.4,60.7,61.1,1010.1,4.7,3.4,0,10,1.3,1.0,0.3999999999999986,0,0,0,9.0,-0.8660254037844386,0.5000000000000001,0.7891000000000001,0.3093
REC_02566,Delhi,NCR,28.6139,77.209,continental_subtropical,2023-10-26,2023-10-30,4,1.0,0.0,22.9,19.2,49.3,46.9,1004.7,0.0,4.0,0,10,1.0,3.6999999999999993,2.3999999999999986,0,1,1,16.0,-0.8660254037844386,0.5000000000000001,0.493,0.2547
REC_02859,Hyderabad,Telangana,17.385,78.4867,semi_arid,2023-10-26,2023-11-04,9,0.4,0.0,24.6,24.4,76.0,59.2,1003.6,0.0,15.2,0,11,0.4,0.20000000000000284,16.799999999999997,0,0,0,81.0,-0.5000000000000004,0.8660254037844384,0.30400000000000005,0.321
REC_01391,Krishna District,Andhra Pradesh,16.5062,80.648,coastal_humid,2023-10-27,2023-10-30,3,29.4,25.9,29.7,30.6,90.3,98.1,1009.1,28.7,0.7,0,10,3.5,0.9000000000000021,7.799999999999997,0,0,0,9.0,-0.8660254037844386,0.5000000000000001,26.548199999999998,0.4107
REC_01893,Delhi,NCR,28.6139,77.209,continental_subtropical,2023-10-27,2023-11-01,5,3.3,8.4,20.8,19.7,51.5,46.1,1000.8,0.2,3.0,0,11,5.1000000000000005,1.1000000000000014,5.399999999999999,0,0,0,25.0,-0.5000000000000004,0.8660254037844384,1.6994999999999998,0.257
REC_01664,Bengaluru,Karnataka,12.9716,77.5946,plateau_temperate,2023-10-27,2023-11-03,7,6.5,54.5,21.9,20.1,63.6,50.0,1004.0,19.1,12.6,0,11,48.0,1.7999999999999972,13.600000000000001,1,0,1,49.0,-0.5000000000000004,0.8660254037844384,4.134,0.3084
REC_00633,Bengaluru,Karnataka,12.9716,77.5946,plateau_temperate,2023-10-27,2023-11-06,10,3.8,2.1,23.8,22.8,48.1,78.2,1006.0,19.9,16.1,0,11,1.6999999999999997,1.0,30.1,0,0,0,100.0,-0.5000000000000004,0.8660254037844384,1.8278,0.3104
REC_01373,Hyderabad,Telangana,17.385,78.4867,semi_arid,2023-10-28,2023-10-29,1,1.1,0.5,21.7,22.5,48.9,53.1,1011.1,1.2,0.1,0,10,0.6000000000000001,0.8000000000000007,4.200000000000003,0,0,0,1.0,-0.8660254037844386,0.5000000000000001,0.5379,0.3201
REC_02539,Bengaluru,Karnataka,12.9716,77.5946,plateau_temperate,2023-10-28,2023-10-29,1,3.4,6.5,21.5,20.7,65.7,64.5,1011.4,3.3,0.1,0,10,3.1,0.8000000000000007,1.2000000000000028,0,0,0,1.0,-0.8660254037844386,0.5000000000000001,2.2338,0.3095
REC_02161,Visakhapatnam,Andhra Pradesh,17.6868,83.2185,coastal_cyclonic,2023-10-29,2023-11-02,4,13.0,0.0,27.7,34.1,74.0,77.9,1008.8,15.0,2.0,0,11,13.0,6.400000000000002,3.9000000000000057,0,1,1,16.0,-0.5000000000000004,0.8660254037844384,9.62,0.4241
REC_01415,Mumbai,Maharashtra,19.076,72.8777,coastal_heavy_monsoon,2023-10-29,2023-10-31,2,10.8,15.2,28.9,27.4,82.3,88.0,1004.5,13.4,2.6,0,10,4.399999999999999,1.5,5.700000000000003,0,0,0,4.0,-0.8660254037844386,0.5000000000000001,8.8884,0.4013
REC_03465,Mumbai,Maharashtra,19.076,72.8777,coastal_heavy_monsoon,2023-10-29,2023-11-01,3,7.2,3.0,26.3,26.4,86.9,95.1,1004.7,7.7,0.5,0,11,4.2,0.09999999999999787,8.199999999999989,0,0,0,9.0,-0.5000000000000004,0.8660254037844384,6.256800000000001,0.4
REC_00715,Visakhapatnam,Andhra Pradesh,17.6868,83.2185,coastal_cyclonic,2023-10-29,2023-11-03,5,1.2,25.3,24.3,22.0,84.9,85.0,1006.1,8.5,7.3,0,11,24.1,2.3000000000000007,0.09999999999999432,0,0,0,25.0,-0.5000000000000004,0.8660254037844384,1.0188000000000001,0.4259
REC_00166,Delhi,NCR,28.6139,77.209,continental_subtropical,2023-10-30,2023-11-06,7,2.1,0.0,24.1,24.9,55.7,59.0,1007.6,0.0,9.2,0,11,2.1,0.7999999999999972,3.299999999999997,0,0,0,49.0,-0.5000000000000004,0.8660254037844384,1.1697000000000002,0.2562
REC_01272,Hyderabad,Telangana,17.385,78.4867,semi_arid,2023-10-30,2023-11-06,7,1.3,0.0,21.1,23.1,55.4,61.1,1005.9,9.6,8.4,0,11,1.3,2.0,5.700000000000003,0,0,0,49.0,-0.5000000000000004,0.8660254037844384,0.7202,0.3192
REC_02759,Krishna District,Andhra Pradesh,16.5062,80.648,coastal_humid,2023-10-30,2023-11-05,6,33.8,11.3,25.2,24.9,92.9,100.0,1003.7,31.6,2.2,0,11,22.499999999999996,0.3000000000000007,7.099999999999994,0,0,0,36.0,-0.5000000000000004,0.8660254037844384,31.400199999999998,0.4094
REC_01265,Mumbai,Maharashtra,19.076,72.8777,coastal_heavy_monsoon,2023-10-30,2023-11-02,3,7.9,0.0,26.8,23.2,91.6,91.4,1013.8,7.6,0.3,0,11,7.9,3.6000000000000014,0.19999999999998863,0,1,1,9.0,-0.5000000000000004,0.8660254037844384,7.2364,0.3987
REC_02220,Bengaluru,Karnataka,12.9716,77.5946,plateau_temperate,2023-10-30,2023-11-04,5,1.7,0.0,26.6,25.3,49.5,55.1,1009.8,3.7,2.0,0,11,1.7,1.3000000000000007,5.600000000000001,0,0,0,25.0,-0.5000000000000004,0.8660254037844384,0.8414999999999999,0.3086
REC_01196,Mumbai,Maharashtra,19.076,72.8777,coastal_heavy_monsoon,2023-10-30,2023-11-02,3,22.7,0.0,29.3,28.7,82.7,80.4,1004.0,24.2,1.5,0,11,22.7,0.6000000000000014,2.299999999999997,1,0,1,9.0,-0.5000000000000004,0.8660254037844384,18.7729,0.4007
REC_02902,Delhi,NCR,28.6139,77.209,continental_subtropical,2023-10-30,2023-10-31,1,0.7,0.0,23.3,22.6,55.5,51.6,1008.4,1.5,0.8,0,10,0.7,0.6999999999999993,3.8999999999999986,0,0,0,1.0,-0.8660254037844386,0.5000000000000001,0.38849999999999996,0.2554
REC_01911,Visakhapatnam,Andhra Pradesh,17.6868,83.2185,coastal_cyclonic,2023-10-31,2023-11-02,2,1.0,0.0,24.0,24.8,98.0,100.0,1008.0,0.0,1.6,0,11,1.0,0.8000000000000007,2.0,0,0,0,4.0,-0.5000000000000004,0.8660254037844384,0.98,0.4246
REC_02514,Visakhapatnam,Andhra Pradesh,17.6868,83.2185,coastal_cyclonic,2023-10-31,2023-11-03,3,74.0,91.1,27.6,27.7,82.9,80.6,1014.7,74.1,0.1,0,11,17.099999999999994,0.09999999999999787,2.3000000000000114,0,0,0,9.0,-0.5000000000000004,0.8660254037844384,61.346000000000004,0.4233
REC_00006,Visakhapatnam,Andhra Pradesh,17.6868,83.2185,coastal_cyclonic,2023-10-31,2023-11-10,10,15.4,0.0,26.4,23.7,87.7,96.3,1000.9,10.3,5.2,0,11,15.4,2.6999999999999993,8.599999999999994,0,0,0,100.0,-0.5000000000000004,0.8660254037844384,13.5058,0.422
REC_00210,Krishna District,Andhra Pradesh,16.5062,80.648,coastal_humid,2023-11-01,2023-11-07,6,26.7,37.0,27.4,26.6,88.9,85.2,1004.6,31.9,5.3,0,11,10.3,0.7999999999999972,3.700000000000003,0,0,0,36.0,-0.5000000000000004,0.8660254037844384,23.7363,0.4081
REC_01604,Delhi,NCR,28.6139,77.209,continental_subtropical,2023-11-01,2023-11-08,7,0.8,0.0,22.5,20.6,48.1,40.2,1005.1,4.0,3.2,0,11,0.8,1.8999999999999986,7.899999999999999,0,0,0,49.0,-0.5000000000000004,0.8660254037844384,0.38480000000000003,0.2546
REC_00044,Visakhapatnam,Andhra Pradesh,17.6868,83.2185,coastal_cyclonic,2023-11-02,2023-11-04,2,76.5,53.5,33.3,32.4,78.4,79.5,1006.7,75.7,0.8,0,11,23.0,0.8999999999999986,1.0999999999999943,0,0,0,4.0,-0.5000000000000004,0.8660254037844384,59.976000000000006,0.4207
REC_00454,Hyderabad,Telangana,17.385,78.4867,semi_arid,2023-11-02,2023-11-04,2,0.5,12.2,23.1,21.1,50.3,45.7,1003.3,0.9,0.4,0,11,11.7,2.0,4.599999999999994,0,0,0,4.0,-0.5000000000000004,0.8660254037844384,0.2515,0.3183
REC_02825,Visakhapatnam,Andhra Pradesh,17.6868,83.2185,coastal_cyclonic,2023-11-02,2023-11-04,2,14.8,9.0,20.6,19.4,79.9,85.3,1007.4,14.1,0.7,0,11,5.800000000000001,1.2000000000000028,5.3999999999999915,0,0,0,4.0,-0.5000000000000004,0.8660254037844384,11.825200000000002,0.4195
REC_03317,Visakhapatnam,Andhra Pradesh,17.6868,83.2185,coastal_cyclonic,2023-11-02,2023-11-07,5,14.3,26.8,23.6,16.6,82.1,80.3,1012.0,13.3,1.0,0,11,12.5,7.0,1.7999999999999972,0,1,1,25.0,-0.5000000000000004,0.8660254037844384,11.7403,0.4182
REC_02558,Bengaluru,Karnataka,12.9716,77.5946,plateau_temperate,2023-11-03,2023-11-12,9,0.2,0.0,27.8,35.1,56.0,50.7,1004.3,15.6,15.4,0,11,0.2,7.300000000000001,5.299999999999997,0,1,1,81.0,-0.5000000000000004,0.8660254037844384,0.11200000000000002,0.3077
REC_00562,Hyderabad,Telangana,17.385,78.4867,semi_arid,2023-11-03,2023-11-07,4,5.3,0.1,25.1,23.8,49.7,39.9,1008.8,8.2,2.9,0,11,5.2,1.3000000000000007,9.800000000000004,0,0,0,16.0,-0.5000000000000004,0.8660254037844384,2.6341,0.3174
REC_01692,Bengaluru,Karnataka,12.9716,77.5946,plateau_temperate,2023-11-03,2023-11-05,2,2.5,8.5,21.6,22.4,65.5,66.6,1011.5,6.8,4.3,0,11,6.0,0.7999999999999972,1.0999999999999943,0,0,0,4.0,-0.5000000000000004,0.8660254037844384,1.6375,0.3097
REC_01853,Visakhapatnam,Andhra Pradesh,17.6868,83.2185,coastal_cyclonic,2023-11-03,2023-11-05,2,109.6,53.6,25.3,25.7,77.7,72.3,1009.0,108.9,0.7,0,11,55.99999999999999,0.3999999999999986,5.400000000000006,1,0,1,4.0,-0.5000000000000004,0.8660254037844384,85.1592,0.4199
REC_00937,Mumbai,Maharashtra,19.076,72.8777,coastal_heavy_monsoon,2023-11-04,2023-11-08,4,80.4,68.2,27.5,30.6,90.7,100.0,1007.0,76.2,4.2,0,11,12.200000000000003,3.1000000000000014,9.299999999999997,0,0,0,16.0,-0.5000000000000004,0.8660254037844384,72.92280000000001,0.4026
REC_01889,Bengaluru,Karnataka,12.9716,77.5946,plateau_temperate,2023-11-04,2023-11-11,7,0.9,0.0,21.7,21.9,65.5,49.2,1006.2,0.0,9.1,0,11,0.9,0.1999999999999993,16.299999999999997,0,0,0,49.0,-0.5000000000000004,0.8660254037844384,0.5895,0.3088
REC_00442,Krishna District,Andhra Pradesh,16.5062,80.648,coastal_humid,2023-11-05,2023-11-07,2,28.3,53.3,26.3,26.9,88.6,88.1,1012.4,27.4,0.9,0,11,24.999999999999996,0.5999999999999979,0.5,0,0,0,4.0,-0.5000000000000004,0.8660254037844384,25.073800000000002,0.4068
REC_00443,Mumbai,Maharashtra,19.076,72.8777,coastal_heavy_monsoon,2023-11-05,2023-11-09,4,27.3,68.8,24.0,25.0,89.0,78.5,1012.4,17.9,9.4,0,11,41.5,1.0,10.5,1,0,1,16.0,-0.5000000000000004,0.8660254037844384,24.297000000000004,0.4013
REC_00835,Visakhapatnam,Andhra Pradesh,17.6868,83.2185,coastal_cyclonic,2023-11-05,2023-11-14,9,85.5,94.5,24.2,24.9,98.0,100.0,1006.3,77.1,8.4,0,11,9.0,0.6999999999999993,2.0,0,0,0,81.0,-0.5000000000000004,0.8660254037844384,83.79,0.4217
REC_00152,Visakhapatnam,Andhra Pradesh,17.6868,83.2185,coastal_cyclonic,2023-11-06,2023-11-14,8,27.1,85.7,26.1,23.0,92.3,89.7,1001.7,38.9,11.8,0,11,58.6,3.1000000000000014,2.5999999999999943,1,0,1,64.0,-0.5000000000000004,0.8660254037844384,25.0133,0.4204
REC_01208,Krishna District,Andhra Pradesh,16.5062,80.648,coastal_humid,2023-11-06,2023-11-16,10,4.8,0.0,27.9,34.7,89.5,94.8,1006.4,24.4,19.5,0,11,4.8,6.800000000000004,5.299999999999997,0,1,1,100.0,-0.5000000000000004,0.8660254037844384,4.295999999999999,0.4056
REC_02146,Hyderabad,Telangana,17.385,78.4867,semi_arid,2023-11-07,2023-11-17,10,1.6,0.0,18.1,18.3,65.9,64.8,1008.1,0.0,8.0,0,11,1.6,0.1999999999999993,1.1000000000000085,0,0,0,100.0,-0.5000000000000004,0.8660254037844384,1.0544000000000002,0.3165
REC_02122,Krishna District,Andhra Pradesh,16.5062,80.648,coastal_humid,2023-11-07,2023-11-14,7,30.4,0.0,23.0,21.9,73.8,67.7,1013.2,20.8,9.6,0,11,30.4,1.1000000000000014,6.099999999999994,1,0,1,49.0,-0.5000000000000004,0.8660254037844384,22.4352,0.4074
REC_01277,Delhi,NCR,28.6139,77.209,continental_subtropical,2023-11-07,2023-11-12,5,1.3,23.2,24.4,25.1,61.5,67.1,1007.7,0.0,11.1,0,11,21.9,0.7000000000000028,5.599999999999994,0,0,0,25.0,-0.5000000000000004,0.8660254037844384,0.7995,0.2538
REC_02388,Hyderabad,Telangana,17.385,78.4867,semi_arid,2023-11-07,2023-11-11,4,10.9,25.6,19.8,19.5,54.3,55.8,1015.7,7.4,3.5,0,11,14.700000000000001,0.3000000000000007,1.5,0,0,0,16.0,-0.5000000000000004,0.8660254037844384,5.9187,0.3156
REC_02789,Bengaluru,Karnataka,12.9716,77.5946,plateau_temperate,2023-11-07,2023-11-09,2,8.2,4.8,19.0,18.5,60.1,58.0,1004.4,5.3,2.9,0,11,3.3999999999999995,0.5,2.1000000000000014,0,0,0,4.0,-0.5000000000000004,0.8660254037844384,4.9282,0.3079
REC_00385,Hyderabad,Telangana,17.385,78.4867,semi_arid,2023-11-08,2023-11-18,10,1.1,77.1,23.8,22.6,58.6,37.3,1006.3,3.4,2.3,0,11,76.0,1.1999999999999993,21.300000000000004,1,0,1,100.0,-0.5000000000000004,0.8660254037844384,0.6446000000000001,0.3148
REC_01323,Hyderabad,Telangana,17.385,78.4867,semi_arid,2023-11-09,2023-11-11,2,0.8,0.0,20.2,19.8,51.8,45.5,1003.8,1.7,0.9,0,11,0.8,0.3999999999999986,6.299999999999997,0,0,0,4.0,-0.5000000000000004,0.8660254037844384,0.4144,0.3167
REC_01393,Krishna District,Andhra Pradesh,16.5062,80.648,coastal_humid,2023-11-09,2023-11-14,5,47.4,74.2,24.8,25.5,91.7,98.4,1010.8,56.2,8.8,0,11,26.800000000000004,0.6999999999999993,6.700000000000003,1,0,1,25.0,-0.5000000000000004,0.8660254037844384,43.4658,0.4092
REC_01321,Hyderabad,Telangana,17.385,78.4867,semi_arid,2023-11-09,2023-11-18,9,2.8,0.0,26.5,27.5,56.0,64.0,1004.3,0.0,23.4,0,11,2.8,1.0,8.0,0,0,0,81.0,-0.5000000000000004,0.8660254037844384,1.5679999999999998,0.3158
REC_00617,Mumbai,Maharashtra,19.076,72.8777,coastal_heavy_monsoon,2023-11-10,2023-11-13,3,49.9,24.9,30.0,31.7,77.6,69.8,1007.8,51.0,1.1,0,11,25.0,1.6999999999999993,7.799999999999997,1,0,1,9.0,-0.5000000000000004,0.8660254037844384,38.7224,0.4032
REC_00901,Bengaluru,Karnataka,12.9716,77.5946,plateau_temperate,2023-11-10,2023-11-15,5,0.1,0.0,27.0,29.4,50.4,48.1,1012.5,0.0,6.1,0,11,0.1,2.3999999999999986,2.299999999999997,0,0,0,25.0,-0.5000000000000004,0.8660254037844384,0.0504,0.307
REC_00592,Hyderabad,Telangana,17.385,78.4867,semi_arid,2023-11-10,2023-11-19,9,2.1,0.0,27.4,31.5,66.5,30.2,1006.0,1.3,0.8,0,11,2.1,4.100000000000001,36.3,0,1,1,81.0,-0.5000000000000004,0.8660254037844384,1.3965,0.3149
REC_00154,Hyderabad,Telangana,17.385,78.4867,semi_arid,2023-11-10,2023-11-20,10,2.4,18.6,23.8,24.0,56.0,56.6,1006.3,0.4,2.0,0,11,16.200000000000003,0.1999999999999993,0.6000000000000014,0,0,0,100.0,-0.5000000000000004,0.8660254037844384,1.344,0.3168
REC_01389,Visakhapatnam,Andhra Pradesh,17.6868,83.2185,coastal_cyclonic,2023-11-11,2023-11-18,7,10.0,0.0,25.9,27.2,80.2,76.9,1000.7,2.1,7.9,0,11,10.0,1.3000000000000007,3.299999999999997,0,0,0,49.0,-0.5000000000000004,0.8660254037844384,8.02,0.4222
REC_02359,Hyderabad,Telangana,17.385,78.4867,semi_arid,2023-11-12,2023-11-18,6,7.2,6.9,24.5,25.9,61.7,43.1,1011.1,3.5,3.7,0,11,0.2999999999999998,1.3999999999999986,18.6,0,0,0,36.0,-0.5000000000000004,0.8660254037844384,4.4424,0.3159
REC_01743,Delhi,NCR,28.6139,77.209,continental_subtropical,2023-11-12,2023-11-15,3,2.0,5.7,24.2,20.5,64.3,61.3,1002.8,4.4,2.4,0,11,3.7,3.6999999999999993,3.0,0,1,1,9.0,-0.5000000000000004,0.8660254037844384,1.286,0.253
REC_00552,Bengaluru,Karnataka,12.9716,77.5946,plateau_temperate,2023-11-13,2023-11-20,7,1.6,0.0,22.0,20.2,47.2,54.8,1010.8,14.7,13.1,0,11,1.6,1.8000000000000007,7.599999999999994,0,0,0,49.0,-0.5000000000000004,0.8660254037844384,0.7552000000000001,0.3061
REC_00162,Delhi,NCR,28.6139,77.209,continental_subtropical,2023-11-13,2023-11-21,8,2.3,0.0,25.9,29.4,54.1,61.2,1004.4,11.1,8.8,0,11,2.3,3.5,7.100000000000001,0,1,1,64.0,-0.5000000000000004,0.8660254037844384,1.2443,0.2553
REC_02612,Delhi,NCR,28.6139,77.209,continental_subtropical,2023-11-13,2023-11-21,8,6.1,16.0,26.5,28.1,45.9,52.9,1002.8,16.9,10.8,0,11,9.9,1.6000000000000014,7.0,0,0,0,64.0,-0.5000000000000004,0.8660254037844384,2.7998999999999996,0.2576
REC_00575,Hyderabad,Telangana,17.385,78.4867,semi_arid,2023-11-14,2023-11-19,5,3.7,0.0,22.4,21.6,49.8,49.8,1011.5,3.8,0.1,0,11,3.7,0.7999999999999972,0.0,0,0,0,25.0,-0.5000000000000004,0.8660254037844384,1.8426,0.3151
REC_02511,Mumbai,Maharashtra,19.076,72.8777,coastal_heavy_monsoon,2023-11-14,2023-11-21,7,51.6,0.0,27.3,28.4,82.2,71.6,1014.3,44.9,6.7,0,11,51.6,1.0999999999999979,10.600000000000009,1,0,1,49.0,-0.5000000000000004,0.8660254037844384,42.415200000000006,0.4051
REC_03442,Bengaluru,Karnataka,12.9716,77.5946,plateau_temperate,2023-11-14,2023-11-21,7,2.7,0.0,16.7,18.1,58.8,53.9,1009.6,1.3,1.4,0,11,2.7,1.4000000000000021,4.899999999999999,0,0,0,49.0,-0.5000000000000004,0.8660254037844384,1.5876,0.3052
REC_02626,Hyderabad,Telangana,17.385,78.4867,semi_arid,2023-11-15,2023-11-19,4,0.4,0.0,21.3,25.5,61.6,73.3,1003.5,0.0,7.5,0,11,0.4,4.199999999999999,11.699999999999996,0,1,1,16.0,-0.5000000000000004,0.8660254037844384,0.2464,0.3142
REC_01206,Delhi,NCR,28.6139,77.209,continental_subtropical,2023-11-15,2023-11-20,5,11.7,7.1,23.4,24.7,60.7,75.2,1006.4,21.9,10.3,0,11,4.6,1.3000000000000007,14.5,0,0,0,25.0,-0.5000000000000004,0.8660254037844384,7.1019,0.2568
REC_03482,Mumbai,Maharashtra,19.076,72.8777,coastal_heavy_monsoon,2023-11-15,2023-11-21,6,8.8,8.7,29.3,31.5,87.8,70.8,1011.1,21.0,12.2,0,11,0.10000000000000142,2.1999999999999993,17.0,0,0,0,36.0,-0.5000000000000004,0.8660254037844384,7.7264,0.4071
REC_02814,Krishna District,Andhra Pradesh,16.5062,80.648,coastal_humid,2023-11-16,2023-11-23,7,48.1,0.0,31.0,31.8,82.1,82.4,1006.4,51.3,3.2,0,11,48.1,0.8000000000000007,0.30000000000001137,1,0,1,49.0,-0.5000000000000004,0.8660254037844384,39.4901,0.411
REC_00843,Visakhapatnam,Andhra Pradesh,17.6868,83.2185,coastal_cyclonic,2023-11-16,2023-11-24,8,53.9,115.3,30.1,31.7,84.5,69.5,996.0,66.9,13.0,0,11,61.4,1.5999999999999979,15.0,1,0,1,64.0,-0.5000000000000004,0.8660254037844384,45.545500000000004,0.4209
REC_01384,Delhi,NCR,28.6139,77.209,continental_subtropical,2023-11-16,2023-11-21,5,2.1,6.9,26.6,24.2,47.1,44.8,1007.7,12.3,10.2,0,11,4.800000000000001,2.400000000000002,2.3000000000000043,0,0,0,25.0,-0.5000000000000004,0.8660254037844384,0.9891000000000001,0.256
REC_01827,Krishna District,Andhra Pradesh,16.5062,80.648,coastal_humid,2023-11-16,2023-11-21,5,124.0,114.5,24.9,25.0,86.6,78.1,1010.6,137.4,13.4,0,11,9.5,0.10000000000000142,8.5,0,0,0,25.0,-0.5000000000000004,0.8660254037844384,107.384,0.4128
REC_01576,Krishna District,Andhra Pradesh,16.5062,80.648,coastal_humid,2023-11-16,2023-11-20,4,46.0,58.0,29.3,27.2,69.2,52.6,1006.3,41.4,4.6,0,11,12.0,2.1000000000000014,16.6,0,0,0,16.0,-0.5000000000000004,0.8660254037844384,31.832000000000004,0.4116
REC_01310,Visakhapatnam,Andhra Pradesh,17.6868,83.2185,coastal_cyclonic,2023-11-16,2023-11-18,2,2.0,0.0,33.2,32.2,80.7,75.9,1004.7,0.2,1.9,0,11,2.0,1.0,4.799999999999997,0,0,0,4.0,-0.5000000000000004,0.8660254037844384,1.614,0.4226
REC_02087,Visakhapatnam,Andhra Pradesh,17.6868,83.2185,coastal_cyclonic,2023-11-16,2023-11-17,1,24.9,5.9,30.8,30.2,80.9,83.7,1000.1,24.5,0.4,0,11,19.0,0.6000000000000014,2.799999999999997,0,0,0,1.0,-0.5000000000000004,0.8660254037844384,20.1441,0.4214
REC_03354,Visakhapatnam,Andhra Pradesh,17.6868,83.2185,coastal_cyclonic,2023-11-17,2023-11-22,5,0.4,0.0,29.9,27.2,98.0,96.1,1008.3,0.0,8.2,0,11,0.4,2.6999999999999993,1.9000000000000057,0,0,0,25.0,-0.5000000000000004,0.8660254037844384,0.392,0.4201
REC_02285,Krishna District,Andhra Pradesh,16.5062,80.648,coastal_humid,2023-11-17,2023-11-27,10,48.2,177.5,27.5,19.4,90.5,74.0,1012.0,33.8,14.4,0,11,129.3,8.100000000000001,16.5,1,1,1,100.0,-0.5000000000000004,0.8660254037844384,43.621,0.4103
REC_01427,Mumbai,Maharashtra,19.076,72.8777,coastal_heavy_monsoon,2023-11-18,2023-11-20,2,42.7,0.0,24.7,25.6,75.9,77.3,1008.7,43.5,0.8,0,11,42.7,0.9000000000000021,1.3999999999999915,1,0,1,4.0,-0.5000000000000004,0.8660254037844384,32.4093,0.4058
REC_01683,Mumbai,Maharashtra,19.076,72.8777,coastal_heavy_monsoon,2023-11-18,2023-11-23,5,93.3,13.0,25.9,23.7,86.7,97.3,1006.6,89.7,3.6,0,11,80.3,2.1999999999999993,10.599999999999994,1,0,1,25.0,-0.5000000000000004,0.8660254037844384,80.8911,0.4076
REC_02169,Mumbai,Maharashtra,19.076,72.8777,coastal_heavy_monsoon,2023-11-18,2023-11-24,6,30.1,13.6,28.5,27.6,79.1,80.3,1006.2,19.7,10.4,0,11,16.5,0.8999999999999986,1.2000000000000028,0,0,0,36.0,-0.5000000000000004,0.8660254037844384,23.809099999999997,0.4095
REC_02985,Hyderabad,Telangana,17.385,78.4867,semi_arid,2023-11-18,2023-11-24,6,9.4,43.8,22.0,17.7,56.1,52.6,1009.0,9.4,0.0,0,11,34.4,4.300000000000001,3.5,1,1,1,36.0,-0.5000000000000004,0.8660254037844384,5.2734000000000005,0.3161
REC_00465,Mumbai,Maharashtra,19.076,72.8777,coastal_heavy_monsoon,2023-11-18,2023-11-28,10,18.5,67.3,29.7,33.8,86.5,85.2,1012.0,29.7,11.2,0,11,48.8,4.099999999999998,1.2999999999999972,1,1,1,100.0,-0.5000000000000004,0.8660254037844384,16.0025,0.4082
REC_01752,Krishna District,Andhra Pradesh,16.5062,80.648,coastal_humid,2023-11-19,2023-11-26,7,17.5,63.5,25.9,21.7,77.6,81.2,1005.0,12.2,5.2,0,11,46.0,4.199999999999999,3.6000000000000085,1,1,1,49.0,-0.5000000000000004,0.8660254037844384,13.58,0.4121
REC_00664,Mumbai,Maharashtra,19.076,72.8777,coastal_heavy_monsoon,2023-11-19,2023-11-27,8,20.4,21.2,28.0,30.6,87.2,98.5,999.7,21.5,1.1,0,11,0.8000000000000007,2.6000000000000014,11.299999999999997,0,0,0,64.0,-0.5000000000000004,0.8660254037844384,17.7888,0.4101
REC_01191,Mumbai,Maharashtra,19.076,72.8777,coastal_heavy_monsoon,2023-11-19,2023-11-25,6,13.6,26.1,22.6,24.2,80.3,76.0,1008.3,21.9,8.3,0,11,12.500000000000002,1.5999999999999979,4.299999999999997,0,0,0,36.0,-0.5000000000000004,0.8660254037844384,10.9208,0.4088
REC_01625,Visakhapatnam,Andhra Pradesh,17.6868,83.2185,coastal_cyclonic,2023-11-21,2023-11-25,4,27.3,6.5,27.0,24.9,68.8,60.1,1006.7,32.8,5.4,0,11,20.8,2.1000000000000014,8.699999999999996,0,0,0,16.0,-0.5000000000000004,0.8660254037844384,18.7824,0.4189
REC_02749,Visakhapatnam,Andhra Pradesh,17.6868,83.2185,coastal_cyclonic,2023-11-21,2023-11-27,6,6.1,13.0,28.3,27.0,80.9,65.6,1003.8,20.3,14.1,0,11,6.9,1.3000000000000007,15.300000000000011,0,0,0,36.0,-0.5000000000000004,0.8660254037844384,4.9349,0.4176
REC_00687,Krishna District,Andhra Pradesh,16.5062,80.648,coastal_humid,2023-11-21,2023-11-29,8,46.7,104.9,28.8,17.3,84.8,98.0,1007.4,52.5,5.8,0,11,58.2,11.5,13.200000000000003,1,1,1,64.0,-0.5000000000000004,0.8660254037844384,39.601600000000005,0.4139
REC_02371,Krishna District,Andhra Pradesh,16.5062,80.648,coastal_humid,2023-11-21,2023-12-01,10,0.0,0.0,21.7,27.2,48.9,75.4,1011.6,0.0,5.5,0,12,0.0,5.5,26.500000000000007,0,1,1,100.0,-2.4492935982947064e-16,1.0,0.0,0.4157
REC_02078,Mumbai,Maharashtra,19.076,72.8777,coastal_heavy_monsoon,2023-11-22,2023-11-24,2,40.9,66.4,27.9,27.9,97.5,87.5,1004.7,40.0,0.9,0,11,25.500000000000007,0.0,10.0,1,0,1,4.0,-0.5000000000000004,0.8660254037844384,39.8775,0.4075
REC_02119,Mumbai,Maharashtra,19.076,72.8777,coastal_heavy_monsoon,2023-11-22,2023-11-26,4,24.8,31.6,29.9,30.0,79.2,75.1,1011.2,29.7,4.9,0,11,6.800000000000001,0.10000000000000142,4.1000000000000085,0,0,0,16.0,-0.5000000000000004,0.8660254037844384,19.6416,0.4094
REC_03383,Visakhapatnam,Andhra Pradesh,17.6868,83.2185,coastal_cyclonic,2023-11-22,2023-11-26,4,78.2,63.9,24.6,23.0,79.6,84.9,1009.3,75.0,3.2,0,11,14.300000000000004,1.6000000000000014,5.300000000000011,0,0,0,16.0,-0.5000000000000004,0.8660254037844384,62.24719999999999,0.4164
REC_01039,Krishna District,Andhra Pradesh,16.5062,80.648,coastal_humid,2023-11-22,2023-11-30,8,117.4,175.3,33.4,27.9,88.2,98.2,1005.6,110.6,6.8,0,11,57.900000000000006,5.5,10.0,1,1,1,64.0,-0.5000000000000004,0.8660254037844384,103.5468,0.4174
REC_02394,Bengaluru,Karnataka,12.9716,77.5946,plateau_temperate,2023-11-22,2023-12-01,9,0.5,0.0,24.0,21.3,53.5,42.2,1007.7,5.7,5.2,0,12,0.5,2.6999999999999993,11.299999999999997,0,0,0,81.0,-2.4492935982947064e-16,1.0,0.2675,0.3043
REC_00488,Mumbai,Maharashtra,19.076,72.8777,coastal_heavy_monsoon,2023-11-23,2023-11-30,7,2.6,0.0,29.0,29.7,86.4,83.9,1013.2,0.0,5.9,0,11,2.6,0.6999999999999993,2.5,0,0,0,49.0,-0.5000000000000004,0.8660254037844384,2.2464,0.4081
REC_03394,Mumbai,Maharashtra,19.076,72.8777,coastal_heavy_monsoon,2023-11-23,2023-11-24,1,80.1,40.5,31.7,32.3,88.8,88.8,1010.0,79.1,1.0,0,11,39.599999999999994,0.5999999999999979,0.0,1,0,1,1.0,-0.5000000000000004,0.8660254037844384,71.1288,0.4068
REC_03209,Delhi,NCR,28.6139,77.209,continental_subtropical,2023-11-23,2023-11-28,5,3.0,0.0,25.5,24.5,48.9,41.2,1000.6,1.1,1.9,0,11,3.0,1.0,7.699999999999996,0,0,0,25.0,-0.5000000000000004,0.8660254037844384,1.4669999999999999,0.2553
REC_03098,Mumbai,Maharashtra,19.076,72.8777,coastal_heavy_monsoon,2023-11-24,2023-12-04,10,1.4,11.0,24.2,16.8,59.8,44.8,1002.3,1.2,0.2,0,12,9.6,7.399999999999999,15.0,0,1,1,100.0,-2.4492935982947064e-16,1.0,0.8371999999999998,0.4087
REC_00039,Bengaluru,Karnataka,12.9716,77.5946,plateau_temperate,2023-11-24,2023-11-29,5,0.4,0.0,26.9,28.7,66.6,71.0,1009.4,0.0,3.8,0,11,0.4,1.8000000000000007,4.400000000000006,0,0,0,25.0,-0.5000000000000004,0.8660254037844384,0.2664,0.3035
REC_00987,Visakhapatnam,Andhra Pradesh,17.6868,83.2185,coastal_cyclonic,2023-11-25,2023-11-29,4,44.0,0.0,26.3,26.7,93.9,91.1,999.8,47.3,3.3,0,11,44.0,0.3999999999999986,2.8000000000000114,1,0,1,16.0,-0.5000000000000004,0.8660254037844384,41.316,0.4152
REC_00761,Krishna District,Andhra Pradesh,16.5062,80.648,coastal_humid,2023-11-25,2023-11-30,5,63.5,116.5,28.8,27.3,77.8,76.6,1005.7,58.0,5.5,0,11,53.0,1.5,1.2000000000000028,1,0,1,25.0,-0.5000000000000004,0.8660254037844384,49.403,0.4192
REC_01420,Delhi,NCR,28.6139,77.209,continental_subtropical,2023-11-25,2023-12-02,7,0.6,0.0,19.7,16.9,59.5,62.0,1007.2,0.0,3.7,0,12,0.6,2.8000000000000007,2.5,0,0,0,49.0,-2.4492935982947064e-16,1.0,0.357,0.2545
REC_00393,Mumbai,Maharashtra,19.076,72.8777,coastal_heavy_monsoon,2023-11-26,2023-12-01,5,1.5,3.4,22.9,25.1,52.2,52.3,1003.2,3.4,1.9,0,12,1.9,2.200000000000003,0.09999999999999432,0,0,0,25.0,-2.4492935982947064e-16,1.0,0.7830000000000001,0.4105
REC_00230,Mumbai,Maharashtra,19.076,72.8777,coastal_heavy_monsoon,2023-11-26,2023-12-02,6,0.0,18.0,24.0,19.3,52.5,53.6,1005.0,0.0,2.6,0,12,18.0,4.699999999999999,1.1000000000000014,0,1,1,36.0,-2.4492935982947064e-16,1.0,0.0,0.4092
REC_03171,Bengaluru,Karnataka,12.9716,77.5946,plateau_temperate,2023-11-26,2023-12-02,6,4.6,3.3,23.2,24.7,47.1,50.7,1014.3,0.0,6.3,0,12,1.2999999999999998,1.5,3.6000000000000014,0,0,0,36.0,-2.4492935982947064e-16,1.0,2.1666,0.3026
REC_00325,Visakhapatnam,Andhra Pradesh,17.6868,83.2185,coastal_cyclonic,2023-11-26,2023-12-03,7,0.7,23.5,24.3,17.7,58.6,69.9,999.6,0.0,14.2,0,12,22.8,6.600000000000001,11.300000000000004,0,1,1,49.0,-2.4492935982947064e-16,1.0,0.41019999999999995,0.4169
REC_01929,Visakhapatnam,Andhra Pradesh,17.6868,83.2185,coastal_cyclonic,2023-11-26,2023-12-03,7,1.3,50.2,24.0,20.3,73.8,55.6,1011.0,23.8,22.5,0,12,48.900000000000006,3.6999999999999993,18.199999999999996,1,1,1,49.0,-2.4492935982947064e-16,1.0,0.9594,0.4186
REC_00349,Hyderabad,Telangana,17.385,78.4867,semi_arid,2023-11-26,2023-12-05,9,3.6,0.0,20.1,21.4,61.9,56.9,1009.6,17.8,14.2,0,12,3.6,1.2999999999999972,5.0,0,0,0,81.0,-2.4492935982947064e-16,1.0,2.2284,0.3179
REC_00927,Krishna District,Andhra Pradesh,16.5062,80.648,coastal_humid,2023-11-26,2023-12-06,10,0.8,103.3,24.4,26.9,68.4,65.4,1011.5,12.6,11.7,0,12,102.5,2.5,3.0,1,0,1,100.0,-2.4492935982947064e-16,1.0,0.5472,0.4209
REC_01870,Bengaluru,Karnataka,12.9716,77.5946,plateau_temperate,2023-11-27,2023-12-02,5,1.3,0.6,22.4,23.7,53.3,51.0,1005.9,0.0,3.9,0,12,0.7000000000000001,1.3000000000000007,2.299999999999997,0,0,0,25.0,-2.4492935982947064e-16,1.0,0.6929,0.3017
REC_00760,Krishna District,Andhra Pradesh,16.5062,80.648,coastal_humid,2023-11-27,2023-12-06,9,5.4,0.0,30.0,32.4,60.2,62.3,1008.3,29.8,24.4,0,12,5.4,2.3999999999999986,2.0999999999999943,0,0,0,81.0,-2.4492935982947064e-16,1.0,3.2508000000000004,0.4226
REC_03446,Krishna District,Andhra Pradesh,16.5062,80.648,coastal_humid,2023-11-27,2023-11-29,2,14.7,8.8,29.8,31.8,73.3,68.1,1006.9,15.5,0.9,0,11,5.899999999999999,2.0,5.200000000000003,0,0,0,4.0,-0.5000000000000004,0.8660254037844384,10.7751,0.4214
REC_03033,Delhi,NCR,28.6139,77.209,continental_subtropical,2023-11-28,2023-11-30,2,0.7,1.4,21.9,21.8,63.7,63.5,1009.8,2.9,2.2,0,11,0.7,0.09999999999999787,0.20000000000000284,0,0,0,4.0,-0.5000000000000004,0.8660254037844384,0.44589999999999996,0.2537
REC_00433,Bengaluru,Karnataka,12.9716,77.5946,plateau_temperate,2023-11-28,2023-12-02,4,0.4,18.6,23.4,22.0,62.7,63.9,1014.3,5.8,5.4,0,12,18.200000000000003,1.3999999999999986,1.1999999999999957,0,0,0,16.0,-2.4492935982947064e-16,1.0,0.2508,0.3009
REC_02775,Delhi,NCR,28.6139,77.209,continental_subtropical,2023-11-28,2023-12-02,4,1.6,2.7,23.3,24.3,57.5,50.4,1004.4,0.0,1.8,0,12,1.1,1.0,7.100000000000001,0,0,0,16.0,-2.4492935982947064e-16,1.0,0.92,0.253
REC_00209,Hyderabad,Telangana,17.385,78.4867,semi_arid,2023-11-28,2023-12-05,7,4.5,30.8,18.5,20.0,56.6,64.6,1009.5,0.0,13.7,0,12,26.3,1.5,7.999999999999993,1,0,1,49.0,-2.4492935982947064e-16,1.0,2.547,0.3171
REC_02682,Visakhapatnam,Andhra Pradesh,17.6868,83.2185,coastal_cyclonic,2023-11-28,2023-12-05,7,3.9,18.2,21.6,21.4,33.5,41.0,1006.9,6.2,2.3,0,12,14.299999999999999,0.20000000000000284,7.5,0,0,0,49.0,-2.4492935982947064e-16,1.0,1.3065,0.4203
REC_01856,Hyderabad,Telangana,17.385,78.4867,semi_arid,2023-11-28,2023-12-06,8,0.7,0.0,24.5,23.5,55.3,55.5,1010.2,0.0,16.0,0,12,0.7,1.0,0.20000000000000284,0,0,0,64.0,-2.4492935982947064e-16,1.0,0.38709999999999994,0.3189
REC_02265,Delhi,NCR,28.6139,77.209,continental_subtropical,2023-11-28,2023-12-08,10,1.6,44.9,23.1,27.4,51.4,42.9,1006.8,0.0,13.6,0,12,43.3,4.299999999999997,8.5,1,1,1,100.0,-2.4492935982947064e-16,1.0,0.8224000000000001,0.2522
REC_01632,Visakhapatnam,Andhra Pradesh,17.6868,83.2185,coastal_cyclonic,2023-11-29,2023-12-09,10,1.8,0.0,19.0,20.7,45.5,34.0,1008.9,29.6,27.8,0,12,1.8,1.6999999999999993,11.5,0,0,0,100.0,-2.4492935982947064e-16,1.0,0.8190000000000001,0.4191
REC_01030,Hyderabad,Telangana,17.385,78.4867,semi_arid,2023-11-29,2023-11-30,1,1.9,4.7,24.2,24.2,53.6,58.4,1010.9,0.9,1.0,0,11,2.8000000000000003,0.0,4.799999999999997,0,0,0,1.0,-0.5000000000000004,0.8660254037844384,1.0184,0.3181
REC_01183,Krishna District,Andhra Pradesh,16.5062,80.648,coastal_humid,2023-11-29,2023-12-03,4,2.6,0.0,25.5,23.7,62.2,66.7,1006.4,5.2,2.7,0,12,2.6,1.8000000000000007,4.5,0,0,0,16.0,-2.4492935982947064e-16,1.0,1.6172,0.4201
REC_01984,Bengaluru,Karnataka,12.9716,77.5946,plateau_temperate,2023-11-29,2023-12-07,8,2.3,6.6,22.1,22.1,51.2,40.5,1010.7,0.0,8.3,0,12,4.3,0.0,10.700000000000003,0,0,0,64.0,-2.4492935982947064e-16,1.0,1.1776,0.3
REC_02576,Delhi,NCR,28.6139,77.209,continental_subtropical,2023-11-29,2023-12-09,10,3.5,0.0,25.0,26.2,63.0,60.4,1015.1,10.2,6.7,0,12,3.5,1.1999999999999993,2.6000000000000014,0,0,0,100.0,-2.4492935982947064e-16,1.0,2.205,0.2544
REC_00827,Bengaluru,Karnataka,12.9716,77.5946,plateau_temperate,2023-11-30,2023-12-09,9,2.0,0.0,26.9,24.8,43.8,44.3,1004.1,12.9,10.9,0,12,2.0,2.099999999999998,0.5,0,0,0,81.0,-2.4492935982947064e-16,1.0,0.8759999999999999,0.2991
REC_01159,Delhi,NCR,28.6139,77.209,continental_subtropical,2023-11-30,2023-12-08,8,3.7,0.0,27.8,27.5,55.9,57.9,1004.9,6.8,3.1,0,12,3.7,0.3000000000000007,2.0,0,0,0,64.0,-2.4492935982947064e-16,1.0,2.0683000000000002,0.2537
REC_01974,Hyderabad,Telangana,17.385,78.4867,semi_arid,2023-11-30,2023-12-06,6,0.8,0.0,22.2,22.7,54.3,50.8,1015.3,0.0,0.8,0,12,0.8,0.5,3.5,0,0,0,36.0,-2.4492935982947064e-16,1.0,0.43439999999999995,0.3172
REC_01902,Hyderabad,Telangana,17.385,78.4867,semi_arid,2023-11-30,2023-12-01,1,0.9,2.4,23.6,24.1,56.3,60.4,1012.0,0.2,0.7,0,12,1.5,0.5,4.100000000000001,0,0,0,1.0,-2.4492935982947064e-16,1.0,0.5067,0.3164
REC_01562,Krishna District,Andhra Pradesh,16.5062,80.648,coastal_humid,2023-11-30,2023-12-01,1,1.6,1.2,20.0,20.0,64.8,65.2,1006.3,1.9,0.3,0,12,0.40000000000000013,0.0,0.4000000000000057,0,0,0,1.0,-2.4492935982947064e-16,1.0,1.0368000000000002,0.4189
REC_03128,Visakhapatnam,Andhra Pradesh,17.6868,83.2185,coastal_cyclonic,2023-11-30,2023-12-02,2,0.9,6.2,22.0,23.4,45.6,43.0,1007.3,0.0,2.3,0,12,5.3,1.3999999999999986,2.6000000000000014,0,0,0,4.0,-2.4492935982947064e-16,1.0,0.4104,0.4179
REC_02996,Visakhapatnam,Andhra Pradesh,17.6868,83.2185,coastal_cyclonic,2023-12-01,2023-12-05,4,2.6,4.8,19.2,22.5,48.9,49.5,1008.6,1.0,1.6,0,12,2.1999999999999997,3.3000000000000007,0.6000000000000014,0,0,0,16.0,-2.4492935982947064e-16,1.0,1.2714,0.4167
REC_02100,Delhi,NCR,28.6139,77.209,continental_subtropical,2023-12-01,2023-12-06,5,1.6,20.0,26.0,24.8,45.3,50.3,1002.8,0.0,3.1,0,12,18.4,1.1999999999999993,5.0,0,0,0,25.0,-2.4492935982947064e-16,1.0,0.7248,0.2529
REC_01093,Bengaluru,Karnataka,12.9716,77.5946,plateau_temperate,2023-12-01,2023-12-09,8,9.6,48.8,26.6,24.6,55.0,67.0,1012.1,0.0,11.5,0,12,39.199999999999996,2.0,12.0,1,0,1,64.0,-2.4492935982947064e-16,1.0,5.28,0.2983
REC_01591,Delhi,NCR,28.6139,77.209,continental_subtropical,2023-12-02,2023-12-04,2,11.7,0.0,26.0,26.9,56.9,64.0,1006.8,11.5,0.2,0,12,11.7,0.8999999999999986,7.100000000000001,0,0,0,4.0,-2.4492935982947064e-16,1.0,6.657299999999999,0.2522
REC_00041,Delhi,NCR,28.6139,77.209,continental_subtropical,2023-12-02,2023-12-07,5,5.9,6.1,28.7,30.7,51.5,47.3,1006.4,4.2,1.7,0,12,0.1999999999999993,2.0,4.200000000000003,0,0,0,25.0,-2.4492935982947064e-16,1.0,3.0385000000000004,0.2515
REC_00950,Visakhapatnam,Andhra Pradesh,17.6868,83.2185,coastal_cyclonic,2023-12-02,2023-12-08,6,4.3,11.6,24.4,23.7,59.6,52.3,1009.6,0.0,7.7,0,12,7.3,0.6999999999999993,7.300000000000004,0,0,0,36.0,-2.4492935982947064e-16,1.0,2.5627999999999997,0.4155
REC_00074,Visakhapatnam,Andhra Pradesh,17.6868,83.2185,coastal_cyclonic,2023-12-02,2023-12-10,8,5.1,0.0,26.8,26.9,38.7,58.1,1004.0,27.4,22.3,0,12,5.1,0.09999999999999787,19.4,0,0,0,64.0,-2.4492935982947064e-16,1.0,1.9737,0.4143
REC_01328,Visakhapatnam,Andhra Pradesh,17.6868,83.2185,coastal_cyclonic,2023-12-03,2023-12-10,7,0.3,9.7,19.6,22.3,57.6,65.9,1005.7,0.0,1.4,0,12,9.399999999999999,2.6999999999999993,8.300000000000004,0,0,0,49.0,-2.4492935982947064e-16,1.0,0.1728,0.4131
REC_03135,Krishna District,Andhra Pradesh,16.5062,80.648,coastal_humid,2023-12-03,2023-12-13,10,10.5,59.8,20.7,17.9,59.6,40.9,1005.2,1.9,8.6,0,12,49.3,2.8000000000000007,18.700000000000003,1,0,1,100.0,-2.4492935982947064e-16,1.0,6.258000000000001,0.4176
REC_02568,Visakhapatnam,Andhra Pradesh,17.6868,83.2185,coastal_cyclonic,2023-12-03,2023-12-10,7,0.1,9.1,25.1,20.2,58.6,40.4,1005.9,7.6,7.5,0,12,9.0,4.900000000000002,18.200000000000003,0,1,1,49.0,-2.4492935982947064e-16,1.0,0.058600000000000006,0.4119
REC_02729,Delhi,NCR,28.6139,77.209,continental_subtropical,2023-12-03,2023-12-08,5,1.4,23.5,18.5,18.3,58.6,69.5,1012.9,11.6,10.2,0,12,22.1,0.1999999999999993,10.899999999999999,0,0,0,25.0,-2.4492935982947064e-16,1.0,0.8203999999999999,0.2507
REC_00868,Delhi,NCR,28.6139,77.209,continental_subtropical,2023-12-03,2023-12-06,3,0.2,0.0,22.7,24.0,47.4,43.1,1010.1,1.9,1.7,0,12,0.2,1.3000000000000007,4.299999999999997,0,0,0,9.0,-2.4492935982947064e-16,1.0,0.09480000000000001,0.25
REC_01737,Mumbai,Maharashtra,19.076,72.8777,coastal_heavy_monsoon,2023-12-03,2023-12-10,7,2.9,9.2,24.7,27.6,51.0,48.3,1004.1,6.0,3.1,0,12,6.299999999999999,2.900000000000002,2.700000000000003,0,0,0,49.0,-2.4492935982947064e-16,1.0,1.479,0.411
REC_00182,Bengaluru,Karnataka,12.9716,77.5946,plateau_temperate,2023-12-04,2023-12-13,9,4.1,0.0,29.4,25.7,59.3,34.1,1012.3,9.2,5.1,0,12,4.1,3.6999999999999993,25.199999999999996,0,1,1,81.0,-2.4492935982947064e-16,1.0,2.4313,0.3003
REC_01513,Delhi,NCR,28.6139,77.209,continental_subtropical,2023-12-04,2023-12-07,3,0.8,1.8,28.3,27.8,50.5,50.5,1003.8,0.0,1.7,0,12,1.0,0.5,0.0,0,0,0,9.0,-2.4492935982947064e-16,1.0,0.4040000000000001,0.2493
REC_01364,Visakhapatnam,Andhra Pradesh,17.6868,83.2185,coastal_cyclonic,2023-12-04,2023-12-08,4,0.2,0.0,25.4,26.6,66.2,66.2,1009.0,0.0,4.6,0,12,0.2,1.2000000000000028,0.0,0,0,0,16.0,-2.4492935982947064e-16,1.0,0.13240000000000002,0.4136
REC_01607,Delhi,NCR,28.6139,77.209,continental_subtropical,2023-12-04,2023-12-11,7,0.1,0.0,26.2,25.3,52.4,46.8,1007.7,3.7,3.6,0,12,0.1,0.8999999999999986,5.600000000000001,0,0,0,49.0,-2.4492935982947064e-16,1.0,0.0524,0.2486
REC_00302,Bengaluru,Karnataka,12.9716,77.5946,plateau_temperate,2023-12-04,2023-12-12,8,1.0,23.7,22.1,20.1,46.8,64.6,1002.6,19.2,18.2,0,12,22.7,2.0,17.799999999999997,0,0,0,64.0,-2.4492935982947064e-16,1.0,0.46799999999999997,0.3023
REC_02121,Krishna District,Andhra Pradesh,16.5062,80.648,coastal_humid,2023-12-04,2023-12-12,8,9.7,0.0,27.5,26.8,56.4,72.3,1005.4,31.9,22.2,0,12,9.7,0.6999999999999993,15.899999999999999,0,0,0,64.0,-2.4492935982947064e-16,1.0,5.4708,0.4194
REC_03187,Bengaluru,Karnataka,12.9716,77.5946,plateau_temperate,2023-12-04,2023-12-13,9,6.0,2.7,20.5,19.7,67.6,45.8,1016.5,0.1,5.9,0,12,3.3,0.8000000000000007,21.799999999999997,0,0,0,81.0,-2.4492935982947064e-16,1.0,4.056,0.3014
REC_02106,Bengaluru,Karnataka,12.9716,77.5946,plateau_temperate,2023-12-05,2023-12-08,3,2.1,5.4,23.1,24.0,52.8,59.4,1009.0,0.0,6.0,0,12,3.3000000000000003,0.8999999999999986,6.600000000000001,0,0,0,9.0,-2.4492935982947064e-16,1.0,1.1088,0.3006
REC_02230,Delhi,NCR,28.6139,77.209,continental_subtropical,2023-12-05,2023-12-15,10,7.6,0.0,20.8,20.5,39.8,42.5,1008.3,2.5,5.1,0,12,7.6,0.3000000000000007,2.700000000000003,0,0,0,100.0,-2.4492935982947064e-16,1.0,3.0247999999999995,0.2478
REC_01539,Delhi,NCR,28.6139,77.209,continental_subtropical,2023-12-05,2023-12-08,3,3.1,5.5,25.5,27.2,50.8,63.0,1013.5,0.0,3.9,0,12,2.4,1.6999999999999993,12.200000000000003,0,0,0,9.0,-2.4492935982947064e-16,1.0,1.5748,0.2471
REC_02817,Visakhapatnam,Andhra Pradesh,17.6868,83.2185,coastal_cyclonic,2023-12-05,2023-12-06,1,8.0,4.9,23.3,23.9,40.5,40.7,1008.4,9.1,1.1,0,12,3.0999999999999996,0.5999999999999979,0.20000000000000284,0,0,0,1.0,-2.4492935982947064e-16,1.0,3.24,0.4124
REC_01417,Mumbai,Maharashtra,19.076,72.8777,coastal_heavy_monsoon,2023-12-05,2023-12-06,1,1.0,0.0,26.0,25.8,35.0,40.0,1009.5,1.8,0.8,0,12,1.0,0.1999999999999993,5.0,0,0,0,1.0,-2.4492935982947064e-16,1.0,0.35,0.4098
REC_00193,Delhi,NCR,28.6139,77.209,continental_subtropical,2023-12-05,2023-12-06,1,2.1,0.0,27.3,27.9,49.8,48.4,1011.8,1.5,0.5,0,12,2.1,0.5999999999999979,1.3999999999999986,0,0,0,1.0,-2.4492935982947064e-16,1.0,1.0458,0.2464
REC_01074,Delhi,NCR,28.6139,77.209,continental_subtropical,2023-12-06,2023-12-11,5,1.9,5.2,24.6,21.8,50.5,47.0,1005.6,0.0,4.2,0,12,3.3000000000000003,2.8000000000000007,3.5,0,0,0,25.0,-2.4492935982947064e-16,1.0,0.9594999999999999,0.2457
REC_02490,Mumbai,Maharashtra,19.076,72.8777,coastal_heavy_monsoon,2023-12-06,2023-12-11,5,4.0,0.0,26.2,28.7,51.3,50.0,1010.7,7.9,3.9,0,12,4.0,2.5,1.2999999999999972,0,0,0,25.0,-2.4492935982947064e-16,1.0,2.052,0.4085
REC_01960,Visakhapatnam,Andhra Pradesh,17.6868,83.2185,coastal_cyclonic,2023-12-06,2023-12-13,7,1.8,0.0,23.9,28.2,66.7,64.1,1003.5,8.0,6.2,0,12,1.8,4.300000000000001,2.6000000000000085,0,1,1,49.0,-2.4492935982947064e-16,1.0,1.2006000000000001,0.4113
REC_01836,Hyderabad,Telangana,17.385,78.4867,semi_arid,2023-12-06,2023-12-14,8,1.4,0.0,25.3,29.9,44.8,31.8,1012.8,8.7,7.3,0,12,1.4,4.599999999999998,12.999999999999996,0,1,1,64.0,-2.4492935982947064e-16,1.0,0.6271999999999999,0.3155
REC_02548,Krishna District,Andhra Pradesh,16.5062,80.648,coastal_humid,2023-12-07,2023-12-10,3,0.6,0.0,22.6,24.6,57.7,50.4,1004.0,2.5,1.9,0,12,0.6,2.0,7.300000000000004,0,0,0,9.0,-2.4492935982947064e-16,1.0,0.34619999999999995,0.4181
REC_01708,Mumbai,Maharashtra,19.076,72.8777,coastal_heavy_monsoon,2023-12-07,2023-12-11,4,0.5,0.0,27.1,26.1,62.3,57.2,1011.8,0.0,3.7,0,12,0.5,1.0,5.099999999999994,0,0,0,16.0,-2.4492935982947064e-16,1.0,0.3115,0.4073
REC_01603,Hyderabad,Telangana,17.385,78.4867,semi_arid,2023-12-07,2023-12-13,6,0.1,22.2,27.5,25.2,55.0,53.1,1001.6,0.0,5.2,0,12,22.099999999999998,2.3000000000000007,1.8999999999999986,0,0,0,36.0,-2.4492935982947064e-16,1.0,0.055,0.3173
REC_02063,Mumbai,Maharashtra,19.076,72.8777,coastal_heavy_monsoon,2023-12-08,2023-12-18,10,0.5,0.0,17.3,13.8,61.8,57.0,1012.4,43.1,42.6,0,12,0.5,3.5,4.799999999999997,0,1,1,100.0,-2.4492935982947064e-16,1.0,0.309,0.4061
REC_01283,Mumbai,Maharashtra,19.076,72.8777,coastal_heavy_monsoon,2023-12-08,2023-12-14,6,1.5,9.5,24.3,22.0,43.2,60.6,1008.9,0.0,5.4,0,12,8.0,2.3000000000000007,17.4,0,0,0,36.0,-2.4492935982947064e-16,1.0,0.6480000000000001,0.4079
REC_03154,Krishna District,Andhra Pradesh,16.5062,80.648,coastal_humid,2023-12-08,2023-12-14,6,0.8,0.0,23.4,23.1,48.4,54.7,1009.7,11.9,11.2,0,12,0.8,0.29999999999999716,6.300000000000004,0,0,0,36.0,-2.4492935982947064e-16,1.0,0.3872,0.4169
REC_00880,Hyderabad,Telangana,17.385,78.4867,semi_arid,2023-12-08,2023-12-09,1,0.3,0.0,26.4,28.2,49.9,51.3,1005.7,0.0,1.5,0,12,0.3,1.8000000000000007,1.3999999999999986,0,0,0,1.0,-2.4492935982947064e-16,1.0,0.1497,0.3165
REC_01036,Bengaluru,Karnataka,12.9716,77.5946,plateau_temperate,2023-12-08,2023-12-13,5,4.3,5.6,25.0,22.7,50.0,40.5,1005.2,12.7,8.4,0,12,1.2999999999999998,2.3000000000000007,9.5,0,0,0,25.0,-2.4492935982947064e-16,1.0,2.15,0.2997
REC_01762,Bengaluru,Karnataka,12.9716,77.5946,plateau_temperate,2023-12-09,2023-12-10,1,0.2,0.0,20.0,19.5,73.5,77.0,1005.0,0.5,0.3,0,12,0.2,0.5,3.5,0,0,0,1.0,-2.4492935982947064e-16,1.0,0.14700000000000002,0.2989
REC_03159,Delhi,NCR,28.6139,77.209,continental_subtropical,2023-12-09,2023-12-11,2,2.1,3.8,19.2,17.0,52.4,54.6,1008.4,3.9,1.8,0,12,1.6999999999999997,2.1999999999999993,2.200000000000003,0,0,0,4.0,-2.4492935982947064e-16,1.0,1.1004,0.245
REC_01599,Visakhapatnam,Andhra Pradesh,17.6868,83.2185,coastal_cyclonic,2023-12-09,2023-12-15,6,3.8,0.0,22.4,23.5,58.4,56.6,1002.9,5.7,1.8,0,12,3.8,1.1000000000000014,1.7999999999999972,0,0,0,36.0,-2.4492935982947064e-16,1.0,2.2192,0.4129
REC_01571,Krishna District,Andhra Pradesh,16.5062,80.648,coastal_humid,2023-12-09,2023-12-17,8,8.6,0.0,20.1,17.9,51.4,40.9,1004.1,7.0,1.5,0,12,8.6,2.200000000000003,10.5,0,0,0,64.0,-2.4492935982947064e-16,1.0,4.4204,0.4157
REC_03161,Krishna District,Andhra Pradesh,16.5062,80.648,coastal_humid,2023-12-10,2023-12-15,5,3.7,55.6,21.6,18.4,60.3,58.4,1007.0,0.0,7.3,0,12,51.9,3.200000000000003,1.8999999999999986,1,0,1,25.0,-2.4492935982947064e-16,1.0,2.2311,0.4145
REC_01085,Delhi,NCR,28.6139,77.209,continental_subtropical,2023-12-10,2023-12-17,7,3.3,19.2,24.4,21.2,47.0,47.6,1009.1,4.6,1.3,0,12,15.899999999999999,3.1999999999999993,0.6000000000000014,0,0,0,49.0,-2.4492935982947064e-16,1.0,1.551,0.2443
REC_00515,Mumbai,Maharashtra,19.076,72.8777,coastal_heavy_monsoon,2023-12-10,2023-12-19,9,2.0,0.0,31.2,30.7,58.0,48.9,1007.6,24.2,22.2,0,12,2.0,0.5,9.100000000000001,0,0,0,81.0,-2.4492935982947064e-16,1.0,1.16,0.4066
REC_02484,Visakhapatnam,Andhra Pradesh,17.6868,83.2185,coastal_cyclonic,2023-12-10,2023-12-20,10,1.7,0.0,23.4,26.2,60.3,58.2,1007.0,23.6,21.9,0,12,1.7,2.8000000000000007,2.0999999999999943,0,0,0,100.0,-2.4492935982947064e-16,1.0,1.0251,0.4118
REC_01880,Bengaluru,Karnataka,12.9716,77.5946,plateau_temperate,2023-12-11,2023-12-15,4,2.8,0.0,22.5,25.4,62.0,71.4,1008.0,9.0,6.2,0,12,2.8,2.8999999999999986,9.400000000000006,0,0,0,16.0,-2.4492935982947064e-16,1.0,1.736,0.2981
REC_01636,Mumbai,Maharashtra,19.076,72.8777,coastal_heavy_monsoon,2023-12-11,2023-12-15,4,1.3,11.0,24.9,25.7,56.6,68.5,999.9,6.1,4.7,0,12,9.7,0.8000000000000007,11.899999999999999,0,0,0,16.0,-2.4492935982947064e-16,1.0,0.7358,0.4054
REC_00751,Delhi,NCR,28.6139,77.209,continental_subtropical,2023-12-12,2023-12-20,8,0.3,0.0,21.3,13.5,60.0,50.9,1004.4,0.0,18.8,0,12,0.3,7.800000000000001,9.100000000000001,0,1,1,64.0,-2.4492935982947064e-16,1.0,0.18,0.2436
REC_00331,Delhi,NCR,28.6139,77.209,continental_subtropical,2023-12-12,2023-12-15,3,0.2,1.6,23.2,22.4,62.5,61.4,1010.0,0.1,0.1,0,12,1.4000000000000001,0.8000000000000007,1.1000000000000014,0,0,0,9.0,-2.4492935982947064e-16,1.0,0.125,0.2458
REC_03104,Krishna District,Andhra Pradesh,16.5062,80.648,coastal_humid,2023-12-12,2023-12-22,10,1.1,0.0,26.6,20.6,60.1,61.9,1002.0,0.0,8.6,0,12,1.1,6.0,1.7999999999999972,0,1,1,100.0,-2.4492935982947064e-16,1.0,0.6611000000000001,0.4162
REC_01061,Hyderabad,Telangana,17.385,78.4867,semi_arid,2023-12-12,2023-12-19,7,1.7,0.0,27.5,28.6,50.6,54.8,1018.4,0.0,8.7,0,12,1.7,1.1000000000000014,4.199999999999996,0,0,0,49.0,-2.4492935982947064e-16,1.0,0.8602,0.3156
REC_02221,Mumbai,Maharashtra,19.076,72.8777,coastal_heavy_monsoon,2023-12-12,2023-12-13,1,1.9,1.2,24.5,25.1,61.3,57.9,1005.3,2.6,0.7,0,12,0.7,0.6000000000000014,3.3999999999999986,0,0,0,1.0,-2.4492935982947064e-16,1.0,1.1646999999999998,0.4042
REC_00942,Hyderabad,Telangana,17.385,78.4867,semi_arid,2023-12-12,2023-12-15,3,1.0,12.7,22.6,21.3,56.8,63.8,1000.2,4.8,3.7,0,12,11.7,1.3000000000000007,7.0,0,0,0,9.0,-2.4492935982947064e-16,1.0,0.568,0.3148
REC_02708,Mumbai,Maharashtra,19.076,72.8777,coastal_heavy_monsoon,2023-12-12,2023-12-14,2,0.0,1.2,25.5,26.9,59.1,60.5,1009.9,0.9,0.9,0,12,1.2,1.3999999999999986,1.3999999999999986,0,0,0,4.0,-2.4492935982947064e-16,1.0,0.0,0.403
REC_00638,Hyderabad,Telangana,17.385,78.4867,semi_arid,2023-12-12,2023-12-18,6,0.3,20.2,26.5,30.3,47.5,46.7,1012.5,2.7,2.4,0,12,19.9,3.8000000000000007,0.7999999999999972,0,1,1,36.0,-2.4492935982947064e-16,1.0,0.1425,0.314
REC_01938,Hyderabad,Telangana,17.385,78.4867,semi_arid,2023-12-13,2023-12-14,1,0.9,1.7,25.0,26.1,50.8,49.5,1004.1,2.0,1.0,0,12,0.7999999999999999,1.1000000000000014,1.2999999999999972,0,0,0,1.0,-2.4492935982947064e-16,1.0,0.4572,0.3158
REC_01344,Mumbai,Maharashtra,19.076,72.8777,coastal_heavy_monsoon,2023-12-13,2023-12-15,2,1.8,1.8,24.4,24.3,58.9,52.7,1003.5,3.7,1.9,0,12,0.0,0.09999999999999787,6.199999999999996,0,0,0,4.0,-2.4492935982947064e-16,1.0,1.0602,0.4018
REC_03248,Hyderabad,Telangana,17.385,78.4867,semi_arid,2023-12-13,2023-12-15,2,2.2,5.4,23.1,22.0,63.4,65.3,1004.1,0.0,2.4,0,12,3.2,1.1000000000000014,1.8999999999999986,0,0,0,4.0,-2.4492935982947064e-16,1.0,1.3948000000000003,0.315
REC_01766,Visakhapatnam,Andhra Pradesh,17.6868,83.2185,coastal_cyclonic,2023-12-13,2023-12-18,5,3.4,0.0,21.9,21.3,70.5,62.2,1008.2,1.6,1.9,0,12,3.4,0.5999999999999979,8.299999999999997,0,0,0,25.0,-2.4492935982947064e-16,1.0,2.397,0.4106
REC_00908,Hyderabad,Telangana,17.385,78.4867,semi_arid,2023-12-13,2023-12-23,10,5.2,65.5,25.7,29.4,55.1,60.7,1007.6,25.5,20.3,0,12,60.3,3.6999999999999993,5.600000000000001,1,1,1,100.0,-2.4492935982947064e-16,1.0,2.8652,0.3141
REC_00504,Visakhapatnam,Andhra Pradesh,17.6868,83.2185,coastal_cyclonic,2023-12-14,2023-12-24,10,4.2,0.0,25.5,19.6,43.7,42.4,1008.9,0.0,16.1,0,12,4.2,5.899999999999999,1.3000000000000043,0,1,1,100.0,-2.4492935982947064e-16,1.0,1.8354000000000001,0.4095
REC_01212,Krishna District,Andhra Pradesh,16.5062,80.648,coastal_humid,2023-12-14,2023-12-22,8,0.0,0.0,22.7,20.1,47.2,40.8,1008.3,0.0,17.1,0,12,0.0,2.599999999999998,6.400000000000006,0,0,0,64.0,-2.4492935982947064e-16,1.0,0.0,0.4179
REC_02939,Krishna District,Andhra Pradesh,16.5062,80.648,coastal_humid,2023-12-14,2023-12-21,7,0.6,14.7,22.6,24.0,48.8,47.3,1005.7,4.3,3.6,0,12,14.1,1.3999999999999986,1.5,0,0,0,49.0,-2.4492935982947064e-16,1.0,0.29279999999999995,0.4167
REC_01550,Krishna District,Andhra Pradesh,16.5062,80.648,coastal_humid,2023-12-14,2023-12-20,6,3.8,16.6,25.3,25.8,51.4,55.8,1010.0,6.5,2.7,0,12,12.8,0.5,4.399999999999999,0,0,0,36.0,-2.4492935982947064e-16,1.0,1.9531999999999998,0.4155
REC_01493,Visakhapatnam,Andhra Pradesh,17.6868,83.2185,coastal_cyclonic,2023-12-14,2023-12-19,5,3.3,0.0,25.0,20.7,25.0,15.0,1010.0,12.8,9.4,0,12,3.3,4.300000000000001,10.0,0,1,1,25.0,-2.4492935982947064e-16,1.0,0.825,0.4111
REC_01530,Bengaluru,Karnataka,12.9716,77.5946,plateau_temperate,2023-12-14,2023-12-15,1,2.3,0.0,18.2,19.3,51.8,53.1,996.0,2.9,0.7,0,12,2.3,1.1000000000000014,1.3000000000000043,0,0,0,1.0,-2.4492935982947064e-16,1.0,1.1913999999999998,0.2972
REC_01663,Krishna District,Andhra Pradesh,16.5062,80.648,coastal_humid,2023-12-14,2023-12-21,7,13.0,0.0,22.9,20.7,45.9,42.0,1005.5,15.9,2.9,0,12,13.0,2.1999999999999993,3.8999999999999986,0,0,0,49.0,-2.4492935982947064e-16,1.0,5.967,0.4143
REC_02824,Mumbai,Maharashtra,19.076,72.8777,coastal_heavy_monsoon,2023-12-15,2023-12-19,4,0.7,9.1,23.0,25.4,50.2,57.1,1011.5,4.9,4.2,0,12,8.4,2.3999999999999986,6.899999999999999,0,0,0,16.0,-2.4492935982947064e-16,1.0,0.3514,0.4006
REC_01458,Krishna District,Andhra Pradesh,16.5062,80.648,coastal_humid,2023-12-15,2023-12-20,5,7.1,0.0,20.7,18.9,44.0,38.4,1009.6,3.7,3.4,0,12,7.1,1.8000000000000007,5.600000000000001,0,0,0,25.0,-2.4492935982947064e-16,1.0,3.1239999999999997,0.4131
REC_03131,Delhi,NCR,28.6139,77.209,continental_subtropical,2023-12-15,2023-12-20,5,5.1,0.0,24.6,22.1,49.6,42.0,1009.5,6.6,1.5,0,12,5.1,2.5,7.600000000000001,0,0,0,25.0,-2.4492935982947064e-16,1.0,2.5296,0.2451
REC_01579,Delhi,NCR,28.6139,77.209,continental_subtropical,2023-12-15,2023-12-24,9,3.9,0.0,22.2,18.6,43.4,62.6,1002.1,16.7,12.8,0,12,3.9,3.599999999999998,19.200000000000003,0,1,1,81.0,-2.4492935982947064e-16,1.0,1.6925999999999999,0.2444
REC_01309,Mumbai,Maharashtra,19.076,72.8777,coastal_heavy_monsoon,2023-12-16,2023-12-22,6,3.0,77.6,23.3,20.1,66.1,70.4,1008.6,0.0,10.9,0,12,74.6,3.1999999999999993,4.300000000000011,1,0,1,36.0,-2.4492935982947064e-16,1.0,1.9829999999999999,0.3994
REC_00748,Bengaluru,Karnataka,12.9716,77.5946,plateau_temperate,2023-12-16,2023-12-22,6,0.1,0.0,21.2,18.4,56.3,63.8,1013.4,2.0,1.9,0,12,0.1,2.8000000000000007,7.5,0,0,0,36.0,-2.4492935982947064e-16,1.0,0.056299999999999996,0.2964
REC_01754,Bengaluru,Karnataka,12.9716,77.5946,plateau_temperate,2023-12-16,2023-12-23,7,2.0,0.0,27.3,30.8,62.6,55.6,1011.3,1.9,0.1,0,12,2.0,3.5,7.0,0,1,1,49.0,-2.4492935982947064e-16,1.0,1.252,0.2956
REC_03108,Bengaluru,Karnataka,12.9716,77.5946,plateau_temperate,2023-12-16,2023-12-21,5,4.3,0.0,22.3,23.2,44.1,40.6,1010.5,0.7,3.6,0,12,4.3,0.8999999999999986,3.5,0,0,0,25.0,-2.4492935982947064e-16,1.0,1.8962999999999999,0.2975
REC_00231,Delhi,NCR,28.6139,77.209,continental_subtropical,2023-12-16,2023-12-22,6,8.1,10.4,21.7,16.3,53.4,53.3,1004.5,5.8,2.2,0,12,2.3000000000000007,5.399999999999999,0.10000000000000142,0,1,1,36.0,-2.4492935982947064e-16,1.0,4.325399999999999,0.2465
REC_01362,Bengaluru,Karnataka,12.9716,77.5946,plateau_temperate,2023-12-17,2023-12-19,2,3.4,5.1,24.7,24.3,52.1,44.8,1001.9,3.9,0.4,0,12,1.6999999999999997,0.3999999999999986,7.300000000000004,0,0,0,4.0,-2.4492935982947064e-16,1.0,1.7713999999999999,0.2967
REC_03096,Delhi,NCR,28.6139,77.209,continental_subtropical,2023-12-18,2023-12-21,3,1.0,0.0,28.1,27.1,46.8,48.9,1005.4,5.5,4.4,0,12,1.0,1.0,2.1000000000000014,0,0,0,9.0,-2.4492935982947064e-16,1.0,0.46799999999999997,0.2486
REC_02491,Mumbai,Maharashtra,19.076,72.8777,coastal_heavy_monsoon,2023-12-18,2023-12-23,5,4.5,9.5,22.6,21.1,60.7,64.0,1001.6,0.1,4.4,0,12,5.0,1.5,3.299999999999997,0,0,0,25.0,-2.4492935982947064e-16,1.0,2.7315000000000005,0.4012
REC_02300,Hyderabad,Telangana,17.385,78.4867,semi_arid,2023-12-18,2023-12-25,7,0.6,0.0,22.6,26.1,66.2,59.5,999.7,0.0,8.0,0,12,0.6,3.5,6.700000000000003,0,1,1,49.0,-2.4492935982947064e-16,1.0,0.3972,0.3159
REC_01434,Bengaluru,Karnataka,12.9716,77.5946,plateau_temperate,2023-12-18,2023-12-27,9,5.0,1.1,25.2,27.5,59.1,54.1,1012.4,0.0,15.4,0,12,3.9,2.3000000000000007,5.0,0,0,0,81.0,-2.4492935982947064e-16,1.0,2.955,0.2959
REC_00934,Visakhapatnam,Andhra Pradesh,17.6868,83.2185,coastal_cyclonic,2023-12-19,2023-12-29,10,0.3,16.8,25.2,22.9,60.8,95.1,1015.3,1.6,1.3,0,12,16.5,2.3000000000000007,34.3,0,0,0,100.0,-2.4492935982947064e-16,1.0,0.18239999999999998,0.4127
REC_01342,Krishna District,Andhra Pradesh,16.5062,80.648,coastal_humid,2023-12-19,2023-12-28,9,0.8,0.0,21.8,19.3,46.9,43.6,1008.3,15.9,15.1,0,12,0.8,2.5,3.299999999999997,0,0,0,81.0,-2.4492935982947064e-16,1.0,0.37520000000000003,0.4119
REC_00788,Hyderabad,Telangana,17.385,78.4867,semi_arid,2023-12-19,2023-12-26,7,2.2,15.2,24.1,25.7,51.1,48.8,1007.8,2.4,0.2,0,12,13.0,1.5999999999999979,2.3000000000000043,0,0,0,49.0,-2.4492935982947064e-16,1.0,1.1242,0.3177
REC_00241,Krishna District,Andhra Pradesh,16.5062,80.648,coastal_humid,2023-12-19,2023-12-24,5,1.2,0.0,23.5,26.3,49.3,64.4,1012.4,8.9,7.7,0,12,1.2,2.8000000000000007,15.100000000000009,0,0,0,25.0,-2.4492935982947064e-16,1.0,0.5916,0.4108
REC_00608,Hyderabad,Telangana,17.385,78.4867,semi_arid,2023-12-19,2023-12-24,5,2.8,76.9,23.6,24.8,48.7,52.6,1008.1,11.7,8.8,0,12,74.10000000000001,1.1999999999999993,3.8999999999999986,1,0,1,25.0,-2.4492935982947064e-16,1.0,1.3636,0.3169
REC_02835,Visakhapatnam,Andhra Pradesh,17.6868,83.2185,coastal_cyclonic,2023-12-19,2023-12-22,3,2.6,0.0,21.1,21.5,52.2,46.3,998.8,0.2,2.4,0,12,2.6,0.3999999999999986,5.900000000000006,0,0,0,9.0,-2.4492935982947064e-16,1.0,1.3572,0.4116
REC_02004,Hyderabad,Telangana,17.385,78.4867,semi_arid,2023-12-19,2023-12-22,3,0.2,17.1,17.1,18.8,48.8,50.2,1010.2,0.0,2.3,0,12,16.900000000000002,1.6999999999999993,1.4000000000000057,0,0,0,9.0,-2.4492935982947064e-16,1.0,0.09759999999999999,0.3187
REC_00105,Delhi,NCR,28.6139,77.209,continental_subtropical,2023-12-19,2023-12-22,3,2.3,0.0,22.0,22.9,63.3,67.3,1011.5,1.4,0.9,0,12,2.3,0.8999999999999986,4.0,0,0,0,9.0,-2.4492935982947064e-16,1.0,1.4558999999999997,0.2479
REC_02041,Mumbai,Maharashtra,19.076,72.8777,coastal_heavy_monsoon,2023-12-19,2023-12-23,4,1.0,7.6,25.5,24.5,65.8,73.4,1008.6,8.8,7.8,0,12,6.6,1.0,7.6000000000000085,0,0,0,16.0,-2.4492935982947064e-16,1.0,0.6579999999999999,0.4
REC_00458,Mumbai,Maharashtra,19.076,72.8777,coastal_heavy_monsoon,2023-12-20,2023-12-21,1,1.0,0.0,23.3,23.5,60.1,57.7,1008.5,1.1,0.1,0,12,1.0,0.1999999999999993,2.3999999999999986,0,0,0,1.0,-2.4492935982947064e-16,1.0,0.601,0.3988
REC_00516,Mumbai,Maharashtra,19.076,72.8777,coastal_heavy_monsoon,2023-12-20,2023-12-21,1,2.1,0.0,22.2,21.8,47.1,49.3,1008.8,2.2,0.1,0,12,2.1,0.3999999999999986,2.1999999999999957,0,0,0,1.0,-2.4492935982947064e-16,1.0,0.9891000000000001,0.3977
REC_01976,Visakhapatnam,Andhra Pradesh,17.6868,83.2185,coastal_cyclonic,2023-12-20,2023-12-21,1,1.9,4.0,22.5,22.3,62.5,65.2,1012.4,0.5,1.5,0,12,2.1,0.1999999999999993,2.700000000000003,0,0,0,1.0,-2.4492935982947064e-16,1.0,1.1875,0.4105
REC_00145,Hyderabad,Telangana,17.385,78.4867,semi_arid,2023-12-20,2023-12-23,3,1.5,4.2,21.7,23.8,57.4,60.5,1012.0,2.3,0.8,0,12,2.7,2.1000000000000014,3.1000000000000014,0,0,0,9.0,-2.4492935982947064e-16,1.0,0.861,0.3178
REC_03215,Bengaluru,Karnataka,12.9716,77.5946,plateau_temperate,2023-12-20,2023-12-25,5,4.0,4.9,21.3,18.4,42.1,39.3,1010.9,2.0,2.0,0,12,0.9000000000000004,2.900000000000002,2.8000000000000043,0,0,0,25.0,-2.4492935982947064e-16,1.0,1.6840000000000002,0.2951
REC_01701,Krishna District,Andhra Pradesh,16.5062,80.648,coastal_humid,2023-12-21,2023-12-26,5,6.8,0.0,24.1,22.1,55.5,39.8,1006.2,18.2,11.3,0,12,6.8,2.0,15.700000000000003,0,0,0,25.0,-2.4492935982947064e-16,1.0,3.7739999999999996,0.4096
REC_02975,Krishna District,Andhra Pradesh,16.5062,80.648,coastal_humid,2023-12-21,2023-12-29,8,2.4,28.5,22.9,22.2,56.2,62.6,1009.2,0.0,12.3,0,12,26.1,0.6999999999999993,6.399999999999999,1,0,1,64.0,-2.4492935982947064e-16,1.0,1.3488,0.4085
REC_02969,Bengaluru,Karnataka,12.9716,77.5946,plateau_temperate,2023-12-22,2023-12-31,9,2.5,0.0,18.9,19.9,59.6,85.3,1012.9,20.2,17.7,0,12,2.5,1.0,25.699999999999996,0,0,0,81.0,-2.4492935982947064e-16,1.0,1.49,0.2943
REC_02361,Visakhapatnam,Andhra Pradesh,17.6868,83.2185,coastal_cyclonic,2023-12-22,2023-12-30,8,0.3,0.0,24.1,21.9,54.8,45.2,1014.5,0.6,0.2,0,12,0.3,2.200000000000003,9.599999999999994,0,0,0,64.0,-2.4492935982947064e-16,1.0,0.1644,0.4093
REC_01643,Mumbai,Maharashtra,19.076,72.8777,coastal_heavy_monsoon,2023-12-22,2024-01-01,10,0.8,0.0,24.0,30.1,62.2,79.0,1004.1,0.0,28.6,0,1,0.8,6.100000000000001,16.799999999999997,0,1,1,100.0,0.49999999999999994,0.8660254037844387,0.49760000000000004,0.3965
REC_01305,Hyderabad,Telangana,17.385,78.4867,semi_arid,2023-12-22,2023-12-27,5,9.2,49.7,25.9,26.4,64.1,64.0,1002.9,8.8,0.4,0,12,40.5,0.5,0.09999999999999432,1,0,1,25.0,-2.4492935982947064e-16,1.0,5.897199999999999,0.317
REC_01855,Hyderabad,Telangana,17.385,78.4867,semi_arid,2023-12-22,2023-12-24,2,1.2,11.7,25.3,26.4,63.0,60.8,1011.6,0.0,2.8,0,12,10.5,1.0999999999999979,2.200000000000003,0,0,0,4.0,-2.4492935982947064e-16,1.0,0.7559999999999999,0.3188
REC_02578,Delhi,NCR,28.6139,77.209,continental_subtropical,2023-12-22,2023-12-27,5,0.2,0.0,25.6,24.7,45.8,31.9,1003.4,0.0,0.2,0,12,0.2,0.9000000000000021,13.899999999999999,0,0,0,25.0,-2.4492935982947064e-16,1.0,0.0916,0.2472
REC_00728,Bengaluru,Karnataka,12.9716,77.5946,plateau_temperate,2023-12-23,2024-01-01,9,2.0,1.2,30.2,31.5,44.4,38.1,1008.1,0.0,2.5,0,1,0.8,1.3000000000000007,6.299999999999997,0,0,0,81.0,0.49999999999999994,0.8660254037844387,0.888,0.2935
REC_01738,Krishna District,Andhra Pradesh,16.5062,80.648,coastal_humid,2023-12-24,2023-12-31,7,2.3,8.3,23.8,21.2,56.3,56.9,1010.9,0.0,13.7,0,12,6.000000000000001,2.6000000000000014,0.6000000000000014,0,0,0,49.0,-2.4492935982947064e-16,1.0,1.2948999999999997,0.4101
REC_02328,Krishna District,Andhra Pradesh,16.5062,80.648,coastal_humid,2023-12-24,2024-01-03,10,1.3,15.8,26.7,30.3,52.7,71.7,1006.5,0.0,33.7,0,1,14.5,3.6000000000000014,19.0,0,1,1,100.0,0.49999999999999994,0.8660254037844387,0.6851,0.409
REC_01619,Hyderabad,Telangana,17.385,78.4867,semi_arid,2023-12-24,2023-12-31,7,0.3,4.0,22.9,19.6,62.5,70.5,1010.6,0.0,2.2,0,12,3.7,3.299999999999997,8.0,0,0,0,49.0,-2.4492935982947064e-16,1.0,0.1875,0.3179
REC_02051,Krishna District,Andhra Pradesh,16.5062,80.648,coastal_humid,2023-12-24,2023-12-25,1,6.2,0.0,18.1,17.4,64.4,66.6,1000.8,6.0,0.2,0,12,6.2,0.7000000000000028,2.1999999999999886,0,0,0,1.0,-2.4492935982947064e-16,1.0,3.9928000000000003,0.4106
REC_03418,Hyderabad,Telangana,17.385,78.4867,semi_arid,2023-12-24,2023-12-28,4,4.7,0.0,24.1,26.6,45.4,60.4,1009.9,8.1,3.4,0,12,4.7,2.5,15.0,0,0,0,16.0,-2.4492935982947064e-16,1.0,2.1338,0.3171
REC_02015,Krishna District,Andhra Pradesh,16.5062,80.648,coastal_humid,2023-12-24,2023-12-28,4,0.3,5.2,26.8,25.4,54.9,51.3,1005.9,9.1,8.8,0,12,4.9,1.4000000000000021,3.6000000000000014,0,0,0,16.0,-2.4492935982947064e-16,1.0,0.16469999999999999,0.4095
REC_01593,Hyderabad,Telangana,17.385,78.4867,semi_arid,2023-12-24,2023-12-30,6,0.7,0.4,22.8,20.1,58.0,62.7,1005.7,10.7,10.0,0,12,0.29999999999999993,2.6999999999999993,4.700000000000003,0,0,0,36.0,-2.4492935982947064e-16,1.0,0.4059999999999999,0.3163
REC_02352,Visakhapatnam,Andhra Pradesh,17.6868,83.2185,coastal_cyclonic,2023-12-25,2023-12-26,1,5.2,1.3,25.6,25.7,61.5,62.3,1020.0,5.1,0.1,0,12,3.9000000000000004,0.09999999999999787,0.7999999999999972,0,0,0,1.0,-2.4492935982947064e-16,1.0,3.198,0.4082
REC_02536,Delhi,NCR,28.6139,77.209,continental_subtropical,2023-12-25,2023-12-27,2,8.0,12.9,25.9,27.8,47.4,43.8,1011.6,7.6,0.4,0,12,4.9,1.9000000000000021,3.6000000000000014,0,0,0,4.0,-2.4492935982947064e-16,1.0,3.792,0.2465
REC_01666,Bengaluru,Karnataka,12.9716,77.5946,plateau_temperate,2023-12-25,2023-12-29,4,7.8,0.0,32.4,32.7,50.3,58.7,1009.3,5.3,2.5,0,12,7.8,0.30000000000000426,8.400000000000006,0,0,0,16.0,-2.4492935982947064e-16,1.0,3.9233999999999996,0.2927
REC_00434,Mumbai,Maharashtra,19.076,72.8777,coastal_heavy_monsoon,2023-12-25,2023-12-31,6,9.3,84.6,25.5,21.3,54.4,45.0,1003.2,0.0,11.9,0,12,75.3,4.199999999999999,9.399999999999999,1,1,1,36.0,-2.4492935982947064e-16,1.0,5.059200000000001,0.3983
REC_01435,Hyderabad,Telangana,17.385,78.4867,semi_arid,2023-12-25,2024-01-03,9,1.5,0.6,22.6,23.6,49.8,83.1,1015.6,3.0,1.5,0,1,0.9,1.0,33.3,0,0,0,81.0,0.49999999999999994,0.8660254037844387,0.7469999999999999,0.3155
REC_03221,Delhi,NCR,28.6139,77.209,continental_subtropical,2023-12-25,2024-01-04,10,0.8,0.0,24.9,27.0,59.8,26.7,1009.2,21.7,20.9,0,1,0.8,2.1000000000000014,33.099999999999994,0,0,0,100.0,0.49999999999999994,0.8660254037844387,0.47840000000000005,0.2459
REC_00643,Hyderabad,Telangana,17.385,78.4867,semi_arid,2023-12-26,2023-12-31,5,0.9,0.0,28.0,27.3,65.3,65.8,1006.8,0.0,8.0,0,12,0.9,0.6999999999999993,0.5,0,0,0,25.0,-2.4492935982947064e-16,1.0,0.5877,0.3147
REC_02609,Delhi,NCR,28.6139,77.209,continental_subtropical,2023-12-26,2024-01-03,8,0.8,0.0,25.3,23.1,54.9,59.8,1010.2,0.0,9.3,0,1,0.8,2.1999999999999993,4.899999999999999,0,0,0,64.0,0.49999999999999994,0.8660254037844387,0.43920000000000003,0.2452
REC_01833,Mumbai,Maharashtra,19.076,72.8777,coastal_heavy_monsoon,2023-12-26,2024-01-04,9,3.8,54.7,27.3,30.5,43.3,36.9,1013.0,0.0,11.9,0,1,50.900000000000006,3.1999999999999993,6.399999999999999,1,0,1,81.0,0.49999999999999994,0.8660254037844387,1.6454,0.4
REC_01147,Hyderabad,Telangana,17.385,78.4867,semi_arid,2023-12-27,2024-01-06,10,0.1,12.4,25.3,30.6,49.0,19.7,995.4,0.0,12.7,0,1,12.3,5.300000000000001,29.3,0,1,1,100.0,0.49999999999999994,0.8660254037844387,0.049,0.3139
REC_03384,Krishna District,Andhra Pradesh,16.5062,80.648,coastal_humid,2023-12-27,2024-01-01,5,2.9,0.0,29.4,28.0,66.0,72.1,1009.2,0.0,7.6,0,1,2.9,1.3999999999999986,6.099999999999994,0,0,0,25.0,0.49999999999999994,0.8660254037844387,1.9140000000000001,0.4083
REC_00033,Delhi,NCR,28.6139,77.209,continental_subtropical,2023-12-27,2024-01-05,9,0.5,9.1,25.0,30.8,42.1,25.1,1011.8,0.0,17.6,0,1,8.6,5.800000000000001,17.0,0,1,1,81.0,0.49999999999999994,0.8660254037844387,0.21050000000000002,0.2445
REC_02978,Krishna District,Andhra Pradesh,16.5062,80.648,coastal_humid,2023-12-28,2024-01-02,5,0.0,1.3,25.6,26.3,67.2,75.9,1009.8,12.0,11.9,0,1,1.3,0.6999999999999993,8.700000000000003,0,0,0,25.0,0.49999999999999994,0.8660254037844387,0.0,0.4072
REC_01284,Hyderabad,Telangana,17.385,78.4867,semi_arid,2023-12-28,2024-01-05,8,4.0,41.1,19.5,20.3,65.9,62.9,1008.3,0.0,9.1,0,1,37.1,0.8000000000000007,3.000000000000007,1,0,1,64.0,0.49999999999999994,0.8660254037844387,2.636,0.3157
REC_00621,Delhi,NCR,28.6139,77.209,continental_subtropical,2023-12-29,2024-01-03,5,0.5,0.0,21.5,19.6,43.4,44.9,1009.0,0.0,10.4,0,1,0.5,1.8999999999999986,1.5,0,0,0,25.0,0.49999999999999994,0.8660254037844387,0.217,0.2466
REC_01786,Mumbai,Maharashtra,19.076,72.8777,coastal_heavy_monsoon,2023-12-29,2024-01-06,8,2.8,10.5,23.5,22.5,57.1,59.8,1006.7,0.0,10.5,0,1,7.7,1.0,2.6999999999999957,0,0,0,64.0,0.49999999999999994,0.8660254037844387,1.5988,0.4017
REC_01402,Mumbai,Maharashtra,19.076,72.8777,coastal_heavy_monsoon,2023-12-30,2023-12-31,1,0.2,0.8,26.8,24.6,37.8,33.7,1008.9,0.0,0.3,0,12,0.6000000000000001,2.1999999999999993,4.099999999999994,0,0,0,1.0,-2.4492935982947064e-16,1.0,0.0756,0.4006
REC_00874,Krishna District,Andhra Pradesh,16.5062,80.648,coastal_humid,2023-12-31,2024-01-01,1,5.0,14.3,21.9,21.7,53.4,57.3,1013.6,3.7,1.2,0,1,9.3,0.1999999999999993,3.8999999999999986,0,0,0,1.0,0.49999999999999994,0.8660254037844387,2.67,0.4061
REC_01711,Delhi,NCR,28.6139,77.209,continental_subtropical,2023-12-31,2024-01-03,3,9.5,12.3,24.7,24.4,49.6,50.8,1003.0,9.9,0.4,0,1,2.8000000000000007,0.3000000000000007,1.1999999999999957,0,0,0,9.0,0.49999999999999994,0.8660254037844387,4.712,0.2459
REC_02603,Mumbai,Maharashtra,19.076,72.8777,coastal_heavy_monsoon,2023-12-31,2024-01-03,3,3.5,17.6,23.0,21.8,61.4,63.8,1010.8,5.0,1.5,0,1,14.100000000000001,1.1999999999999993,2.3999999999999986,0,0,0,9.0,0.49999999999999994,0.8660254037844387,2.149,0.3994
REC_00417,Visakhapatnam,Andhra Pradesh,17.6868,83.2185,coastal_cyclonic,2024-01-01,2024-01-08,7,10.1,89.6,28.9,26.6,70.6,77.1,1004.9,10.1,0.0,0,1,79.5,2.299999999999997,6.5,1,0,1,49.0,0.49999999999999994,0.8660254037844387,7.130599999999999,0.4071
REC_00877,Bengaluru,Karnataka,12.9716,77.5946,plateau_temperate,2024-01-01,2024-01-09,8,0.5,58.8,23.5,23.1,63.0,83.5,1006.1,1.6,1.1,0,1,58.3,0.3999999999999986,20.5,1,0,1,64.0,0.49999999999999994,0.8660254037844387,0.315,0.2919
REC_01948,Delhi,NCR,28.6139,77.209,continental_subtropical,2024-01-01,2024-01-04,3,2.4,1.7,25.1,25.8,49.7,49.6,1003.4,1.3,1.0,0,1,0.7,0.6999999999999993,0.10000000000000142,0,0,0,9.0,0.49999999999999994,0.8660254037844387,1.1928,0.2452
REC_01755,Hyderabad,Telangana,17.385,78.4867,semi_arid,2024-01-01,2024-01-04,3,2.9,0.0,28.5,30.5,54.0,53.7,1011.1,5.6,2.7,0,1,2.9,2.0,0.29999999999999716,0,0,0,9.0,0.49999999999999994,0.8660254037844387,1.5659999999999998,0.3174
REC_01376,Mumbai,Maharashtra,19.076,72.8777,coastal_heavy_monsoon,2024-01-01,2024-01-04,3,1.7,10.4,24.9,21.6,39.8,33.5,1007.4,0.6,1.1,0,1,8.700000000000001,3.299999999999997,6.299999999999997,0,0,0,9.0,0.49999999999999994,0.8660254037844387,0.6766,0.3983
REC_00774,Hyderabad,Telangana,17.385,78.4867,semi_arid,2024-01-01,2024-01-03,2,1.2,0.0,22.8,21.2,41.9,42.2,1006.3,0.2,1.0,0,1,1.2,1.6000000000000014,0.30000000000000426,0,0,0,4.0,0.49999999999999994,0.8660254037844387,0.5027999999999999,0.3166
REC_02266,Bengaluru,Karnataka,12.9716,77.5946,plateau_temperate,2024-01-01,2024-01-02,1,1.1,0.8,25.6,26.5,38.4,36.4,1004.8,0.3,0.8,0,1,0.30000000000000004,0.8999999999999986,2.0,0,0,0,1.0,0.49999999999999994,0.8660254037844387,0.4224,0.2938
REC_03464,Krishna District,Andhra Pradesh,16.5062,80.648,coastal_humid,2024-01-02,2024-01-07,5,3.1,14.3,27.2,26.2,30.6,39.3,1006.9,6.2,3.0,0,1,11.200000000000001,1.0,8.699999999999996,0,0,0,25.0,0.49999999999999994,0.8660254037844387,0.9486000000000001,0.405
REC_01860,Bengaluru,Karnataka,12.9716,77.5946,plateau_temperate,2024-01-02,2024-01-08,6,3.5,26.4,21.7,19.3,50.9,47.9,1002.6,17.3,13.8,0,1,22.9,2.3999999999999986,3.0,0,0,0,36.0,0.49999999999999994,0.8660254037844387,1.7815,0.293
REC_03247,Visakhapatnam,Andhra Pradesh,17.6868,83.2185,coastal_cyclonic,2024-01-02,2024-01-10,8,0.9,0.0,21.8,19.7,64.5,75.6,1005.3,4.2,3.3,0,1,0.9,2.1000000000000014,11.099999999999994,0,0,0,64.0,0.49999999999999994,0.8660254037844387,0.5805,0.4087
REC_02256,Krishna District,Andhra Pradesh,16.5062,80.648,coastal_humid,2024-01-02,2024-01-11,9,8.4,63.9,24.0,17.1,49.3,49.2,1009.0,0.0,21.6,0,1,55.5,6.899999999999999,0.09999999999999432,1,1,1,81.0,0.49999999999999994,0.8660254037844387,4.1412,0.4038
REC_01720,Mumbai,Maharashtra,19.076,72.8777,coastal_heavy_monsoon,2024-01-02,2024-01-12,10,7.4,13.5,29.4,26.1,46.0,46.4,1008.3,20.9,13.6,0,1,6.1,3.299999999999997,0.3999999999999986,0,0,0,100.0,0.49999999999999994,0.8660254037844387,3.4040000000000004,0.3971
REC_02730,Krishna District,Andhra Pradesh,16.5062,80.648,coastal_humid,2024-01-03,2024-01-04,1,1.8,0.0,24.8,24.6,71.6,71.8,1007.6,2.2,0.4,0,1,1.8,0.1999999999999993,0.20000000000000284,0,0,0,1.0,0.49999999999999994,0.8660254037844387,1.2888,0.4055
REC_03018,Bengaluru,Karnataka,12.9716,77.5946,plateau_temperate,2024-01-03,2024-01-08,5,1.9,87.3,22.4,25.6,50.2,48.8,1012.4,1.3,0.6,0,1,85.39999999999999,3.200000000000003,1.4000000000000057,1,0,1,25.0,0.49999999999999994,0.8660254037844387,0.9538,0.2922
REC_03381,Bengaluru,Karnataka,12.9716,77.5946,plateau_temperate,2024-01-03,2024-01-09,6,4.4,11.8,28.1,21.7,62.8,64.7,1011.6,4.9,0.5,0,1,7.4,6.400000000000002,1.9000000000000057,0,1,1,36.0,0.49999999999999994,0.8660254037844387,2.7632,0.2941
REC_02565,Hyderabad,Telangana,17.385,78.4867,semi_arid,2024-01-03,2024-01-10,7,2.5,2.1,23.5,22.2,51.2,67.5,1002.6,0.0,16.9,0,1,0.3999999999999999,1.3000000000000007,16.299999999999997,0,0,0,49.0,0.49999999999999994,0.8660254037844387,1.28,0.3158
REC_01798,Delhi,NCR,28.6139,77.209,continental_subtropical,2024-01-04,2024-01-14,10,0.4,14.7,19.5,17.3,73.1,82.5,1006.0,7.3,6.9,0,1,14.299999999999999,2.1999999999999993,9.400000000000006,0,0,0,100.0,0.49999999999999994,0.8660254037844387,0.2924,0.2446
REC_00253,Hyderabad,Telangana,17.385,78.4867,semi_arid,2024-01-04,2024-01-14,10,3.5,34.5,22.8,20.1,49.0,41.5,1012.6,12.0,8.5,0,1,31.0,2.6999999999999993,7.5,1,0,1,100.0,0.49999999999999994,0.8660254037844387,1.715,0.315
REC_02229,Krishna District,Andhra Pradesh,16.5062,80.648,coastal_humid,2024-01-04,2024-01-12,8,5.5,0.0,23.5,21.4,48.5,53.8,1002.0,20.3,14.8,0,1,5.5,2.1000000000000014,5.299999999999997,0,0,0,64.0,0.49999999999999994,0.8660254037844387,2.6675,0.4044
REC_00747,Bengaluru,Karnataka,12.9716,77.5946,plateau_temperate,2024-01-05,2024-01-09,4,2.7,0.0,23.6,23.1,48.3,60.9,1015.3,0.0,2.9,0,1,2.7,0.5,12.600000000000001,0,0,0,16.0,0.49999999999999994,0.8660254037844387,1.3041,0.296
REC_02606,Hyderabad,Telangana,17.385,78.4867,semi_arid,2024-01-05,2024-01-09,4,1.2,2.0,22.6,22.1,56.0,56.4,1012.8,0.0,7.7,0,1,0.8,0.5,0.3999999999999986,0,0,0,16.0,0.49999999999999994,0.8660254037844387,0.672,0.3167
REC_03263,Visakhapatnam,Andhra Pradesh,17.6868,83.2185,coastal_cyclonic,2024-01-05,2024-01-12,7,2.8,0.3,27.0,30.8,57.1,47.1,1008.5,0.0,10.9,0,1,2.5,3.8000000000000007,10.0,0,1,1,49.0,0.49999999999999994,0.8660254037844387,1.5988,0.4076
REC_03142,Visakhapatnam,Andhra Pradesh,17.6868,83.2185,coastal_cyclonic,2024-01-05,2024-01-13,8,7.9,15.3,26.6,28.1,54.7,50.5,1009.4,0.0,14.5,0,1,7.4,1.5,4.200000000000003,0,0,0,64.0,0.49999999999999994,0.8660254037844387,4.321300000000001,0.4092
REC_02538,Krishna District,Andhra Pradesh,16.5062,80.648,coastal_humid,2024-01-05,2024-01-14,9,3.9,47.0,28.1,30.1,54.0,23.9,1012.8,5.1,1.3,0,1,43.1,2.0,30.1,1,0,1,81.0,0.49999999999999994,0.8660254037844387,2.106,0.4033
REC_00218,Bengaluru,Karnataka,12.9716,77.5946,plateau_temperate,2024-01-05,2024-01-15,10,3.1,0.0,26.3,28.3,56.0,58.5,1015.8,19.1,16.0,0,1,3.1,2.0,2.5,0,0,0,100.0,0.49999999999999994,0.8660254037844387,1.736,0.2952
REC_01614,Krishna District,Andhra Pradesh,16.5062,80.648,coastal_humid,2024-01-06,2024-01-13,7,2.5,7.3,23.7,22.3,68.4,68.1,1010.2,0.0,4.0,0,1,4.8,1.3999999999999986,0.30000000000001137,0,0,0,49.0,0.49999999999999994,0.8660254037844387,1.71,0.4049
REC_01648,Krishna District,Andhra Pradesh,16.5062,80.648,coastal_humid,2024-01-06,2024-01-13,7,4.1,7.8,26.5,26.9,57.5,55.1,999.5,14.4,10.3,0,1,3.7,0.3999999999999986,2.3999999999999986,0,0,0,49.0,0.49999999999999994,0.8660254037844387,2.3575,0.4038
REC_01095,Mumbai,Maharashtra,19.076,72.8777,coastal_heavy_monsoon,2024-01-06,2024-01-15,9,1.3,42.6,23.2,27.3,51.0,44.9,1013.1,9.5,8.2,0,1,41.300000000000004,4.100000000000001,6.100000000000001,1,1,1,81.0,0.49999999999999994,0.8660254037844387,0.6629999999999999,0.396
REC_01781,Krishna District,Andhra Pradesh,16.5062,80.648,coastal_humid,2024-01-07,2024-01-16,9,9.5,0.0,21.3,22.9,65.4,61.5,1009.6,30.7,21.2,0,1,9.5,1.5999999999999979,3.9000000000000057,0,0,0,81.0,0.49999999999999994,0.8660254037844387,6.213000000000001,0.4027
REC_00802,Visakhapatnam,Andhra Pradesh,17.6868,83.2185,coastal_cyclonic,2024-01-07,2024-01-16,9,4.4,0.0,22.8,32.2,41.4,45.3,1012.0,12.3,7.9,0,1,4.4,9.400000000000002,3.8999999999999986,0,1,1,81.0,0.49999999999999994,0.8660254037844387,1.8215999999999999,0.4081
REC_03336,Krishna District,Andhra Pradesh,16.5062,80.648,coastal_humid,2024-01-07,2024-01-14,7,1.3,92.0,27.2,27.7,52.0,64.4,1007.7,0.0,10.7,0,1,90.7,0.5,12.400000000000006,1,0,1,49.0,0.49999999999999994,0.8660254037844387,0.676,0.4016
REC_00973,Krishna District,Andhra Pradesh,16.5062,80.648,coastal_humid,2024-01-07,2024-01-13,6,3.8,32.4,21.8,23.0,47.8,31.9,1003.4,2.5,1.3,0,1,28.599999999999998,1.1999999999999993,15.899999999999999,1,0,1,36.0,0.49999999999999994,0.8660254037844387,1.8163999999999998,0.4032
REC_01963,Krishna District,Andhra Pradesh,16.5062,80.648,coastal_humid,2024-01-07,2024-01-12,5,2.5,12.5,23.4,25.5,54.1,62.5,1006.9,6.8,4.3,0,1,10.0,2.1000000000000014,8.399999999999999,0,0,0,25.0,0.49999999999999994,0.8660254037844387,1.3525,0.4048
REC_02699,Bengaluru,Karnataka,12.9716,77.5946,plateau_temperate,2024-01-07,2024-01-10,3,6.1,0.0,23.0,24.7,61.6,64.3,1011.8,12.8,6.6,0,1,6.1,1.6999999999999993,2.6999999999999957,0,0,0,9.0,0.49999999999999994,0.8660254037844387,3.7576,0.2944
REC_01519,Mumbai,Maharashtra,19.076,72.8777,coastal_heavy_monsoon,2024-01-07,2024-01-14,7,1.3,0.0,27.3,30.1,54.9,48.5,1007.7,0.9,0.5,0,1,1.3,2.8000000000000007,6.399999999999999,0,0,0,49.0,0.49999999999999994,0.8660254037844387,0.7137,0.3977
REC_00630,Krishna District,Andhra Pradesh,16.5062,80.648,coastal_humid,2024-01-08,2024-01-10,2,0.5,0.0,19.6,19.9,60.2,56.5,1011.7,1.5,1.0,0,1,0.5,0.29999999999999716,3.700000000000003,0,0,0,4.0,0.49999999999999994,0.8660254037844387,0.301,0.4037
REC_00878,Krishna District,Andhra Pradesh,16.5062,80.648,coastal_humid,2024-01-08,2024-01-10,2,0.6,0.5,25.5,25.3,61.0,59.1,1005.6,3.5,2.9,0,1,0.09999999999999998,0.1999999999999993,1.8999999999999986,0,0,0,4.0,0.49999999999999994,0.8660254037844387,0.366,0.4027
REC_02503,Delhi,NCR,28.6139,77.209,continental_subtropical,2024-01-08,2024-01-11,3,3.7,5.8,26.8,29.0,53.4,49.0,1008.1,0.0,3.8,0,1,2.0999999999999996,2.1999999999999993,4.399999999999999,0,0,0,9.0,0.49999999999999994,0.8660254037844387,1.9758000000000002,0.2439
REC_00689,Visakhapatnam,Andhra Pradesh,17.6868,83.2185,coastal_cyclonic,2024-01-08,2024-01-17,9,1.9,0.0,22.1,21.0,52.7,21.6,1005.2,1.3,0.6,0,1,1.9,1.1000000000000014,31.1,0,0,0,81.0,0.49999999999999994,0.8660254037844387,1.0012999999999999,0.4097
REC_02963,Mumbai,Maharashtra,19.076,72.8777,coastal_heavy_monsoon,2024-01-08,2024-01-18,10,3.5,9.0,21.7,19.8,60.3,47.9,1012.9,0.0,29.6,0,1,5.5,1.8999999999999986,12.399999999999999,0,0,0,100.0,0.49999999999999994,0.8660254037844387,2.1105,0.3966
REC_02932,Delhi,NCR,28.6139,77.209,continental_subtropical,2024-01-09,2024-01-17,8,6.3,8.1,20.5,23.7,50.7,43.7,1010.0,11.7,5.4,0,1,1.7999999999999998,3.1999999999999993,7.0,0,0,0,64.0,0.49999999999999994,0.8660254037844387,3.1941,0.2432
REC_02253,Hyderabad,Telangana,17.385,78.4867,semi_arid,2024-01-09,2024-01-16,7,3.2,22.0,13.4,12.8,66.6,55.8,1007.9,15.9,12.6,0,1,18.8,0.5999999999999996,10.799999999999997,0,0,0,49.0,0.49999999999999994,0.8660254037844387,2.1312,0.3159
REC_00548,Krishna District,Andhra Pradesh,16.5062,80.648,coastal_humid,2024-01-09,2024-01-12,3,1.1,0.0,20.3,20.2,38.8,40.9,1007.6,3.1,2.0,0,1,1.1,0.10000000000000142,2.1000000000000014,0,0,0,9.0,0.49999999999999994,0.8660254037844387,0.4268,0.4016
REC_00411,Hyderabad,Telangana,17.385,78.4867,semi_arid,2024-01-09,2024-01-13,4,1.6,11.0,18.5,19.5,48.7,58.7,1012.6,0.6,1.0,0,1,9.4,1.0,10.0,0,0,0,16.0,0.49999999999999994,0.8660254037844387,0.7792000000000001,0.3151
REC_00336,Hyderabad,Telangana,17.385,78.4867,semi_arid,2024-01-10,2024-01-15,5,4.3,18.4,24.7,22.4,68.6,71.8,1012.3,3.0,1.2,0,1,14.099999999999998,2.3000000000000007,3.200000000000003,0,0,0,25.0,0.49999999999999994,0.8660254037844387,2.9497999999999998,0.3144
REC_01660,Mumbai,Maharashtra,19.076,72.8777,coastal_heavy_monsoon,2024-01-11,2024-01-20,9,3.4,0.0,26.4,23.2,59.2,69.3,1004.5,21.2,17.8,0,1,3.4,3.1999999999999993,10.099999999999994,0,0,0,81.0,0.49999999999999994,0.8660254037844387,2.0128,0.3955
REC_03028,Visakhapatnam,Andhra Pradesh,17.6868,83.2185,coastal_cyclonic,2024-01-11,2024-01-12,1,3.0,6.4,26.4,26.6,50.7,47.2,1002.7,2.6,0.3,0,1,3.4000000000000004,0.20000000000000284,3.5,0,0,0,1.0,0.49999999999999994,0.8660254037844387,1.5210000000000001,0.4086
REC_00836,Delhi,NCR,28.6139,77.209,continental_subtropical,2024-01-11,2024-01-15,4,0.1,8.0,21.9,20.5,45.2,43.1,1013.7,0.0,7.5,0,1,7.9,1.3999999999999986,2.1000000000000014,0,0,0,16.0,0.49999999999999994,0.8660254037844387,0.045200000000000004,0.2426
REC_01498,Visakhapatnam,Andhra Pradesh,17.6868,83.2185,coastal_cyclonic,2024-01-11,2024-01-15,4,0.7,1.1,26.5,28.6,64.0,66.0,1007.6,0.0,9.7,0,1,0.40000000000000013,2.1000000000000014,2.0,0,0,0,16.0,0.49999999999999994,0.8660254037844387,0.44799999999999995,0.4075
REC_00716,Delhi,NCR,28.6139,77.209,continental_subtropical,2024-01-11,2024-01-17,6,0.6,6.1,21.6,24.5,70.2,63.5,1012.1,0.0,13.5,0,1,5.5,2.8999999999999986,6.700000000000003,0,0,0,36.0,0.49999999999999994,0.8660254037844387,0.42119999999999996,0.2419
REC_00436,Hyderabad,Telangana,17.385,78.4867,semi_arid,2024-01-11,2024-01-18,7,2.6,4.1,24.8,27.2,63.8,65.3,1005.7,10.8,8.2,0,1,1.4999999999999996,2.3999999999999986,1.5,0,0,0,49.0,0.49999999999999994,0.8660254037844387,1.6588,0.3136
REC_01031,Visakhapatnam,Andhra Pradesh,17.6868,83.2185,coastal_cyclonic,2024-01-11,2024-01-18,7,5.9,0.0,26.7,25.4,53.0,56.2,1004.8,15.4,9.5,0,1,5.9,1.3000000000000007,3.200000000000003,0,0,0,49.0,0.49999999999999994,0.8660254037844387,3.1270000000000007,0.4064
REC_02000,Delhi,NCR,28.6139,77.209,continental_subtropical,2024-01-11,2024-01-20,9,10.7,86.1,18.9,18.9,47.8,50.2,1006.1,44.5,33.8,0,1,75.39999999999999,0.0,2.4000000000000057,1,0,1,81.0,0.49999999999999994,0.8660254037844387,5.114599999999999,0.2413
REC_01237,Delhi,NCR,28.6139,77.209,continental_subtropical,2024-01-12,2024-01-22,10,1.2,0.0,24.3,18.6,48.4,44.3,1010.9,24.6,23.3,0,1,1.2,5.699999999999999,4.100000000000001,0,1,1,100.0,0.49999999999999994,0.8660254037844387,0.5808,0.2433
REC_02829,Hyderabad,Telangana,17.385,78.4867,semi_arid,2024-01-12,2024-01-20,8,2.0,0.0,21.9,20.6,68.0,57.4,1011.9,0.0,14.2,0,1,2.0,1.2999999999999972,10.600000000000001,0,0,0,64.0,0.49999999999999994,0.8660254037844387,1.36,0.3128
REC_03251,Hyderabad,Telangana,17.385,78.4867,semi_arid,2024-01-12,2024-01-18,6,6.6,7.9,22.2,26.2,49.8,70.7,1007.1,9.9,3.3,0,1,1.3000000000000007,4.0,20.900000000000006,0,1,1,36.0,0.49999999999999994,0.8660254037844387,3.2867999999999995,0.312
REC_01179,Visakhapatnam,Andhra Pradesh,17.6868,83.2185,coastal_cyclonic,2024-01-12,2024-01-15,3,1.3,0.0,26.2,27.2,53.9,62.1,1009.0,0.0,1.6,0,1,1.3,1.0,8.200000000000003,0,0,0,9.0,0.49999999999999994,0.8660254037844387,0.7007000000000001,0.4053
REC_03297,Delhi,NCR,28.6139,77.209,continental_subtropical,2024-01-12,2024-01-13,1,1.5,9.9,23.1,23.1,57.2,55.7,1010.9,1.6,0.1,0,1,8.4,0.0,1.5,0,0,0,1.0,0.49999999999999994,0.8660254037844387,0.8580000000000001,0.2453
REC_01894,Mumbai,Maharashtra,19.076,72.8777,coastal_heavy_monsoon,2024-01-12,2024-01-18,6,1.0,0.0,21.9,22.5,69.1,72.1,1011.8,16.3,15.3,0,1,1.0,0.6000000000000014,3.0,0,0,0,36.0,0.49999999999999994,0.8660254037844387,0.691,0.3944
REC_02946,Visakhapatnam,Andhra Pradesh,17.6868,83.2185,coastal_cyclonic,2024-01-13,2024-01-16,3,3.3,18.8,20.9,22.9,47.3,46.4,1009.5,7.4,4.1,0,1,15.5,2.0,0.8999999999999986,0,0,0,9.0,0.49999999999999994,0.8660254037844387,1.5608999999999997,0.4043
REC_00626,Mumbai,Maharashtra,19.076,72.8777,coastal_heavy_monsoon,2024-01-13,2024-01-17,4,1.2,10.6,22.5,24.3,44.3,53.6,1009.7,4.5,3.3,0,1,9.4,1.8000000000000007,9.300000000000004,0,0,0,16.0,0.49999999999999994,0.8660254037844387,0.5316,0.3933
REC_03190,Mumbai,Maharashtra,19.076,72.8777,coastal_heavy_monsoon,2024-01-13,2024-01-17,4,4.7,11.8,29.5,30.0,63.3,66.2,1009.0,0.0,5.4,0,1,7.1000000000000005,0.5,2.9000000000000057,0,0,0,16.0,0.49999999999999994,0.8660254037844387,2.9751,0.3922
REC_01436,Hyderabad,Telangana,17.385,78.4867,semi_arid,2024-01-13,2024-01-19,6,2.3,0.0,30.5,31.0,52.9,51.6,1008.0,0.0,2.5,0,1,2.3,0.5,1.2999999999999972,0,0,0,36.0,0.49999999999999994,0.8660254037844387,1.2167,0.3137
REC_03180,Krishna District,Andhra Pradesh,16.5062,80.648,coastal_humid,2024-01-13,2024-01-20,7,10.0,38.1,19.3,16.2,59.1,61.9,1008.6,0.3,9.7,0,1,28.1,3.1000000000000014,2.799999999999997,1,0,1,49.0,0.49999999999999994,0.8660254037844387,5.91,0.4005
REC_03475,Visakhapatnam,Andhra Pradesh,17.6868,83.2185,coastal_cyclonic,2024-01-13,2024-01-20,7,1.2,0.0,20.7,18.8,40.1,37.2,1010.4,20.2,19.0,0,1,1.2,1.8999999999999986,2.8999999999999986,0,0,0,49.0,0.49999999999999994,0.8660254037844387,0.48119999999999996,0.4032
REC_01385,Hyderabad,Telangana,17.385,78.4867,semi_arid,2024-01-14,2024-01-23,9,4.6,0.0,23.4,27.1,53.2,52.2,1009.1,24.5,19.9,0,1,4.6,3.700000000000003,1.0,0,1,1,81.0,0.49999999999999994,0.8660254037844387,2.4472,0.313
REC_01368,Mumbai,Maharashtra,19.076,72.8777,coastal_heavy_monsoon,2024-01-14,2024-01-21,7,1.1,0.0,25.3,29.2,63.5,85.9,1007.6,0.0,6.9,0,1,1.1,3.8999999999999986,22.400000000000006,0,1,1,49.0,0.49999999999999994,0.8660254037844387,0.6985000000000001,0.3911
REC_02854,Mumbai,Maharashtra,19.076,72.8777,coastal_heavy_monsoon,2024-01-14,2024-01-17,3,0.7,2.9,30.1,29.3,54.0,59.5,999.2,3.1,2.4,0,1,2.2,0.8000000000000007,5.5,0,0,0,9.0,0.49999999999999994,0.8660254037844387,0.37799999999999995,0.3928
REC_01269,Delhi,NCR,28.6139,77.209,continental_subtropical,2024-01-14,2024-01-17,3,3.1,12.8,23.9,26.2,64.1,75.1,1006.4,5.5,2.4,0,1,9.700000000000001,2.3000000000000007,11.0,0,0,0,9.0,0.49999999999999994,0.8660254037844387,1.9870999999999999,0.2447
REC_02028,Mumbai,Maharashtra,19.076,72.8777,coastal_heavy_monsoon,2024-01-15,2024-01-21,6,2.7,0.0,29.3,29.8,51.4,52.2,1000.0,4.5,1.8,0,1,2.7,0.5,0.8000000000000043,0,0,0,36.0,0.49999999999999994,0.8660254037844387,1.3878,0.3917
REC_01868,Visakhapatnam,Andhra Pradesh,17.6868,83.2185,coastal_cyclonic,2024-01-16,2024-01-17,1,1.4,4.3,21.6,23.0,50.0,57.2,1014.1,0.4,1.0,0,1,2.9,1.3999999999999986,7.200000000000003,0,0,0,1.0,0.49999999999999994,0.8660254037844387,0.7,0.4021
REC_00579,Mumbai,Maharashtra,19.076,72.8777,coastal_heavy_monsoon,2024-01-16,2024-01-19,3,3.4,15.7,21.2,20.7,50.3,43.9,1005.7,4.3,0.9,0,1,12.299999999999999,0.5,6.399999999999999,0,0,0,9.0,0.49999999999999994,0.8660254037844387,1.7101999999999997,0.3906
REC_02500,Delhi,NCR,28.6139,77.209,continental_subtropical,2024-01-17,2024-01-27,10,3.5,0.0,24.7,23.6,45.4,69.4,1008.2,2.5,1.0,0,1,3.5,1.0999999999999979,24.000000000000007,0,0,0,100.0,0.49999999999999994,0.8660254037844387,1.589,0.244
REC_02881,Delhi,NCR,28.6139,77.209,continental_subtropical,2024-01-18,2024-01-19,1,0.6,11.6,24.7,24.7,46.0,43.3,1011.5,2.2,1.6,0,1,11.0,0.0,2.700000000000003,0,0,0,1.0,0.49999999999999994,0.8660254037844387,0.27599999999999997,0.2434
REC_01459,Mumbai,Maharashtra,19.076,72.8777,coastal_heavy_monsoon,2024-01-18,2024-01-24,6,0.3,0.0,23.2,22.9,55.3,51.1,1005.1,1.5,1.2,0,1,0.3,0.3000000000000007,4.199999999999996,0,0,0,36.0,0.49999999999999994,0.8660254037844387,0.1659,0.3895
REC_01686,Bengaluru,Karnataka,12.9716,77.5946,plateau_temperate,2024-01-18,2024-01-27,9,1.2,0.0,23.6,21.8,61.9,39.0,1007.9,13.2,12.0,0,1,1.2,1.8000000000000007,22.9,0,0,0,81.0,0.49999999999999994,0.8660254037844387,0.7428,0.2937
REC_00676,Hyderabad,Telangana,17.385,78.4867,semi_arid,2024-01-18,2024-01-28,10,4.1,61.2,21.8,26.0,57.2,49.5,1009.7,0.0,19.0,0,1,57.1,4.199999999999999,7.700000000000003,1,1,1,100.0,0.49999999999999994,0.8660254037844387,2.3451999999999997,0.3146
REC_00623,Bengaluru,Karnataka,12.9716,77.5946,plateau_temperate,2024-01-19,2024-01-24,5,2.9,0.0,24.3,25.2,59.9,57.7,1005.5,2.6,0.4,0,1,2.9,0.8999999999999986,2.1999999999999957,0,0,0,25.0,0.49999999999999994,0.8660254037844387,1.7370999999999999,0.2929
REC_01157,Krishna District,Andhra Pradesh,16.5062,80.648,coastal_humid,2024-01-19,2024-01-29,10,5.5,0.0,20.2,19.2,58.0,47.8,1008.8,0.0,42.9,0,1,5.5,1.0,10.200000000000003,0,0,0,100.0,0.49999999999999994,0.8660254037844387,3.19,0.4021
REC_02056,Delhi,NCR,28.6139,77.209,continental_subtropical,2024-01-19,2024-01-20,1,0.1,0.0,22.9,22.7,60.4,57.3,1006.3,0.1,0.1,0,1,0.1,0.1999999999999993,3.1000000000000014,0,0,0,1.0,0.49999999999999994,0.8660254037844387,0.0604,0.2427
REC_02237,Delhi,NCR,28.6139,77.209,continental_subtropical,2024-01-19,2024-01-20,1,2.0,6.3,21.6,22.3,51.7,47.1,1010.2,1.7,0.3,0,1,4.3,0.6999999999999993,4.600000000000001,0,0,0,1.0,0.49999999999999994,0.8660254037844387,1.034,0.2421
REC_03365,Krishna District,Andhra Pradesh,16.5062,80.648,coastal_humid,2024-01-19,2024-01-29,10,2.3,1.1,29.6,26.6,59.3,58.9,1012.1,0.0,10.6,0,1,1.1999999999999997,3.0,0.3999999999999986,0,0,0,100.0,0.49999999999999994,0.8660254037844387,1.3639,0.4011
REC_02688,Mumbai,Maharashtra,19.076,72.8777,coastal_heavy_monsoon,2024-01-20,2024-01-28,8,1.9,13.0,27.6,30.9,56.8,66.9,1007.3,13.2,11.2,0,1,11.1,3.299999999999997,10.100000000000009,0,0,0,64.0,0.49999999999999994,0.8660254037844387,1.0792,0.3884
REC_00086,Krishna District,Andhra Pradesh,16.5062,80.648,coastal_humid,2024-01-20,2024-01-28,8,0.6,2.7,24.5,23.6,54.7,72.2,1005.8,9.1,8.5,0,1,2.1,0.8999999999999986,17.5,0,0,0,64.0,0.49999999999999994,0.8660254037844387,0.3282,0.4
REC_00789,Delhi,NCR,28.6139,77.209,continental_subtropical,2024-01-21,2024-01-28,7,0.1,86.7,28.0,30.4,72.7,67.6,1006.5,14.5,14.4,0,1,86.60000000000001,2.3999999999999986,5.1000000000000085,1,0,1,49.0,0.49999999999999994,0.8660254037844387,0.0727,0.2415
REC_02033,Bengaluru,Karnataka,12.9716,77.5946,plateau_temperate,2024-01-21,2024-01-29,8,0.9,0.0,26.6,30.6,42.7,38.7,1008.6,0.0,4.6,0,1,0.9,4.0,4.0,0,1,1,64.0,0.49999999999999994,0.8660254037844387,0.3843000000000001,0.2921
REC_02669,Delhi,NCR,28.6139,77.209,continental_subtropical,2024-01-21,2024-01-27,6,11.2,2.4,20.2,19.5,48.7,36.5,1005.8,14.9,3.7,0,1,8.799999999999999,0.6999999999999993,12.200000000000003,0,0,0,36.0,0.49999999999999994,0.8660254037844387,5.4544,0.2435
REC_01042,Visakhapatnam,Andhra Pradesh,17.6868,83.2185,coastal_cyclonic,2024-01-22,2024-01-25,3,2.1,3.5,23.5,20.0,64.2,60.4,1012.7,0.6,1.5,0,1,1.4,3.5,3.8000000000000043,0,1,1,9.0,0.49999999999999994,0.8660254037844387,1.3482000000000003,0.4011
REC_02650,Mumbai,Maharashtra,19.076,72.8777,coastal_heavy_monsoon,2024-01-22,2024-01-25,3,9.2,17.2,21.9,18.2,49.4,44.7,1010.2,9.7,0.5,0,1,8.0,3.6999999999999993,4.699999999999996,0,1,1,9.0,0.49999999999999994,0.8660254037844387,4.5447999999999995,0.3874
REC_02557,Mumbai,Maharashtra,19.076,72.8777,coastal_heavy_monsoon,2024-01-22,2024-01-26,4,3.4,7.1,22.0,23.3,49.3,50.5,1012.3,9.1,5.7,0,1,3.6999999999999997,1.3000000000000007,1.2000000000000028,0,0,0,16.0,0.49999999999999994,0.8660254037844387,1.6761999999999997,0.389
REC_01011,Mumbai,Maharashtra,19.076,72.8777,coastal_heavy_monsoon,2024-01-22,2024-01-27,5,8.4,10.0,20.2,16.4,62.7,67.5,1004.8,16.0,7.7,0,1,1.5999999999999996,3.8000000000000007,4.799999999999997,0,1,1,25.0,0.49999999999999994,0.8660254037844387,5.266800000000001,0.388
REC_02860,Bengaluru,Karnataka,12.9716,77.5946,plateau_temperate,2024-01-22,2024-01-27,5,7.6,2.9,29.6,30.0,45.5,49.2,1014.7,4.7,2.8,0,1,4.699999999999999,0.3999999999999986,3.700000000000003,0,0,0,25.0,0.49999999999999994,0.8660254037844387,3.458,0.294
REC_01133,Bengaluru,Karnataka,12.9716,77.5946,plateau_temperate,2024-01-22,2024-01-31,9,8.5,74.4,30.4,33.5,64.3,48.6,1008.2,6.6,1.8,0,1,65.9,3.1000000000000014,15.699999999999996,1,0,1,81.0,0.49999999999999994,0.8660254037844387,5.4655,0.2932
REC_00859,Bengaluru,Karnataka,12.9716,77.5946,plateau_temperate,2024-01-23,2024-01-25,2,5.0,0.0,23.7,21.8,46.1,41.2,1003.0,4.6,0.4,0,1,5.0,1.8999999999999986,4.899999999999999,0,0,0,4.0,0.49999999999999994,0.8660254037844387,2.305,0.295
REC_00944,Krishna District,Andhra Pradesh,16.5062,80.648,coastal_humid,2024-01-23,2024-01-25,2,5.1,10.8,28.4,31.0,44.0,50.1,1006.1,0.0,5.8,0,1,5.700000000000001,2.6000000000000014,6.100000000000001,0,0,0,4.0,0.49999999999999994,0.8660254037844387,2.2439999999999998,0.399
REC_02438,Visakhapatnam,Andhra Pradesh,17.6868,83.2185,coastal_cyclonic,2024-01-23,2024-01-29,6,2.2,5.2,31.2,33.9,49.9,52.5,998.7,0.0,4.9,0,1,3.0,2.6999999999999993,2.6000000000000014,0,0,0,36.0,0.49999999999999994,0.8660254037844387,1.0978,0.4026
REC_00838,Delhi,NCR,28.6139,77.209,continental_subtropical,2024-01-24,2024-02-02,9,5.6,0.0,18.8,20.8,52.3,58.2,1007.8,5.4,0.3,0,2,5.6,2.0,5.900000000000006,0,0,0,81.0,0.8660254037844386,0.5000000000000001,2.9287999999999994,0.2428
REC_01106,Mumbai,Maharashtra,19.076,72.8777,coastal_heavy_monsoon,2024-01-24,2024-02-03,10,1.6,18.0,28.8,29.7,34.9,32.6,1004.9,8.9,7.3,0,2,16.4,0.8999999999999986,2.299999999999997,0,0,0,100.0,0.8660254037844386,0.5000000000000001,0.5584,0.3896
REC_03010,Hyderabad,Telangana,17.385,78.4867,semi_arid,2024-01-24,2024-02-01,8,0.7,0.0,20.3,18.8,58.3,44.6,1010.4,0.0,16.2,0,2,0.7,1.5,13.699999999999996,0,0,0,64.0,0.8660254037844386,0.5000000000000001,0.40809999999999996,0.3163
REC_00382,Visakhapatnam,Andhra Pradesh,17.6868,83.2185,coastal_cyclonic,2024-01-24,2024-01-30,6,8.0,0.0,27.8,23.6,57.1,48.3,1013.1,2.0,6.0,0,1,8.0,4.199999999999999,8.800000000000004,0,1,1,36.0,0.49999999999999994,0.8660254037844387,4.5680000000000005,0.4016
REC_02604,Krishna District,Andhra Pradesh,16.5062,80.648,coastal_humid,2024-01-24,2024-01-27,3,2.4,20.4,22.2,23.2,54.7,50.3,1001.0,0.2,2.2,0,1,18.0,1.0,4.400000000000006,0,0,0,9.0,0.49999999999999994,0.8660254037844387,1.3128,0.3979
REC_01764,Visakhapatnam,Andhra Pradesh,17.6868,83.2185,coastal_cyclonic,2024-01-24,2024-02-01,8,6.7,28.6,20.8,25.5,48.6,18.4,1009.8,11.5,4.8,0,2,21.900000000000002,4.699999999999999,30.200000000000003,0,1,1,64.0,0.8660254037844386,0.5000000000000001,3.2562,0.4031
REC_00008,Bengaluru,Karnataka,12.9716,77.5946,plateau_temperate,2024-01-25,2024-01-30,5,0.2,15.4,27.3,27.1,46.1,54.2,1003.2,0.0,5.3,0,1,15.200000000000001,0.1999999999999993,8.100000000000001,0,0,0,25.0,0.49999999999999994,0.8660254037844387,0.0922,0.2943
REC_00931,Krishna District,Andhra Pradesh,16.5062,80.648,coastal_humid,2024-01-25,2024-02-01,7,4.4,0.0,25.2,23.0,54.1,43.7,1009.3,1.5,2.9,0,2,4.4,2.1999999999999993,10.399999999999999,0,0,0,49.0,0.8660254037844386,0.5000000000000001,2.3804000000000003,0.3969
REC_02235,Krishna District,Andhra Pradesh,16.5062,80.648,coastal_humid,2024-01-26,2024-01-27,1,0.9,0.0,22.3,22.6,49.7,54.7,1004.5,1.5,0.6,0,1,0.9,0.3000000000000007,5.0,0,0,0,1.0,0.49999999999999994,0.8660254037844387,0.44730000000000003,0.3958
REC_01410,Mumbai,Maharashtra,19.076,72.8777,coastal_heavy_monsoon,2024-01-26,2024-01-28,2,2.6,13.1,21.4,21.7,61.1,54.9,1011.7,2.3,0.2,0,1,10.5,0.3000000000000007,6.200000000000003,0,0,0,4.0,0.49999999999999994,0.8660254037844387,1.5886000000000002,0.3886
REC_01747,Bengaluru,Karnataka,12.9716,77.5946,plateau_temperate,2024-01-26,2024-01-30,4,0.2,30.0,25.9,29.6,42.0,41.9,1013.5,0.0,2.3,0,1,29.8,3.700000000000003,0.10000000000000142,1,1,1,16.0,0.49999999999999994,0.8660254037844387,0.084,0.2935
REC_00310,Mumbai,Maharashtra,19.076,72.8777,coastal_heavy_monsoon,2024-01-26,2024-02-01,6,0.9,0.0,23.2,24.6,59.6,50.2,1007.8,0.0,9.2,0,2,0.9,1.4000000000000021,9.399999999999999,0,0,0,36.0,0.8660254037844386,0.5000000000000001,0.5364,0.3875
REC_02043,Visakhapatnam,Andhra Pradesh,17.6868,83.2185,coastal_cyclonic,2024-01-27,2024-02-04,8,5.5,0.0,24.2,17.4,63.9,53.0,1008.9,16.5,11.0,0,2,5.5,6.800000000000001,10.899999999999999,0,1,1,64.0,0.8660254037844386,0.5000000000000001,3.5145,0.4047
REC_01859,Delhi,NCR,28.6139,77.209,continental_subtropical,2024-01-27,2024-02-03,7,2.0,3.5,23.8,25.2,55.9,57.8,1010.1,0.0,8.4,0,2,1.5,1.3999999999999986,1.8999999999999986,0,0,0,49.0,0.8660254037844386,0.5000000000000001,1.1179999999999999,0.2422
REC_00980,Hyderabad,Telangana,17.385,78.4867,semi_arid,2024-01-27,2024-02-04,8,2.1,0.0,22.7,23.3,48.5,65.9,1006.4,0.0,18.0,0,2,2.1,0.6000000000000014,17.400000000000006,0,0,0,64.0,0.8660254037844386,0.5000000000000001,1.0185000000000002,0.3155
REC_00720,Mumbai,Maharashtra,19.076,72.8777,coastal_heavy_monsoon,2024-01-27,2024-01-30,3,7.2,8.2,19.8,19.1,60.3,46.0,1015.1,3.7,3.5,0,1,0.9999999999999991,0.6999999999999993,14.299999999999997,0,0,0,9.0,0.49999999999999994,0.8660254037844387,4.3416,0.3865
REC_02046,Visakhapatnam,Andhra Pradesh,17.6868,83.2185,coastal_cyclonic,2024-01-27,2024-01-30,3,7.3,27.9,28.1,27.4,47.7,52.2,1006.2,6.1,1.1,0,1,20.599999999999998,0.7000000000000028,4.5,0,0,0,9.0,0.49999999999999994,0.8660254037844387,3.4821000000000004,0.4062
REC_01863,Krishna District,Andhra Pradesh,16.5062,80.648,coastal_humid,2024-01-28,2024-02-07,10,3.3,0.0,22.3,22.3,49.9,56.4,1006.4,0.0,33.1,0,2,3.3,0.0,6.5,0,0,0,100.0,0.8660254037844386,0.5000000000000001,1.6466999999999998,0.3948
REC_00187,Bengaluru,Karnataka,12.9716,77.5946,plateau_temperate,2024-01-28,2024-02-07,10,1.1,0.0,29.4,31.3,60.0,56.5,1009.3,0.0,14.4,0,2,1.1,1.9000000000000021,3.5,0,0,0,100.0,0.8660254037844386,0.5000000000000001,0.66,0.2953
REC_01399,Mumbai,Maharashtra,19.076,72.8777,coastal_heavy_monsoon,2024-01-28,2024-01-31,3,3.6,1.0,29.2,28.4,35.5,35.9,1009.0,3.5,0.1,0,1,2.6,0.8000000000000007,0.3999999999999986,0,0,0,9.0,0.49999999999999994,0.8660254037844387,1.278,0.3854
REC_00205,Krishna District,Andhra Pradesh,16.5062,80.648,coastal_humid,2024-01-28,2024-02-01,4,1.8,20.1,20.2,18.3,54.5,49.7,1006.2,0.0,9.7,0,2,18.3,1.8999999999999986,4.799999999999997,0,0,0,16.0,0.8660254037844386,0.5000000000000001,0.9810000000000001,0.3938
REC_00853,Bengaluru,Karnataka,12.9716,77.5946,plateau_temperate,2024-01-28,2024-02-04,7,0.2,0.0,23.1,21.4,42.2,48.4,1008.1,1.4,1.2,0,2,0.2,1.7000000000000028,6.199999999999996,0,0,0,49.0,0.8660254037844386,0.5000000000000001,0.08440000000000002,0.2946
REC_02001,Krishna District,Andhra Pradesh,16.5062,80.648,coastal_humid,2024-01-29,2024-02-01,3,4.5,0.0,25.3,25.6,61.2,66.7,1004.5,9.7,5.3,0,2,4.5,0.3000000000000007,5.5,0,0,0,9.0,0.8660254037844386,0.5000000000000001,2.7540000000000004,0.3928
REC_00919,Visakhapatnam,Andhra Pradesh,17.6868,83.2185,coastal_cyclonic,2024-01-29,2024-02-02,4,2.6,3.7,21.9,17.4,49.4,38.2,1009.6,0.0,2.6,0,2,1.1,4.5,11.199999999999996,0,1,1,16.0,0.8660254037844386,0.5000000000000001,1.2844,0.4052
REC_02324,Delhi,NCR,28.6139,77.209,continental_subtropical,2024-01-29,2024-02-04,6,3.9,28.9,28.8,32.0,75.7,80.4,1008.6,0.0,4.7,0,2,25.0,3.1999999999999993,4.700000000000003,1,0,1,36.0,0.8660254037844386,0.5000000000000001,2.9523,0.2416
REC_03441,Visakhapatnam,Andhra Pradesh,17.6868,83.2185,coastal_cyclonic,2024-01-30,2024-02-04,5,0.5,7.2,17.3,18.5,55.4,52.8,1012.7,0.5,0.0,0,2,6.7,1.1999999999999993,2.6000000000000014,0,0,0,25.0,0.8660254037844386,0.5000000000000001,0.27699999999999997,0.4067
REC_01944,Krishna District,Andhra Pradesh,16.5062,80.648,coastal_humid,2024-01-30,2024-02-03,4,4.4,0.0,27.7,27.9,57.1,62.5,1008.0,9.5,5.1,0,2,4.4,0.1999999999999993,5.399999999999999,0,0,0,16.0,0.8660254037844386,0.5000000000000001,2.5124000000000004,0.3918
REC_00457,Mumbai,Maharashtra,19.076,72.8777,coastal_heavy_monsoon,2024-01-30,2024-02-08,9,2.0,0.0,22.8,23.2,50.1,50.1,1015.2,22.5,20.5,0,2,2.0,0.3999999999999986,0.0,0,0,0,81.0,0.8660254037844386,0.5000000000000001,1.002,0.3844
REC_00829,Mumbai,Maharashtra,19.076,72.8777,coastal_heavy_monsoon,2024-01-30,2024-02-01,2,3.4,13.9,25.9,24.6,41.5,39.1,1010.6,3.7,0.3,0,2,10.5,1.2999999999999972,2.3999999999999986,0,0,0,4.0,0.8660254037844386,0.5000000000000001,1.411,0.3834
REC_02377,Hyderabad,Telangana,17.385,78.4867,semi_arid,2024-01-30,2024-01-31,1,6.8,6.9,25.2,24.6,38.5,38.3,1003.9,5.8,1.0,0,1,0.10000000000000053,0.5999999999999979,0.20000000000000284,0,0,0,1.0,0.49999999999999994,0.8660254037844387,2.6180000000000003,0.3148
REC_00813,Delhi,NCR,28.6139,77.209,continental_subtropical,2024-01-30,2024-02-02,3,2.2,3.7,22.4,22.0,64.0,62.4,1002.9,0.0,2.4,0,2,1.5,0.3999999999999986,1.6000000000000014,0,0,0,9.0,0.8660254037844386,0.5000000000000001,1.4080000000000001,0.2435
REC_00089,Krishna District,Andhra Pradesh,16.5062,80.648,coastal_humid,2024-01-31,2024-02-02,2,0.1,0.0,24.3,24.0,54.0,57.5,1010.0,2.1,2.1,0,2,0.1,0.3000000000000007,3.5,0,0,0,4.0,0.8660254037844386,0.5000000000000001,0.054000000000000006,0.3907
REC_02640,Krishna District,Andhra Pradesh,16.5062,80.648,coastal_humid,2024-01-31,2024-02-02,2,0.6,10.2,26.9,25.9,67.9,72.0,1009.7,0.0,2.5,0,2,9.6,1.0,4.099999999999994,0,0,0,4.0,0.8660254037844386,0.5000000000000001,0.40740000000000004,0.3897
REC_01652,Krishna District,Andhra Pradesh,16.5062,80.648,coastal_humid,2024-01-31,2024-02-05,5,8.9,111.5,18.8,18.2,56.3,59.1,1005.2,0.0,11.3,0,2,102.6,0.6000000000000014,2.8000000000000043,1,0,1,25.0,0.8660254037844386,0.5000000000000001,5.0107,0.3887
REC_00267,Hyderabad,Telangana,17.385,78.4867,semi_arid,2024-01-31,2024-02-10,10,1.7,36.8,19.7,18.4,53.3,47.8,1002.4,24.3,22.6,0,2,35.099999999999994,1.3000000000000007,5.5,1,0,1,100.0,0.8660254037844386,0.5000000000000001,0.9061,0.314
REC_01640,Hyderabad,Telangana,17.385,78.4867,semi_arid,2024-02-01,2024-02-02,1,4.0,6.7,19.4,19.5,56.5,51.9,1010.6,4.4,0.4,0,2,2.7,0.10000000000000142,4.600000000000001,0,0,0,1.0,0.8660254037844386,0.5000000000000001,2.26,0.3157
REC_00421,Mumbai,Maharashtra,19.076,72.8777,coastal_heavy_monsoon,2024-02-01,2024-02-03,2,0.3,0.0,21.7,22.0,57.3,51.6,1014.1,1.6,1.3,0,2,0.3,0.3000000000000007,5.699999999999996,0,0,0,4.0,0.8660254037844386,0.5000000000000001,0.17189999999999997,0.3824
REC_02957,Delhi,NCR,28.6139,77.209,continental_subtropical,2024-02-01,2024-02-04,3,1.6,0.0,23.1,22.9,47.7,39.0,1004.9,6.1,4.4,0,2,1.6,0.20000000000000284,8.700000000000003,0,0,0,9.0,0.8660254037844386,0.5000000000000001,0.7632000000000001,0.2429
REC_01840,Delhi,NCR,28.6139,77.209,continental_subtropical,2024-02-01,2024-02-11,10,5.7,33.3,25.5,22.9,54.6,64.5,1002.8,0.0,13.9,0,2,27.599999999999998,2.6000000000000014,9.899999999999999,1,0,1,100.0,0.8660254037844386,0.5000000000000001,3.1122,0.2423
REC_03228,Visakhapatnam,Andhra Pradesh,17.6868,83.2185,coastal_cyclonic,2024-02-02,2024-02-03,1,0.3,2.1,23.6,22.9,55.9,55.7,1004.3,1.1,0.8,0,2,1.8,0.7000000000000028,0.19999999999999574,0,0,0,1.0,0.8660254037844386,0.5000000000000001,0.1677,0.4057
REC_00373,Delhi,NCR,28.6139,77.209,continental_subtropical,2024-02-02,2024-02-03,1,0.6,2.0,27.7,27.3,51.1,53.5,1013.7,1.1,0.5,0,2,1.4,0.3999999999999986,2.3999999999999986,0,0,0,1.0,0.8660254037844386,0.5000000000000001,0.3066,0.2442
REC_01540,Mumbai,Maharashtra,19.076,72.8777,coastal_heavy_monsoon,2024-02-02,2024-02-10,8,1.1,0.0,22.4,26.5,58.5,50.2,1003.3,2.5,1.5,0,2,1.1,4.100000000000001,8.299999999999997,0,1,1,64.0,0.8660254037844386,0.5000000000000001,0.6435000000000001,0.3813
REC_02812,Delhi,NCR,28.6139,77.209,continental_subtropical,2024-02-03,2024-02-11,8,1.1,0.0,26.6,29.9,53.6,63.3,1006.6,1.1,0.0,0,2,1.1,3.299999999999997,9.699999999999996,0,0,0,64.0,0.8660254037844386,0.5000000000000001,0.5896000000000001,0.2436
REC_00799,Mumbai,Maharashtra,19.076,72.8777,coastal_heavy_monsoon,2024-02-03,2024-02-09,6,0.9,0.0,24.6,27.8,62.7,72.3,1005.1,8.1,7.2,0,2,0.9,3.1999999999999993,9.599999999999994,0,0,0,36.0,0.8660254037844386,0.5000000000000001,0.5643,0.383
REC_00296,Visakhapatnam,Andhra Pradesh,17.6868,83.2185,coastal_cyclonic,2024-02-04,2024-02-13,9,8.1,74.1,24.5,25.3,59.3,65.6,1011.6,12.6,4.5,0,2,66.0,0.8000000000000007,6.299999999999997,1,0,1,81.0,0.8660254037844386,0.5000000000000001,4.8033,0.4046
REC_02683,Hyderabad,Telangana,17.385,78.4867,semi_arid,2024-02-04,2024-02-11,7,10.0,0.0,26.2,24.0,59.3,74.1,1008.8,19.0,9.0,0,2,10.0,2.1999999999999993,14.799999999999997,0,0,0,49.0,0.8660254037844386,0.5000000000000001,5.93,0.3149
REC_03112,Visakhapatnam,Andhra Pradesh,17.6868,83.2185,coastal_cyclonic,2024-02-04,2024-02-09,5,3.3,1.6,25.6,31.8,35.6,38.6,1007.4,1.6,1.7,0,2,1.6999999999999997,6.199999999999999,3.0,0,1,1,25.0,0.8660254037844386,0.5000000000000001,1.1748,0.4062
REC_02143,Krishna District,Andhra Pradesh,16.5062,80.648,coastal_humid,2024-02-04,2024-02-10,6,3.2,0.0,24.1,21.9,51.5,58.6,1002.7,0.0,3.5,0,2,3.2,2.200000000000003,7.100000000000001,0,0,0,36.0,0.8660254037844386,0.5000000000000001,1.6480000000000001,0.3903
REC_02583,Bengaluru,Karnataka,12.9716,77.5946,plateau_temperate,2024-02-04,2024-02-10,6,3.9,59.1,28.2,23.3,58.4,49.4,1004.7,0.0,7.1,0,2,55.2,4.899999999999999,9.0,1,1,1,36.0,0.8660254037844386,0.5000000000000001,2.2776,0.2938
REC_02287,Visakhapatnam,Andhra Pradesh,17.6868,83.2185,coastal_cyclonic,2024-02-05,2024-02-07,2,2.7,0.0,27.8,29.0,73.3,72.3,1013.1,4.6,2.0,0,2,2.7,1.1999999999999993,1.0,0,0,0,4.0,0.8660254037844386,0.5000000000000001,1.9790999999999999,0.4077
REC_01445,Bengaluru,Karnataka,12.9716,77.5946,plateau_temperate,2024-02-05,2024-02-12,7,13.0,0.0,23.4,20.3,62.5,63.4,1002.2,22.2,9.2,0,2,13.0,3.099999999999998,0.8999999999999986,0,0,0,49.0,0.8660254037844386,0.5000000000000001,8.125,0.2956
REC_02390,Mumbai,Maharashtra,19.076,72.8777,coastal_heavy_monsoon,2024-02-05,2024-02-12,7,2.4,0.0,24.7,21.6,49.6,54.7,1010.8,8.4,6.0,0,2,2.4,3.099999999999998,5.100000000000001,0,0,0,49.0,0.8660254037844386,0.5000000000000001,1.1904,0.382
REC_01256,Mumbai,Maharashtra,19.076,72.8777,coastal_heavy_monsoon,2024-02-05,2024-02-13,8,1.9,0.0,23.4,26.0,62.5,47.3,1010.0,0.0,27.5,0,2,1.9,2.6000000000000014,15.200000000000003,0,0,0,64.0,0.8660254037844386,0.5000000000000001,1.1875,0.381
REC_01406,Bengaluru,Karnataka,12.9716,77.5946,plateau_temperate,2024-02-06,2024-02-09,3,6.6,15.4,20.8,20.6,68.3,72.7,1007.3,4.5,2.1,0,2,8.8,0.1999999999999993,4.400000000000006,0,0,0,9.0,0.8660254037844386,0.5000000000000001,4.5078,0.2949
REC_02519,Krishna District,Andhra Pradesh,16.5062,80.648,coastal_humid,2024-02-07,2024-02-14,7,1.4,15.4,20.8,19.9,48.2,58.2,1008.4,0.0,28.9,0,2,14.0,0.9000000000000021,10.0,0,0,0,49.0,0.8660254037844386,0.5000000000000001,0.6748000000000001,0.3893
REC_02281,Hyderabad,Telangana,17.385,78.4867,semi_arid,2024-02-07,2024-02-12,5,0.4,10.2,25.0,26.0,54.8,60.3,1014.8,0.0,0.7,0,2,9.799999999999999,1.0,5.5,0,0,0,25.0,0.8660254037844386,0.5000000000000001,0.2192,0.3141
REC_02990,Visakhapatnam,Andhra Pradesh,17.6868,83.2185,coastal_cyclonic,2024-02-07,2024-02-16,9,6.2,50.6,26.6,28.5,57.3,57.7,1011.0,0.0,7.7,0,2,44.4,1.8999999999999986,0.4000000000000057,1,0,1,81.0,0.8660254037844386,0.5000000000000001,3.5526,0.4066
REC_01038,Visakhapatnam,Andhra Pradesh,17.6868,83.2185,coastal_cyclonic,2024-02-07,2024-02-11,4,4.6,5.7,24.4,26.5,43.0,49.3,1012.0,8.9,4.3,0,2,1.1000000000000005,2.1000000000000014,6.299999999999997,0,0,0,16.0,0.8660254037844386,0.5000000000000001,1.9779999999999998,0.4082
REC_00535,Bengaluru,Karnataka,12.9716,77.5946,plateau_temperate,2024-02-07,2024-02-10,3,0.6,0.0,22.8,22.1,49.2,51.8,1007.4,0.0,5.0,0,2,0.6,0.6999999999999993,2.5999999999999943,0,0,0,9.0,0.8660254037844386,0.5000000000000001,0.2952,0.2941
REC_02179,Krishna District,Andhra Pradesh,16.5062,80.648,coastal_humid,2024-02-07,2024-02-11,4,2.2,0.0,26.8,27.7,62.3,51.9,1006.8,4.8,2.5,0,2,2.2,0.8999999999999986,10.399999999999999,0,0,0,16.0,0.8660254037844386,0.5000000000000001,1.3706,0.3883
REC_00613,Visakhapatnam,Andhra Pradesh,17.6868,83.2185,coastal_cyclonic,2024-02-07,2024-02-16,9,2.3,33.7,27.2,27.1,52.4,48.0,994.9,13.7,11.4,0,2,31.400000000000002,0.09999999999999787,4.399999999999999,1,0,1,81.0,0.8660254037844386,0.5000000000000001,1.2051999999999998,0.4071
REC_03148,Krishna District,Andhra Pradesh,16.5062,80.648,coastal_humid,2024-02-08,2024-02-10,2,3.3,3.7,22.4,21.3,54.2,60.7,1006.5,0.0,3.5,0,2,0.40000000000000036,1.0999999999999979,6.5,0,0,0,4.0,0.8660254037844386,0.5000000000000001,1.7886000000000002,0.3873
REC_03226,Hyderabad,Telangana,17.385,78.4867,semi_arid,2024-02-08,2024-02-14,6,0.4,0.0,30.8,33.6,65.6,65.4,1007.0,5.1,4.7,0,2,0.4,2.8000000000000007,0.19999999999998863,0,0,0,36.0,0.8660254037844386,0.5000000000000001,0.26239999999999997,0.3134
REC_02737,Delhi,NCR,28.6139,77.209,continental_subtropical,2024-02-08,2024-02-16,8,0.7,0.0,24.6,18.0,58.7,57.3,1006.5,0.0,24.1,0,2,0.7,6.600000000000001,1.4000000000000057,0,1,1,64.0,0.8660254037844386,0.5000000000000001,0.4109,0.243
REC_02883,Bengaluru,Karnataka,12.9716,77.5946,plateau_temperate,2024-02-08,2024-02-17,9,1.5,0.0,26.2,29.2,66.3,71.6,1002.7,2.3,0.9,0,2,1.5,3.0,5.299999999999997,0,0,0,81.0,0.8660254037844386,0.5000000000000001,0.9944999999999999,0.2934
REC_02123,Hyderabad,Telangana,17.385,78.4867,semi_arid,2024-02-08,2024-02-18,10,0.1,21.1,23.8,23.3,54.3,45.0,1006.0,0.0,2.8,0,2,21.0,0.5,9.299999999999997,0,0,0,100.0,0.8660254037844386,0.5000000000000001,0.054299999999999994,0.3126
REC_00737,Delhi,NCR,28.6139,77.209,continental_subtropical,2024-02-09,2024-02-13,4,2.5,3.8,20.3,20.2,59.2,62.5,1020.4,1.2,1.4,0,2,1.2999999999999998,0.10000000000000142,3.299999999999997,0,0,0,16.0,0.8660254037844386,0.5000000000000001,1.48,0.2449
REC_02408,Delhi,NCR,28.6139,77.209,continental_subtropical,2024-02-09,2024-02-14,5,3.4,0.0,28.5,24.9,62.7,73.5,1006.8,8.9,5.4,0,2,3.4,3.6000000000000014,10.799999999999997,0,1,1,25.0,0.8660254037844386,0.5000000000000001,2.1318,0.2443
REC_01888,Delhi,NCR,28.6139,77.209,continental_subtropical,2024-02-09,2024-02-16,7,3.7,0.0,17.8,16.7,56.3,65.3,1015.9,27.1,23.5,0,2,3.7,1.1000000000000014,9.0,0,0,0,49.0,0.8660254037844386,0.5000000000000001,2.0831,0.2462
REC_01706,Hyderabad,Telangana,17.385,78.4867,semi_arid,2024-02-10,2024-02-16,6,1.3,0.0,24.6,23.2,48.8,47.1,1006.0,18.2,16.9,0,2,1.3,1.4000000000000021,1.6999999999999957,0,0,0,36.0,0.8660254037844386,0.5000000000000001,0.6344,0.3119
REC_02852,Hyderabad,Telangana,17.385,78.4867,semi_arid,2024-02-10,2024-02-18,8,1.3,11.2,21.8,18.7,40.2,30.8,1007.1,0.0,10.0,0,2,9.899999999999999,3.1000000000000014,9.400000000000002,0,0,0,64.0,0.8660254037844386,0.5000000000000001,0.5226000000000001,0.3112
REC_00460,Hyderabad,Telangana,17.385,78.4867,semi_arid,2024-02-10,2024-02-18,8,1.7,7.8,25.2,22.5,57.6,50.2,1008.8,16.9,15.2,0,2,6.1,2.6999999999999993,7.399999999999999,0,0,0,64.0,0.8660254037844386,0.5000000000000001,0.9792000000000001,0.3104
REC_03000,Mumbai,Maharashtra,19.076,72.8777,coastal_heavy_monsoon,2024-02-10,2024-02-13,3,2.2,2.9,20.9,21.3,54.1,55.7,1007.6,4.2,2.0,0,2,0.6999999999999997,0.40000000000000213,1.6000000000000014,0,0,0,9.0,0.8660254037844386,0.5000000000000001,1.1902000000000001,0.3799
REC_01891,Bengaluru,Karnataka,12.9716,77.5946,plateau_temperate,2024-02-10,2024-02-11,1,2.3,3.9,23.6,24.4,53.5,53.5,1012.8,2.3,0.0,0,2,1.6,0.7999999999999972,0.0,0,0,0,1.0,0.8660254037844386,0.5000000000000001,1.2305,0.2926
REC_01120,Bengaluru,Karnataka,12.9716,77.5946,plateau_temperate,2024-02-10,2024-02-12,2,3.6,0.0,28.3,28.2,56.6,54.6,1009.6,0.8,2.8,0,2,3.6,0.10000000000000142,2.0,0,0,0,4.0,0.8660254037844386,0.5000000000000001,2.0376000000000003,0.2919
REC_03355,Visakhapatnam,Andhra Pradesh,17.6868,83.2185,coastal_cyclonic,2024-02-11,2024-02-12,1,0.3,0.0,21.5,20.6,67.1,67.9,1008.3,0.0,0.7,0,2,0.3,0.8999999999999986,0.8000000000000114,0,0,0,1.0,0.8660254037844386,0.5000000000000001,0.20129999999999998,0.4086
REC_01413,Visakhapatnam,Andhra Pradesh,17.6868,83.2185,coastal_cyclonic,2024-02-11,2024-02-13,2,5.9,4.5,26.4,26.5,53.8,54.9,997.9,6.0,0.1,0,2,1.4000000000000004,0.10000000000000142,1.1000000000000014,0,0,0,4.0,0.8660254037844386,0.5000000000000001,3.1742000000000004,0.4076
REC_00683,Delhi,NCR,28.6139,77.209,continental_subtropical,2024-02-11,2024-02-17,6,9.8,25.9,23.5,23.7,66.0,67.6,1004.1,13.5,3.7,0,2,16.099999999999998,0.1999999999999993,1.5999999999999943,0,0,0,36.0,0.8660254037844386,0.5000000000000001,6.468000000000001,0.2456
REC_01810,Mumbai,Maharashtra,19.076,72.8777,coastal_heavy_monsoon,2024-02-11,2024-02-18,7,4.6,40.9,28.3,25.4,63.5,65.6,1006.7,3.5,1.1,0,2,36.3,2.900000000000002,2.0999999999999943,1,0,1,49.0,0.8660254037844386,0.5000000000000001,2.921,0.3789
REC_03246,Mumbai,Maharashtra,19.076,72.8777,coastal_heavy_monsoon,2024-02-12,2024-02-14,2,3.1,0.0,19.5,19.5,73.4,76.2,1002.2,1.7,1.5,0,2,3.1,0.0,2.799999999999997,0,0,0,4.0,0.8660254037844386,0.5000000000000001,2.2754000000000003,0.3806
REC_00589,Hyderabad,Telangana,17.385,78.4867,semi_arid,2024-02-12,2024-02-15,3,5.6,19.6,29.3,27.3,51.3,50.2,1004.9,3.7,1.8,0,2,14.000000000000002,2.0,1.0999999999999943,0,0,0,9.0,0.8660254037844386,0.5000000000000001,2.8728,0.3097
REC_02543,Mumbai,Maharashtra,19.076,72.8777,coastal_heavy_monsoon,2024-02-12,2024-02-18,6,2.7,26.6,23.9,23.9,58.5,53.3,1010.9,0.0,6.0,0,2,23.900000000000002,0.0,5.200000000000003,0,0,0,36.0,0.8660254037844386,0.5000000000000001,1.5795000000000001,0.3796
REC_02896,Visakhapatnam,Andhra Pradesh,17.6868,83.2185,coastal_cyclonic,2024-02-12,2024-02-20,8,14.9,0.0,21.9,24.2,56.7,65.8,1002.3,10.2,4.7,0,2,14.9,2.3000000000000007,9.099999999999994,0,0,0,64.0,0.8660254037844386,0.5000000000000001,8.4483,0.4066
REC_03038,Krishna District,Andhra Pradesh,16.5062,80.648,coastal_humid,2024-02-12,2024-02-20,8,1.2,1.5,19.5,21.4,52.1,69.3,1014.2,14.0,12.8,0,2,0.30000000000000004,1.8999999999999986,17.199999999999996,0,0,0,64.0,0.8660254037844386,0.5000000000000001,0.6252,0.3864
REC_02732,Mumbai,Maharashtra,19.076,72.8777,coastal_heavy_monsoon,2024-02-13,2024-02-23,10,0.4,15.3,21.8,22.0,59.1,44.4,1010.4,0.0,6.3,0,2,14.9,0.1999999999999993,14.700000000000003,0,0,0,100.0,0.8660254037844386,0.5000000000000001,0.2364,0.3786
REC_03020,Delhi,NCR,28.6139,77.209,continental_subtropical,2024-02-14,2024-02-21,7,0.9,0.0,25.9,23.7,52.6,44.8,1012.9,5.8,4.9,0,2,0.9,2.1999999999999993,7.800000000000004,0,0,0,49.0,0.8660254037844386,0.5000000000000001,0.47340000000000004,0.2449
REC_01110,Mumbai,Maharashtra,19.076,72.8777,coastal_heavy_monsoon,2024-02-14,2024-02-22,8,7.9,0.0,24.5,28.1,59.1,61.2,1005.5,0.0,19.3,0,2,7.9,3.6000000000000014,2.1000000000000014,0,1,1,64.0,0.8660254037844386,0.5000000000000001,4.668900000000001,0.3776
REC_02584,Krishna District,Andhra Pradesh,16.5062,80.648,coastal_humid,2024-02-14,2024-02-22,8,0.4,0.0,23.8,16.3,68.8,62.8,1006.9,0.0,2.1,0,2,0.4,7.5,6.0,0,1,1,64.0,0.8660254037844386,0.5000000000000001,0.2752,0.3854
REC_03242,Delhi,NCR,28.6139,77.209,continental_subtropical,2024-02-14,2024-02-23,9,1.7,0.0,21.2,17.2,64.0,69.3,1007.6,5.4,3.7,0,2,1.7,4.0,5.299999999999997,0,1,1,81.0,0.8660254037844386,0.5000000000000001,1.088,0.2443
REC_00327,Krishna District,Andhra Pradesh,16.5062,80.648,coastal_humid,2024-02-15,2024-02-22,7,2.8,0.0,23.0,19.3,48.7,47.3,1009.7,10.9,8.1,0,2,2.8,3.6999999999999993,1.4000000000000057,0,1,1,49.0,0.8660254037844386,0.5000000000000001,1.3636,0.3869
REC_00887,Delhi,NCR,28.6139,77.209,continental_subtropical,2024-02-15,2024-02-22,7,2.2,0.0,20.4,18.3,55.1,50.8,1008.9,10.6,8.4,0,2,2.2,2.099999999999998,4.300000000000004,0,0,0,49.0,0.8660254037844386,0.5000000000000001,1.2122000000000002,0.2462
REC_02034,Visakhapatnam,Andhra Pradesh,17.6868,83.2185,coastal_cyclonic,2024-02-15,2024-02-23,8,4.9,0.0,18.8,15.8,64.5,57.9,1007.4,16.5,11.6,0,2,4.9,3.0,6.600000000000001,0,0,0,64.0,0.8660254037844386,0.5000000000000001,3.1605000000000003,0.4055
REC_01995,Bengaluru,Karnataka,12.9716,77.5946,plateau_temperate,2024-02-16,2024-02-19,3,1.7,2.9,21.3,20.4,57.1,60.5,1004.2,0.0,12.6,0,2,1.2,0.9000000000000021,3.3999999999999986,0,0,0,9.0,0.8660254037844386,0.5000000000000001,0.9706999999999999,0.2911
REC_01932,Bengaluru,Karnataka,12.9716,77.5946,plateau_temperate,2024-02-16,2024-02-21,5,0.2,0.0,26.3,27.6,59.8,57.2,1015.4,1.5,1.4,0,2,0.2,1.3000000000000007,2.5999999999999943,0,0,0,25.0,0.8660254037844386,0.5000000000000001,0.11960000000000001,0.2904
REC_01232,Visakhapatnam,Andhra Pradesh,17.6868,83.2185,coastal_cyclonic,2024-02-16,2024-02-23,7,0.3,21.2,31.4,31.9,59.6,55.6,1006.7,22.4,22.1,0,2,20.9,0.5,4.0,0,0,0,49.0,0.8660254037844386,0.5000000000000001,0.1788,0.4045
REC_02579,Visakhapatnam,Andhra Pradesh,17.6868,83.2185,coastal_cyclonic,2024-02-16,2024-02-25,9,1.4,0.0,26.0,24.1,66.9,68.9,1003.4,0.0,8.5,0,2,1.4,1.8999999999999986,2.0,0,0,0,81.0,0.8660254037844386,0.5000000000000001,0.9366,0.4035
REC_00955,Bengaluru,Karnataka,12.9716,77.5946,plateau_temperate,2024-02-17,2024-02-27,10,1.4,59.6,21.3,19.3,30.8,15.0,1010.1,29.6,28.2,0,2,58.2,2.0,15.8,1,0,1,100.0,0.8660254037844386,0.5000000000000001,0.43119999999999997,0.2897
REC_03132,Bengaluru,Karnataka,12.9716,77.5946,plateau_temperate,2024-02-17,2024-02-22,5,1.7,0.0,25.0,26.5,58.4,60.3,1006.6,2.6,0.8,0,2,1.7,1.5,1.8999999999999986,0,0,0,25.0,0.8660254037844386,0.5000000000000001,0.9928,0.2915
REC_01733,Bengaluru,Karnataka,12.9716,77.5946,plateau_temperate,2024-02-17,2024-02-27,10,1.7,0.0,22.3,30.6,68.3,54.0,1012.3,14.0,12.3,0,2,1.7,8.3,14.299999999999997,0,1,1,100.0,0.8660254037844386,0.5000000000000001,1.1610999999999998,0.2907
REC_01432,Hyderabad,Telangana,17.385,78.4867,semi_arid,2024-02-17,2024-02-22,5,1.3,0.8,22.9,24.8,39.7,28.1,1015.1,0.0,3.1,0,2,0.5,1.9000000000000021,11.600000000000001,0,0,0,25.0,0.8660254037844386,0.5000000000000001,0.5161000000000001,0.309
REC_01780,Visakhapatnam,Andhra Pradesh,17.6868,83.2185,coastal_cyclonic,2024-02-17,2024-02-18,1,0.6,0.0,23.9,23.3,65.6,64.6,1007.8,0.4,0.1,0,2,0.6,0.5999999999999979,1.0,0,0,0,1.0,0.8660254037844386,0.5000000000000001,0.39359999999999995,0.4025
REC_02040,Delhi,NCR,28.6139,77.209,continental_subtropical,2024-02-17,2024-02-20,3,13.9,23.6,21.7,21.0,48.2,52.8,1012.7,12.2,1.7,0,2,9.700000000000001,0.6999999999999993,4.599999999999994,0,0,0,9.0,0.8660254037844386,0.5000000000000001,6.6998,0.2456
REC_01753,Mumbai,Maharashtra,19.076,72.8777,coastal_heavy_monsoon,2024-02-17,2024-02-20,3,7.5,0.0,25.6,27.0,50.4,47.6,1005.4,9.6,2.1,0,2,7.5,1.3999999999999986,2.799999999999997,0,0,0,9.0,0.8660254037844386,0.5000000000000001,3.78,0.3792
REC_00554,Visakhapatnam,Andhra Pradesh,17.6868,83.2185,coastal_cyclonic,2024-02-17,2024-02-22,5,1.1,0.0,20.9,23.5,56.2,47.6,1006.7,1.3,0.1,0,2,1.1,2.6000000000000014,8.600000000000001,0,0,0,25.0,0.8660254037844386,0.5000000000000001,0.6182000000000001,0.4015
REC_01241,Mumbai,Maharashtra,19.076,72.8777,coastal_heavy_monsoon,2024-02-18,2024-02-19,1,4.1,0.0,29.0,28.5,62.8,65.2,1006.9,6.0,1.9,0,2,4.1,0.5,2.4000000000000057,0,0,0,1.0,0.8660254037844386,0.5000000000000001,2.5747999999999998,0.3782
REC_01901,Hyderabad,Telangana,17.385,78.4867,semi_arid,2024-02-18,2024-02-19,1,3.7,4.3,26.4,27.2,57.4,59.2,1000.9,3.4,0.2,0,2,0.5999999999999996,0.8000000000000007,1.8000000000000043,0,0,0,1.0,0.8660254037844386,0.5000000000000001,2.1238,0.3082
REC_01704,Delhi,NCR,28.6139,77.209,continental_subtropical,2024-02-18,2024-02-22,4,5.0,21.3,18.9,19.0,59.5,62.5,1014.1,16.5,11.4,0,2,16.3,0.10000000000000142,3.0,0,0,0,16.0,0.8660254037844386,0.5000000000000001,2.975,0.245
REC_00618,Hyderabad,Telangana,17.385,78.4867,semi_arid,2024-02-18,2024-02-24,6,4.1,0.0,24.9,26.5,57.5,54.9,1007.0,0.0,10.8,0,2,4.1,1.6000000000000014,2.6000000000000014,0,0,0,36.0,0.8660254037844386,0.5000000000000001,2.3575,0.3075
REC_01494,Bengaluru,Karnataka,12.9716,77.5946,plateau_temperate,2024-02-18,2024-02-24,6,0.0,0.0,24.8,29.7,46.2,46.9,1004.2,8.1,8.1,0,2,0.0,4.899999999999999,0.6999999999999957,0,1,1,36.0,0.8660254037844386,0.5000000000000001,0.0,0.2925
REC_02006,Delhi,NCR,28.6139,77.209,continental_subtropical,2024-02-18,2024-02-25,7,3.7,5.2,21.9,19.3,57.5,72.0,1009.7,13.2,9.5,0,2,1.5,2.599999999999998,14.5,0,0,0,49.0,0.8660254037844386,0.5000000000000001,2.1275,0.2444
REC_03353,Bengaluru,Karnataka,12.9716,77.5946,plateau_temperate,2024-02-19,2024-02-29,10,4.7,0.0,23.3,25.9,60.4,52.5,1007.5,11.3,6.6,0,2,4.7,2.599999999999998,7.899999999999999,0,0,0,100.0,0.8660254037844386,0.5000000000000001,2.8388,0.2943
REC_01317,Delhi,NCR,28.6139,77.209,continental_subtropical,2024-02-19,2024-02-29,10,2.4,0.0,22.4,15.1,50.8,56.8,1004.6,19.5,17.1,0,2,2.4,7.299999999999999,6.0,0,1,1,100.0,0.8660254037844386,0.5000000000000001,1.2191999999999998,0.2438
REC_00413,Mumbai,Maharashtra,19.076,72.8777,coastal_heavy_monsoon,2024-02-19,2024-02-28,9,1.2,67.3,26.7,33.2,68.5,80.3,1014.5,0.0,12.8,0,2,66.1,6.5000000000000036,11.799999999999997,1,1,1,81.0,0.8660254037844386,0.5000000000000001,0.8220000000000001,0.3773
REC_01447,Bengaluru,Karnataka,12.9716,77.5946,plateau_temperate,2024-02-19,2024-02-28,9,0.6,0.0,21.3,20.3,52.3,56.2,1001.1,5.2,4.6,0,2,0.6,1.0,3.9000000000000057,0,0,0,81.0,0.8660254037844386,0.5000000000000001,0.31379999999999997,0.2935
REC_00852,Delhi,NCR,28.6139,77.209,continental_subtropical,2024-02-19,2024-02-23,4,0.0,0.0,21.8,22.4,51.9,42.9,1005.0,3.7,3.7,0,2,0.0,0.5999999999999979,9.0,0,0,0,16.0,0.8660254037844386,0.5000000000000001,0.0,0.2457
REC_02391,Hyderabad,Telangana,17.385,78.4867,semi_arid,2024-02-19,2024-02-22,3,0.9,0.0,23.0,22.1,60.9,65.9,1000.0,0.0,4.3,0,2,0.9,0.8999999999999986,5.000000000000007,0,0,0,9.0,0.8660254037844386,0.5000000000000001,0.5481,0.3068
REC_01516,Bengaluru,Karnataka,12.9716,77.5946,plateau_temperate,2024-02-19,2024-02-24,5,5.4,0.0,26.8,21.9,55.6,53.9,1007.6,0.0,6.7,0,2,5.4,4.900000000000002,1.7000000000000028,0,1,1,25.0,0.8660254037844386,0.5000000000000001,3.0024,0.2928
REC_02552,Krishna District,Andhra Pradesh,16.5062,80.648,coastal_humid,2024-02-20,2024-02-26,6,0.7,5.0,23.7,28.1,49.5,46.5,1010.0,0.0,7.9,0,2,4.3,4.400000000000002,3.0,0,1,1,36.0,0.8660254037844386,0.5000000000000001,0.3465,0.3885
REC_01181,Visakhapatnam,Andhra Pradesh,17.6868,83.2185,coastal_cyclonic,2024-02-20,2024-02-27,7,1.3,0.0,23.3,23.7,54.6,60.2,1006.0,0.0,11.2,0,2,1.3,0.3999999999999986,5.600000000000001,0,0,0,49.0,0.8660254037844386,0.5000000000000001,0.7098,0.4005
REC_01308,Delhi,NCR,28.6139,77.209,continental_subtropical,2024-02-21,2024-02-26,5,0.7,0.0,24.1,26.0,60.4,38.4,1007.6,13.1,12.4,0,2,0.7,1.8999999999999986,22.0,0,0,0,25.0,0.8660254037844386,0.5000000000000001,0.42279999999999995,0.245
REC_02658,Hyderabad,Telangana,17.385,78.4867,semi_arid,2024-02-21,2024-02-26,5,2.5,0.0,22.3,22.5,67.7,45.3,1002.7,11.7,9.2,0,2,2.5,0.1999999999999993,22.400000000000006,0,0,0,25.0,0.8660254037844386,0.5000000000000001,1.6925,0.3061
REC_00367,Bengaluru,Karnataka,12.9716,77.5946,plateau_temperate,2024-02-21,2024-02-28,7,3.4,9.4,22.0,23.0,49.6,63.7,1006.6,0.0,5.4,0,2,6.0,1.0,14.100000000000001,0,0,0,49.0,0.8660254037844386,0.5000000000000001,1.6864,0.2946
REC_00929,Bengaluru,Karnataka,12.9716,77.5946,plateau_temperate,2024-02-21,2024-02-29,8,1.3,0.0,19.1,19.1,41.7,26.8,1016.1,0.0,24.6,0,2,1.3,0.0,14.900000000000002,0,0,0,64.0,0.8660254037844386,0.5000000000000001,0.5421,0.2938
REC_00214,Hyderabad,Telangana,17.385,78.4867,semi_arid,2024-02-21,2024-03-01,9,2.3,0.0,33.9,26.4,46.9,39.2,1012.6,0.0,18.3,0,3,2.3,7.5,7.699999999999996,0,1,1,81.0,1.0,6.123233995736766e-17,1.0787,0.3054
REC_01294,Krishna District,Andhra Pradesh,16.5062,80.648,coastal_humid,2024-02-21,2024-03-01,9,4.8,0.0,28.1,30.1,38.2,36.8,1005.3,16.8,11.9,0,3,4.8,2.0,1.4000000000000057,0,0,0,81.0,1.0,6.123233995736766e-17,1.8336000000000001,0.39
REC_00147,Visakhapatnam,Andhra Pradesh,17.6868,83.2185,coastal_cyclonic,2024-02-21,2024-03-02,10,5.1,0.0,33.4,39.4,46.8,25.0,1002.9,31.3,26.2,0,3,5.1,6.0,21.799999999999997,0,1,1,100.0,1.0,6.123233995736766e-17,2.3867999999999996,0.3995
REC_01674,Hyderabad,Telangana,17.385,78.4867,semi_arid,2024-02-22,2024-03-01,8,4.9,9.0,28.5,29.9,48.6,35.4,1015.8,10.3,5.4,0,3,4.1,1.3999999999999986,13.200000000000003,0,0,0,64.0,1.0,6.123233995736766e-17,2.3814,0.307
REC_00758,Krishna District,Andhra Pradesh,16.5062,80.648,coastal_humid,2024-02-23,2024-03-04,10,2.1,0.0,29.7,34.6,68.4,74.1,1004.4,0.0,8.1,0,3,2.1,4.900000000000002,5.699999999999989,0,1,1,100.0,1.0,6.123233995736766e-17,1.4364000000000001,0.389
REC_02754,Visakhapatnam,Andhra Pradesh,17.6868,83.2185,coastal_cyclonic,2024-02-23,2024-03-01,7,4.7,22.4,36.3,33.2,45.8,56.4,1007.8,8.0,3.3,0,3,17.7,3.0999999999999943,10.600000000000001,0,0,0,49.0,1.0,6.123233995736766e-17,2.1526,0.401
REC_00318,Krishna District,Andhra Pradesh,16.5062,80.648,coastal_humid,2024-02-23,2024-02-25,2,2.0,7.2,24.0,23.7,51.1,49.8,1013.8,4.5,2.5,0,2,5.2,0.3000000000000007,1.3000000000000043,0,0,0,4.0,0.8660254037844386,0.5000000000000001,1.022,0.3905
REC_03402,Hyderabad,Telangana,17.385,78.4867,semi_arid,2024-02-23,2024-02-25,2,0.3,0.0,21.9,22.3,64.1,66.7,1008.0,0.2,0.1,0,2,0.3,0.40000000000000213,2.6000000000000085,0,0,0,4.0,0.8660254037844386,0.5000000000000001,0.19229999999999997,0.3063
REC_01991,Bengaluru,Karnataka,12.9716,77.5946,plateau_temperate,2024-02-24,2024-02-25,1,2.3,4.1,26.9,27.0,54.1,55.0,1010.5,2.1,0.2,0,2,1.7999999999999998,0.10000000000000142,0.8999999999999986,0,0,0,1.0,0.8660254037844386,0.5000000000000001,1.2443,0.2931
REC_02099,Visakhapatnam,Andhra Pradesh,17.6868,83.2185,coastal_cyclonic,2024-02-24,2024-02-27,3,7.8,10.8,31.1,31.2,56.8,51.4,1010.6,13.1,5.4,0,2,3.000000000000001,0.09999999999999787,5.399999999999999,0,0,0,9.0,0.8660254037844386,0.5000000000000001,4.4304,0.4
REC_01252,Mumbai,Maharashtra,19.076,72.8777,coastal_heavy_monsoon,2024-02-24,2024-02-29,5,2.6,0.0,25.9,25.3,25.0,37.7,1009.1,11.8,9.2,0,2,2.6,0.5999999999999979,12.700000000000003,0,0,0,25.0,0.8660254037844386,0.5000000000000001,0.65,0.3789
REC_00015,Delhi,NCR,28.6139,77.209,continental_subtropical,2024-02-24,2024-03-01,6,0.2,4.8,34.4,34.4,52.9,60.0,1005.7,3.6,3.5,0,3,4.6,0.0,7.100000000000001,0,0,0,36.0,1.0,6.123233995736766e-17,0.1058,0.2444
REC_02537,Visakhapatnam,Andhra Pradesh,17.6868,83.2185,coastal_cyclonic,2024-02-24,2024-03-04,9,1.5,43.7,34.0,29.4,50.2,48.4,1010.2,0.0,10.9,0,3,42.2,4.600000000000001,1.8000000000000043,1,1,1,81.0,1.0,6.123233995736766e-17,0.7530000000000001,0.399
REC_01111,Visakhapatnam,Andhra Pradesh,17.6868,83.2185,coastal_cyclonic,2024-02-24,2024-03-05,10,1.1,0.0,27.6,26.7,78.1,100.0,1011.2,5.9,4.7,0,3,1.1,0.9000000000000021,21.900000000000006,0,0,0,100.0,1.0,6.123233995736766e-17,0.8591,0.4005
REC_02412,Hyderabad,Telangana,17.385,78.4867,semi_arid,2024-02-24,2024-03-05,10,0.1,7.2,35.7,32.5,62.1,50.8,1007.0,34.4,34.4,0,3,7.1000000000000005,3.200000000000003,11.300000000000004,0,0,0,100.0,1.0,6.123233995736766e-17,0.06210000000000001,0.3056
REC_01943,Krishna District,Andhra Pradesh,16.5062,80.648,coastal_humid,2024-02-25,2024-02-27,2,1.2,0.0,20.5,19.4,54.0,57.4,1011.8,1.9,0.7,0,2,1.2,1.1000000000000014,3.3999999999999986,0,0,0,4.0,0.8660254037844386,0.5000000000000001,0.648,0.3896
REC_01605,Krishna District,Andhra Pradesh,16.5062,80.648,coastal_humid,2024-02-25,2024-03-02,6,8.1,36.5,35.3,36.0,60.4,63.5,1001.9,13.0,4.9,0,3,28.4,0.7000000000000028,3.1000000000000014,1,0,1,36.0,1.0,6.123233995736766e-17,4.892399999999999,0.3886
REC_00765,Visakhapatnam,Andhra Pradesh,17.6868,83.2185,coastal_cyclonic,2024-02-25,2024-03-05,9,5.3,75.0,33.8,31.7,55.9,38.8,1014.9,18.9,13.6,0,3,69.7,2.099999999999998,17.1,1,0,1,81.0,1.0,6.123233995736766e-17,2.9627,0.3995
REC_01096,Delhi,NCR,28.6139,77.209,continental_subtropical,2024-02-26,2024-02-29,3,5.4,12.0,25.0,24.5,60.1,52.5,1014.8,4.3,1.1,0,2,6.6,0.5,7.600000000000001,0,0,0,9.0,0.8660254037844386,0.5000000000000001,3.2454,0.2438
REC_02637,Bengaluru,Karnataka,12.9716,77.5946,plateau_temperate,2024-02-26,2024-03-07,10,10.9,100.1,28.9,26.2,51.1,89.0,1006.5,16.9,6.0,0,3,89.19999999999999,2.6999999999999993,37.9,1,0,1,100.0,1.0,6.123233995736766e-17,5.5699000000000005,0.2924
REC_00342,Visakhapatnam,Andhra Pradesh,17.6868,83.2185,coastal_cyclonic,2024-02-26,2024-03-02,5,3.3,13.7,33.2,33.9,60.4,63.0,1006.8,5.4,2.1,0,3,10.399999999999999,0.6999999999999957,2.6000000000000014,0,0,0,25.0,1.0,6.123233995736766e-17,1.9931999999999999,0.401
REC_03306,Delhi,NCR,28.6139,77.209,continental_subtropical,2024-02-26,2024-02-28,2,4.9,10.1,27.9,28.3,56.3,59.8,1008.9,4.5,0.4,0,2,5.199999999999999,0.40000000000000213,3.5,0,0,0,4.0,0.8660254037844386,0.5000000000000001,2.7587,0.2432
REC_00121,Bengaluru,Karnataka,12.9716,77.5946,plateau_temperate,2024-02-26,2024-02-29,3,0.3,0.0,27.4,28.3,65.5,58.6,1007.1,4.1,3.8,0,2,0.3,0.9000000000000021,6.899999999999999,0,0,0,9.0,0.8660254037844386,0.5000000000000001,0.19649999999999998,0.2941
REC_01679,Visakhapatnam,Andhra Pradesh,17.6868,83.2185,coastal_cyclonic,2024-02-26,2024-02-29,3,3.1,0.0,26.4,25.8,51.2,50.8,1004.0,16.5,13.4,0,2,3.1,0.5999999999999979,0.4000000000000057,0,0,0,9.0,0.8660254037844386,0.5000000000000001,1.5872000000000002,0.4
REC_02442,Visakhapatnam,Andhra Pradesh,17.6868,83.2185,coastal_cyclonic,2024-02-27,2024-03-02,4,2.4,11.3,33.3,33.6,63.4,69.9,1008.6,6.9,4.5,0,3,8.9,0.30000000000000426,6.500000000000007,0,0,0,16.0,1.0,6.123233995736766e-17,1.5216,0.399
REC_03368,Hyderabad,Telangana,17.385,78.4867,semi_arid,2024-02-28,2024-03-01,2,0.0,0.5,38.0,38.2,56.6,54.9,1007.7,0.0,1.4,0,3,0.5,0.20000000000000284,1.7000000000000028,0,0,0,4.0,1.0,6.123233995736766e-17,0.0,0.3048
REC_01761,Krishna District,Andhra Pradesh,16.5062,80.648,coastal_humid,2024-02-28,2024-03-04,5,1.2,0.0,35.0,34.3,55.3,60.0,1005.4,2.2,1.0,0,3,1.2,0.7000000000000028,4.700000000000003,0,0,0,25.0,1.0,6.123233995736766e-17,0.6636,0.3901
REC_02434,Bengaluru,Karnataka,12.9716,77.5946,plateau_temperate,2024-02-28,2024-03-05,6,3.0,3.4,34.0,34.7,52.4,51.5,1007.8,0.8,2.2,0,3,0.3999999999999999,0.7000000000000028,0.8999999999999986,0,0,0,36.0,1.0,6.123233995736766e-17,1.5719999999999998,0.2934
REC_02992,Delhi,NCR,28.6139,77.209,continental_subtropical,2024-02-28,2024-03-06,7,1.1,0.0,34.9,33.2,60.4,59.4,1007.9,0.0,16.0,0,3,1.1,1.6999999999999957,1.0,0,0,0,49.0,1.0,6.123233995736766e-17,0.6644,0.2426
REC_01615,Mumbai,Maharashtra,19.076,72.8777,coastal_heavy_monsoon,2024-02-29,2024-03-10,10,11.0,0.0,32.6,32.1,42.8,28.0,1008.1,22.5,11.5,0,3,11.0,0.5,14.799999999999997,0,0,0,100.0,1.0,6.123233995736766e-17,4.707999999999999,0.3779
REC_00285,Bengaluru,Karnataka,12.9716,77.5946,plateau_temperate,2024-03-02,2024-03-10,8,1.7,0.0,32.9,27.9,51.1,35.5,1004.8,0.0,4.0,0,3,1.7,5.0,15.600000000000001,0,1,1,64.0,1.0,6.123233995736766e-17,0.8687,0.2927
REC_01700,Krishna District,Andhra Pradesh,16.5062,80.648,coastal_humid,2024-03-02,2024-03-07,5,4.1,20.0,33.9,31.6,66.5,54.5,1012.3,0.4,3.7,0,3,15.9,2.299999999999997,12.0,0,0,0,25.0,1.0,6.123233995736766e-17,2.7264999999999997,0.3892
REC_00808,Delhi,NCR,28.6139,77.209,continental_subtropical,2024-03-02,2024-03-10,8,5.5,0.0,32.3,31.2,45.5,38.7,1010.7,16.6,11.1,0,3,5.5,1.0999999999999979,6.799999999999997,0,0,0,64.0,1.0,6.123233995736766e-17,2.5025,0.2421
REC_02628,Krishna District,Andhra Pradesh,16.5062,80.648,coastal_humid,2024-03-02,2024-03-10,8,3.2,13.4,26.7,29.5,58.5,61.6,1008.6,0.0,4.2,0,3,10.2,2.8000000000000007,3.1000000000000014,0,0,0,64.0,1.0,6.123233995736766e-17,1.872,0.3882
REC_01554,Bengaluru,Karnataka,12.9716,77.5946,plateau_temperate,2024-03-02,2024-03-06,4,4.2,1.0,29.7,31.8,52.5,44.9,1003.6,14.9,10.7,0,3,3.2,2.1000000000000014,7.600000000000001,0,0,0,16.0,1.0,6.123233995736766e-17,2.205,0.2944
REC_01790,Bengaluru,Karnataka,12.9716,77.5946,plateau_temperate,2024-03-02,2024-03-04,2,1.7,0.0,32.2,31.8,50.8,50.5,1015.7,4.1,2.4,0,3,1.7,0.40000000000000213,0.29999999999999716,0,0,0,4.0,1.0,6.123233995736766e-17,0.8636,0.2937
REC_01626,Mumbai,Maharashtra,19.076,72.8777,coastal_heavy_monsoon,2024-03-02,2024-03-05,3,0.8,0.0,30.0,34.7,59.1,63.5,1011.8,2.9,2.1,0,3,0.8,4.700000000000003,4.399999999999999,0,1,1,9.0,1.0,6.123233995736766e-17,0.4728,0.3769
REC_02621,Delhi,NCR,28.6139,77.209,continental_subtropical,2024-03-02,2024-03-04,2,13.4,25.5,29.9,30.8,40.3,40.2,1009.7,13.7,0.3,0,3,12.1,0.9000000000000021,0.09999999999999432,0,0,0,4.0,1.0,6.123233995736766e-17,5.4002,0.2415
REC_03133,Krishna District,Andhra Pradesh,16.5062,80.648,coastal_humid,2024-03-02,2024-03-03,1,6.1,4.9,34.3,34.9,59.4,56.0,1006.8,5.6,0.5,0,3,1.1999999999999993,0.6000000000000014,3.3999999999999986,0,0,0,1.0,1.0,6.123233995736766e-17,3.6233999999999997,0.3873
REC_00254,Visakhapatnam,Andhra Pradesh,17.6868,83.2185,coastal_cyclonic,2024-03-02,2024-03-06,4,0.0,3.9,35.6,37.0,60.8,65.9,1010.1,3.2,3.1,0,3,3.9,1.3999999999999986,5.1000000000000085,0,0,0,16.0,1.0,6.123233995736766e-17,0.0,0.3981
REC_00317,Hyderabad,Telangana,17.385,78.4867,semi_arid,2024-03-03,2024-03-11,8,3.7,0.0,28.2,22.5,38.7,30.7,1010.2,1.5,2.2,0,3,3.7,5.699999999999999,8.000000000000004,0,1,1,64.0,1.0,6.123233995736766e-17,1.4319000000000002,0.3041
REC_02059,Hyderabad,Telangana,17.385,78.4867,semi_arid,2024-03-03,2024-03-11,8,2.9,12.1,34.8,38.9,50.1,59.1,1004.5,23.1,20.1,0,3,9.2,4.100000000000001,9.0,0,1,1,64.0,1.0,6.123233995736766e-17,1.4528999999999999,0.3057
REC_00037,Visakhapatnam,Andhra Pradesh,17.6868,83.2185,coastal_cyclonic,2024-03-04,2024-03-07,3,0.1,0.0,34.9,38.0,56.0,59.9,1000.4,0.0,4.3,0,3,0.1,3.1000000000000014,3.8999999999999986,0,0,0,9.0,1.0,6.123233995736766e-17,0.05600000000000001,0.3971
REC_02014,Krishna District,Andhra Pradesh,16.5062,80.648,coastal_humid,2024-03-04,2024-03-09,5,1.2,0.0,32.7,35.9,60.9,64.4,1006.8,0.0,9.0,0,3,1.2,3.1999999999999957,3.500000000000007,0,0,0,25.0,1.0,6.123233995736766e-17,0.7308,0.3863
REC_02955,Visakhapatnam,Andhra Pradesh,17.6868,83.2185,coastal_cyclonic,2024-03-04,2024-03-11,7,0.9,12.0,36.4,35.2,65.9,78.3,1002.2,0.0,7.3,0,3,11.1,1.1999999999999957,12.399999999999991,0,0,0,49.0,1.0,6.123233995736766e-17,0.5931000000000001,0.3961
REC_02262,Krishna District,Andhra Pradesh,16.5062,80.648,coastal_humid,2024-03-04,2024-03-13,9,1.1,14.6,34.2,30.8,52.0,72.6,1002.1,15.0,13.9,0,3,13.5,3.400000000000002,20.599999999999994,0,0,0,81.0,1.0,6.123233995736766e-17,0.5720000000000001,0.3854
REC_00628,Mumbai,Maharashtra,19.076,72.8777,coastal_heavy_monsoon,2024-03-06,2024-03-16,10,1.5,0.0,31.7,29.5,56.8,55.1,1010.5,14.7,13.1,0,3,1.5,2.1999999999999993,1.6999999999999957,0,0,0,100.0,1.0,6.123233995736766e-17,0.8519999999999999,0.3785
REC_01400,Visakhapatnam,Andhra Pradesh,17.6868,83.2185,coastal_cyclonic,2024-03-06,2024-03-15,9,1.6,32.5,36.2,39.4,46.1,61.6,1003.8,0.0,9.6,0,3,30.9,3.1999999999999957,15.5,1,0,1,81.0,1.0,6.123233995736766e-17,0.7376,0.3952
REC_03138,Mumbai,Maharashtra,19.076,72.8777,coastal_heavy_monsoon,2024-03-06,2024-03-13,7,1.5,5.2,36.9,38.2,57.0,57.4,1003.3,15.1,13.5,0,3,3.7,1.3000000000000043,0.3999999999999986,0,0,0,49.0,1.0,6.123233995736766e-17,0.855,0.3776
REC_00247,Mumbai,Maharashtra,19.076,72.8777,coastal_heavy_monsoon,2024-03-06,2024-03-07,1,2.0,0.0,33.9,32.9,62.2,62.1,1015.8,1.1,0.9,0,3,2.0,1.0,0.10000000000000142,0,0,0,1.0,1.0,6.123233995736766e-17,1.244,0.3766
REC_01326,Delhi,NCR,28.6139,77.209,continental_subtropical,2024-03-06,2024-03-10,4,2.3,0.0,33.8,34.2,52.1,43.7,1008.5,1.9,0.4,0,3,2.3,0.4000000000000057,8.399999999999999,0,0,0,16.0,1.0,6.123233995736766e-17,1.1983,0.2409
REC_01578,Visakhapatnam,Andhra Pradesh,17.6868,83.2185,coastal_cyclonic,2024-03-06,2024-03-07,1,1.0,0.0,32.5,32.0,58.9,61.4,1009.9,1.3,0.3,0,3,1.0,0.5,2.5,0,0,0,1.0,1.0,6.123233995736766e-17,0.589,0.3966
REC_02997,Krishna District,Andhra Pradesh,16.5062,80.648,coastal_humid,2024-03-06,2024-03-11,5,7.4,28.1,37.1,37.7,64.0,68.8,1004.2,1.6,5.8,0,3,20.700000000000003,0.6000000000000014,4.799999999999997,0,0,0,25.0,1.0,6.123233995736766e-17,4.736000000000001,0.3844
REC_01899,Bengaluru,Karnataka,12.9716,77.5946,plateau_temperate,2024-03-07,2024-03-09,2,1.7,1.6,28.4,27.5,51.1,50.2,1009.8,0.0,2.3,0,3,0.09999999999999987,0.8999999999999986,0.8999999999999986,0,0,0,4.0,1.0,6.123233995736766e-17,0.8687,0.293
REC_02392,Bengaluru,Karnataka,12.9716,77.5946,plateau_temperate,2024-03-07,2024-03-14,7,1.2,86.2,32.4,35.9,65.3,61.6,1005.8,0.0,7.4,0,3,85.0,3.5,3.6999999999999957,1,1,1,49.0,1.0,6.123233995736766e-17,0.7836,0.2923
REC_00288,Krishna District,Andhra Pradesh,16.5062,80.648,coastal_humid,2024-03-07,2024-03-17,10,2.6,0.0,39.0,38.2,67.9,80.8,1008.4,16.9,14.3,0,3,2.6,0.7999999999999972,12.899999999999991,0,0,0,100.0,1.0,6.123233995736766e-17,1.7654000000000003,0.3835
REC_02306,Bengaluru,Karnataka,12.9716,77.5946,plateau_temperate,2024-03-08,2024-03-14,6,10.4,3.5,33.7,29.3,60.5,51.5,1005.6,4.3,6.2,0,3,6.9,4.400000000000002,9.0,0,1,1,36.0,1.0,6.123233995736766e-17,6.292000000000001,0.294
REC_00319,Visakhapatnam,Andhra Pradesh,17.6868,83.2185,coastal_cyclonic,2024-03-08,2024-03-13,5,0.2,0.0,34.6,35.3,46.7,38.6,1008.5,0.0,1.1,0,3,0.2,0.6999999999999957,8.100000000000001,0,0,0,25.0,1.0,6.123233995736766e-17,0.09340000000000001,0.3957
REC_03337,Delhi,NCR,28.6139,77.209,continental_subtropical,2024-03-08,2024-03-14,6,3.9,0.0,36.2,33.9,48.2,62.4,1010.8,6.1,2.3,0,3,3.9,2.3000000000000043,14.199999999999996,0,0,0,36.0,1.0,6.123233995736766e-17,1.8798000000000001,0.2403
REC_01367,Mumbai,Maharashtra,19.076,72.8777,coastal_heavy_monsoon,2024-03-08,2024-03-09,1,7.4,2.7,28.0,27.0,43.0,44.6,1006.5,8.9,1.5,0,3,4.7,1.0,1.6000000000000014,0,0,0,1.0,1.0,6.123233995736766e-17,3.182,0.3756
REC_02850,Hyderabad,Telangana,17.385,78.4867,semi_arid,2024-03-08,2024-03-09,1,1.2,1.8,31.0,30.2,58.9,58.5,1003.4,2.2,1.0,0,3,0.6000000000000001,0.8000000000000007,0.3999999999999986,0,0,0,1.0,1.0,6.123233995736766e-17,0.7067999999999999,0.3073
REC_01279,Mumbai,Maharashtra,19.076,72.8777,coastal_heavy_monsoon,2024-03-09,2024-03-13,4,0.5,0.0,34.9,33.4,47.1,34.9,1007.2,0.0,3.6,0,3,0.5,1.5,12.200000000000003,0,0,0,16.0,1.0,6.123233995736766e-17,0.23550000000000001,0.3747
REC_00509,Krishna District,Andhra Pradesh,16.5062,80.648,coastal_humid,2024-03-09,2024-03-18,9,0.5,14.8,33.9,27.3,69.7,75.0,1003.3,0.0,7.2,0,3,14.3,6.599999999999998,5.299999999999997,0,1,1,81.0,1.0,6.123233995736766e-17,0.34850000000000003,0.3826
REC_00900,Krishna District,Andhra Pradesh,16.5062,80.648,coastal_humid,2024-03-10,2024-03-12,2,0.0,0.0,30.5,29.0,52.8,62.0,1005.3,2.5,2.5,0,3,0.0,1.5,9.200000000000003,0,0,0,4.0,1.0,6.123233995736766e-17,0.0,0.3841
REC_03086,Delhi,NCR,28.6139,77.209,continental_subtropical,2024-03-10,2024-03-14,4,14.7,9.9,35.0,36.6,67.8,72.6,1009.0,14.7,0.0,0,3,4.799999999999999,1.6000000000000014,4.799999999999997,0,0,0,16.0,1.0,6.123233995736766e-17,9.966599999999998,0.2397
REC_00824,Visakhapatnam,Andhra Pradesh,17.6868,83.2185,coastal_cyclonic,2024-03-10,2024-03-15,5,1.4,0.0,37.1,39.9,58.9,60.0,1007.1,8.8,7.4,0,3,1.4,2.799999999999997,1.1000000000000014,0,0,0,25.0,1.0,6.123233995736766e-17,0.8245999999999999,0.3947
REC_01582,Visakhapatnam,Andhra Pradesh,17.6868,83.2185,coastal_cyclonic,2024-03-10,2024-03-17,7,4.7,0.0,35.3,32.9,57.4,58.0,1007.2,0.0,5.4,0,3,4.7,2.3999999999999986,0.6000000000000014,0,0,0,49.0,1.0,6.123233995736766e-17,2.6978000000000004,0.3938
REC_02912,Mumbai,Maharashtra,19.076,72.8777,coastal_heavy_monsoon,2024-03-10,2024-03-18,8,3.7,69.2,30.7,29.2,48.8,46.0,1015.9,23.5,19.8,0,3,65.5,1.5,2.799999999999997,1,0,1,64.0,1.0,6.123233995736766e-17,1.8056,0.3737
REC_03311,Krishna District,Andhra Pradesh,16.5062,80.648,coastal_humid,2024-03-10,2024-03-18,8,1.4,0.0,27.4,24.0,52.5,46.1,1005.3,3.9,2.5,0,3,1.4,3.3999999999999986,6.399999999999999,0,0,0,64.0,1.0,6.123233995736766e-17,0.735,0.3831
REC_03349,Hyderabad,Telangana,17.385,78.4867,semi_arid,2024-03-10,2024-03-18,8,2.3,14.2,34.0,42.1,66.5,73.9,1006.0,6.3,4.1,0,3,11.899999999999999,8.100000000000001,7.400000000000006,0,1,1,64.0,1.0,6.123233995736766e-17,1.5294999999999999,0.3066
REC_01900,Delhi,NCR,28.6139,77.209,continental_subtropical,2024-03-10,2024-03-19,9,0.4,0.0,31.9,35.5,52.4,72.1,1007.1,0.0,12.8,0,3,0.4,3.6000000000000014,19.699999999999996,0,1,1,81.0,1.0,6.123233995736766e-17,0.2096,0.2391
REC_00109,Krishna District,Andhra Pradesh,16.5062,80.648,coastal_humid,2024-03-11,2024-03-18,7,14.2,0.0,36.5,34.8,68.0,73.7,1001.7,13.4,0.7,0,3,14.2,1.7000000000000028,5.700000000000003,0,0,0,49.0,1.0,6.123233995736766e-17,9.655999999999999,0.3822
REC_03024,Hyderabad,Telangana,17.385,78.4867,semi_arid,2024-03-12,2024-03-14,2,1.5,3.5,33.4,33.4,57.2,60.5,1012.8,0.9,0.6,0,3,2.0,0.0,3.299999999999997,0,0,0,4.0,1.0,6.123233995736766e-17,0.8580000000000001,0.3082
REC_00022,Mumbai,Maharashtra,19.076,72.8777,coastal_heavy_monsoon,2024-03-12,2024-03-15,3,4.1,22.1,29.6,29.3,62.7,58.5,1009.7,1.4,2.7,0,3,18.0,0.3000000000000007,4.200000000000003,0,0,0,9.0,1.0,6.123233995736766e-17,2.5707,0.3753
REC_02847,Bengaluru,Karnataka,12.9716,77.5946,plateau_temperate,2024-03-12,2024-03-18,6,0.7,0.0,29.6,28.0,55.5,45.9,1015.8,12.1,11.4,0,3,0.7,1.6000000000000014,9.600000000000001,0,0,0,36.0,1.0,6.123233995736766e-17,0.38849999999999996,0.2957
REC_02862,Krishna District,Andhra Pradesh,16.5062,80.648,coastal_humid,2024-03-13,2024-03-23,10,3.0,0.0,34.6,30.7,28.6,15.3,1012.6,4.2,1.2,0,3,3.0,3.900000000000002,13.3,0,1,1,100.0,1.0,6.123233995736766e-17,0.8580000000000001,0.3813
REC_03451,Hyderabad,Telangana,17.385,78.4867,semi_arid,2024-03-14,2024-03-19,5,4.2,18.6,32.6,35.4,38.5,33.1,1007.8,0.0,5.0,0,3,14.400000000000002,2.799999999999997,5.399999999999999,0,0,0,25.0,1.0,6.123233995736766e-17,1.6170000000000002,0.3075
REC_03500,Delhi,NCR,28.6139,77.209,continental_subtropical,2024-03-14,2024-03-21,7,0.1,0.0,36.0,39.8,44.1,35.4,1004.9,3.5,3.4,0,3,0.1,3.799999999999997,8.700000000000003,0,1,1,49.0,1.0,6.123233995736766e-17,0.0441,0.241
REC_01945,Mumbai,Maharashtra,19.076,72.8777,coastal_heavy_monsoon,2024-03-15,2024-03-17,2,0.1,7.8,28.2,29.2,41.0,43.8,1008.4,0.0,0.9,0,3,7.7,1.0,2.799999999999997,0,0,0,4.0,1.0,6.123233995736766e-17,0.04100000000000001,0.3744
REC_00329,Bengaluru,Karnataka,12.9716,77.5946,plateau_temperate,2024-03-15,2024-03-20,5,0.9,0.0,36.7,36.3,56.1,54.1,1009.4,0.0,2.2,0,3,0.9,0.4000000000000057,2.0,0,0,0,25.0,1.0,6.123233995736766e-17,0.5049,0.295
REC_00242,Visakhapatnam,Andhra Pradesh,17.6868,83.2185,coastal_cyclonic,2024-03-15,2024-03-23,8,0.5,0.0,31.6,30.2,51.2,49.9,1007.9,0.0,6.5,0,3,0.5,1.4000000000000021,1.3000000000000043,0,0,0,64.0,1.0,6.123233995736766e-17,0.256,0.3929
REC_03341,Krishna District,Andhra Pradesh,16.5062,80.648,coastal_humid,2024-03-15,2024-03-25,10,0.4,33.9,37.0,35.4,62.7,60.0,1017.1,0.0,9.5,0,3,33.5,1.6000000000000014,2.700000000000003,1,0,1,100.0,1.0,6.123233995736766e-17,0.2508,0.3828
REC_01542,Delhi,NCR,28.6139,77.209,continental_subtropical,2024-03-16,2024-03-25,9,6.6,44.4,36.2,40.0,63.1,54.7,1006.1,0.0,15.0,0,3,37.8,3.799999999999997,8.399999999999999,1,1,1,81.0,1.0,6.123233995736766e-17,4.1646,0.2428
REC_00507,Bengaluru,Karnataka,12.9716,77.5946,plateau_temperate,2024-03-16,2024-03-26,10,3.9,37.4,27.4,25.3,61.9,38.9,1005.7,0.8,3.1,0,3,33.5,2.099999999999998,23.0,1,0,1,100.0,1.0,6.123233995736766e-17,2.4141,0.2943
REC_01951,Krishna District,Andhra Pradesh,16.5062,80.648,coastal_humid,2024-03-16,2024-03-24,8,4.8,51.3,31.2,33.8,59.5,73.4,1003.5,0.0,6.7,0,3,46.5,2.599999999999998,13.900000000000006,1,0,1,64.0,1.0,6.123233995736766e-17,2.856,0.3842
REC_02661,Krishna District,Andhra Pradesh,16.5062,80.648,coastal_humid,2024-03-16,2024-03-20,4,2.3,0.0,29.8,31.9,50.0,55.8,1005.8,10.5,8.1,0,3,2.3,2.099999999999998,5.799999999999997,0,0,0,16.0,1.0,6.123233995736766e-17,1.15,0.3857
REC_02735,Bengaluru,Karnataka,12.9716,77.5946,plateau_temperate,2024-03-16,2024-03-21,5,5.9,0.0,32.0,33.6,64.4,85.8,1006.2,12.0,6.1,0,3,5.9,1.6000000000000014,21.39999999999999,0,0,0,25.0,1.0,6.123233995736766e-17,3.7996000000000003,0.2959
REC_03477,Bengaluru,Karnataka,12.9716,77.5946,plateau_temperate,2024-03-16,2024-03-18,2,2.0,10.2,32.0,34.4,57.2,59.3,1006.7,0.0,4.2,0,3,8.2,2.3999999999999986,2.0999999999999943,0,0,0,4.0,1.0,6.123233995736766e-17,1.1440000000000001,0.2952
REC_00333,Hyderabad,Telangana,17.385,78.4867,semi_arid,2024-03-16,2024-03-23,7,1.4,0.0,38.3,44.3,52.7,55.5,1013.2,0.0,9.7,0,3,1.4,6.0,2.799999999999997,0,1,1,49.0,1.0,6.123233995736766e-17,0.7378,0.3068
REC_01965,Delhi,NCR,28.6139,77.209,continental_subtropical,2024-03-17,2024-03-18,1,1.2,1.4,31.9,30.9,61.9,59.1,1009.3,1.8,0.7,0,3,0.19999999999999996,1.0,2.799999999999997,0,0,0,1.0,1.0,6.123233995736766e-17,0.7428,0.2446
REC_02654,Visakhapatnam,Andhra Pradesh,17.6868,83.2185,coastal_cyclonic,2024-03-17,2024-03-21,4,18.1,28.4,31.6,31.3,41.5,32.9,1011.1,13.7,4.4,0,3,10.299999999999997,0.3000000000000007,8.600000000000001,0,0,0,16.0,1.0,6.123233995736766e-17,7.511500000000001,0.3919
REC_00437,Delhi,NCR,28.6139,77.209,continental_subtropical,2024-03-17,2024-03-24,7,1.5,0.0,30.7,31.2,51.5,64.0,1007.1,13.1,11.5,0,3,1.5,0.5,12.5,0,0,0,49.0,1.0,6.123233995736766e-17,0.7725,0.244
REC_00851,Visakhapatnam,Andhra Pradesh,17.6868,83.2185,coastal_cyclonic,2024-03-17,2024-03-24,7,1.8,6.1,29.7,26.5,53.9,45.3,1014.1,0.0,4.1,0,3,4.3,3.1999999999999993,8.600000000000001,0,0,0,49.0,1.0,6.123233995736766e-17,0.9702,0.391
REC_00570,Mumbai,Maharashtra,19.076,72.8777,coastal_heavy_monsoon,2024-03-17,2024-03-27,10,1.3,42.4,36.5,34.6,48.0,41.0,1008.4,0.0,7.7,0,3,41.1,1.8999999999999986,7.0,1,0,1,100.0,1.0,6.123233995736766e-17,0.6240000000000001,0.3734
REC_02844,Hyderabad,Telangana,17.385,78.4867,semi_arid,2024-03-18,2024-03-28,10,2.8,74.7,31.6,24.3,75.5,78.0,1009.5,3.7,0.8,0,3,71.9,7.300000000000001,2.5,1,1,1,100.0,1.0,6.123233995736766e-17,2.114,0.3084
REC_02478,Delhi,NCR,28.6139,77.209,continental_subtropical,2024-03-18,2024-03-21,3,0.7,0.0,34.3,35.5,54.0,55.3,1007.0,4.7,4.0,0,3,0.7,1.2000000000000028,1.2999999999999972,0,0,0,9.0,1.0,6.123233995736766e-17,0.37799999999999995,0.2434
REC_02315,Krishna District,Andhra Pradesh,16.5062,80.648,coastal_humid,2024-03-18,2024-03-21,3,0.4,1.5,32.1,29.7,48.7,45.4,1009.6,0.0,1.9,0,3,1.1,2.400000000000002,3.3000000000000043,0,0,0,9.0,1.0,6.123233995736766e-17,0.19480000000000003,0.3848
REC_01734,Mumbai,Maharashtra,19.076,72.8777,coastal_heavy_monsoon,2024-03-18,2024-03-19,1,0.7,0.0,30.9,30.6,59.8,56.3,1004.6,1.2,0.5,0,3,0.7,0.29999999999999716,3.5,0,0,0,1.0,1.0,6.123233995736766e-17,0.4185999999999999,0.375
REC_00578,Mumbai,Maharashtra,19.076,72.8777,coastal_heavy_monsoon,2024-03-18,2024-03-21,3,0.9,2.9,27.1,28.1,53.3,52.9,1009.5,0.0,2.3,0,3,2.0,1.0,0.3999999999999986,0,0,0,9.0,1.0,6.123233995736766e-17,0.4797,0.3741
REC_00752,Mumbai,Maharashtra,19.076,72.8777,coastal_heavy_monsoon,2024-03-19,2024-03-20,1,1.1,0.0,32.2,31.8,64.9,63.0,1012.9,1.4,0.3,0,3,1.1,0.40000000000000213,1.9000000000000057,0,0,0,1.0,1.0,6.123233995736766e-17,0.7139000000000002,0.3731
REC_03127,Krishna District,Andhra Pradesh,16.5062,80.648,coastal_humid,2024-03-19,2024-03-23,4,6.2,0.0,36.1,35.4,64.1,68.1,1005.7,3.0,3.3,0,3,6.2,0.7000000000000028,4.0,0,0,0,16.0,1.0,6.123233995736766e-17,3.9741999999999997,0.3839
REC_01242,Krishna District,Andhra Pradesh,16.5062,80.648,coastal_humid,2024-03-20,2024-03-23,3,1.0,3.3,35.3,36.0,39.9,38.2,1001.9,1.1,0.1,0,3,2.3,0.7000000000000028,1.6999999999999957,0,0,0,9.0,1.0,6.123233995736766e-17,0.39899999999999997,0.383
REC_00188,Krishna District,Andhra Pradesh,16.5062,80.648,coastal_humid,2024-03-20,2024-03-27,7,0.8,0.0,32.9,37.7,53.3,57.4,1004.6,6.7,5.8,0,3,0.8,4.800000000000004,4.100000000000001,0,1,1,49.0,1.0,6.123233995736766e-17,0.4264,0.3821
REC_03047,Hyderabad,Telangana,17.385,78.4867,semi_arid,2024-03-20,2024-03-29,9,9.2,35.2,33.7,32.6,45.8,45.7,1009.2,4.6,4.6,0,3,26.000000000000004,1.1000000000000014,0.09999999999999432,1,0,1,81.0,1.0,6.123233995736766e-17,4.2136,0.31
REC_00450,Mumbai,Maharashtra,19.076,72.8777,coastal_heavy_monsoon,2024-03-20,2024-03-30,10,2.4,0.0,36.1,40.7,61.5,52.7,1007.8,5.3,2.9,0,3,2.4,4.600000000000001,8.799999999999997,0,1,1,100.0,1.0,6.123233995736766e-17,1.476,0.3722
REC_03326,Mumbai,Maharashtra,19.076,72.8777,coastal_heavy_monsoon,2024-03-21,2024-03-28,7,5.2,0.0,34.5,38.3,60.6,64.1,1011.9,0.0,13.0,0,3,5.2,3.799999999999997,3.499999999999993,0,1,1,49.0,1.0,6.123233995736766e-17,3.1512000000000002,0.3738
REC_02298,Krishna District,Andhra Pradesh,16.5062,80.648,coastal_humid,2024-03-22,2024-04-01,10,8.5,66.0,34.4,32.4,63.4,82.2,1009.5,0.0,13.2,0,4,57.5,2.0,18.800000000000004,1,0,1,100.0,0.8660254037844387,-0.4999999999999998,5.388999999999999,0.3835
REC_02092,Mumbai,Maharashtra,19.076,72.8777,coastal_heavy_monsoon,2024-03-22,2024-03-28,6,2.7,0.0,32.0,32.4,47.3,55.9,1005.7,8.7,6.0,0,3,2.7,0.3999999999999986,8.600000000000001,0,0,0,36.0,1.0,6.123233995736766e-17,1.2771,0.3753
REC_03147,Bengaluru,Karnataka,12.9716,77.5946,plateau_temperate,2024-03-22,2024-03-29,7,1.9,80.0,33.1,34.0,54.1,62.3,1001.9,0.0,3.4,0,3,78.1,0.8999999999999986,8.199999999999996,1,0,1,49.0,1.0,6.123233995736766e-17,1.0278999999999998,0.2945
REC_01590,Hyderabad,Telangana,17.385,78.4867,semi_arid,2024-03-22,2024-03-25,3,2.9,0.7,29.6,30.1,42.1,40.9,1009.3,5.5,2.6,0,3,2.2,0.5,1.2000000000000028,0,0,0,9.0,1.0,6.123233995736766e-17,1.2209,0.3115
REC_03395,Hyderabad,Telangana,17.385,78.4867,semi_arid,2024-03-22,2024-03-23,1,0.2,4.6,31.7,32.5,58.4,64.3,1003.1,0.5,0.3,0,3,4.3999999999999995,0.8000000000000007,5.899999999999999,0,0,0,1.0,1.0,6.123233995736766e-17,0.1168,0.3108
REC_02023,Krishna District,Andhra Pradesh,16.5062,80.648,coastal_humid,2024-03-22,2024-03-28,6,1.6,0.0,32.7,32.6,45.4,58.1,1011.9,0.0,5.2,0,3,1.6,0.10000000000000142,12.700000000000003,0,0,0,36.0,1.0,6.123233995736766e-17,0.7264,0.385
REC_00463,Mumbai,Maharashtra,19.076,72.8777,coastal_heavy_monsoon,2024-03-23,2024-03-26,3,3.3,0.8,34.4,35.1,56.6,53.9,1010.6,4.5,1.2,0,3,2.5,0.7000000000000028,2.700000000000003,0,0,0,9.0,1.0,6.123233995736766e-17,1.8678,0.3744
REC_02271,Hyderabad,Telangana,17.385,78.4867,semi_arid,2024-03-23,2024-03-26,3,4.1,16.5,37.1,36.8,55.1,60.6,1004.1,0.0,6.7,0,3,12.4,0.30000000000000426,5.5,0,0,0,9.0,1.0,6.123233995736766e-17,2.2591,0.3101
REC_02998,Delhi,NCR,28.6139,77.209,continental_subtropical,2024-03-23,2024-03-27,4,2.9,0.0,32.1,33.8,70.1,69.8,1003.3,0.0,5.5,0,3,2.9,1.6999999999999957,0.29999999999999716,0,0,0,16.0,1.0,6.123233995736766e-17,2.0328999999999997,0.2429
REC_01013,Visakhapatnam,Andhra Pradesh,17.6868,83.2185,coastal_cyclonic,2024-03-23,2024-03-31,8,3.3,0.0,34.4,44.0,43.4,63.3,1005.6,0.0,32.4,0,3,3.3,9.600000000000001,19.9,0,1,1,64.0,1.0,6.123233995736766e-17,1.4322,0.3901
REC_01363,Visakhapatnam,Andhra Pradesh,17.6868,83.2185,coastal_cyclonic,2024-03-23,2024-04-02,10,3.7,0.0,35.0,37.8,53.5,39.6,1007.0,15.9,12.2,0,4,3.7,2.799999999999997,13.899999999999999,0,0,0,100.0,0.8660254037844387,-0.4999999999999998,1.9795000000000003,0.3915
REC_01295,Delhi,NCR,28.6139,77.209,continental_subtropical,2024-03-24,2024-04-02,9,5.2,9.9,39.1,37.9,53.2,46.4,1015.1,32.5,27.3,0,4,4.7,1.2000000000000028,6.800000000000004,0,0,0,81.0,0.8660254037844387,-0.4999999999999998,2.7664000000000004,0.2423
REC_03224,Hyderabad,Telangana,17.385,78.4867,semi_arid,2024-03-24,2024-03-31,7,0.3,0.0,33.7,37.7,56.9,64.0,1006.3,3.0,2.7,0,3,0.3,4.0,7.100000000000001,0,1,1,49.0,1.0,6.123233995736766e-17,0.1707,0.3094
REC_00833,Delhi,NCR,28.6139,77.209,continental_subtropical,2024-03-24,2024-03-31,7,4.8,16.9,30.4,33.9,56.5,61.4,1015.3,0.5,4.3,0,3,12.099999999999998,3.5,4.899999999999999,0,1,1,49.0,1.0,6.123233995736766e-17,2.7119999999999997,0.2417
REC_02463,Visakhapatnam,Andhra Pradesh,17.6868,83.2185,coastal_cyclonic,2024-03-24,2024-03-30,6,4.3,5.4,35.8,31.3,50.1,56.2,1013.8,2.9,1.4,0,3,1.1000000000000005,4.4999999999999964,6.100000000000001,0,1,1,36.0,1.0,6.123233995736766e-17,2.1543,0.3906
REC_02111,Hyderabad,Telangana,17.385,78.4867,semi_arid,2024-03-24,2024-03-29,5,11.1,30.4,34.1,33.2,73.3,79.7,1007.4,8.8,2.4,0,3,19.299999999999997,0.8999999999999986,6.400000000000006,0,0,0,25.0,1.0,6.123233995736766e-17,8.1363,0.311
REC_01019,Visakhapatnam,Andhra Pradesh,17.6868,83.2185,coastal_cyclonic,2024-03-24,2024-03-29,5,7.3,20.9,33.9,33.3,61.1,65.3,1009.2,2.5,4.8,0,3,13.599999999999998,0.6000000000000014,4.199999999999996,0,0,0,25.0,1.0,6.123233995736766e-17,4.4603,0.392
REC_01137,Visakhapatnam,Andhra Pradesh,17.6868,83.2185,coastal_cyclonic,2024-03-24,2024-03-28,4,5.4,0.0,31.7,31.6,42.5,52.1,1004.9,0.0,9.0,0,3,5.4,0.09999999999999787,9.600000000000001,0,0,0,16.0,1.0,6.123233995736766e-17,2.2950000000000004,0.3911
REC_01222,Delhi,NCR,28.6139,77.209,continental_subtropical,2024-03-24,2024-03-27,3,2.4,0.0,33.7,35.2,69.8,80.9,1012.8,3.1,0.7,0,3,2.4,1.5,11.100000000000009,0,0,0,9.0,1.0,6.123233995736766e-17,1.6751999999999998,0.2435
REC_01973,Delhi,NCR,28.6139,77.209,continental_subtropical,2024-03-24,2024-03-26,2,0.3,1.8,31.5,30.0,75.4,74.4,1014.0,0.7,0.5,0,3,1.5,1.5,1.0,0,0,0,4.0,1.0,6.123233995736766e-17,0.2262,0.2429
REC_03419,Delhi,NCR,28.6139,77.209,continental_subtropical,2024-03-24,2024-03-28,4,1.0,16.2,35.0,38.1,57.7,58.4,1007.6,3.6,2.6,0,3,15.2,3.1000000000000014,0.6999999999999957,0,0,0,16.0,1.0,6.123233995736766e-17,0.5770000000000001,0.2424
REC_01975,Hyderabad,Telangana,17.385,78.4867,semi_arid,2024-03-25,2024-03-29,4,5.4,1.8,33.5,33.0,62.0,60.6,1011.3,1.4,4.0,0,3,3.6000000000000005,0.5,1.3999999999999986,0,0,0,16.0,1.0,6.123233995736766e-17,3.3480000000000003,0.3103
REC_02240,Visakhapatnam,Andhra Pradesh,17.6868,83.2185,coastal_cyclonic,2024-03-25,2024-03-30,5,0.3,10.5,35.1,34.0,64.9,75.3,1009.3,0.0,10.0,0,3,10.2,1.1000000000000014,10.399999999999991,0,0,0,25.0,1.0,6.123233995736766e-17,0.1947,0.3902
REC_03143,Visakhapatnam,Andhra Pradesh,17.6868,83.2185,coastal_cyclonic,2024-03-25,2024-03-30,5,2.7,0.0,31.8,34.9,56.6,67.9,1005.0,0.0,6.9,0,3,2.7,3.099999999999998,11.300000000000004,0,0,0,25.0,1.0,6.123233995736766e-17,1.5282000000000002,0.3893
REC_03129,Krishna District,Andhra Pradesh,16.5062,80.648,coastal_humid,2024-03-26,2024-04-01,6,0.8,0.0,36.3,31.9,62.3,69.4,1007.0,4.3,3.5,0,4,0.8,4.399999999999999,7.1000000000000085,0,1,1,36.0,0.8660254037844387,-0.4999999999999998,0.4984,0.3841
REC_00361,Hyderabad,Telangana,17.385,78.4867,semi_arid,2024-03-26,2024-04-02,7,4.5,0.0,31.8,30.3,61.4,79.2,1012.9,3.1,1.4,0,4,4.5,1.5,17.800000000000004,0,0,0,49.0,0.8660254037844387,-0.4999999999999998,2.763,0.3096
REC_01418,Delhi,NCR,28.6139,77.209,continental_subtropical,2024-03-26,2024-04-02,7,2.7,2.0,29.9,30.5,59.3,58.9,1006.3,0.0,13.3,0,4,0.7000000000000002,0.6000000000000014,0.3999999999999986,0,0,0,49.0,0.8660254037844387,-0.4999999999999998,1.6011000000000002,0.2418
REC_02954,Mumbai,Maharashtra,19.076,72.8777,coastal_heavy_monsoon,2024-03-27,2024-04-02,6,4.7,0.3,27.3,28.1,32.7,28.3,1007.2,4.4,0.3,0,4,4.4,0.8000000000000007,4.400000000000002,0,0,0,36.0,0.8660254037844387,-0.4999999999999998,1.5369000000000002,0.3735
REC_02993,Bengaluru,Karnataka,12.9716,77.5946,plateau_temperate,2024-03-27,2024-03-30,3,2.1,9.4,31.0,31.8,66.0,62.8,1004.7,1.1,1.0,0,3,7.300000000000001,0.8000000000000007,3.200000000000003,0,0,0,9.0,1.0,6.123233995736766e-17,1.386,0.2962
REC_00057,Delhi,NCR,28.6139,77.209,continental_subtropical,2024-03-27,2024-04-02,6,2.2,1.9,31.5,33.5,65.7,63.1,1011.9,0.0,2.7,0,4,0.30000000000000027,2.0,2.6000000000000014,0,0,0,36.0,0.8660254037844387,-0.4999999999999998,1.4454000000000002,0.2412
REC_03308,Krishna District,Andhra Pradesh,16.5062,80.648,coastal_humid,2024-03-27,2024-03-28,1,6.9,12.0,33.9,34.3,57.7,57.5,1010.1,6.8,0.1,0,3,5.1,0.3999999999999986,0.20000000000000284,0,0,0,1.0,1.0,6.123233995736766e-17,3.9813000000000005,0.3855
REC_02610,Delhi,NCR,28.6139,77.209,continental_subtropical,2024-03-27,2024-03-28,1,2.8,3.9,26.6,28.2,66.9,65.3,1010.9,3.2,0.4,0,3,1.1,1.5999999999999979,1.6000000000000085,0,0,0,1.0,1.0,6.123233995736766e-17,1.8732,0.2407
REC_01282,Delhi,NCR,28.6139,77.209,continental_subtropical,2024-03-27,2024-03-30,3,4.2,12.0,31.8,33.1,63.0,67.8,1004.9,7.0,2.8,0,3,7.8,1.3000000000000007,4.799999999999997,0,0,0,9.0,1.0,6.123233995736766e-17,2.6460000000000004,0.2401
REC_02587,Delhi,NCR,28.6139,77.209,continental_subtropical,2024-03-28,2024-03-30,2,2.1,1.2,33.7,33.8,53.3,54.8,996.7,4.3,2.2,0,3,0.9000000000000001,0.09999999999999432,1.5,0,0,0,4.0,1.0,6.123233995736766e-17,1.1193,0.2395
REC_01062,Mumbai,Maharashtra,19.076,72.8777,coastal_heavy_monsoon,2024-03-28,2024-04-01,4,1.7,0.0,30.9,32.4,53.5,46.2,1007.7,12.5,10.7,0,4,1.7,1.5,7.299999999999997,0,0,0,16.0,0.8660254037844387,-0.4999999999999998,0.9095,0.3725
REC_02564,Mumbai,Maharashtra,19.076,72.8777,coastal_heavy_monsoon,2024-03-29,2024-04-01,3,1.6,5.3,33.2,34.3,51.6,50.8,1012.7,6.0,4.4,0,4,3.6999999999999997,1.0999999999999943,0.8000000000000043,0,0,0,9.0,0.8660254037844387,-0.4999999999999998,0.8256,0.3716
REC_01151,Delhi,NCR,28.6139,77.209,continental_subtropical,2024-03-29,2024-04-03,5,1.5,19.3,36.9,37.9,58.4,70.6,1008.5,0.0,1.5,0,4,17.8,1.0,12.199999999999996,0,0,0,25.0,0.8660254037844387,-0.4999999999999998,0.8759999999999999,0.239
REC_02646,Mumbai,Maharashtra,19.076,72.8777,coastal_heavy_monsoon,2024-03-29,2024-04-04,6,11.0,0.0,33.7,35.1,61.0,69.5,1002.0,12.8,1.8,0,4,11.0,1.3999999999999986,8.5,0,0,0,36.0,0.8660254037844387,-0.4999999999999998,6.71,0.3707
REC_00657,Krishna District,Andhra Pradesh,16.5062,80.648,coastal_humid,2024-03-29,2024-04-08,10,3.8,11.8,33.1,29.2,61.4,94.2,1008.3,20.1,16.4,0,4,8.0,3.900000000000002,32.800000000000004,0,1,1,100.0,0.8660254037844387,-0.4999999999999998,2.3331999999999997,0.3846
REC_02441,Delhi,NCR,28.6139,77.209,continental_subtropical,2024-03-30,2024-04-05,6,3.3,0.0,31.0,31.6,55.4,48.3,1007.2,0.0,14.0,0,4,3.3,0.6000000000000014,7.100000000000001,0,0,0,36.0,0.8660254037844387,-0.4999999999999998,1.8281999999999998,0.2384
REC_00872,Mumbai,Maharashtra,19.076,72.8777,coastal_heavy_monsoon,2024-03-30,2024-04-07,8,0.9,0.0,30.5,34.4,62.0,62.1,1009.3,0.0,9.8,0,4,0.9,3.8999999999999986,0.10000000000000142,0,1,1,64.0,0.8660254037844387,-0.4999999999999998,0.558,0.3698
REC_01769,Krishna District,Andhra Pradesh,16.5062,80.648,coastal_humid,2024-03-30,2024-04-05,6,3.1,68.6,30.9,34.5,36.2,36.0,1009.2,21.5,18.4,0,4,65.5,3.6000000000000014,0.20000000000000284,1,1,1,36.0,0.8660254037844387,-0.4999999999999998,1.1222,0.386
REC_01990,Bengaluru,Karnataka,12.9716,77.5946,plateau_temperate,2024-03-31,2024-04-01,1,2.1,9.3,29.4,28.1,70.4,66.5,1009.1,2.8,0.7,0,4,7.200000000000001,1.2999999999999972,3.9000000000000057,0,0,0,1.0,0.8660254037844387,-0.4999999999999998,1.4784000000000004,0.2955
REC_00071,Delhi,NCR,28.6139,77.209,continental_subtropical,2024-03-31,2024-04-02,2,0.9,0.0,36.3,35.2,61.2,61.9,1005.1,0.0,4.8,0,4,0.9,1.0999999999999943,0.6999999999999957,0,0,0,4.0,0.8660254037844387,-0.4999999999999998,0.5508000000000001,0.2379
REC_01070,Bengaluru,Karnataka,12.9716,77.5946,plateau_temperate,2024-03-31,2024-04-03,3,2.1,1.1,34.5,34.2,53.7,60.1,1007.0,2.0,0.2,0,4,1.0,0.29999999999999716,6.399999999999999,0,0,0,9.0,0.8660254037844387,-0.4999999999999998,1.1277000000000001,0.2948
REC_01386,Bengaluru,Karnataka,12.9716,77.5946,plateau_temperate,2024-03-31,2024-04-07,7,4.1,0.0,30.5,26.8,49.5,37.8,1005.3,9.6,5.5,0,4,4.1,3.6999999999999993,11.700000000000003,0,1,1,49.0,0.8660254037844387,-0.4999999999999998,2.0295,0.2941
REC_02717,Bengaluru,Karnataka,12.9716,77.5946,plateau_temperate,2024-03-31,2024-04-09,9,0.5,9.1,31.3,27.5,51.9,59.1,1005.5,0.0,9.6,0,4,8.6,3.8000000000000007,7.200000000000003,0,1,1,81.0,0.8660254037844387,-0.4999999999999998,0.2595,0.2958
REC_01688,Bengaluru,Karnataka,12.9716,77.5946,plateau_temperate,2024-04-01,2024-04-02,1,7.5,16.1,34.1,34.8,79.8,79.9,1008.1,7.4,0.1,0,4,8.600000000000001,0.6999999999999957,0.10000000000000853,0,0,0,1.0,0.8660254037844387,-0.4999999999999998,5.985,0.2974
REC_00366,Bengaluru,Karnataka,12.9716,77.5946,plateau_temperate,2024-04-01,2024-04-03,2,4.8,6.3,30.0,29.4,49.3,51.4,1007.1,2.5,2.3,0,4,1.5,0.6000000000000014,2.1000000000000014,0,0,0,4.0,0.8660254037844387,-0.4999999999999998,2.3664,0.2967
REC_01533,Krishna District,Andhra Pradesh,16.5062,80.648,coastal_humid,2024-04-01,2024-04-08,7,11.6,48.5,32.4,31.2,52.0,74.2,1004.8,19.9,8.2,0,4,36.9,1.1999999999999993,22.200000000000003,1,0,1,49.0,0.8660254037844387,-0.4999999999999998,6.031999999999999,0.3875
REC_01934,Hyderabad,Telangana,17.385,78.4867,semi_arid,2024-04-01,2024-04-11,10,0.8,4.7,32.2,34.5,49.7,58.6,1016.4,17.2,16.4,0,4,3.9000000000000004,2.299999999999997,8.899999999999999,0,0,0,100.0,0.8660254037844387,-0.4999999999999998,0.39760000000000006,0.3089
REC_02093,Hyderabad,Telangana,17.385,78.4867,semi_arid,2024-04-02,2024-04-08,6,1.0,0.0,33.1,36.3,68.6,68.0,1009.1,10.7,9.7,0,4,1.0,3.1999999999999957,0.5999999999999943,0,0,0,36.0,0.8660254037844387,-0.4999999999999998,0.6859999999999999,0.3082
REC_01353,Delhi,NCR,28.6139,77.209,continental_subtropical,2024-04-02,2024-04-06,4,3.0,0.0,29.6,29.5,49.3,41.0,1008.8,9.2,6.3,0,4,3.0,0.10000000000000142,8.299999999999997,0,0,0,16.0,0.8660254037844387,-0.4999999999999998,1.4789999999999999,0.2373
REC_00409,Visakhapatnam,Andhra Pradesh,17.6868,83.2185,coastal_cyclonic,2024-04-03,2024-04-11,8,3.4,37.2,31.9,28.2,64.5,60.1,1009.9,11.7,8.3,0,4,33.800000000000004,3.6999999999999993,4.399999999999999,1,1,1,64.0,0.8660254037844387,-0.4999999999999998,2.1929999999999996,0.3884
REC_02439,Delhi,NCR,28.6139,77.209,continental_subtropical,2024-04-03,2024-04-11,8,6.0,0.0,26.5,24.3,57.1,67.0,1004.8,0.0,24.5,0,4,6.0,2.1999999999999993,9.899999999999999,0,0,0,64.0,0.8660254037844387,-0.4999999999999998,3.426,0.2368
REC_01909,Krishna District,Andhra Pradesh,16.5062,80.648,coastal_humid,2024-04-03,2024-04-08,5,26.9,26.1,37.1,40.0,63.1,63.0,999.1,27.7,0.8,0,4,0.7999999999999972,2.8999999999999986,0.10000000000000142,0,0,0,25.0,0.8660254037844387,-0.4999999999999998,16.9739,0.3889
REC_03377,Visakhapatnam,Andhra Pradesh,17.6868,83.2185,coastal_cyclonic,2024-04-03,2024-04-09,6,0.3,17.9,31.8,26.2,50.4,45.6,1012.0,0.0,1.6,0,4,17.599999999999998,5.600000000000001,4.799999999999997,0,1,1,36.0,0.8660254037844387,-0.4999999999999998,0.1512,0.3898
REC_00778,Mumbai,Maharashtra,19.076,72.8777,coastal_heavy_monsoon,2024-04-04,2024-04-05,1,2.6,14.8,41.4,41.5,55.4,54.5,1010.9,2.9,0.3,0,4,12.200000000000001,0.10000000000000142,0.8999999999999986,0,0,0,1.0,0.8660254037844387,-0.4999999999999998,1.4404,0.3714
REC_02243,Bengaluru,Karnataka,12.9716,77.5946,plateau_temperate,2024-04-04,2024-04-11,7,1.1,24.0,37.0,36.8,38.5,42.1,1011.7,3.1,2.0,0,4,22.9,0.20000000000000284,3.6000000000000014,0,0,0,49.0,0.8660254037844387,-0.4999999999999998,0.4235,0.296
REC_00283,Krishna District,Andhra Pradesh,16.5062,80.648,coastal_humid,2024-04-04,2024-04-13,9,0.9,0.7,37.2,42.7,64.4,72.3,1008.9,17.6,16.7,0,4,0.20000000000000007,5.5,7.8999999999999915,0,1,1,81.0,0.8660254037844387,-0.4999999999999998,0.5796000000000001,0.388
REC_02540,Krishna District,Andhra Pradesh,16.5062,80.648,coastal_humid,2024-04-05,2024-04-14,9,1.3,0.0,32.8,27.8,59.4,64.5,1010.3,47.7,46.4,0,4,1.3,4.9999999999999964,5.100000000000001,0,1,1,81.0,0.8660254037844387,-0.4999999999999998,0.7722,0.3894
REC_00580,Visakhapatnam,Andhra Pradesh,17.6868,83.2185,coastal_cyclonic,2024-04-05,2024-04-15,10,0.3,53.1,34.6,39.2,51.1,67.1,1012.3,0.0,7.9,0,4,52.800000000000004,4.600000000000001,15.999999999999993,1,1,1,100.0,0.8660254037844387,-0.4999999999999998,0.1533,0.3912
REC_02959,Delhi,NCR,28.6139,77.209,continental_subtropical,2024-04-05,2024-04-07,2,3.1,17.9,32.8,32.9,52.7,50.8,1006.4,3.0,0.1,0,4,14.799999999999999,0.10000000000000142,1.9000000000000057,0,0,0,4.0,0.8660254037844387,-0.4999999999999998,1.6337000000000002,0.2362
REC_02278,Hyderabad,Telangana,17.385,78.4867,semi_arid,2024-04-05,2024-04-14,9,0.2,0.0,29.7,27.6,57.3,62.3,1009.3,16.5,16.3,0,4,0.2,2.099999999999998,5.0,0,0,0,81.0,0.8660254037844387,-0.4999999999999998,0.11460000000000001,0.3075
REC_02778,Delhi,NCR,28.6139,77.209,continental_subtropical,2024-04-06,2024-04-08,2,2.5,7.6,29.1,28.5,69.1,70.4,1010.0,4.3,1.9,0,4,5.1,0.6000000000000014,1.3000000000000114,0,0,0,4.0,0.8660254037844387,-0.4999999999999998,1.7275,0.2357
REC_00053,Visakhapatnam,Andhra Pradesh,17.6868,83.2185,coastal_cyclonic,2024-04-06,2024-04-14,8,0.2,0.0,33.8,28.7,57.4,41.5,1014.1,0.0,3.7,0,4,0.2,5.099999999999998,15.899999999999999,0,1,1,64.0,0.8660254037844387,-0.4999999999999998,0.1148,0.3926
REC_00301,Mumbai,Maharashtra,19.076,72.8777,coastal_heavy_monsoon,2024-04-06,2024-04-14,8,1.0,23.7,34.1,40.3,61.5,62.3,1005.4,0.0,9.2,0,4,22.7,6.199999999999996,0.7999999999999972,0,1,1,64.0,0.8660254037844387,-0.4999999999999998,0.615,0.3705
REC_01408,Mumbai,Maharashtra,19.076,72.8777,coastal_heavy_monsoon,2024-04-06,2024-04-15,9,4.3,0.0,30.1,29.9,63.7,62.7,1007.2,10.8,6.5,0,4,4.3,0.20000000000000284,1.0,0,0,0,81.0,0.8660254037844387,-0.4999999999999998,2.7391,0.372
REC_03351,Visakhapatnam,Andhra Pradesh,17.6868,83.2185,coastal_cyclonic,2024-04-06,2024-04-16,10,0.7,0.0,30.0,35.3,53.1,55.0,1005.0,0.0,18.4,0,4,0.7,5.299999999999997,1.8999999999999986,0,1,1,100.0,0.8660254037844387,-0.4999999999999998,0.37170000000000003,0.394
REC_00718,Visakhapatnam,Andhra Pradesh,17.6868,83.2185,coastal_cyclonic,2024-04-07,2024-04-16,9,2.7,14.9,30.3,29.7,58.3,56.9,1006.9,1.1,1.6,0,4,12.2,0.6000000000000014,1.3999999999999986,0,0,0,81.0,0.8660254037844387,-0.4999999999999998,1.5741,0.3954
REC_02218,Krishna District,Andhra Pradesh,16.5062,80.648,coastal_humid,2024-04-07,2024-04-16,9,4.9,62.5,25.1,25.5,50.5,42.7,1006.9,0.0,37.1,0,4,57.6,0.3999999999999986,7.799999999999997,1,0,1,81.0,0.8660254037844387,-0.4999999999999998,2.4745000000000004,0.3908
REC_01922,Visakhapatnam,Andhra Pradesh,17.6868,83.2185,coastal_cyclonic,2024-04-07,2024-04-15,8,1.5,27.5,29.4,29.6,59.5,44.0,1015.0,13.4,11.9,0,4,26.0,0.20000000000000284,15.5,1,0,1,64.0,0.8660254037844387,-0.4999999999999998,0.8925,0.3945
REC_00255,Hyderabad,Telangana,17.385,78.4867,semi_arid,2024-04-07,2024-04-09,2,3.2,0.0,34.8,34.7,58.6,51.4,1004.9,2.8,0.4,0,4,3.2,0.09999999999999432,7.200000000000003,0,0,0,4.0,0.8660254037844387,-0.4999999999999998,1.8752000000000002,0.3068
REC_01395,Krishna District,Andhra Pradesh,16.5062,80.648,coastal_humid,2024-04-07,2024-04-11,4,1.0,0.0,33.7,32.1,52.8,67.6,1009.3,6.9,5.9,0,4,1.0,1.6000000000000014,14.799999999999997,0,0,0,16.0,0.8660254037844387,-0.4999999999999998,0.528,0.3922
REC_01869,Visakhapatnam,Andhra Pradesh,17.6868,83.2185,coastal_cyclonic,2024-04-07,2024-04-10,3,0.3,10.6,36.5,35.3,37.0,29.2,1011.7,0.6,0.3,0,4,10.299999999999999,1.2000000000000028,7.800000000000001,0,0,0,9.0,0.8660254037844387,-0.4999999999999998,0.111,0.3959
REC_01977,Bengaluru,Karnataka,12.9716,77.5946,plateau_temperate,2024-04-07,2024-04-11,4,3.5,7.9,31.3,29.2,56.0,62.3,1013.4,7.0,3.5,0,4,4.4,2.1000000000000014,6.299999999999997,0,0,0,16.0,0.8660254037844387,-0.4999999999999998,1.96,0.2953
REC_00703,Delhi,NCR,28.6139,77.209,continental_subtropical,2024-04-08,2024-04-17,9,1.8,38.1,34.9,37.0,38.0,44.7,1012.7,0.0,14.4,0,4,36.300000000000004,2.1000000000000014,6.700000000000003,1,0,1,81.0,0.8660254037844387,-0.4999999999999998,0.684,0.2352
REC_03037,Delhi,NCR,28.6139,77.209,continental_subtropical,2024-04-08,2024-04-17,9,3.0,20.5,31.9,25.3,47.2,39.2,1007.5,0.0,17.3,0,4,17.5,6.599999999999998,8.0,0,1,1,81.0,0.8660254037844387,-0.4999999999999998,1.4160000000000001,0.2369
REC_00993,Bengaluru,Karnataka,12.9716,77.5946,plateau_temperate,2024-04-09,2024-04-12,3,12.8,32.8,34.6,34.1,49.7,62.0,1003.9,14.5,1.7,0,4,19.999999999999996,0.5,12.299999999999997,0,0,0,9.0,0.8660254037844387,-0.4999999999999998,6.361600000000001,0.2947
REC_00280,Hyderabad,Telangana,17.385,78.4867,semi_arid,2024-04-09,2024-04-16,7,1.8,0.0,31.1,29.9,37.3,43.4,1014.1,16.1,14.3,0,4,1.8,1.2000000000000028,6.100000000000001,0,0,0,49.0,0.8660254037844387,-0.4999999999999998,0.6714,0.3062
REC_00636,Hyderabad,Telangana,17.385,78.4867,semi_arid,2024-04-09,2024-04-17,8,2.5,0.0,31.6,31.0,61.3,73.6,1011.9,0.0,3.9,0,4,2.5,0.6000000000000014,12.299999999999997,0,0,0,64.0,0.8660254037844387,-0.4999999999999998,1.5325,0.3055
REC_02906,Bengaluru,Karnataka,12.9716,77.5946,plateau_temperate,2024-04-09,2024-04-18,9,0.8,0.0,37.1,39.6,54.7,65.1,1005.6,27.0,26.3,0,4,0.8,2.5,10.399999999999991,0,0,0,81.0,0.8660254037844387,-0.4999999999999998,0.43760000000000004,0.294
REC_02370,Mumbai,Maharashtra,19.076,72.8777,coastal_heavy_monsoon,2024-04-10,2024-04-20,10,5.8,74.9,35.8,40.2,54.6,35.1,1004.3,30.7,24.9,0,4,69.10000000000001,4.400000000000006,19.5,1,1,1,100.0,0.8660254037844387,-0.4999999999999998,3.1668000000000003,0.3711
REC_00229,Hyderabad,Telangana,17.385,78.4867,semi_arid,2024-04-10,2024-04-20,10,0.5,0.0,32.3,29.7,38.5,35.6,1009.8,20.2,19.8,0,4,0.5,2.599999999999998,2.8999999999999986,0,0,0,100.0,0.8660254037844387,-0.4999999999999998,0.1925,0.3048
REC_02924,Mumbai,Maharashtra,19.076,72.8777,coastal_heavy_monsoon,2024-04-10,2024-04-20,10,2.5,0.0,35.0,36.7,56.7,48.6,1008.2,0.0,3.4,0,4,2.5,1.7000000000000028,8.100000000000001,0,0,0,100.0,0.8660254037844387,-0.4999999999999998,1.4175,0.3726
REC_01240,Hyderabad,Telangana,17.385,78.4867,semi_arid,2024-04-10,2024-04-17,7,1.4,8.3,32.7,29.7,47.6,30.9,1009.1,0.0,1.9,0,4,6.9,3.0000000000000036,16.700000000000003,0,0,0,49.0,0.8660254037844387,-0.4999999999999998,0.6664,0.3042
REC_01313,Visakhapatnam,Andhra Pradesh,17.6868,83.2185,coastal_cyclonic,2024-04-10,2024-04-16,6,2.1,0.0,32.0,32.1,56.2,54.1,1004.8,0.0,4.8,0,4,2.1,0.10000000000000142,2.1000000000000014,0,0,0,36.0,0.8660254037844387,-0.4999999999999998,1.1802000000000001,0.395
REC_01482,Delhi,NCR,28.6139,77.209,continental_subtropical,2024-04-10,2024-04-18,8,1.4,28.8,31.8,31.8,59.5,69.6,1003.4,0.0,27.9,0,4,27.400000000000002,0.0,10.099999999999994,1,0,1,64.0,0.8660254037844387,-0.4999999999999998,0.833,0.2386
REC_00914,Hyderabad,Telangana,17.385,78.4867,semi_arid,2024-04-11,2024-04-14,3,1.2,0.8,30.1,28.8,60.4,52.5,1001.1,0.0,9.0,0,4,0.3999999999999999,1.3000000000000007,7.899999999999999,0,0,0,9.0,0.8660254037844387,-0.4999999999999998,0.7247999999999999,0.3035
REC_00831,Delhi,NCR,28.6139,77.209,continental_subtropical,2024-04-11,2024-04-17,6,1.4,10.7,41.6,42.5,57.4,54.8,1003.5,9.9,8.5,0,4,9.299999999999999,0.8999999999999986,2.6000000000000014,0,0,0,36.0,0.8660254037844387,-0.4999999999999998,0.8036,0.2404
REC_03289,Hyderabad,Telangana,17.385,78.4867,semi_arid,2024-04-11,2024-04-17,6,5.1,112.9,29.8,30.4,56.7,61.9,1008.8,6.6,1.6,0,4,107.80000000000001,0.5999999999999979,5.199999999999996,1,0,1,36.0,0.8660254037844387,-0.4999999999999998,2.8917,0.3028
REC_01966,Krishna District,Andhra Pradesh,16.5062,80.648,coastal_humid,2024-04-11,2024-04-18,7,0.8,0.0,28.0,24.2,69.5,85.6,1004.2,3.2,2.4,0,4,0.8,3.8000000000000007,16.099999999999994,0,1,1,49.0,0.8660254037844387,-0.4999999999999998,0.556,0.3913
REC_02851,Delhi,NCR,28.6139,77.209,continental_subtropical,2024-04-12,2024-04-15,3,0.7,0.0,33.2,31.9,41.0,44.5,1005.8,7.4,6.7,0,4,0.7,1.3000000000000043,3.5,0,0,0,9.0,0.8660254037844387,-0.4999999999999998,0.287,0.2398
REC_03064,Bengaluru,Karnataka,12.9716,77.5946,plateau_temperate,2024-04-12,2024-04-17,5,0.0,0.0,34.5,31.5,58.5,49.6,1007.0,3.1,3.1,0,4,0.0,3.0,8.899999999999999,0,0,0,25.0,0.8660254037844387,-0.4999999999999998,0.0,0.2933
REC_01849,Delhi,NCR,28.6139,77.209,continental_subtropical,2024-04-12,2024-04-18,6,2.0,0.0,30.3,28.8,43.9,53.3,1007.6,0.0,9.4,0,4,2.0,1.5,9.399999999999999,0,0,0,36.0,0.8660254037844387,-0.4999999999999998,0.878,0.2393
REC_02887,Hyderabad,Telangana,17.385,78.4867,semi_arid,2024-04-12,2024-04-19,7,2.3,0.0,31.1,34.5,61.8,63.4,1007.0,0.0,3.6,0,4,2.3,3.3999999999999986,1.6000000000000014,0,0,0,49.0,0.8660254037844387,-0.4999999999999998,1.4213999999999998,0.3043
REC_02501,Delhi,NCR,28.6139,77.209,continental_subtropical,2024-04-12,2024-04-21,9,3.4,0.0,39.6,36.6,60.2,37.1,1014.8,0.0,13.7,0,4,3.4,3.0,23.1,0,0,0,81.0,0.8660254037844387,-0.4999999999999998,2.0468,0.2387
REC_03495,Mumbai,Maharashtra,19.076,72.8777,coastal_heavy_monsoon,2024-04-12,2024-04-21,9,7.8,48.3,38.1,37.4,62.4,53.6,1012.5,23.5,15.7,0,4,40.5,0.7000000000000028,8.799999999999997,1,0,1,81.0,0.8660254037844387,-0.4999999999999998,4.8671999999999995,0.3717
REC_02124,Krishna District,Andhra Pradesh,16.5062,80.648,coastal_humid,2024-04-13,2024-04-19,6,7.8,0.0,36.0,33.4,50.7,56.1,1007.1,0.0,16.7,0,4,7.8,2.6000000000000014,5.399999999999999,0,0,0,36.0,0.8660254037844387,-0.4999999999999998,3.9546000000000006,0.3927
REC_03063,Visakhapatnam,Andhra Pradesh,17.6868,83.2185,coastal_cyclonic,2024-04-13,2024-04-17,4,0.1,1.9,28.0,28.7,56.5,57.7,1006.7,9.4,9.3,0,4,1.7999999999999998,0.6999999999999993,1.2000000000000028,0,0,0,16.0,0.8660254037844387,-0.4999999999999998,0.0565,0.3941
REC_00677,Krishna District,Andhra Pradesh,16.5062,80.648,coastal_humid,2024-04-14,2024-04-16,2,0.8,13.1,34.1,34.5,62.7,65.0,1009.4,4.0,3.2,0,4,12.299999999999999,0.3999999999999986,2.299999999999997,0,0,0,4.0,0.8660254037844387,-0.4999999999999998,0.5016,0.3918
REC_03312,Krishna District,Andhra Pradesh,16.5062,80.648,coastal_humid,2024-04-14,2024-04-19,5,1.3,5.0,34.5,33.3,55.8,62.6,1005.1,0.0,6.4,0,4,3.7,1.2000000000000028,6.800000000000004,0,0,0,25.0,0.8660254037844387,-0.4999999999999998,0.7253999999999999,0.3909
REC_00164,Bengaluru,Karnataka,12.9716,77.5946,plateau_temperate,2024-04-14,2024-04-23,9,4.2,32.5,33.7,30.9,56.1,39.0,1007.4,0.0,9.9,0,4,28.3,2.8000000000000043,17.1,1,0,1,81.0,0.8660254037844387,-0.4999999999999998,2.3562,0.2926
REC_03288,Delhi,NCR,28.6139,77.209,continental_subtropical,2024-04-14,2024-04-24,10,8.2,1.9,30.7,30.5,47.7,33.0,1008.0,5.1,3.0,0,4,6.299999999999999,0.1999999999999993,14.700000000000003,0,0,0,100.0,0.8660254037844387,-0.4999999999999998,3.9114,0.2382
REC_00513,Delhi,NCR,28.6139,77.209,continental_subtropical,2024-04-15,2024-04-17,2,0.7,0.0,31.4,33.6,59.1,61.0,1007.5,2.3,1.6,0,4,0.7,2.200000000000003,1.8999999999999986,0,0,0,4.0,0.8660254037844387,-0.4999999999999998,0.41369999999999996,0.2377
REC_01380,Krishna District,Andhra Pradesh,16.5062,80.648,coastal_humid,2024-04-15,2024-04-19,4,0.2,8.5,31.6,33.5,49.1,48.5,1011.2,0.0,7.7,0,4,8.3,1.8999999999999986,0.6000000000000014,0,0,0,16.0,0.8660254037844387,-0.4999999999999998,0.09820000000000001,0.39
REC_01090,Krishna District,Andhra Pradesh,16.5062,80.648,coastal_humid,2024-04-15,2024-04-21,6,3.1,0.0,34.3,34.0,59.6,54.5,1005.1,0.0,10.4,0,4,3.1,0.29999999999999716,5.100000000000001,0,0,0,36.0,0.8660254037844387,-0.4999999999999998,1.8476000000000001,0.3891
REC_01316,Krishna District,Andhra Pradesh,16.5062,80.648,coastal_humid,2024-04-15,2024-04-21,6,2.3,6.1,34.2,34.5,57.8,60.7,1007.8,0.0,8.6,0,4,3.8,0.29999999999999716,2.9000000000000057,0,0,0,36.0,0.8660254037844387,-0.4999999999999998,1.3293999999999997,0.3883
REC_03095,Krishna District,Andhra Pradesh,16.5062,80.648,coastal_humid,2024-04-16,2024-04-17,1,2.4,0.0,37.8,37.7,64.6,58.4,1005.3,3.0,0.6,0,4,2.4,0.09999999999999432,6.199999999999996,0,0,0,1.0,0.8660254037844387,-0.4999999999999998,1.5504,0.3874
REC_02786,Delhi,NCR,28.6139,77.209,continental_subtropical,2024-04-16,2024-04-18,2,3.7,5.2,27.8,28.0,54.1,54.9,1009.7,0.3,3.4,0,4,1.5,0.1999999999999993,0.7999999999999972,0,0,0,4.0,0.8660254037844387,-0.4999999999999998,2.0017,0.2371
REC_02349,Mumbai,Maharashtra,19.076,72.8777,coastal_heavy_monsoon,2024-04-17,2024-04-27,10,0.3,18.3,32.6,40.3,53.9,65.9,1008.8,0.0,7.7,0,4,18.0,7.699999999999996,12.000000000000007,0,1,1,100.0,0.8660254037844387,-0.4999999999999998,0.16169999999999998,0.3732
REC_02532,Krishna District,Andhra Pradesh,16.5062,80.648,coastal_humid,2024-04-17,2024-04-25,8,3.0,0.0,31.9,35.2,36.1,36.8,1008.3,0.0,10.7,0,4,3.0,3.3000000000000043,0.6999999999999957,0,0,0,64.0,0.8660254037844387,-0.4999999999999998,1.0830000000000002,0.3865
REC_03422,Krishna District,Andhra Pradesh,16.5062,80.648,coastal_humid,2024-04-17,2024-04-21,4,4.5,0.0,33.4,35.2,56.4,64.5,1013.0,0.0,5.2,0,4,4.5,1.8000000000000043,8.100000000000001,0,0,0,16.0,0.8660254037844387,-0.4999999999999998,2.538,0.3857
REC_02022,Visakhapatnam,Andhra Pradesh,17.6868,83.2185,coastal_cyclonic,2024-04-17,2024-04-18,1,4.4,0.0,34.4,35.7,53.9,48.9,1011.1,3.7,0.7,0,4,4.4,1.3000000000000043,5.0,0,0,0,1.0,0.8660254037844387,-0.4999999999999998,2.3716000000000004,0.3932
REC_01214,Krishna District,Andhra Pradesh,16.5062,80.648,coastal_humid,2024-04-18,2024-04-20,2,7.9,7.5,37.6,37.5,63.4,64.5,1007.2,7.1,0.8,0,4,0.40000000000000036,0.10000000000000142,1.1000000000000014,0,0,0,4.0,0.8660254037844387,-0.4999999999999998,5.0086,0.3848
REC_01830,Bengaluru,Karnataka,12.9716,77.5946,plateau_temperate,2024-04-18,2024-04-20,2,10.8,5.9,33.6,35.6,59.6,58.4,1013.6,13.0,2.2,0,4,4.9,2.0,1.2000000000000028,0,0,0,4.0,0.8660254037844387,-0.4999999999999998,6.436800000000001,0.2943
REC_01727,Delhi,NCR,28.6139,77.209,continental_subtropical,2024-04-18,2024-04-22,4,0.3,0.0,34.1,34.3,40.6,40.1,1004.4,3.8,3.5,0,4,0.3,0.19999999999999574,0.5,0,0,0,16.0,0.8660254037844387,-0.4999999999999998,0.12179999999999999,0.2366
REC_00541,Krishna District,Andhra Pradesh,16.5062,80.648,coastal_humid,2024-04-18,2024-04-25,7,0.0,31.9,32.0,38.5,41.9,29.6,1012.4,0.0,9.1,0,4,31.9,6.5,12.299999999999997,1,1,1,49.0,0.8660254037844387,-0.4999999999999998,0.0,0.3839
REC_02261,Bengaluru,Karnataka,12.9716,77.5946,plateau_temperate,2024-04-18,2024-04-27,9,10.0,31.2,32.8,34.1,56.8,72.4,1011.3,0.0,27.3,0,4,21.2,1.3000000000000043,15.600000000000009,0,0,0,81.0,0.8660254037844387,-0.4999999999999998,5.68,0.2936
REC_00155,Visakhapatnam,Andhra Pradesh,17.6868,83.2185,coastal_cyclonic,2024-04-19,2024-04-24,5,0.8,0.0,34.5,36.1,44.6,50.6,1012.6,2.7,2.0,0,4,0.8,1.6000000000000014,6.0,0,0,0,25.0,0.8660254037844387,-0.4999999999999998,0.3568,0.3923
REC_01772,Visakhapatnam,Andhra Pradesh,17.6868,83.2185,coastal_cyclonic,2024-04-19,2024-04-24,5,2.9,23.7,34.1,35.7,48.2,50.5,1008.4,0.0,4.4,0,4,20.8,1.6000000000000014,2.299999999999997,0,0,0,25.0,0.8660254037844387,-0.4999999999999998,1.3978,0.3914
REC_00603,Delhi,NCR,28.6139,77.209,continental_subtropical,2024-04-19,2024-04-27,8,4.7,38.4,31.5,29.5,56.0,51.4,1002.0,0.0,11.5,0,4,33.699999999999996,2.0,4.600000000000001,1,0,1,64.0,0.8660254037844387,-0.4999999999999998,2.6319999999999997,0.2361
REC_01936,Delhi,NCR,28.6139,77.209,continental_subtropical,2024-04-19,2024-04-29,10,1.4,50.8,32.4,30.4,49.7,60.5,1008.1,0.0,5.7,0,4,49.4,2.0,10.799999999999997,1,0,1,100.0,0.8660254037844387,-0.4999999999999998,0.6958,0.2378
REC_03319,Bengaluru,Karnataka,12.9716,77.5946,plateau_temperate,2024-04-20,2024-04-24,4,6.4,15.3,30.4,28.4,51.0,53.6,1009.3,9.9,3.5,0,4,8.9,2.0,2.6000000000000014,0,0,0,16.0,0.8660254037844387,-0.4999999999999998,3.2640000000000002,0.2929
REC_03235,Delhi,NCR,28.6139,77.209,continental_subtropical,2024-04-21,2024-04-23,2,3.1,16.9,31.7,31.2,42.2,48.1,1012.2,2.6,0.5,0,4,13.799999999999999,0.5,5.899999999999999,0,0,0,4.0,0.8660254037844387,-0.4999999999999998,1.3082000000000003,0.2395
REC_00967,Mumbai,Maharashtra,19.076,72.8777,coastal_heavy_monsoon,2024-04-21,2024-04-23,2,2.3,0.0,28.1,28.4,47.4,51.7,1010.4,2.0,0.3,0,4,2.3,0.29999999999999716,4.300000000000004,0,0,0,4.0,0.8660254037844387,-0.4999999999999998,1.0901999999999998,0.3747
REC_02711,Visakhapatnam,Andhra Pradesh,17.6868,83.2185,coastal_cyclonic,2024-04-22,2024-04-28,6,2.3,0.0,32.2,32.5,41.5,35.6,1007.4,0.0,6.9,0,4,2.3,0.29999999999999716,5.899999999999999,0,0,0,36.0,0.8660254037844387,-0.4999999999999998,0.9544999999999999,0.3905
REC_01397,Bengaluru,Karnataka,12.9716,77.5946,plateau_temperate,2024-04-22,2024-04-30,8,2.0,10.7,25.9,26.2,49.1,47.5,1009.6,11.6,9.5,0,4,8.7,0.3000000000000007,1.6000000000000014,0,0,0,64.0,0.8660254037844387,-0.4999999999999998,0.982,0.2922
REC_02995,Hyderabad,Telangana,17.385,78.4867,semi_arid,2024-04-23,2024-04-30,7,0.9,0.0,29.7,29.9,50.4,54.6,1012.9,0.7,0.3,0,4,0.9,0.1999999999999993,4.200000000000003,0,0,0,49.0,0.8660254037844387,-0.4999999999999998,0.4536,0.3037
REC_00644,Mumbai,Maharashtra,19.076,72.8777,coastal_heavy_monsoon,2024-04-23,2024-05-02,9,43.3,0.0,28.9,21.4,85.1,100.0,1007.0,42.2,1.1,0,5,43.3,7.5,14.900000000000006,1,1,1,81.0,0.49999999999999994,-0.8660254037844387,36.848299999999995,0.3738
REC_02632,Krishna District,Andhra Pradesh,16.5062,80.648,coastal_humid,2024-04-24,2024-04-25,1,1.3,4.9,36.5,37.7,46.3,44.5,1008.5,0.1,1.2,0,4,3.6000000000000005,1.2000000000000028,1.7999999999999972,0,0,0,1.0,0.8660254037844387,-0.4999999999999998,0.6019,0.3853
REC_00926,Delhi,NCR,28.6139,77.209,continental_subtropical,2024-04-24,2024-04-27,3,6.8,0.0,31.7,31.9,58.6,59.0,1007.6,0.8,5.9,0,4,6.8,0.1999999999999993,0.3999999999999986,0,0,0,9.0,0.8660254037844387,-0.4999999999999998,3.9848000000000003,0.2389
REC_01470,Visakhapatnam,Andhra Pradesh,17.6868,83.2185,coastal_cyclonic,2024-04-24,2024-04-28,4,1.3,14.2,31.8,34.0,48.5,48.1,1008.7,0.2,1.1,0,4,12.899999999999999,2.1999999999999993,0.3999999999999986,0,0,0,16.0,0.8660254037844387,-0.4999999999999998,0.6305000000000001,0.3896
REC_01341,Hyderabad,Telangana,17.385,78.4867,semi_arid,2024-04-24,2024-04-30,6,1.6,6.7,34.2,30.4,59.3,44.5,1008.7,6.7,5.0,0,4,5.1,3.8000000000000043,14.799999999999997,0,1,1,36.0,0.8660254037844387,-0.4999999999999998,0.9488,0.303
REC_02029,Delhi,NCR,28.6139,77.209,continental_subtropical,2024-04-24,2024-04-30,6,9.9,5.4,39.3,38.5,63.8,52.5,1010.3,17.6,7.7,0,4,4.5,0.7999999999999972,11.299999999999997,0,0,0,36.0,0.8660254037844387,-0.4999999999999998,6.3162,0.2384
REC_00782,Bengaluru,Karnataka,12.9716,77.5946,plateau_temperate,2024-04-24,2024-05-03,9,8.0,35.0,33.9,29.8,53.7,54.8,1004.5,7.0,1.0,0,5,27.0,4.099999999999998,1.0999999999999943,1,1,1,81.0,0.49999999999999994,-0.8660254037844387,4.296,0.2916
REC_03031,Bengaluru,Karnataka,12.9716,77.5946,plateau_temperate,2024-04-24,2024-05-03,9,5.2,0.0,38.0,43.1,48.3,52.1,1005.7,30.1,24.8,0,5,5.2,5.100000000000001,3.8000000000000043,0,1,1,81.0,0.49999999999999994,-0.8660254037844387,2.5116,0.2932
REC_00427,Hyderabad,Telangana,17.385,78.4867,semi_arid,2024-04-25,2024-05-05,10,5.7,0.0,32.1,32.4,53.1,69.6,1018.2,15.9,10.3,0,5,5.7,0.29999999999999716,16.499999999999993,0,0,0,100.0,0.49999999999999994,-0.8660254037844387,3.0267,0.3045
REC_03014,Delhi,NCR,28.6139,77.209,continental_subtropical,2024-04-25,2024-05-04,9,1.2,0.0,32.5,27.9,49.4,28.7,1008.0,4.3,3.1,0,5,1.2,4.600000000000001,20.7,0,1,1,81.0,0.49999999999999994,-0.8660254037844387,0.5928,0.2379
REC_02115,Visakhapatnam,Andhra Pradesh,17.6868,83.2185,coastal_cyclonic,2024-04-25,2024-05-04,9,60.7,224.2,26.6,26.3,69.8,78.0,1013.9,66.1,5.3,0,5,163.5,0.3000000000000007,8.200000000000003,1,0,1,81.0,0.49999999999999994,-0.8660254037844387,42.368599999999994,0.3888
REC_01805,Delhi,NCR,28.6139,77.209,continental_subtropical,2024-04-25,2024-05-01,6,1.0,0.0,32.7,33.7,66.1,80.0,1003.7,0.0,4.4,0,5,1.0,1.0,13.900000000000006,0,0,0,36.0,0.49999999999999994,-0.8660254037844387,0.6609999999999999,0.2396
REC_03460,Visakhapatnam,Andhra Pradesh,17.6868,83.2185,coastal_cyclonic,2024-04-26,2024-04-27,1,0.4,0.7,32.8,32.7,42.3,41.1,1008.2,0.5,0.0,0,4,0.29999999999999993,0.09999999999999432,1.1999999999999957,0,0,0,1.0,0.8660254037844387,-0.4999999999999998,0.1692,0.3901
REC_00893,Mumbai,Maharashtra,19.076,72.8777,coastal_heavy_monsoon,2024-04-26,2024-04-28,2,3.5,11.2,32.1,31.8,64.2,69.9,1007.0,4.1,0.6,0,4,7.699999999999999,0.3000000000000007,5.700000000000003,0,0,0,4.0,0.8660254037844387,-0.4999999999999998,2.2470000000000003,0.3753
REC_00542,Delhi,NCR,28.6139,77.209,continental_subtropical,2024-04-26,2024-04-29,3,11.4,18.6,32.0,34.7,55.0,57.3,1012.7,16.0,4.6,0,4,7.200000000000001,2.700000000000003,2.299999999999997,0,0,0,9.0,0.8660254037844387,-0.4999999999999998,6.27,0.239
REC_02200,Bengaluru,Karnataka,12.9716,77.5946,plateau_temperate,2024-04-26,2024-05-02,6,2.3,6.8,33.5,34.6,42.7,36.4,1011.5,0.0,3.8,0,5,4.5,1.1000000000000014,6.300000000000004,0,0,0,36.0,0.49999999999999994,-0.8660254037844387,0.9821,0.2948
REC_00721,Delhi,NCR,28.6139,77.209,continental_subtropical,2024-04-26,2024-05-03,7,0.2,32.7,30.2,28.9,45.5,45.0,1007.7,0.0,1.7,0,5,32.5,1.3000000000000007,0.5,1,0,1,49.0,0.49999999999999994,-0.8660254037844387,0.091,0.2385
REC_00467,Hyderabad,Telangana,17.385,78.4867,semi_arid,2024-04-26,2024-05-06,10,1.7,45.1,36.9,34.4,61.1,62.6,1006.0,24.3,22.6,0,5,43.4,2.5,1.5,1,0,1,100.0,0.49999999999999994,-0.8660254037844387,1.0387,0.3039
REC_00040,Krishna District,Andhra Pradesh,16.5062,80.648,coastal_humid,2024-04-27,2024-04-29,2,4.9,0.4,30.9,31.5,54.8,53.9,1008.5,2.4,2.5,0,4,4.5,0.6000000000000014,0.8999999999999986,0,0,0,4.0,0.8660254037844387,-0.4999999999999998,2.6852,0.3844
REC_03256,Mumbai,Maharashtra,19.076,72.8777,coastal_heavy_monsoon,2024-04-27,2024-04-30,3,3.1,2.6,30.2,29.8,46.8,45.0,1008.0,2.9,0.1,0,4,0.5,0.3999999999999986,1.7999999999999972,0,0,0,9.0,0.8660254037844387,-0.4999999999999998,1.4507999999999999,0.3744
REC_01164,Visakhapatnam,Andhra Pradesh,17.6868,83.2185,coastal_cyclonic,2024-04-27,2024-05-03,6,45.3,142.9,24.4,29.6,92.4,100.0,1005.9,58.5,13.1,0,5,97.60000000000001,5.200000000000003,7.599999999999994,1,1,1,36.0,0.49999999999999994,-0.8660254037844387,41.857200000000006,0.3893
REC_00920,Mumbai,Maharashtra,19.076,72.8777,coastal_heavy_monsoon,2024-04-27,2024-05-05,8,24.6,66.8,27.3,31.7,87.5,78.9,1009.9,17.6,7.0,0,5,42.199999999999996,4.399999999999999,8.599999999999994,1,1,1,64.0,0.49999999999999994,-0.8660254037844387,21.525,0.3735
REC_02928,Bengaluru,Karnataka,12.9716,77.5946,plateau_temperate,2024-04-27,2024-05-05,8,2.3,27.5,29.1,31.7,51.5,41.4,1006.6,11.5,9.2,0,5,25.2,2.599999999999998,10.100000000000001,1,0,1,64.0,0.49999999999999994,-0.8660254037844387,1.1844999999999999,0.2941
REC_01467,Bengaluru,Karnataka,12.9716,77.5946,plateau_temperate,2024-04-28,2024-05-06,8,4.3,57.4,31.6,33.0,60.2,59.6,1007.8,35.3,31.0,0,5,53.1,1.3999999999999986,0.6000000000000014,1,0,1,64.0,0.49999999999999994,-0.8660254037844387,2.5886,0.2957
REC_01872,Visakhapatnam,Andhra Pradesh,17.6868,83.2185,coastal_cyclonic,2024-04-28,2024-05-04,6,25.1,23.7,25.1,28.2,93.2,82.6,1004.3,5.2,19.9,0,5,1.4000000000000021,3.099999999999998,10.600000000000009,0,0,0,36.0,0.49999999999999994,-0.8660254037844387,23.3932,0.3906
REC_00639,Delhi,NCR,28.6139,77.209,continental_subtropical,2024-04-28,2024-05-03,5,1.4,0.0,26.8,29.2,47.4,63.7,1009.8,16.0,14.6,0,5,1.4,2.3999999999999986,16.300000000000004,0,0,0,25.0,0.49999999999999994,-0.8660254037844387,0.6636,0.2402
REC_03456,Hyderabad,Telangana,17.385,78.4867,semi_arid,2024-04-28,2024-04-30,2,0.6,0.0,32.0,30.3,58.9,60.2,1014.3,1.0,0.4,0,4,0.6,1.6999999999999993,1.3000000000000043,0,0,0,4.0,0.8660254037844387,-0.4999999999999998,0.35339999999999994,0.3054
REC_01154,Hyderabad,Telangana,17.385,78.4867,semi_arid,2024-04-28,2024-05-01,3,0.7,7.3,32.4,32.2,67.2,57.0,1006.2,0.0,5.3,0,5,6.6,0.19999999999999574,10.200000000000003,0,0,0,9.0,0.49999999999999994,-0.8660254037844387,0.4704,0.3047
REC_03486,Bengaluru,Karnataka,12.9716,77.5946,plateau_temperate,2024-04-28,2024-05-01,3,0.1,5.7,32.5,34.6,50.4,58.2,1014.3,1.1,1.0,0,5,5.6000000000000005,2.1000000000000014,7.800000000000004,0,0,0,9.0,0.49999999999999994,-0.8660254037844387,0.0504,0.2973
REC_01972,Hyderabad,Telangana,17.385,78.4867,semi_arid,2024-04-29,2024-05-04,5,0.4,0.0,29.0,32.0,52.5,45.9,1006.6,0.0,4.7,0,5,0.4,3.0,6.600000000000001,0,0,0,25.0,0.49999999999999994,-0.8660254037844387,0.21,0.3041
REC_01318,Krishna District,Andhra Pradesh,16.5062,80.648,coastal_humid,2024-04-29,2024-05-05,6,20.6,0.0,34.0,38.7,93.7,84.8,1009.8,4.9,15.7,0,5,20.6,4.700000000000003,8.900000000000006,1,1,1,36.0,0.49999999999999994,-0.8660254037844387,19.302200000000003,0.3836
REC_02580,Hyderabad,Telangana,17.385,78.4867,semi_arid,2024-04-29,2024-05-05,6,18.8,28.1,31.0,30.2,57.8,51.2,1004.9,12.7,6.1,0,5,9.3,0.8000000000000007,6.599999999999994,0,0,0,36.0,0.49999999999999994,-0.8660254037844387,10.8664,0.3034
REC_03386,Bengaluru,Karnataka,12.9716,77.5946,plateau_temperate,2024-04-29,2024-05-06,7,2.4,21.0,36.7,30.9,61.4,60.6,1004.9,11.3,8.9,0,5,18.6,5.800000000000004,0.7999999999999972,0,1,1,49.0,0.49999999999999994,-0.8660254037844387,1.4735999999999998,0.2966
REC_03239,Visakhapatnam,Andhra Pradesh,17.6868,83.2185,coastal_cyclonic,2024-04-29,2024-05-07,8,35.5,128.4,24.0,20.2,86.1,90.5,1007.8,48.2,12.7,0,5,92.9,3.8000000000000007,4.400000000000006,1,1,1,64.0,0.49999999999999994,-0.8660254037844387,30.565499999999997,0.3898
REC_00821,Visakhapatnam,Andhra Pradesh,17.6868,83.2185,coastal_cyclonic,2024-04-29,2024-05-08,9,46.0,72.4,26.0,27.0,80.8,64.3,1000.7,42.3,3.6,0,5,26.400000000000006,1.0,16.5,1,0,1,81.0,0.49999999999999994,-0.8660254037844387,37.168,0.3911
REC_01016,Bengaluru,Karnataka,12.9716,77.5946,plateau_temperate,2024-04-30,2024-05-07,7,1.2,0.0,37.0,32.7,65.6,53.9,1007.5,14.6,13.5,0,5,1.2,4.299999999999997,11.699999999999996,0,1,1,49.0,0.49999999999999994,-0.8660254037844387,0.7871999999999999,0.2982
REC_01291,Hyderabad,Telangana,17.385,78.4867,semi_arid,2024-04-30,2024-05-05,5,0.7,16.8,30.3,31.6,51.4,68.7,1003.1,0.0,12.0,0,5,16.1,1.3000000000000007,17.300000000000004,0,0,0,25.0,0.49999999999999994,-0.8660254037844387,0.35979999999999995,0.3028
REC_02295,Bengaluru,Karnataka,12.9716,77.5946,plateau_temperate,2024-04-30,2024-05-04,4,5.6,13.1,32.7,33.1,62.2,63.8,1008.3,0.0,6.8,0,5,7.5,0.3999999999999986,1.5999999999999943,0,0,0,16.0,0.49999999999999994,-0.8660254037844387,3.4832,0.2998
REC_01475,Delhi,NCR,28.6139,77.209,continental_subtropical,2024-04-30,2024-05-04,4,0.6,16.1,35.5,34.2,67.8,71.3,1005.7,4.6,4.0,0,5,15.500000000000002,1.2999999999999972,3.5,0,0,0,16.0,0.49999999999999994,-0.8660254037844387,0.4068,0.2397
REC_00768,Hyderabad,Telangana,17.385,78.4867,semi_arid,2024-05-01,2024-05-03,2,3.7,6.5,33.7,35.4,47.0,44.5,1014.5,0.0,3.9,0,5,2.8,1.6999999999999957,2.5,0,0,0,4.0,0.49999999999999994,-0.8660254037844387,1.739,0.3021
REC_01148,Hyderabad,Telangana,17.385,78.4867,semi_arid,2024-05-01,2024-05-03,2,8.8,12.1,31.0,29.9,66.3,65.7,1015.4,9.1,0.3,0,5,3.299999999999999,1.1000000000000014,0.5999999999999943,0,0,0,4.0,0.49999999999999994,-0.8660254037844387,5.8344000000000005,0.3015
REC_02396,Visakhapatnam,Andhra Pradesh,17.6868,83.2185,coastal_cyclonic,2024-05-01,2024-05-06,5,14.0,32.1,26.3,24.1,72.2,82.8,1013.3,21.4,7.4,0,5,18.1,2.1999999999999993,10.599999999999994,0,0,0,25.0,0.49999999999999994,-0.8660254037844387,10.108,0.3925
REC_01117,Delhi,NCR,28.6139,77.209,continental_subtropical,2024-05-02,2024-05-04,2,9.7,8.1,34.7,35.4,52.1,52.4,1008.9,8.6,1.1,0,5,1.5999999999999996,0.6999999999999957,0.29999999999999716,0,0,0,4.0,0.49999999999999994,-0.8660254037844387,5.0537,0.2391
REC_01676,Visakhapatnam,Andhra Pradesh,17.6868,83.2185,coastal_cyclonic,2024-05-02,2024-05-08,6,26.1,0.0,29.0,32.1,70.2,73.2,1011.3,30.6,4.5,0,5,26.1,3.1000000000000014,3.0,1,0,1,36.0,0.49999999999999994,-0.8660254037844387,18.322200000000002,0.3916
REC_02747,Delhi,NCR,28.6139,77.209,continental_subtropical,2024-05-02,2024-05-10,8,4.9,21.2,31.8,31.3,54.5,53.5,1006.4,14.7,9.8,0,5,16.299999999999997,0.5,1.0,0,0,0,64.0,0.49999999999999994,-0.8660254037844387,2.6705,0.2386
REC_00679,Bengaluru,Karnataka,12.9716,77.5946,plateau_temperate,2024-05-03,2024-05-12,9,3.4,34.8,33.8,32.0,65.9,73.5,1011.3,0.0,17.0,0,5,31.4,1.7999999999999972,7.599999999999994,1,0,1,81.0,0.49999999999999994,-0.8660254037844387,2.2406,0.2991
REC_02321,Mumbai,Maharashtra,19.076,72.8777,coastal_heavy_monsoon,2024-05-03,2024-05-10,7,17.9,0.0,28.3,29.5,86.5,94.2,1010.0,32.8,14.9,0,5,17.9,1.1999999999999993,7.700000000000003,0,0,0,49.0,0.49999999999999994,-0.8660254037844387,15.4835,0.375
REC_03472,Hyderabad,Telangana,17.385,78.4867,semi_arid,2024-05-03,2024-05-12,9,0.7,0.0,29.3,28.5,52.3,50.7,1010.5,16.2,15.5,0,5,0.7,0.8000000000000007,1.5999999999999943,0,0,0,81.0,0.49999999999999994,-0.8660254037844387,0.3660999999999999,0.3008
REC_01409,Delhi,NCR,28.6139,77.209,continental_subtropical,2024-05-03,2024-05-09,6,0.8,25.1,36.3,33.5,35.2,23.2,1006.2,0.0,1.9,0,5,24.3,2.799999999999997,12.000000000000004,0,0,0,36.0,0.49999999999999994,-0.8660254037844387,0.2816,0.2381
REC_01204,Delhi,NCR,28.6139,77.209,continental_subtropical,2024-05-03,2024-05-04,1,1.1,9.0,33.0,33.7,49.2,51.8,1009.5,1.7,0.6,0,5,7.9,0.7000000000000028,2.5999999999999943,0,0,0,1.0,0.49999999999999994,-0.8660254037844387,0.5412,0.2376
REC_01797,Krishna District,Andhra Pradesh,16.5062,80.648,coastal_humid,2024-05-03,2024-05-09,6,110.5,192.2,23.7,22.8,83.4,89.7,1003.9,102.4,8.2,0,5,81.69999999999999,0.8999999999999986,6.299999999999997,1,0,1,36.0,0.49999999999999994,-0.8660254037844387,92.15700000000001,0.385
REC_03173,Delhi,NCR,28.6139,77.209,continental_subtropical,2024-05-04,2024-05-09,5,9.3,0.0,36.8,33.8,54.9,61.4,1004.3,8.6,0.7,0,5,9.3,3.0,6.5,0,0,0,25.0,0.49999999999999994,-0.8660254037844387,5.105700000000001,0.2371
REC_01825,Krishna District,Andhra Pradesh,16.5062,80.648,coastal_humid,2024-05-04,2024-05-14,10,36.7,0.0,29.0,33.7,93.7,100.0,1005.7,39.1,2.4,0,5,36.7,4.700000000000003,6.299999999999997,1,1,1,100.0,0.49999999999999994,-0.8660254037844387,34.3879,0.3863
REC_02272,Hyderabad,Telangana,17.385,78.4867,semi_arid,2024-05-04,2024-05-14,10,3.7,0.0,33.4,41.3,67.7,75.0,1009.3,5.7,2.0,0,5,3.7,7.899999999999999,7.299999999999997,0,1,1,100.0,0.49999999999999994,-0.8660254037844387,2.5049,0.3002
REC_03379,Hyderabad,Telangana,17.385,78.4867,semi_arid,2024-05-05,2024-05-06,1,1.5,7.4,33.7,33.7,60.1,56.9,1005.5,2.3,0.8,0,5,5.9,0.0,3.200000000000003,0,0,0,1.0,0.49999999999999994,-0.8660254037844387,0.9015000000000001,0.3017
REC_02157,Delhi,NCR,28.6139,77.209,continental_subtropical,2024-05-05,2024-05-11,6,2.3,72.7,31.6,31.9,57.1,63.8,1000.6,0.2,2.1,0,5,70.4,0.29999999999999716,6.699999999999996,1,0,1,36.0,0.49999999999999994,-0.8660254037844387,1.3133,0.2366
REC_01547,Krishna District,Andhra Pradesh,16.5062,80.648,coastal_humid,2024-05-05,2024-05-13,8,11.1,92.5,26.9,26.4,94.1,91.7,1002.1,7.0,4.2,0,5,81.4,0.5,2.3999999999999915,1,0,1,64.0,0.49999999999999994,-0.8660254037844387,10.4451,0.3877
REC_00025,Delhi,NCR,28.6139,77.209,continental_subtropical,2024-05-05,2024-05-14,9,9.9,0.0,31.6,29.8,61.2,70.3,1012.2,14.7,4.8,0,5,9.9,1.8000000000000007,9.099999999999994,0,0,0,81.0,0.49999999999999994,-0.8660254037844387,6.0588,0.2382
REC_01586,Bengaluru,Karnataka,12.9716,77.5946,plateau_temperate,2024-05-05,2024-05-15,10,0.7,18.8,37.5,28.7,61.1,62.5,1010.8,3.9,3.2,0,5,18.1,8.8,1.3999999999999986,0,1,1,100.0,0.49999999999999994,-0.8660254037844387,0.42769999999999997,0.3007
REC_01971,Bengaluru,Karnataka,12.9716,77.5946,plateau_temperate,2024-05-06,2024-05-14,8,2.7,79.5,35.2,34.7,54.2,40.0,1015.8,3.3,0.5,0,5,76.8,0.5,14.200000000000003,1,0,1,64.0,0.49999999999999994,-0.8660254037844387,1.4634,0.3022
REC_01979,Delhi,NCR,28.6139,77.209,continental_subtropical,2024-05-06,2024-05-12,6,0.6,0.0,36.6,37.1,64.0,52.2,1004.0,0.0,14.8,0,5,0.6,0.5,11.799999999999997,0,0,0,36.0,0.49999999999999994,-0.8660254037844387,0.384,0.2377
REC_01595,Krishna District,Andhra Pradesh,16.5062,80.648,coastal_humid,2024-05-06,2024-05-13,7,4.2,29.6,28.4,31.2,80.5,83.7,1004.6,0.0,14.4,0,5,25.400000000000002,2.8000000000000007,3.200000000000003,1,0,1,49.0,0.49999999999999994,-0.8660254037844387,3.3810000000000002,0.389
REC_01227,Bengaluru,Karnataka,12.9716,77.5946,plateau_temperate,2024-05-07,2024-05-15,8,1.2,0.0,32.4,29.4,57.7,71.9,1017.1,10.0,8.8,0,5,1.2,3.0,14.200000000000003,0,0,0,64.0,0.49999999999999994,-0.8660254037844387,0.6923999999999999,0.3038
REC_02413,Delhi,NCR,28.6139,77.209,continental_subtropical,2024-05-07,2024-05-14,7,0.3,0.0,32.8,30.9,54.8,63.8,1010.7,18.0,17.7,0,5,0.3,1.8999999999999986,9.0,0,0,0,49.0,0.49999999999999994,-0.8660254037844387,0.1644,0.2372
REC_01201,Krishna District,Andhra Pradesh,16.5062,80.648,coastal_humid,2024-05-07,2024-05-09,2,26.6,27.4,31.5,31.3,80.4,73.1,1009.2,26.2,0.4,0,5,0.7999999999999972,0.1999999999999993,7.300000000000011,0,0,0,4.0,0.49999999999999994,-0.8660254037844387,21.386400000000002,0.3904
REC_02779,Bengaluru,Karnataka,12.9716,77.5946,plateau_temperate,2024-05-07,2024-05-12,5,3.9,0.0,25.2,27.5,64.0,65.0,1010.2,12.5,8.5,0,5,3.9,2.3000000000000007,1.0,0,0,0,25.0,0.49999999999999994,-0.8660254037844387,2.496,0.3031
REC_02443,Hyderabad,Telangana,17.385,78.4867,semi_arid,2024-05-08,2024-05-10,2,2.8,2.6,33.7,35.0,53.3,55.4,1007.4,2.1,0.7,0,5,0.19999999999999973,1.2999999999999972,2.1000000000000014,0,0,0,4.0,0.49999999999999994,-0.8660254037844387,1.4923999999999997,0.3011
REC_00114,Krishna District,Andhra Pradesh,16.5062,80.648,coastal_humid,2024-05-08,2024-05-11,3,29.2,56.4,24.6,25.8,89.7,92.5,1006.6,27.2,2.0,0,5,27.2,1.1999999999999993,2.799999999999997,1,0,1,9.0,0.49999999999999994,-0.8660254037844387,26.192400000000003,0.3895
REC_01113,Hyderabad,Telangana,17.385,78.4867,semi_arid,2024-05-08,2024-05-12,4,8.3,23.1,32.1,32.5,68.5,59.2,1015.1,5.2,3.1,0,5,14.8,0.3999999999999986,9.299999999999997,0,0,0,16.0,0.49999999999999994,-0.8660254037844387,5.685500000000001,0.3004
REC_02299,Krishna District,Andhra Pradesh,16.5062,80.648,coastal_humid,2024-05-08,2024-05-12,4,17.0,24.0,25.9,27.6,87.1,91.7,1010.2,22.1,5.1,0,5,7.0,1.7000000000000028,4.6000000000000085,0,0,0,16.0,0.49999999999999994,-0.8660254037844387,14.806999999999999,0.3908
REC_01292,Krishna District,Andhra Pradesh,16.5062,80.648,coastal_humid,2024-05-08,2024-05-13,5,95.8,248.8,30.3,29.4,77.3,68.1,1002.5,90.8,5.0,0,5,153.0,0.9000000000000021,9.200000000000003,1,0,1,25.0,0.49999999999999994,-0.8660254037844387,74.0534,0.39
REC_02061,Bengaluru,Karnataka,12.9716,77.5946,plateau_temperate,2024-05-08,2024-05-14,6,2.8,0.0,28.4,25.9,61.7,51.5,1006.7,0.1,2.8,0,5,2.8,2.5,10.200000000000003,0,0,0,36.0,0.49999999999999994,-0.8660254037844387,1.7275999999999998,0.3024
REC_00225,Visakhapatnam,Andhra Pradesh,17.6868,83.2185,coastal_cyclonic,2024-05-08,2024-05-16,8,3.4,0.0,28.8,26.6,90.1,100.0,1010.6,0.0,32.1,0,5,3.4,2.1999999999999993,9.900000000000006,0,0,0,64.0,0.49999999999999994,-0.8660254037844387,3.0633999999999997,0.3929
REC_02012,Mumbai,Maharashtra,19.076,72.8777,coastal_heavy_monsoon,2024-05-09,2024-05-10,1,81.6,113.0,25.1,25.8,77.9,76.1,1011.7,80.5,1.2,0,5,31.400000000000006,0.6999999999999993,1.8000000000000114,1,0,1,1.0,0.49999999999999994,-0.8660254037844387,63.5664,0.3741
REC_00228,Bengaluru,Karnataka,12.9716,77.5946,plateau_temperate,2024-05-09,2024-05-13,4,2.1,0.0,34.8,33.7,50.0,49.8,1008.8,5.7,3.6,0,5,2.1,1.0999999999999943,0.20000000000000284,0,0,0,16.0,0.49999999999999994,-0.8660254037844387,1.05,0.3018
REC_00532,Bengaluru,Karnataka,12.9716,77.5946,plateau_temperate,2024-05-09,2024-05-17,8,7.2,16.7,24.9,20.0,60.0,29.4,1014.6,2.7,4.6,0,5,9.5,4.899999999999999,30.6,0,1,1,64.0,0.49999999999999994,-0.8660254037844387,4.32,0.3011
REC_02344,Hyderabad,Telangana,17.385,78.4867,semi_arid,2024-05-10,2024-05-17,7,0.4,2.8,30.8,28.8,49.3,49.4,1005.5,0.0,10.6,0,5,2.4,2.0,0.10000000000000142,0,0,0,49.0,0.49999999999999994,-0.8660254037844387,0.1972,0.2998
REC_02081,Delhi,NCR,28.6139,77.209,continental_subtropical,2024-05-10,2024-05-12,2,5.6,12.7,30.0,29.6,57.2,56.0,1009.4,5.7,0.2,0,5,7.1,0.3999999999999986,1.2000000000000028,0,0,0,4.0,0.49999999999999994,-0.8660254037844387,3.2032,0.2367
REC_01273,Mumbai,Maharashtra,19.076,72.8777,coastal_heavy_monsoon,2024-05-10,2024-05-14,4,8.5,0.0,25.5,28.3,79.6,74.4,1010.5,6.8,1.7,0,5,8.5,2.8000000000000007,5.199999999999989,0,0,0,16.0,0.49999999999999994,-0.8660254037844387,6.765999999999999,0.3756
REC_02145,Bengaluru,Karnataka,12.9716,77.5946,plateau_temperate,2024-05-11,2024-05-13,2,9.4,0.5,29.7,28.4,45.2,38.6,1010.1,10.5,1.0,0,5,8.9,1.3000000000000007,6.600000000000001,0,0,0,4.0,0.49999999999999994,-0.8660254037844387,4.2488,0.3026
REC_00865,Hyderabad,Telangana,17.385,78.4867,semi_arid,2024-05-11,2024-05-14,3,4.9,0.0,28.9,26.6,42.5,39.9,1009.0,7.2,2.3,0,5,4.9,2.299999999999997,2.6000000000000014,0,0,0,9.0,0.49999999999999994,-0.8660254037844387,2.0825000000000005,0.2992
REC_00921,Bengaluru,Karnataka,12.9716,77.5946,plateau_temperate,2024-05-11,2024-05-14,3,4.6,0.0,35.4,34.8,62.4,58.1,1005.6,8.3,3.7,0,5,4.6,0.6000000000000014,4.299999999999997,0,0,0,9.0,0.49999999999999994,-0.8660254037844387,2.8703999999999996,0.302
REC_01187,Visakhapatnam,Andhra Pradesh,17.6868,83.2185,coastal_cyclonic,2024-05-11,2024-05-17,6,5.6,12.6,29.4,27.7,86.2,73.9,1012.2,3.2,2.4,0,5,7.0,1.6999999999999993,12.299999999999997,0,0,0,36.0,0.49999999999999994,-0.8660254037844387,4.8271999999999995,0.3921
REC_03184,Bengaluru,Karnataka,12.9716,77.5946,plateau_temperate,2024-05-11,2024-05-18,7,1.6,10.4,35.0,35.5,50.1,59.8,1009.6,0.0,10.4,0,5,8.8,0.5,9.699999999999996,0,0,0,49.0,0.49999999999999994,-0.8660254037844387,0.8016000000000001,0.3013
REC_02009,Bengaluru,Karnataka,12.9716,77.5946,plateau_temperate,2024-05-11,2024-05-19,8,4.8,14.2,35.5,35.7,47.2,44.3,1006.0,0.0,13.4,0,5,9.399999999999999,0.20000000000000284,2.9000000000000057,0,0,0,64.0,0.49999999999999994,-0.8660254037844387,2.2656,0.3007
REC_01356,Hyderabad,Telangana,17.385,78.4867,semi_arid,2024-05-11,2024-05-21,10,4.5,0.0,36.4,38.2,48.2,46.6,1003.3,1.5,2.9,0,5,4.5,1.8000000000000043,1.6000000000000014,0,0,0,100.0,0.49999999999999994,-0.8660254037844387,2.169,0.2985
REC_02516,Krishna District,Andhra Pradesh,16.5062,80.648,coastal_humid,2024-05-12,2024-05-16,4,60.1,62.0,25.8,26.5,90.1,89.3,1009.6,57.8,2.3,0,5,1.8999999999999986,0.6999999999999993,0.7999999999999972,0,0,0,16.0,0.49999999999999994,-0.8660254037844387,54.1501,0.3913
REC_02314,Bengaluru,Karnataka,12.9716,77.5946,plateau_temperate,2024-05-12,2024-05-13,1,4.3,3.3,29.9,30.8,61.3,60.1,1010.3,4.2,0.1,0,5,1.0,0.9000000000000021,1.1999999999999957,0,0,0,1.0,0.49999999999999994,-0.8660254037844387,2.6359,0.3
REC_02974,Mumbai,Maharashtra,19.076,72.8777,coastal_heavy_monsoon,2024-05-12,2024-05-15,3,59.8,18.9,21.5,20.4,89.0,85.2,1011.0,57.0,2.8,0,5,40.9,1.1000000000000014,3.799999999999997,1,0,1,9.0,0.49999999999999994,-0.8660254037844387,53.222,0.3747
REC_01906,Krishna District,Andhra Pradesh,16.5062,80.648,coastal_humid,2024-05-12,2024-05-22,10,46.4,27.9,32.0,36.0,82.1,64.8,1000.4,0.0,50.1,0,5,18.5,4.0,17.299999999999997,0,1,1,100.0,0.49999999999999994,-0.8660254037844387,38.09439999999999,0.3905
REC_01949,Krishna District,Andhra Pradesh,16.5062,80.648,coastal_humid,2024-05-13,2024-05-16,3,17.6,22.3,25.6,27.2,85.7,87.3,1006.1,18.5,0.8,0,5,4.699999999999999,1.5999999999999979,1.5999999999999943,0,0,0,9.0,0.49999999999999994,-0.8660254037844387,15.083200000000001,0.3918
REC_02947,Bengaluru,Karnataka,12.9716,77.5946,plateau_temperate,2024-05-13,2024-05-21,8,1.2,0.0,30.9,32.6,47.4,37.3,1012.1,0.0,13.7,0,5,1.2,1.7000000000000028,10.100000000000001,0,0,0,64.0,0.49999999999999994,-0.8660254037844387,0.5688,0.2993
REC_01745,Mumbai,Maharashtra,19.076,72.8777,coastal_heavy_monsoon,2024-05-13,2024-05-22,9,34.2,0.0,30.3,32.9,77.5,79.5,999.6,8.5,25.8,0,5,34.2,2.599999999999998,2.0,1,0,1,81.0,0.49999999999999994,-0.8660254037844387,26.505,0.3762
REC_01978,Hyderabad,Telangana,17.385,78.4867,semi_arid,2024-05-13,2024-05-20,7,4.8,0.0,31.0,29.4,56.1,47.0,1014.1,0.0,8.8,0,5,4.8,1.6000000000000014,9.100000000000001,0,0,0,49.0,0.49999999999999994,-0.8660254037844387,2.6927999999999996,0.2979
REC_00501,Bengaluru,Karnataka,12.9716,77.5946,plateau_temperate,2024-05-13,2024-05-16,3,9.8,29.2,31.3,31.8,31.8,28.8,1010.8,10.6,0.8,0,5,19.4,0.5,3.0,0,0,0,9.0,0.49999999999999994,-0.8660254037844387,3.1164000000000005,0.2987
REC_02416,Krishna District,Andhra Pradesh,16.5062,80.648,coastal_humid,2024-05-13,2024-05-17,4,21.3,13.3,24.8,24.7,74.2,81.4,1010.5,28.2,6.8,0,5,8.0,0.10000000000000142,7.200000000000003,0,0,0,16.0,0.49999999999999994,-0.8660254037844387,15.8046,0.3909
REC_03200,Krishna District,Andhra Pradesh,16.5062,80.648,coastal_humid,2024-05-13,2024-05-16,3,64.6,2.2,29.8,29.7,79.5,74.2,1002.1,61.4,3.2,0,5,62.39999999999999,0.10000000000000142,5.299999999999997,1,0,1,9.0,0.49999999999999994,-0.8660254037844387,51.357,0.3901
REC_00650,Mumbai,Maharashtra,19.076,72.8777,coastal_heavy_monsoon,2024-05-13,2024-05-18,5,72.3,130.3,28.9,28.6,75.3,71.9,1003.5,67.7,4.6,0,5,58.000000000000014,0.29999999999999716,3.3999999999999915,1,0,1,25.0,0.49999999999999994,-0.8660254037844387,54.4419,0.3776
REC_02776,Bengaluru,Karnataka,12.9716,77.5946,plateau_temperate,2024-05-14,2024-05-15,1,1.3,3.2,39.0,38.8,58.8,60.5,1002.7,1.4,0.1,0,5,1.9000000000000001,0.20000000000000284,1.7000000000000028,0,0,0,1.0,0.49999999999999994,-0.8660254037844387,0.7644,0.2981
REC_00767,Visakhapatnam,Andhra Pradesh,17.6868,83.2185,coastal_cyclonic,2024-05-14,2024-05-18,4,24.3,32.3,27.7,25.5,82.0,85.1,1003.3,23.6,0.7,0,5,7.9999999999999964,2.1999999999999993,3.0999999999999943,0,0,0,16.0,0.49999999999999994,-0.8660254037844387,19.926000000000002,0.3912
REC_02942,Hyderabad,Telangana,17.385,78.4867,semi_arid,2024-05-14,2024-05-18,4,3.1,0.0,35.4,35.4,53.1,50.4,1011.9,0.0,4.1,0,5,3.1,0.0,2.700000000000003,0,0,0,16.0,0.49999999999999994,-0.8660254037844387,1.6461000000000001,0.2973
REC_00206,Krishna District,Andhra Pradesh,16.5062,80.648,coastal_humid,2024-05-14,2024-05-19,5,25.1,0.0,28.2,27.2,83.5,75.9,1013.5,29.3,4.2,0,5,25.1,1.0,7.599999999999994,1,0,1,25.0,0.49999999999999994,-0.8660254037844387,20.9585,0.3914
REC_00723,Hyderabad,Telangana,17.385,78.4867,semi_arid,2024-05-14,2024-05-21,7,8.1,44.3,35.9,37.5,61.6,58.3,1006.8,22.8,14.7,0,5,36.199999999999996,1.6000000000000014,3.3000000000000043,1,0,1,49.0,0.49999999999999994,-0.8660254037844387,4.989599999999999,0.2967
REC_01598,Mumbai,Maharashtra,19.076,72.8777,coastal_heavy_monsoon,2024-05-14,2024-05-22,8,77.9,0.0,28.0,28.3,90.6,84.3,1008.5,90.9,13.0,0,5,77.9,0.3000000000000007,6.299999999999997,1,0,1,64.0,0.49999999999999994,-0.8660254037844387,70.5774,0.3791
REC_02094,Delhi,NCR,28.6139,77.209,continental_subtropical,2024-05-14,2024-05-23,9,4.2,14.7,30.4,27.2,44.9,48.3,1005.3,17.2,13.1,0,5,10.5,3.1999999999999993,3.3999999999999986,0,0,0,81.0,0.49999999999999994,-0.8660254037844387,1.8858000000000001,0.2362
REC_02757,Krishna District,Andhra Pradesh,16.5062,80.648,coastal_humid,2024-05-15,2024-05-19,4,14.3,50.3,26.2,26.9,78.9,73.9,1000.9,13.0,1.3,0,5,36.0,0.6999999999999993,5.0,1,0,1,16.0,0.49999999999999994,-0.8660254037844387,11.282700000000002,0.3927
REC_01685,Delhi,NCR,28.6139,77.209,continental_subtropical,2024-05-16,2024-05-17,1,3.4,3.9,39.2,39.5,53.2,58.6,1014.3,3.0,0.4,0,5,0.5,0.29999999999999716,5.399999999999999,0,0,0,1.0,0.49999999999999994,-0.8660254037844387,1.8088,0.2357
REC_00952,Hyderabad,Telangana,17.385,78.4867,semi_arid,2024-05-16,2024-05-23,7,0.6,3.0,36.6,37.7,55.4,69.6,1000.7,0.0,13.9,0,5,2.4,1.1000000000000014,14.199999999999996,0,0,0,49.0,0.49999999999999994,-0.8660254037844387,0.3324,0.2981
REC_01841,Delhi,NCR,28.6139,77.209,continental_subtropical,2024-05-17,2024-05-25,8,0.6,0.0,37.6,41.0,59.6,56.6,1005.3,4.4,3.7,0,5,0.6,3.3999999999999986,3.0,0,0,0,64.0,0.49999999999999994,-0.8660254037844387,0.3576,0.2352
REC_03299,Krishna District,Andhra Pradesh,16.5062,80.648,coastal_humid,2024-05-17,2024-05-25,8,19.2,0.0,30.0,33.2,94.0,100.0,1005.4,21.1,2.0,0,5,19.2,3.200000000000003,6.0,0,0,0,64.0,0.49999999999999994,-0.8660254037844387,18.048,0.394
REC_01773,Delhi,NCR,28.6139,77.209,continental_subtropical,2024-05-17,2024-05-27,10,4.6,4.9,33.1,39.9,56.3,44.9,1007.6,20.2,15.6,0,5,0.3000000000000007,6.799999999999997,11.399999999999999,0,1,1,100.0,0.49999999999999994,-0.8660254037844387,2.5897999999999994,0.2347
REC_03076,Hyderabad,Telangana,17.385,78.4867,semi_arid,2024-05-18,2024-05-22,4,12.0,0.0,35.6,35.8,40.8,41.9,1005.9,10.6,1.4,0,5,12.0,0.19999999999999574,1.1000000000000014,0,0,0,16.0,0.49999999999999994,-0.8660254037844387,4.896,0.2975
REC_01472,Krishna District,Andhra Pradesh,16.5062,80.648,coastal_humid,2024-05-18,2024-05-23,5,43.2,98.2,34.9,37.1,93.8,94.5,1006.6,35.5,7.7,0,5,55.0,2.200000000000003,0.7000000000000028,1,0,1,25.0,0.49999999999999994,-0.8660254037844387,40.52160000000001,0.3932
REC_00995,Bengaluru,Karnataka,12.9716,77.5946,plateau_temperate,2024-05-18,2024-05-24,6,2.3,0.0,32.3,32.3,56.2,57.1,1008.0,14.5,12.2,0,5,2.3,0.0,0.8999999999999986,0,0,0,36.0,0.49999999999999994,-0.8660254037844387,1.2926,0.2974
REC_01496,Bengaluru,Karnataka,12.9716,77.5946,plateau_temperate,2024-05-18,2024-05-24,6,4.3,0.0,28.3,29.4,51.0,37.6,1003.9,9.5,5.2,0,5,4.3,1.0999999999999979,13.399999999999999,0,0,0,36.0,0.49999999999999994,-0.8660254037844387,2.1929999999999996,0.2968
REC_01239,Delhi,NCR,28.6139,77.209,continental_subtropical,2024-05-18,2024-05-28,10,1.1,47.4,37.0,36.0,74.7,69.0,1013.8,9.0,7.8,0,5,46.3,1.0,5.700000000000003,1,0,1,100.0,0.49999999999999994,-0.8660254037844387,0.8217000000000002,0.2363
REC_01560,Hyderabad,Telangana,17.385,78.4867,semi_arid,2024-05-18,2024-05-28,10,0.3,12.5,30.7,36.5,57.6,68.3,1014.7,21.2,20.9,0,5,12.2,5.800000000000001,10.699999999999996,0,1,1,100.0,0.49999999999999994,-0.8660254037844387,0.1728,0.2969
REC_01992,Visakhapatnam,Andhra Pradesh,17.6868,83.2185,coastal_cyclonic,2024-05-19,2024-05-22,3,18.9,38.8,28.1,27.7,85.9,89.2,1002.1,23.4,4.5,0,5,19.9,0.40000000000000213,3.299999999999997,0,0,0,9.0,0.49999999999999994,-0.8660254037844387,16.2351,0.3904
REC_00007,Delhi,NCR,28.6139,77.209,continental_subtropical,2024-05-19,2024-05-28,9,0.0,0.0,34.7,32.5,62.1,42.8,1011.6,0.0,10.5,0,5,0.0,2.200000000000003,19.300000000000004,0,0,0,81.0,0.49999999999999994,-0.8660254037844387,0.0,0.2379
REC_00948,Bengaluru,Karnataka,12.9716,77.5946,plateau_temperate,2024-05-19,2024-05-26,7,8.6,57.7,32.1,35.1,48.9,56.9,1010.7,0.0,10.6,0,5,49.1,3.0,8.0,1,0,1,49.0,0.49999999999999994,-0.8660254037844387,4.2054,0.2961
REC_01259,Hyderabad,Telangana,17.385,78.4867,semi_arid,2024-05-19,2024-05-21,2,6.3,0.0,31.3,30.1,62.3,58.6,1006.3,7.3,1.1,0,5,6.3,1.1999999999999993,3.6999999999999957,0,0,0,4.0,0.49999999999999994,-0.8660254037844387,3.9248999999999996,0.2984
REC_02330,Hyderabad,Telangana,17.385,78.4867,semi_arid,2024-05-19,2024-05-22,3,0.6,0.0,31.8,33.0,55.4,54.1,1009.9,0.0,1.3,0,5,0.6,1.1999999999999993,1.2999999999999972,0,0,0,9.0,0.49999999999999994,-0.8660254037844387,0.3324,0.2977
REC_00222,Mumbai,Maharashtra,19.076,72.8777,coastal_heavy_monsoon,2024-05-19,2024-05-24,5,11.6,3.9,26.4,26.4,87.9,85.5,1015.4,13.0,1.4,0,5,7.699999999999999,0.0,2.4000000000000057,0,0,0,25.0,0.49999999999999994,-0.8660254037844387,10.1964,0.3805
REC_00415,Hyderabad,Telangana,17.385,78.4867,semi_arid,2024-05-20,2024-05-25,5,5.7,0.5,32.1,32.1,38.1,36.6,1007.2,2.2,3.5,0,5,5.2,0.0,1.5,0,0,0,25.0,0.49999999999999994,-0.8660254037844387,2.1717,0.2971
REC_01629,Bengaluru,Karnataka,12.9716,77.5946,plateau_temperate,2024-05-20,2024-05-27,7,1.3,0.0,38.9,37.4,69.0,68.4,1010.8,18.1,16.8,0,5,1.3,1.5,0.5999999999999943,0,0,0,49.0,0.49999999999999994,-0.8660254037844387,0.897,0.2976
REC_02966,Delhi,NCR,28.6139,77.209,continental_subtropical,2024-05-20,2024-05-27,7,3.7,0.0,35.6,37.8,52.9,53.5,1020.0,0.0,12.5,0,5,3.7,2.1999999999999957,0.6000000000000014,0,0,0,49.0,0.49999999999999994,-0.8660254037844387,1.9573000000000003,0.2374
REC_00473,Delhi,NCR,28.6139,77.209,continental_subtropical,2024-05-20,2024-05-29,9,3.4,52.9,34.7,38.4,52.1,56.4,1007.2,0.0,25.1,0,5,49.5,3.6999999999999957,4.299999999999997,1,1,1,81.0,0.49999999999999994,-0.8660254037844387,1.7713999999999999,0.2369
REC_01651,Delhi,NCR,28.6139,77.209,continental_subtropical,2024-05-20,2024-05-30,10,2.7,0.0,31.5,29.9,66.9,100.0,1004.7,5.2,2.5,0,5,2.7,1.6000000000000014,33.099999999999994,0,0,0,100.0,0.49999999999999994,-0.8660254037844387,1.8063000000000002,0.2385
REC_00321,Delhi,NCR,28.6139,77.209,continental_subtropical,2024-05-21,2024-05-23,2,1.1,7.4,29.6,27.2,44.1,37.9,1010.8,1.1,0.0,0,5,6.300000000000001,2.400000000000002,6.200000000000003,0,0,0,4.0,0.49999999999999994,-0.8660254037844387,0.48510000000000003,0.238
REC_01034,Krishna District,Andhra Pradesh,16.5062,80.648,coastal_humid,2024-05-21,2024-05-27,6,45.5,0.0,24.7,24.5,82.4,100.0,1015.9,58.3,12.8,0,5,45.5,0.1999999999999993,17.599999999999994,1,0,1,36.0,0.49999999999999994,-0.8660254037844387,37.492000000000004,0.3945
REC_03316,Delhi,NCR,28.6139,77.209,continental_subtropical,2024-05-21,2024-05-28,7,2.2,0.0,33.8,31.7,69.8,61.8,1009.1,4.0,1.8,0,5,2.2,2.099999999999998,8.0,0,0,0,49.0,0.49999999999999994,-0.8660254037844387,1.5356,0.2375
REC_02055,Visakhapatnam,Andhra Pradesh,17.6868,83.2185,coastal_cyclonic,2024-05-21,2024-05-29,8,12.2,42.4,32.0,32.4,73.1,71.5,1008.3,12.8,0.5,0,5,30.2,0.3999999999999986,1.5999999999999943,1,0,1,64.0,0.49999999999999994,-0.8660254037844387,8.918199999999999,0.3895
REC_01876,Krishna District,Andhra Pradesh,16.5062,80.648,coastal_humid,2024-05-21,2024-05-30,9,21.5,0.0,31.3,28.9,81.8,89.1,1004.8,5.2,16.3,0,5,21.5,2.400000000000002,7.299999999999997,1,0,1,81.0,0.49999999999999994,-0.8660254037844387,17.587,0.3957
REC_03103,Visakhapatnam,Andhra Pradesh,17.6868,83.2185,coastal_cyclonic,2024-05-22,2024-05-30,8,38.0,153.3,23.5,23.5,87.1,100.0,1008.8,42.2,4.3,0,5,115.30000000000001,0.0,12.900000000000006,1,0,1,64.0,0.49999999999999994,-0.8660254037844387,33.098,0.3908
REC_00642,Delhi,NCR,28.6139,77.209,continental_subtropical,2024-05-22,2024-05-30,8,2.1,0.0,38.3,32.6,61.5,57.6,1004.6,7.2,5.1,0,5,2.1,5.699999999999996,3.8999999999999986,0,1,1,64.0,0.49999999999999994,-0.8660254037844387,1.2915,0.237
REC_02069,Mumbai,Maharashtra,19.076,72.8777,coastal_heavy_monsoon,2024-05-22,2024-05-24,2,13.1,20.7,22.4,23.0,84.8,77.5,1006.0,12.4,0.7,0,5,7.6,0.6000000000000014,7.299999999999997,0,0,0,4.0,0.49999999999999994,-0.8660254037844387,11.108799999999999,0.3796
REC_01300,Delhi,NCR,28.6139,77.209,continental_subtropical,2024-05-22,2024-05-28,6,0.5,0.0,39.8,38.6,41.1,28.2,1006.4,0.2,0.3,0,5,0.5,1.1999999999999957,12.900000000000002,0,0,0,36.0,0.49999999999999994,-0.8660254037844387,0.20550000000000002,0.2386
REC_01895,Bengaluru,Karnataka,12.9716,77.5946,plateau_temperate,2024-05-22,2024-05-28,6,2.9,0.0,36.8,38.8,46.8,30.4,1009.2,0.0,9.2,0,5,2.9,2.0,16.4,0,0,0,36.0,0.49999999999999994,-0.8660254037844387,1.3572,0.297
REC_00861,Delhi,NCR,28.6139,77.209,continental_subtropical,2024-05-23,2024-05-28,5,3.7,1.4,29.6,32.2,64.3,55.0,1007.7,0.0,5.2,0,5,2.3000000000000003,2.6000000000000014,9.299999999999997,0,0,0,25.0,0.49999999999999994,-0.8660254037844387,2.3790999999999998,0.2381
REC_01928,Delhi,NCR,28.6139,77.209,continental_subtropical,2024-05-23,2024-05-30,7,2.8,23.5,29.3,24.2,57.4,53.9,1004.9,19.8,17.0,0,5,20.7,5.100000000000001,3.5,0,1,1,49.0,0.49999999999999994,-0.8660254037844387,1.6072,0.2376
REC_01442,Delhi,NCR,28.6139,77.209,continental_subtropical,2024-05-24,2024-05-25,1,0.0,0.1,30.7,31.0,60.7,57.5,1011.1,0.0,1.5,0,5,0.1,0.3000000000000007,3.200000000000003,0,0,0,1.0,0.49999999999999994,-0.8660254037844387,0.0,0.2392
REC_02456,Krishna District,Andhra Pradesh,16.5062,80.648,coastal_humid,2024-05-24,2024-05-25,1,7.6,14.9,24.7,24.5,90.2,85.3,1012.8,6.4,1.3,0,5,7.300000000000001,0.1999999999999993,4.900000000000006,0,0,0,1.0,0.49999999999999994,-0.8660254037844387,6.8552,0.397
REC_02226,Hyderabad,Telangana,17.385,78.4867,semi_arid,2024-05-24,2024-05-27,3,2.7,12.5,31.7,32.3,68.8,65.1,1013.7,5.9,3.2,0,5,9.8,0.5999999999999979,3.700000000000003,0,0,0,9.0,0.49999999999999994,-0.8660254037844387,1.8576,0.2965
REC_01597,Bengaluru,Karnataka,12.9716,77.5946,plateau_temperate,2024-05-24,2024-06-01,8,18.4,61.6,27.7,28.2,67.4,75.5,1009.0,26.8,8.5,1,6,43.2,0.5,8.099999999999994,1,0,1,64.0,1.2246467991473532e-16,-1.0,12.4016,0.2964
REC_02008,Krishna District,Andhra Pradesh,16.5062,80.648,coastal_humid,2024-05-24,2024-06-03,10,37.0,0.0,23.5,26.6,83.1,70.9,1005.4,4.4,32.6,1,6,37.0,3.1000000000000014,12.199999999999989,1,0,1,100.0,1.2246467991473532e-16,-1.0,30.747,0.3962
REC_03335,Mumbai,Maharashtra,19.076,72.8777,coastal_heavy_monsoon,2024-05-25,2024-06-03,9,40.2,80.1,22.9,23.6,78.3,66.4,1011.8,5.4,34.9,1,6,39.89999999999999,0.7000000000000028,11.899999999999991,1,0,1,81.0,1.2246467991473532e-16,-1.0,31.476600000000005,0.3788
REC_01047,Visakhapatnam,Andhra Pradesh,17.6868,83.2185,coastal_cyclonic,2024-05-25,2024-06-03,9,34.2,29.9,29.7,24.1,71.2,76.2,1006.0,80.7,46.4,1,6,4.300000000000004,5.599999999999998,5.0,0,1,1,81.0,1.2246467991473532e-16,-1.0,24.350400000000004,0.3922
REC_00062,Krishna District,Andhra Pradesh,16.5062,80.648,coastal_humid,2024-05-25,2024-05-26,1,23.2,20.1,24.3,24.7,72.9,73.9,1013.5,21.9,1.3,0,5,3.099999999999998,0.3999999999999986,1.0,0,0,0,1.0,0.49999999999999994,-0.8660254037844387,16.9128,0.3975
REC_00756,Krishna District,Andhra Pradesh,16.5062,80.648,coastal_humid,2024-05-25,2024-05-28,3,16.1,32.8,27.3,25.0,73.8,79.9,1001.9,14.6,1.5,0,5,16.699999999999996,2.3000000000000007,6.1000000000000085,0,0,0,9.0,0.49999999999999994,-0.8660254037844387,11.8818,0.3966
REC_01968,Mumbai,Maharashtra,19.076,72.8777,coastal_heavy_monsoon,2024-05-25,2024-06-02,8,32.4,94.4,29.9,25.0,67.6,76.9,1003.5,8.5,23.9,1,6,62.00000000000001,4.899999999999999,9.300000000000011,1,1,1,64.0,1.2246467991473532e-16,-1.0,21.902399999999997,0.3802
REC_03123,Hyderabad,Telangana,17.385,78.4867,semi_arid,2024-05-26,2024-05-31,5,18.3,32.0,38.5,38.4,52.1,51.7,1006.0,10.4,7.9,0,5,13.7,0.10000000000000142,0.3999999999999986,0,0,0,25.0,0.49999999999999994,-0.8660254037844387,9.5343,0.2959
REC_00139,Krishna District,Andhra Pradesh,16.5062,80.648,coastal_humid,2024-05-26,2024-06-02,7,26.9,145.2,26.5,26.2,86.2,89.9,1011.4,0.0,27.6,1,6,118.29999999999998,0.3000000000000007,3.700000000000003,1,0,1,49.0,1.2246467991473532e-16,-1.0,23.187799999999996,0.3958
REC_00240,Krishna District,Andhra Pradesh,16.5062,80.648,coastal_humid,2024-05-26,2024-06-04,9,5.1,0.0,33.4,38.1,73.2,91.0,1007.1,14.8,9.6,1,6,5.1,4.700000000000003,17.799999999999997,0,1,1,81.0,1.2246467991473532e-16,-1.0,3.7332,0.3971
REC_01426,Krishna District,Andhra Pradesh,16.5062,80.648,coastal_humid,2024-05-27,2024-05-28,1,4.2,1.9,31.3,30.4,74.8,66.9,1011.6,4.3,0.1,0,5,2.3000000000000003,0.9000000000000021,7.8999999999999915,0,0,0,1.0,0.49999999999999994,-0.8660254037844387,3.1416000000000004,0.3983
REC_01812,Hyderabad,Telangana,17.385,78.4867,semi_arid,2024-05-27,2024-05-28,1,2.6,0.0,28.5,27.3,42.3,40.7,1004.5,1.4,1.2,0,5,2.6,1.1999999999999993,1.5999999999999943,0,0,0,1.0,0.49999999999999994,-0.8660254037844387,1.0997999999999999,0.2953
REC_00561,Delhi,NCR,28.6139,77.209,continental_subtropical,2024-05-27,2024-05-30,3,3.5,0.0,31.5,31.4,58.5,63.5,1008.3,0.0,3.5,0,5,3.5,0.10000000000000142,5.0,0,0,0,9.0,0.49999999999999994,-0.8660254037844387,2.0475,0.2387
REC_00574,Hyderabad,Telangana,17.385,78.4867,semi_arid,2024-05-27,2024-05-31,4,5.4,19.1,35.9,33.8,51.3,53.3,1011.0,12.2,6.8,0,5,13.700000000000001,2.1000000000000014,2.0,0,0,0,16.0,0.49999999999999994,-0.8660254037844387,2.7702,0.2947
REC_02070,Mumbai,Maharashtra,19.076,72.8777,coastal_heavy_monsoon,2024-05-27,2024-05-31,4,30.5,3.2,27.9,27.5,74.1,70.5,1006.5,21.7,8.9,0,5,27.3,0.3999999999999986,3.5999999999999943,1,0,1,16.0,0.49999999999999994,-0.8660254037844387,22.600499999999997,0.3816
REC_02079,Bengaluru,Karnataka,12.9716,77.5946,plateau_temperate,2024-05-27,2024-06-05,9,33.0,28.9,25.1,26.5,95.3,93.1,1006.5,54.0,21.0,1,6,4.100000000000001,1.3999999999999986,2.200000000000003,0,0,0,81.0,1.2246467991473532e-16,-1.0,31.449,0.2979
REC_01285,Delhi,NCR,28.6139,77.209,continental_subtropical,2024-05-28,2024-06-04,7,38.5,0.0,28.9,30.1,73.0,71.5,1011.5,57.0,18.5,1,6,38.5,1.2000000000000028,1.5,1,0,1,49.0,1.2246467991473532e-16,-1.0,28.105,0.2382
REC_01522,Hyderabad,Telangana,17.385,78.4867,semi_arid,2024-05-28,2024-06-02,5,7.0,2.1,28.3,27.5,79.1,77.1,1016.1,20.3,13.3,1,6,4.9,0.8000000000000007,2.0,0,0,0,25.0,1.2246467991473532e-16,-1.0,5.536999999999999,0.2941
REC_01749,Delhi,NCR,28.6139,77.209,continental_subtropical,2024-05-29,2024-06-01,3,11.2,0.0,31.6,32.1,76.4,71.9,1011.7,18.0,6.9,1,6,11.2,0.5,4.5,0,0,0,9.0,1.2246467991473532e-16,-1.0,8.5568,0.2398
REC_01003,Krishna District,Andhra Pradesh,16.5062,80.648,coastal_humid,2024-05-29,2024-06-02,4,11.3,21.9,29.6,31.3,80.5,76.7,1011.0,10.9,0.4,1,6,10.599999999999998,1.6999999999999993,3.799999999999997,0,0,0,16.0,1.2246467991473532e-16,-1.0,9.0965,0.3975
REC_00989,Visakhapatnam,Andhra Pradesh,17.6868,83.2185,coastal_cyclonic,2024-05-29,2024-06-03,5,41.2,83.6,34.4,33.3,79.5,77.9,1005.4,35.1,6.1,1,6,42.39999999999999,1.1000000000000014,1.5999999999999943,1,0,1,25.0,1.2246467991473532e-16,-1.0,32.754,0.3935
REC_01879,Hyderabad,Telangana,17.385,78.4867,semi_arid,2024-05-29,2024-06-05,7,5.5,16.4,32.2,28.5,85.4,99.9,1011.2,4.2,1.3,1,6,10.899999999999999,3.700000000000003,14.5,0,1,1,49.0,1.2246467991473532e-16,-1.0,4.697,0.2935
REC_02507,Visakhapatnam,Andhra Pradesh,17.6868,83.2185,coastal_cyclonic,2024-05-29,2024-06-05,7,33.8,14.2,30.2,31.8,74.8,80.3,1009.6,0.2,33.6,1,6,19.599999999999998,1.6000000000000014,5.5,0,0,0,49.0,1.2246467991473532e-16,-1.0,25.2824,0.3948
REC_02856,Delhi,NCR,28.6139,77.209,continental_subtropical,2024-05-29,2024-06-05,7,5.8,0.0,28.0,26.9,89.4,88.6,1010.1,31.8,26.0,1,6,5.8,1.1000000000000014,0.8000000000000114,0,0,0,49.0,1.2246467991473532e-16,-1.0,5.1852,0.2393
REC_03090,Hyderabad,Telangana,17.385,78.4867,semi_arid,2024-05-29,2024-06-05,7,21.7,0.0,30.7,30.6,78.4,92.8,1005.7,4.1,17.6,1,6,21.7,0.09999999999999787,14.399999999999991,1,0,1,49.0,1.2246467991473532e-16,-1.0,17.0128,0.2949
REC_02515,Bengaluru,Karnataka,12.9716,77.5946,plateau_temperate,2024-05-29,2024-06-06,8,5.2,68.8,37.8,40.6,83.4,66.6,1009.4,46.9,41.7,1,6,63.599999999999994,2.8000000000000043,16.80000000000001,1,0,1,64.0,1.2246467991473532e-16,-1.0,4.3368,0.2972
REC_00491,Krishna District,Andhra Pradesh,16.5062,80.648,coastal_humid,2024-05-29,2024-06-07,9,29.0,0.0,29.5,29.2,72.4,70.7,1007.1,52.3,23.2,1,6,29.0,0.3000000000000007,1.7000000000000028,1,0,1,81.0,1.2246467991473532e-16,-1.0,20.996000000000002,0.3967
REC_01862,Delhi,NCR,28.6139,77.209,continental_subtropical,2024-05-29,2024-06-08,10,2.2,0.0,26.1,26.9,76.8,60.2,1000.4,10.1,7.9,1,6,2.2,0.7999999999999972,16.599999999999994,0,0,0,100.0,1.2246467991473532e-16,-1.0,1.6896,0.2388
REC_02693,Hyderabad,Telangana,17.385,78.4867,semi_arid,2024-05-30,2024-06-05,6,8.2,0.0,32.2,31.9,94.4,89.1,1008.1,0.0,13.5,1,6,8.2,0.30000000000000426,5.300000000000011,0,0,0,36.0,1.2246467991473532e-16,-1.0,7.740799999999999,0.2964
REC_00947,Delhi,NCR,28.6139,77.209,continental_subtropical,2024-05-30,2024-06-08,9,11.3,22.9,33.4,36.5,71.8,55.5,1004.5,0.0,21.3,1,6,11.599999999999998,3.1000000000000014,16.299999999999997,0,0,0,81.0,1.2246467991473532e-16,-1.0,8.1134,0.2383
REC_00392,Mumbai,Maharashtra,19.076,72.8777,coastal_heavy_monsoon,2024-05-30,2024-06-05,6,8.3,0.0,33.1,31.8,79.7,81.6,1004.9,0.0,32.1,1,6,8.3,1.3000000000000007,1.8999999999999915,0,0,0,36.0,1.2246467991473532e-16,-1.0,6.615100000000001,0.383
REC_01359,Visakhapatnam,Andhra Pradesh,17.6868,83.2185,coastal_cyclonic,2024-05-30,2024-06-06,7,62.7,140.2,28.1,31.6,72.2,81.8,1006.1,87.7,25.1,1,6,77.49999999999999,3.5,9.599999999999994,1,1,1,49.0,1.2246467991473532e-16,-1.0,45.269400000000005,0.3939
REC_02900,Visakhapatnam,Andhra Pradesh,17.6868,83.2185,coastal_cyclonic,2024-05-30,2024-06-02,3,19.7,50.2,31.9,29.3,88.7,91.7,1009.0,29.8,10.1,1,6,30.500000000000004,2.599999999999998,3.0,1,0,1,9.0,1.2246467991473532e-16,-1.0,17.4739,0.3952
REC_01695,Mumbai,Maharashtra,19.076,72.8777,coastal_heavy_monsoon,2024-05-30,2024-05-31,1,1.6,3.1,28.3,28.5,92.3,92.1,1011.5,1.2,0.4,0,5,1.5,0.1999999999999993,0.20000000000000284,0,0,0,1.0,0.49999999999999994,-0.8660254037844387,1.4768000000000001,0.3822
REC_01143,Hyderabad,Telangana,17.385,78.4867,semi_arid,2024-05-30,2024-06-04,5,13.3,0.0,34.0,33.0,78.4,79.4,1009.2,3.0,10.2,1,6,13.3,1.0,1.0,0,0,0,25.0,1.2246467991473532e-16,-1.0,10.427200000000001,0.2958
REC_02320,Mumbai,Maharashtra,19.076,72.8777,coastal_heavy_monsoon,2024-05-31,2024-06-03,3,23.9,33.4,31.1,33.5,88.5,71.7,1010.0,38.7,14.8,1,6,9.5,2.3999999999999986,16.799999999999997,0,0,0,9.0,1.2246467991473532e-16,-1.0,21.151500000000002,0.3813
REC_03016,Mumbai,Maharashtra,19.076,72.8777,coastal_heavy_monsoon,2024-05-31,2024-06-03,3,3.8,2.8,25.9,25.2,76.2,74.6,1005.0,3.6,0.2,1,6,1.0,0.6999999999999993,1.6000000000000085,0,0,0,9.0,1.2246467991473532e-16,-1.0,2.8956,0.3804
REC_03496,Krishna District,Andhra Pradesh,16.5062,80.648,coastal_humid,2024-05-31,2024-06-05,5,15.9,24.0,22.0,19.8,79.7,79.5,999.9,7.1,8.8,1,6,8.1,2.1999999999999993,0.20000000000000284,0,0,0,25.0,1.2246467991473532e-16,-1.0,12.6723,0.3979
REC_00615,Visakhapatnam,Andhra Pradesh,17.6868,83.2185,coastal_cyclonic,2024-05-31,2024-06-06,6,3.2,2.3,26.3,26.0,77.8,97.6,1000.4,10.3,7.1,1,6,0.9000000000000004,0.3000000000000007,19.799999999999997,0,0,0,36.0,1.2246467991473532e-16,-1.0,2.4896000000000003,0.3966
REC_02774,Visakhapatnam,Andhra Pradesh,17.6868,83.2185,coastal_cyclonic,2024-06-01,2024-06-02,1,71.8,62.8,25.3,25.2,81.4,78.7,1005.5,70.9,0.9,1,6,9.0,0.10000000000000142,2.700000000000003,0,0,0,1.0,1.2246467991473532e-16,-1.0,58.44520000000001,0.3957
REC_00462,Hyderabad,Telangana,17.385,78.4867,semi_arid,2024-06-01,2024-06-03,2,4.7,9.2,29.3,31.8,91.9,85.4,1006.4,0.0,4.7,1,6,4.499999999999999,2.5,6.5,0,0,0,4.0,1.2246467991473532e-16,-1.0,4.319300000000001,0.2952
REC_00647,Hyderabad,Telangana,17.385,78.4867,semi_arid,2024-06-01,2024-06-03,2,48.1,41.0,29.7,27.9,89.2,93.2,1006.1,48.0,0.1,1,6,7.100000000000001,1.8000000000000007,4.0,0,0,0,4.0,1.2246467991473532e-16,-1.0,42.90520000000001,0.2946
REC_02228,Hyderabad,Telangana,17.385,78.4867,semi_arid,2024-06-02,2024-06-09,7,22.7,26.7,31.2,24.1,79.6,79.8,1010.6,25.7,3.0,1,6,4.0,7.099999999999998,0.20000000000000284,0,1,1,49.0,1.2246467991473532e-16,-1.0,18.0692,0.294
REC_02694,Bengaluru,Karnataka,12.9716,77.5946,plateau_temperate,2024-06-02,2024-06-10,8,9.5,0.0,30.2,30.5,96.6,100.0,1004.4,23.5,14.1,1,6,9.5,0.3000000000000007,3.4000000000000057,0,0,0,64.0,1.2246467991473532e-16,-1.0,9.177,0.2987
REC_01257,Hyderabad,Telangana,17.385,78.4867,semi_arid,2024-06-03,2024-06-11,8,59.7,40.0,24.2,22.5,85.2,92.9,1007.9,43.3,16.5,1,6,19.700000000000003,1.6999999999999993,7.700000000000003,0,0,0,64.0,1.2246467991473532e-16,-1.0,50.8644,0.2954
REC_01263,Visakhapatnam,Andhra Pradesh,17.6868,83.2185,coastal_cyclonic,2024-06-03,2024-06-09,6,7.2,5.9,30.8,31.4,86.6,90.2,1005.5,27.5,20.4,1,6,1.2999999999999998,0.5999999999999979,3.6000000000000085,0,0,0,36.0,1.2246467991473532e-16,-1.0,6.2352,0.3948
REC_00094,Delhi,NCR,28.6139,77.209,continental_subtropical,2024-06-03,2024-06-09,6,25.2,0.0,27.7,28.2,82.1,73.1,1009.4,35.2,10.0,1,6,25.2,0.5,9.0,1,0,1,36.0,1.2246467991473532e-16,-1.0,20.689199999999996,0.2378
REC_00293,Bengaluru,Karnataka,12.9716,77.5946,plateau_temperate,2024-06-03,2024-06-08,5,7.7,0.0,25.8,23.4,72.4,84.1,1011.5,0.0,8.5,1,6,7.7,2.400000000000002,11.699999999999989,0,0,0,25.0,1.2246467991473532e-16,-1.0,5.5748,0.2981
REC_02310,Hyderabad,Telangana,17.385,78.4867,semi_arid,2024-06-04,2024-06-11,7,12.3,0.7,26.3,22.8,89.8,95.8,1002.4,0.0,21.7,1,6,11.600000000000001,3.5,6.0,0,1,1,49.0,1.2246467991473532e-16,-1.0,11.045399999999999,0.2948
REC_02474,Krishna District,Andhra Pradesh,16.5062,80.648,coastal_humid,2024-06-04,2024-06-13,9,71.8,52.6,27.5,34.8,83.1,77.4,1009.4,35.6,36.1,1,6,19.199999999999996,7.299999999999997,5.699999999999989,0,1,1,81.0,1.2246467991473532e-16,-1.0,59.66579999999999,0.3971
REC_00201,Delhi,NCR,28.6139,77.209,continental_subtropical,2024-06-05,2024-06-07,2,6.0,5.1,29.7,29.1,82.7,86.6,1010.8,5.5,0.4,1,6,0.9000000000000004,0.5999999999999979,3.8999999999999915,0,0,0,4.0,1.2246467991473532e-16,-1.0,4.962000000000001,0.2394
REC_03023,Mumbai,Maharashtra,19.076,72.8777,coastal_heavy_monsoon,2024-06-05,2024-06-09,4,9.0,21.5,28.6,28.3,88.4,87.7,1007.4,2.4,6.6,1,6,12.5,0.3000000000000007,0.7000000000000028,0,0,0,16.0,1.2246467991473532e-16,-1.0,7.956,0.3795
REC_02910,Visakhapatnam,Andhra Pradesh,17.6868,83.2185,coastal_cyclonic,2024-06-06,2024-06-11,5,1.0,0.0,33.1,32.4,89.0,100.0,1002.5,0.0,7.4,1,6,1.0,0.7000000000000028,11.0,0,0,0,25.0,1.2246467991473532e-16,-1.0,0.89,0.394
REC_01335,Delhi,NCR,28.6139,77.209,continental_subtropical,2024-06-07,2024-06-17,10,2.9,32.0,23.2,15.8,78.9,76.9,1011.8,0.0,16.6,1,6,29.1,7.399999999999999,2.0,1,1,1,100.0,1.2246467991473532e-16,-1.0,2.2881,0.2389
REC_00745,Mumbai,Maharashtra,19.076,72.8777,coastal_heavy_monsoon,2024-06-07,2024-06-14,7,117.5,105.5,30.1,33.5,87.6,86.3,1015.7,166.6,49.1,1,6,12.0,3.3999999999999986,1.2999999999999972,0,0,0,49.0,1.2246467991473532e-16,-1.0,102.93,0.3787
REC_00224,Visakhapatnam,Andhra Pradesh,17.6868,83.2185,coastal_cyclonic,2024-06-07,2024-06-14,7,5.7,33.4,29.6,27.0,81.2,83.6,1007.3,4.2,1.6,1,6,27.7,2.6000000000000014,2.3999999999999915,1,0,1,49.0,1.2246467991473532e-16,-1.0,4.6284,0.3932
REC_01982,Krishna District,Andhra Pradesh,16.5062,80.648,coastal_humid,2024-06-07,2024-06-17,10,32.3,134.3,24.2,30.7,90.8,100.0,1007.4,35.4,3.1,1,6,102.00000000000001,6.5,9.200000000000003,1,1,1,100.0,1.2246467991473532e-16,-1.0,29.3284,0.3983
REC_00143,Krishna District,Andhra Pradesh,16.5062,80.648,coastal_humid,2024-06-07,2024-06-12,5,6.3,15.6,29.8,27.9,76.8,76.5,1012.3,8.7,2.4,1,6,9.3,1.9000000000000021,0.29999999999999716,0,0,0,25.0,1.2246467991473532e-16,-1.0,4.8384,0.3996
REC_01058,Krishna District,Andhra Pradesh,16.5062,80.648,coastal_humid,2024-06-07,2024-06-08,1,17.9,0.0,27.0,25.4,80.0,78.2,1010.9,17.9,0.0,1,6,17.9,1.6000000000000014,1.7999999999999972,0,0,0,1.0,1.2246467991473532e-16,-1.0,14.32,0.3988
REC_01503,Mumbai,Maharashtra,19.076,72.8777,coastal_heavy_monsoon,2024-06-07,2024-06-13,6,4.1,0.0,31.0,31.0,74.8,73.8,1007.2,0.0,25.0,1,6,4.1,0.0,1.0,0,0,0,36.0,1.2246467991473532e-16,-1.0,3.0667999999999993,0.3778
REC_03106,Mumbai,Maharashtra,19.076,72.8777,coastal_heavy_monsoon,2024-06-08,2024-06-11,3,2.5,0.0,30.1,30.8,70.9,65.5,1005.6,2.8,0.4,1,6,2.5,0.6999999999999993,5.400000000000006,0,0,0,9.0,1.2246467991473532e-16,-1.0,1.7725,0.377
REC_00233,Krishna District,Andhra Pradesh,16.5062,80.648,coastal_humid,2024-06-08,2024-06-12,4,26.2,5.8,31.8,32.4,77.7,72.0,1008.6,32.9,6.7,1,6,20.4,0.5999999999999979,5.700000000000003,0,0,0,16.0,1.2246467991473532e-16,-1.0,20.3574,0.3979
REC_01499,Krishna District,Andhra Pradesh,16.5062,80.648,coastal_humid,2024-06-08,2024-06-13,5,9.4,11.4,26.0,25.4,83.6,75.7,1012.4,0.0,13.2,1,6,2.0,0.6000000000000014,7.8999999999999915,0,0,0,25.0,1.2246467991473532e-16,-1.0,7.8584000000000005,0.3971
REC_00420,Hyderabad,Telangana,17.385,78.4867,semi_arid,2024-06-08,2024-06-14,6,0.2,26.8,34.2,32.0,74.8,71.3,1012.7,0.0,12.3,1,6,26.6,2.200000000000003,3.5,1,0,1,36.0,1.2246467991473532e-16,-1.0,0.1496,0.2962
REC_00482,Visakhapatnam,Andhra Pradesh,17.6868,83.2185,coastal_cyclonic,2024-06-08,2024-06-16,8,5.1,0.0,31.0,24.1,84.6,86.6,1008.7,31.9,26.7,1,6,5.1,6.899999999999999,2.0,0,1,1,64.0,1.2246467991473532e-16,-1.0,4.3145999999999995,0.3945
REC_01885,Visakhapatnam,Andhra Pradesh,17.6868,83.2185,coastal_cyclonic,2024-06-08,2024-06-16,8,25.6,160.7,28.6,31.2,86.8,85.8,1003.8,23.4,2.1,1,6,135.1,2.599999999999998,1.0,1,0,1,64.0,1.2246467991473532e-16,-1.0,22.2208,0.3957
REC_03179,Bengaluru,Karnataka,12.9716,77.5946,plateau_temperate,2024-06-08,2024-06-16,8,12.9,62.1,28.9,25.4,98.0,93.7,1006.2,0.7,12.2,1,6,49.2,3.5,4.299999999999997,1,1,1,64.0,1.2246467991473532e-16,-1.0,12.642000000000001,0.2975
REC_03366,Visakhapatnam,Andhra Pradesh,17.6868,83.2185,coastal_cyclonic,2024-06-09,2024-06-17,8,1.8,0.0,31.5,34.8,85.4,79.0,1002.2,6.0,4.1,1,6,1.8,3.299999999999997,6.400000000000006,0,0,0,64.0,1.2246467991473532e-16,-1.0,1.5372000000000003,0.397
REC_00312,Krishna District,Andhra Pradesh,16.5062,80.648,coastal_humid,2024-06-09,2024-06-12,3,0.3,5.2,27.5,26.8,96.0,97.5,1013.5,10.0,9.7,1,6,4.9,0.6999999999999993,1.5,0,0,0,9.0,1.2246467991473532e-16,-1.0,0.288,0.3963
REC_02279,Krishna District,Andhra Pradesh,16.5062,80.648,coastal_humid,2024-06-09,2024-06-17,8,10.6,34.5,28.6,25.0,73.8,66.0,1002.3,3.6,7.0,1,6,23.9,3.6000000000000014,7.799999999999997,0,1,1,64.0,1.2246467991473532e-16,-1.0,7.8228,0.3955
REC_02195,Mumbai,Maharashtra,19.076,72.8777,coastal_heavy_monsoon,2024-06-09,2024-06-10,1,0.9,0.0,29.6,27.8,85.4,82.8,1015.0,3.6,2.7,1,6,0.9,1.8000000000000007,2.6000000000000085,0,0,0,1.0,1.2246467991473532e-16,-1.0,0.7686000000000002,0.3761
REC_03291,Mumbai,Maharashtra,19.076,72.8777,coastal_heavy_monsoon,2024-06-09,2024-06-10,1,7.7,4.4,28.2,27.8,86.0,93.5,1005.7,6.2,1.5,1,6,3.3,0.3999999999999986,7.5,0,0,0,1.0,1.2246467991473532e-16,-1.0,6.622000000000001,0.3753
REC_00658,Delhi,NCR,28.6139,77.209,continental_subtropical,2024-06-10,2024-06-11,1,0.1,2.3,28.0,29.3,81.7,79.8,1002.4,0.4,0.2,1,6,2.1999999999999997,1.3000000000000007,1.9000000000000057,0,0,0,1.0,1.2246467991473532e-16,-1.0,0.0817,0.2404
REC_00695,Hyderabad,Telangana,17.385,78.4867,semi_arid,2024-06-10,2024-06-11,1,13.5,18.8,31.7,31.2,78.7,81.5,1002.7,14.1,0.5,1,6,5.300000000000001,0.5,2.799999999999997,0,0,0,1.0,1.2246467991473532e-16,-1.0,10.624500000000001,0.2976
REC_03397,Bengaluru,Karnataka,12.9716,77.5946,plateau_temperate,2024-06-10,2024-06-15,5,16.5,12.2,26.0,26.9,90.9,100.0,1003.3,0.0,21.1,1,6,4.300000000000001,0.8999999999999986,9.099999999999994,0,0,0,25.0,1.2246467991473532e-16,-1.0,14.998500000000002,0.2989
REC_00749,Bengaluru,Karnataka,12.9716,77.5946,plateau_temperate,2024-06-10,2024-06-18,8,0.9,14.4,31.0,27.5,96.2,79.3,1001.1,33.3,32.3,1,6,13.5,3.5,16.900000000000006,0,1,1,64.0,1.2246467991473532e-16,-1.0,0.8658,0.2983
REC_01782,Bengaluru,Karnataka,12.9716,77.5946,plateau_temperate,2024-06-11,2024-06-21,10,35.2,69.9,29.4,42.2,58.4,68.1,1005.9,66.3,31.1,1,6,34.7,12.800000000000004,9.699999999999996,1,1,1,100.0,1.2246467991473532e-16,-1.0,20.556800000000003,0.2998
REC_02208,Bengaluru,Karnataka,12.9716,77.5946,plateau_temperate,2024-06-12,2024-06-20,8,4.8,13.9,27.9,25.6,67.5,75.2,1007.4,0.0,16.4,1,6,9.100000000000001,2.299999999999997,7.700000000000003,0,0,0,64.0,1.2246467991473532e-16,-1.0,3.24,0.3013
REC_02826,Bengaluru,Karnataka,12.9716,77.5946,plateau_temperate,2024-06-12,2024-06-20,8,36.1,13.4,32.2,31.4,79.1,86.4,1010.6,0.0,43.9,1,6,22.700000000000003,0.8000000000000043,7.300000000000011,0,0,0,64.0,1.2246467991473532e-16,-1.0,28.555099999999996,0.3006
REC_00801,Krishna District,Andhra Pradesh,16.5062,80.648,coastal_humid,2024-06-12,2024-06-21,9,29.2,57.5,26.4,28.2,86.5,91.5,1010.6,43.2,14.0,1,6,28.3,1.8000000000000007,5.0,1,0,1,81.0,1.2246467991473532e-16,-1.0,25.257999999999996,0.3967
REC_02429,Mumbai,Maharashtra,19.076,72.8777,coastal_heavy_monsoon,2024-06-12,2024-06-22,10,38.7,0.0,29.8,34.1,79.9,67.5,1009.1,40.8,2.1,1,6,38.7,4.300000000000001,12.400000000000006,1,1,1,100.0,1.2246467991473532e-16,-1.0,30.921300000000006,0.3744
REC_03339,Visakhapatnam,Andhra Pradesh,17.6868,83.2185,coastal_cyclonic,2024-06-13,2024-06-20,7,30.5,0.0,30.9,33.1,81.2,62.7,1010.9,61.7,31.2,1,6,30.5,2.200000000000003,18.5,1,0,1,49.0,1.2246467991473532e-16,-1.0,24.766,0.3962
REC_01351,Visakhapatnam,Andhra Pradesh,17.6868,83.2185,coastal_cyclonic,2024-06-13,2024-06-23,10,0.5,2.6,26.7,27.8,98.0,95.2,1011.6,0.0,5.5,1,6,2.1,1.1000000000000014,2.799999999999997,0,0,0,100.0,1.2246467991473532e-16,-1.0,0.49,0.3975
REC_03234,Bengaluru,Karnataka,12.9716,77.5946,plateau_temperate,2024-06-13,2024-06-19,6,7.4,34.5,28.4,26.3,86.1,100.0,1009.1,6.7,0.7,1,6,27.1,2.099999999999998,13.900000000000006,1,0,1,36.0,1.2246467991473532e-16,-1.0,6.3713999999999995,0.3
REC_02950,Hyderabad,Telangana,17.385,78.4867,semi_arid,2024-06-13,2024-06-23,10,6.1,68.6,26.5,26.3,95.1,89.1,1009.0,0.0,7.6,1,6,62.49999999999999,0.1999999999999993,6.0,1,0,1,100.0,1.2246467991473532e-16,-1.0,5.801099999999999,0.297
REC_02436,Hyderabad,Telangana,17.385,78.4867,semi_arid,2024-06-13,2024-06-17,4,34.1,0.0,34.1,31.5,70.0,73.3,1007.0,37.7,3.7,1,6,34.1,2.6000000000000014,3.299999999999997,1,0,1,16.0,1.2246467991473532e-16,-1.0,23.87,0.2984
REC_01158,Hyderabad,Telangana,17.385,78.4867,semi_arid,2024-06-13,2024-06-17,4,1.5,8.1,28.6,28.9,68.4,79.3,1005.1,3.6,2.1,1,6,6.6,0.29999999999999716,10.899999999999991,0,0,0,16.0,1.2246467991473532e-16,-1.0,1.026,0.2998
REC_00300,Hyderabad,Telangana,17.385,78.4867,semi_arid,2024-06-13,2024-06-18,5,27.8,68.7,29.1,28.1,85.9,79.0,1005.9,59.2,31.4,1,6,40.900000000000006,1.0,6.900000000000006,1,0,1,25.0,1.2246467991473532e-16,-1.0,23.880200000000006,0.2992
REC_00386,Krishna District,Andhra Pradesh,16.5062,80.648,coastal_humid,2024-06-14,2024-06-23,9,26.7,0.0,28.3,28.0,85.9,100.0,1001.8,0.0,33.9,1,6,26.7,0.3000000000000007,14.099999999999994,1,0,1,81.0,1.2246467991473532e-16,-1.0,22.9353,0.398
REC_00539,Krishna District,Andhra Pradesh,16.5062,80.648,coastal_humid,2024-06-14,2024-06-20,6,9.3,4.4,27.0,24.0,69.4,53.7,1004.8,6.5,2.8,1,6,4.9,3.0,15.700000000000003,0,0,0,36.0,1.2246467991473532e-16,-1.0,6.454200000000001,0.3992
REC_00634,Delhi,NCR,28.6139,77.209,continental_subtropical,2024-06-14,2024-06-15,1,15.2,27.1,31.7,32.4,78.3,73.8,1010.2,15.2,0.0,1,6,11.900000000000002,0.6999999999999993,4.5,0,0,0,1.0,1.2246467991473532e-16,-1.0,11.901599999999998,0.2399
REC_00365,Delhi,NCR,28.6139,77.209,continental_subtropical,2024-06-14,2024-06-17,3,3.5,4.1,30.3,31.0,78.6,76.6,1009.5,4.9,1.4,1,6,0.5999999999999996,0.6999999999999993,2.0,0,0,0,9.0,1.2246467991473532e-16,-1.0,2.7509999999999994,0.2394
REC_03359,Krishna District,Andhra Pradesh,16.5062,80.648,coastal_humid,2024-06-15,2024-06-18,3,17.0,26.9,28.6,29.2,77.3,79.1,1008.6,19.6,2.6,1,6,9.899999999999999,0.5999999999999979,1.7999999999999972,0,0,0,9.0,1.2246467991473532e-16,-1.0,13.140999999999998,0.3984
REC_01527,Visakhapatnam,Andhra Pradesh,17.6868,83.2185,coastal_cyclonic,2024-06-15,2024-06-19,4,5.9,0.0,31.5,30.0,71.2,64.8,1012.6,7.1,1.1,1,6,5.9,1.5,6.400000000000006,0,0,0,16.0,1.2246467991473532e-16,-1.0,4.2008,0.3966
REC_01403,Delhi,NCR,28.6139,77.209,continental_subtropical,2024-06-15,2024-06-20,5,14.9,42.3,28.2,29.8,78.4,74.5,1009.0,6.3,8.6,1,6,27.4,1.6000000000000014,3.9000000000000057,1,0,1,25.0,1.2246467991473532e-16,-1.0,11.681600000000001,0.239
REC_00023,Mumbai,Maharashtra,19.076,72.8777,coastal_heavy_monsoon,2024-06-16,2024-06-20,4,8.6,50.9,31.6,31.8,80.1,70.5,1012.8,2.8,5.9,1,6,42.3,0.1999999999999993,9.599999999999994,1,0,1,16.0,1.2246467991473532e-16,-1.0,6.888599999999999,0.3758
REC_02607,Mumbai,Maharashtra,19.076,72.8777,coastal_heavy_monsoon,2024-06-16,2024-06-21,5,100.5,41.7,25.9,28.9,75.3,86.7,1019.8,115.1,14.6,1,6,58.8,3.0,11.400000000000006,1,0,1,25.0,1.2246467991473532e-16,-1.0,75.67649999999999,0.3772
REC_02113,Mumbai,Maharashtra,19.076,72.8777,coastal_heavy_monsoon,2024-06-16,2024-06-24,8,9.7,20.3,26.6,26.0,79.9,75.6,1006.8,0.0,14.8,1,6,10.600000000000001,0.6000000000000014,4.300000000000011,0,0,0,64.0,1.2246467991473532e-16,-1.0,7.750299999999999,0.3786
REC_03074,Visakhapatnam,Andhra Pradesh,17.6868,83.2185,coastal_cyclonic,2024-06-16,2024-06-25,9,1.7,0.0,31.9,36.6,83.7,91.7,1006.9,0.0,21.2,1,6,1.7,4.700000000000003,8.0,0,1,1,81.0,1.2246467991473532e-16,-1.0,1.4228999999999998,0.3958
REC_03079,Delhi,NCR,28.6139,77.209,continental_subtropical,2024-06-17,2024-06-26,9,48.4,36.5,25.2,29.7,82.0,100.0,1012.4,23.8,24.7,1,6,11.899999999999999,4.5,18.0,0,1,1,81.0,1.2246467991473532e-16,-1.0,39.687999999999995,0.2405
REC_03139,Visakhapatnam,Andhra Pradesh,17.6868,83.2185,coastal_cyclonic,2024-06-17,2024-06-24,7,35.1,0.0,31.6,32.1,81.7,72.1,1003.8,30.1,5.0,1,6,35.1,0.5,9.600000000000009,1,0,1,49.0,1.2246467991473532e-16,-1.0,28.6767,0.3971
REC_00013,Krishna District,Andhra Pradesh,16.5062,80.648,coastal_humid,2024-06-17,2024-06-25,8,47.7,90.9,21.0,20.5,84.8,87.3,1006.4,55.5,7.8,1,6,43.2,0.5,2.5,1,0,1,64.0,1.2246467991473532e-16,-1.0,40.449600000000004,0.3976
REC_01684,Mumbai,Maharashtra,19.076,72.8777,coastal_heavy_monsoon,2024-06-17,2024-06-20,3,18.9,28.3,35.8,36.8,74.3,80.6,1012.6,23.3,4.4,1,6,9.400000000000002,1.0,6.299999999999997,0,0,0,9.0,1.2246467991473532e-16,-1.0,14.042699999999998,0.3778
REC_01703,Krishna District,Andhra Pradesh,16.5062,80.648,coastal_humid,2024-06-17,2024-06-24,7,0.5,0.0,29.2,28.2,91.4,91.7,1004.9,0.0,5.1,1,6,0.5,1.0,0.29999999999999716,0,0,0,49.0,1.2246467991473532e-16,-1.0,0.457,0.3988
REC_01897,Delhi,NCR,28.6139,77.209,continental_subtropical,2024-06-18,2024-06-27,9,1.5,49.8,30.5,25.6,84.6,93.9,1004.3,0.0,12.4,1,6,48.3,4.899999999999999,9.300000000000011,1,1,1,81.0,1.2246467991473532e-16,-1.0,1.269,0.242
REC_02427,Mumbai,Maharashtra,19.076,72.8777,coastal_heavy_monsoon,2024-06-18,2024-06-27,9,37.6,0.0,31.3,32.8,92.0,97.9,1006.4,30.3,7.3,1,6,37.6,1.4999999999999964,5.900000000000006,1,0,1,81.0,1.2246467991473532e-16,-1.0,34.592000000000006,0.3769
REC_03267,Visakhapatnam,Andhra Pradesh,17.6868,83.2185,coastal_cyclonic,2024-06-19,2024-06-21,2,7.7,24.7,34.0,33.6,98.0,99.9,1010.9,12.2,4.5,1,6,17.0,0.3999999999999986,1.9000000000000057,0,0,0,4.0,1.2246467991473532e-16,-1.0,7.546,0.3983
REC_01659,Delhi,NCR,28.6139,77.209,continental_subtropical,2024-06-19,2024-06-26,7,7.0,35.6,27.0,26.1,78.2,69.7,1005.7,0.8,6.3,1,6,28.6,0.8999999999999986,8.5,1,0,1,49.0,1.2246467991473532e-16,-1.0,5.474,0.2435
REC_02052,Delhi,NCR,28.6139,77.209,continental_subtropical,2024-06-19,2024-06-26,7,27.2,1.6,29.5,30.6,92.3,86.7,1007.4,62.2,35.0,1,6,25.599999999999998,1.1000000000000014,5.599999999999994,1,0,1,49.0,1.2246467991473532e-16,-1.0,25.1056,0.245
REC_00051,Krishna District,Andhra Pradesh,16.5062,80.648,coastal_humid,2024-06-19,2024-06-27,8,10.4,35.2,30.7,30.3,89.8,88.9,1011.0,0.0,39.7,1,6,24.800000000000004,0.3999999999999986,0.8999999999999915,0,0,0,64.0,1.2246467991473532e-16,-1.0,9.3392,0.398
REC_01377,Delhi,NCR,28.6139,77.209,continental_subtropical,2024-06-19,2024-06-27,8,9.6,83.5,32.8,29.7,92.0,93.6,1009.8,0.0,17.0,1,6,73.9,3.099999999999998,1.5999999999999943,1,0,1,64.0,1.2246467991473532e-16,-1.0,8.831999999999999,0.2465
REC_02114,Krishna District,Andhra Pradesh,16.5062,80.648,coastal_humid,2024-06-19,2024-06-27,8,41.1,217.2,29.9,26.2,83.5,81.7,1013.1,43.4,2.4,1,6,176.1,3.6999999999999993,1.7999999999999972,1,1,1,64.0,1.2246467991473532e-16,-1.0,34.3185,0.3972
REC_02379,Hyderabad,Telangana,17.385,78.4867,semi_arid,2024-06-19,2024-06-29,10,42.8,258.5,33.3,38.9,88.6,87.3,1006.6,44.5,1.8,1,6,215.7,5.600000000000001,1.2999999999999972,1,1,1,100.0,1.2246467991473532e-16,-1.0,37.92079999999999,0.3006
REC_00981,Visakhapatnam,Andhra Pradesh,17.6868,83.2185,coastal_cyclonic,2024-06-20,2024-06-29,9,25.0,32.4,27.1,21.6,74.8,83.0,1006.0,45.8,20.9,1,6,7.399999999999999,5.5,8.200000000000003,0,1,1,81.0,1.2246467991473532e-16,-1.0,18.7,0.3975
REC_01372,Mumbai,Maharashtra,19.076,72.8777,coastal_heavy_monsoon,2024-06-20,2024-06-25,5,42.5,80.2,34.3,35.7,80.5,74.8,1000.1,42.1,0.4,1,6,37.7,1.4000000000000057,5.700000000000003,1,0,1,25.0,1.2246467991473532e-16,-1.0,34.2125,0.3783
REC_03201,Bengaluru,Karnataka,12.9716,77.5946,plateau_temperate,2024-06-20,2024-06-21,1,5.7,0.0,27.9,27.3,84.9,80.8,1008.2,7.4,1.7,1,6,5.7,0.5999999999999979,4.1000000000000085,0,0,0,1.0,1.2246467991473532e-16,-1.0,4.839300000000001,0.3015
REC_01750,Delhi,NCR,28.6139,77.209,continental_subtropical,2024-06-20,2024-06-22,2,0.2,4.6,27.1,29.2,89.3,86.2,1012.4,3.2,3.0,1,6,4.3999999999999995,2.099999999999998,3.0999999999999943,0,0,0,4.0,1.2246467991473532e-16,-1.0,0.17859999999999998,0.248
REC_01594,Bengaluru,Karnataka,12.9716,77.5946,plateau_temperate,2024-06-20,2024-06-24,4,8.4,4.0,24.0,23.5,74.3,77.1,1007.4,5.6,2.8,1,6,4.4,0.5,2.799999999999997,0,0,0,16.0,1.2246467991473532e-16,-1.0,6.2412,0.3008
REC_03452,Hyderabad,Telangana,17.385,78.4867,semi_arid,2024-06-21,2024-06-22,1,37.9,31.0,27.8,28.4,88.7,83.6,1007.4,39.1,1.3,1,6,6.899999999999999,0.5999999999999979,5.1000000000000085,0,0,0,1.0,1.2246467991473532e-16,-1.0,33.6173,0.302
REC_01365,Hyderabad,Telangana,17.385,78.4867,semi_arid,2024-06-21,2024-06-23,2,19.3,10.6,24.2,22.4,98.0,95.7,1007.5,18.3,1.0,1,6,8.700000000000001,1.8000000000000007,2.299999999999997,0,0,0,4.0,1.2246467991473532e-16,-1.0,18.914,0.3014
REC_01621,Krishna District,Andhra Pradesh,16.5062,80.648,coastal_humid,2024-06-21,2024-06-23,2,12.6,11.5,28.6,28.4,81.5,83.6,1006.1,11.7,1.0,1,6,1.0999999999999996,0.20000000000000284,2.0999999999999943,0,0,0,4.0,1.2246467991473532e-16,-1.0,10.268999999999998,0.3984
REC_01649,Visakhapatnam,Andhra Pradesh,17.6868,83.2185,coastal_cyclonic,2024-06-21,2024-06-23,2,0.3,0.0,29.1,30.2,86.7,89.5,1000.8,0.0,4.4,1,6,0.3,1.0999999999999979,2.799999999999997,0,0,0,4.0,1.2246467991473532e-16,-1.0,0.2601,0.3987
REC_01904,Mumbai,Maharashtra,19.076,72.8777,coastal_heavy_monsoon,2024-06-21,2024-06-27,6,4.5,0.0,29.4,29.0,76.0,68.0,1010.4,0.0,13.3,1,6,4.5,0.3999999999999986,8.0,0,0,0,36.0,1.2246467991473532e-16,-1.0,3.42,0.3797
REC_00521,Mumbai,Maharashtra,19.076,72.8777,coastal_heavy_monsoon,2024-06-22,2024-06-28,6,32.2,0.0,29.4,32.9,87.7,90.7,1008.9,50.9,18.7,1,6,32.2,3.5,3.0,1,1,1,36.0,1.2246467991473532e-16,-1.0,28.239400000000003,0.3789
REC_01732,Mumbai,Maharashtra,19.076,72.8777,coastal_heavy_monsoon,2024-06-22,2024-06-29,7,9.8,14.7,31.7,30.2,98.0,100.0,1011.1,0.0,17.9,1,6,4.899999999999999,1.5,2.0,0,0,0,49.0,1.2246467991473532e-16,-1.0,9.604000000000001,0.3802
REC_02832,Mumbai,Maharashtra,19.076,72.8777,coastal_heavy_monsoon,2024-06-22,2024-06-29,7,36.6,78.2,30.8,31.2,87.5,100.0,1006.1,36.7,0.0,1,6,41.6,0.3999999999999986,12.5,1,0,1,49.0,1.2246467991473532e-16,-1.0,32.025,0.3794
REC_01304,Visakhapatnam,Andhra Pradesh,17.6868,83.2185,coastal_cyclonic,2024-06-22,2024-07-01,9,6.4,69.5,35.0,30.4,87.9,74.0,1010.5,26.1,19.7,1,7,63.1,4.600000000000001,13.900000000000006,1,1,1,81.0,-0.4999999999999997,-0.8660254037844388,5.6256,0.3979
REC_01668,Mumbai,Maharashtra,19.076,72.8777,coastal_heavy_monsoon,2024-06-23,2024-07-02,9,30.3,64.1,25.6,25.4,71.3,65.7,1014.1,0.0,37.5,1,7,33.8,0.20000000000000284,5.599999999999994,1,0,1,81.0,-0.4999999999999997,-0.8660254037844388,21.6039,0.3807
REC_00085,Mumbai,Maharashtra,19.076,72.8777,coastal_heavy_monsoon,2024-06-23,2024-07-02,9,2.5,0.0,29.0,31.4,83.3,81.8,1005.3,0.0,4.7,1,7,2.5,2.3999999999999986,1.5,0,0,0,81.0,-0.4999999999999997,-0.8660254037844388,2.0825,0.3821
REC_02197,Mumbai,Maharashtra,19.076,72.8777,coastal_heavy_monsoon,2024-06-23,2024-06-28,5,185.1,233.8,27.3,23.0,91.3,100.0,1007.3,190.2,5.1,1,6,48.70000000000002,4.300000000000001,8.700000000000003,1,1,1,25.0,1.2246467991473532e-16,-1.0,168.99629999999996,0.3813
REC_01477,Visakhapatnam,Andhra Pradesh,17.6868,83.2185,coastal_cyclonic,2024-06-23,2024-06-27,4,48.4,37.7,24.6,28.0,83.9,87.3,999.3,40.6,7.8,1,6,10.699999999999996,3.3999999999999986,3.3999999999999915,0,0,0,16.0,1.2246467991473532e-16,-1.0,40.607600000000005,0.3992
REC_01437,Bengaluru,Karnataka,12.9716,77.5946,plateau_temperate,2024-06-23,2024-06-26,3,37.0,81.7,29.2,28.7,67.8,65.3,1009.9,40.6,3.7,1,6,44.7,0.5,2.5,1,0,1,9.0,1.2246467991473532e-16,-1.0,25.086,0.3002
REC_00551,Krishna District,Andhra Pradesh,16.5062,80.648,coastal_humid,2024-06-23,2024-06-26,3,4.0,0.4,27.3,26.3,73.0,68.9,1011.3,0.0,16.4,1,6,3.6,1.0,4.099999999999994,0,0,0,9.0,1.2246467991473532e-16,-1.0,2.92,0.3976
REC_02936,Delhi,NCR,28.6139,77.209,continental_subtropical,2024-06-23,2024-06-24,1,4.6,3.9,27.8,27.6,78.7,77.8,1000.0,3.3,1.3,1,6,0.6999999999999997,0.1999999999999993,0.9000000000000057,0,0,0,1.0,1.2246467991473532e-16,-1.0,3.6201999999999996,0.2475
REC_01989,Krishna District,Andhra Pradesh,16.5062,80.648,coastal_humid,2024-06-23,2024-06-26,3,8.8,5.5,26.9,22.1,85.1,73.7,1007.9,0.0,15.8,1,6,3.3000000000000007,4.799999999999997,11.399999999999991,0,1,1,9.0,1.2246467991473532e-16,-1.0,7.4888,0.3968
REC_01457,Krishna District,Andhra Pradesh,16.5062,80.648,coastal_humid,2024-06-24,2024-06-26,2,13.0,4.6,25.4,26.3,78.0,72.4,1009.3,15.4,2.3,1,6,8.4,0.9000000000000021,5.599999999999994,0,0,0,4.0,1.2246467991473532e-16,-1.0,10.14,0.398
REC_01476,Bengaluru,Karnataka,12.9716,77.5946,plateau_temperate,2024-06-24,2024-06-28,4,20.5,47.7,35.5,36.0,87.0,93.2,1013.5,27.5,7.0,1,6,27.200000000000003,0.5,6.200000000000003,1,0,1,16.0,1.2246467991473532e-16,-1.0,17.835,0.3017
REC_00124,Visakhapatnam,Andhra Pradesh,17.6868,83.2185,coastal_cyclonic,2024-06-24,2024-06-30,6,27.6,92.4,30.8,29.1,83.6,100.0,1010.8,29.2,1.7,1,6,64.80000000000001,1.6999999999999993,16.400000000000006,1,0,1,36.0,1.2246467991473532e-16,-1.0,23.073600000000003,0.3983
REC_01552,Delhi,NCR,28.6139,77.209,continental_subtropical,2024-06-24,2024-07-01,7,16.1,32.7,33.2,33.1,73.7,74.4,1009.5,24.8,8.7,1,7,16.6,0.10000000000000142,0.7000000000000028,0,0,0,49.0,-0.4999999999999997,-0.8660254037844388,11.865700000000002,0.247
REC_03071,Mumbai,Maharashtra,19.076,72.8777,coastal_heavy_monsoon,2024-06-25,2024-06-26,1,22.6,44.3,31.8,32.7,94.1,95.8,1009.4,22.0,0.6,1,6,21.699999999999996,0.9000000000000021,1.7000000000000028,0,0,0,1.0,1.2246467991473532e-16,-1.0,21.266599999999997,0.3826
REC_01534,Visakhapatnam,Andhra Pradesh,17.6868,83.2185,coastal_cyclonic,2024-06-25,2024-06-30,5,20.7,11.5,31.0,32.4,71.4,77.1,1006.9,57.5,36.8,1,6,9.2,1.3999999999999986,5.699999999999989,0,0,0,25.0,1.2246467991473532e-16,-1.0,14.7798,0.3996
REC_02110,Krishna District,Andhra Pradesh,16.5062,80.648,coastal_humid,2024-06-26,2024-07-05,9,39.1,127.2,30.5,28.0,86.3,74.2,1012.1,67.4,28.3,1,7,88.1,2.5,12.099999999999994,1,0,1,81.0,-0.4999999999999997,-0.8660254037844388,33.7433,0.3972
REC_01301,Mumbai,Maharashtra,19.076,72.8777,coastal_heavy_monsoon,2024-06-26,2024-07-06,10,58.6,0.0,22.8,31.6,84.7,75.5,1010.4,79.7,21.1,1,7,58.6,8.8,9.200000000000003,1,1,1,100.0,-0.4999999999999997,-0.8660254037844388,49.6342,0.3818
REC_00403,Delhi,NCR,28.6139,77.209,continental_subtropical,2024-06-26,2024-07-02,6,4.5,0.0,25.9,26.1,89.5,100.0,1007.0,0.0,14.4,1,7,4.5,0.20000000000000284,10.5,0,0,0,36.0,-0.4999999999999997,-0.8660254037844388,4.0275,0.2465
REC_01717,Delhi,NCR,28.6139,77.209,continental_subtropical,2024-06-26,2024-07-01,5,4.8,0.3,29.8,25.8,77.7,84.5,1004.4,0.0,14.5,1,7,4.5,4.0,6.799999999999997,0,1,1,25.0,-0.4999999999999997,-0.8660254037844388,3.7295999999999996,0.2461
REC_00236,Visakhapatnam,Andhra Pradesh,17.6868,83.2185,coastal_cyclonic,2024-06-26,2024-07-04,8,3.6,0.0,30.9,30.5,72.9,51.0,1008.4,4.5,0.9,1,7,3.6,0.3999999999999986,21.900000000000006,0,0,0,64.0,-0.4999999999999997,-0.8660254037844388,2.6244000000000005,0.3988
REC_01678,Krishna District,Andhra Pradesh,16.5062,80.648,coastal_humid,2024-06-27,2024-06-28,1,26.1,0.0,27.7,28.4,74.6,73.0,1007.9,25.5,0.6,1,6,26.1,0.6999999999999993,1.5999999999999943,1,0,1,1.0,1.2246467991473532e-16,-1.0,19.4706,0.3984
REC_00619,Mumbai,Maharashtra,19.076,72.8777,coastal_heavy_monsoon,2024-06-27,2024-07-02,5,3.8,0.0,28.9,29.6,71.4,79.4,1010.7,6.7,2.9,1,7,3.8,0.7000000000000028,8.0,0,0,0,25.0,-0.4999999999999997,-0.8660254037844388,2.7132,0.3831
REC_02138,Mumbai,Maharashtra,19.076,72.8777,coastal_heavy_monsoon,2024-06-27,2024-07-05,8,86.1,0.0,31.4,28.6,73.4,71.9,1007.4,78.0,8.1,1,7,86.1,2.799999999999997,1.5,1,0,1,64.0,-0.4999999999999997,-0.8660254037844388,63.197399999999995,0.3823
REC_00979,Hyderabad,Telangana,17.385,78.4867,semi_arid,2024-06-27,2024-07-07,10,2.4,1.1,27.1,25.8,84.5,84.3,1003.0,0.0,34.4,1,7,1.2999999999999998,1.3000000000000007,0.20000000000000284,0,0,0,100.0,-0.4999999999999997,-0.8660254037844388,2.028,0.3008
REC_03261,Krishna District,Andhra Pradesh,16.5062,80.648,coastal_humid,2024-06-28,2024-07-02,4,32.7,7.7,28.9,28.1,83.5,81.4,1004.4,17.8,15.0,1,7,25.000000000000004,0.7999999999999972,2.0999999999999943,1,0,1,16.0,-0.4999999999999997,-0.8660254037844388,27.304500000000004,0.3996
REC_01122,Bengaluru,Karnataka,12.9716,77.5946,plateau_temperate,2024-06-28,2024-07-06,8,10.6,6.0,22.7,23.6,85.3,63.5,1007.1,22.8,12.1,1,7,4.6,0.9000000000000021,21.799999999999997,0,0,0,64.0,-0.4999999999999997,-0.8660254037844388,9.0418,0.3031
REC_00004,Delhi,NCR,28.6139,77.209,continental_subtropical,2024-06-28,2024-07-07,9,1.4,0.0,31.8,34.8,77.2,61.6,1015.4,1.9,0.4,1,7,1.4,2.9999999999999964,15.600000000000001,0,0,0,81.0,-0.4999999999999997,-0.8660254037844388,1.0808,0.2475
REC_00968,Visakhapatnam,Andhra Pradesh,17.6868,83.2185,coastal_cyclonic,2024-06-28,2024-07-07,9,2.8,30.6,28.7,33.2,90.1,98.0,1006.4,49.3,46.5,1,7,27.8,4.5000000000000036,7.900000000000006,1,1,1,81.0,-0.4999999999999997,-0.8660254037844388,2.5227999999999997,0.3979
REC_03271,Delhi,NCR,28.6139,77.209,continental_subtropical,2024-06-29,2024-07-07,8,49.0,184.0,29.7,26.4,73.8,63.9,1008.7,10.1,38.9,1,7,135.0,3.3000000000000007,9.899999999999999,1,0,1,64.0,-0.4999999999999997,-0.8660254037844388,36.162,0.2471
REC_00383,Visakhapatnam,Andhra Pradesh,17.6868,83.2185,coastal_cyclonic,2024-06-29,2024-07-06,7,0.3,0.0,30.4,30.1,86.1,87.6,1008.7,20.9,20.6,1,7,0.3,0.29999999999999716,1.5,0,0,0,49.0,-0.4999999999999997,-0.8660254037844388,0.2583,0.3992
REC_01914,Krishna District,Andhra Pradesh,16.5062,80.648,coastal_humid,2024-06-29,2024-07-01,2,47.1,57.1,31.7,30.5,90.4,92.8,1006.7,51.4,4.3,1,7,10.0,1.1999999999999993,2.3999999999999915,0,0,0,4.0,-0.4999999999999997,-0.8660254037844388,42.5784,0.4008
REC_00140,Delhi,NCR,28.6139,77.209,continental_subtropical,2024-06-29,2024-07-03,4,28.4,27.2,32.9,34.2,79.9,80.3,1007.2,29.2,0.8,1,7,1.1999999999999993,1.3000000000000043,0.3999999999999915,0,0,0,16.0,-0.4999999999999997,-0.8660254037844388,22.691599999999998,0.2485
REC_02254,Mumbai,Maharashtra,19.076,72.8777,coastal_heavy_monsoon,2024-06-30,2024-07-02,2,1.3,0.0,30.1,30.9,69.5,78.3,1008.9,6.0,4.6,1,7,1.3,0.7999999999999972,8.799999999999997,0,0,0,4.0,-0.4999999999999997,-0.8660254037844388,0.9035000000000001,0.3836
REC_02481,Delhi,NCR,28.6139,77.209,continental_subtropical,2024-06-30,2024-07-06,6,3.0,6.3,29.0,26.5,96.0,100.0,1007.8,0.0,31.1,1,7,3.3,2.5,4.0,0,0,0,36.0,-0.4999999999999997,-0.8660254037844388,2.88,0.248
REC_02843,Bengaluru,Karnataka,12.9716,77.5946,plateau_temperate,2024-06-30,2024-07-06,6,25.8,13.8,27.0,26.1,77.4,90.1,1007.9,28.8,3.0,1,7,12.0,0.8999999999999986,12.699999999999989,0,0,0,36.0,-0.4999999999999997,-0.8660254037844388,19.969200000000004,0.3025
REC_01261,Delhi,NCR,28.6139,77.209,continental_subtropical,2024-06-30,2024-07-07,7,17.1,38.4,25.5,23.8,90.1,75.4,1012.9,42.9,25.8,1,7,21.299999999999997,1.6999999999999993,14.699999999999989,0,0,0,49.0,-0.4999999999999997,-0.8660254037844388,15.4071,0.2476
REC_02914,Delhi,NCR,28.6139,77.209,continental_subtropical,2024-06-30,2024-07-07,7,12.8,0.0,27.0,31.5,97.6,90.0,1008.3,0.0,25.7,1,7,12.8,4.5,7.599999999999994,0,1,1,49.0,-0.4999999999999997,-0.8660254037844388,12.492799999999999,0.2471
REC_00364,Delhi,NCR,28.6139,77.209,continental_subtropical,2024-06-30,2024-07-09,9,11.3,0.0,31.0,28.9,93.8,83.1,1003.3,4.5,6.8,1,7,11.3,2.1000000000000014,10.700000000000003,0,0,0,81.0,-0.4999999999999997,-0.8660254037844388,10.599400000000001,0.2485
REC_02289,Delhi,NCR,28.6139,77.209,continental_subtropical,2024-07-01,2024-07-05,4,0.0,0.0,30.1,34.4,88.6,95.0,1009.1,7.7,7.6,1,7,0.0,4.299999999999997,6.400000000000006,0,1,1,16.0,-0.4999999999999997,-0.8660254037844388,0.0,0.2481
REC_03029,Krishna District,Andhra Pradesh,16.5062,80.648,coastal_humid,2024-07-01,2024-07-06,5,27.7,7.0,28.8,29.7,74.9,72.0,1007.1,52.4,24.6,1,7,20.7,0.8999999999999986,2.9000000000000057,0,0,0,25.0,-0.4999999999999997,-0.8660254037844388,20.7473,0.4
REC_00530,Bengaluru,Karnataka,12.9716,77.5946,plateau_temperate,2024-07-01,2024-07-09,8,0.8,0.0,24.0,21.1,89.7,100.0,1008.8,0.0,8.3,1,7,0.8,2.8999999999999986,10.299999999999997,0,0,0,64.0,-0.4999999999999997,-0.8660254037844388,0.7176,0.3018
REC_03362,Bengaluru,Karnataka,12.9716,77.5946,plateau_temperate,2024-07-03,2024-07-11,8,2.3,15.0,28.5,28.5,86.8,96.3,1006.7,0.0,59.3,1,7,12.7,0.0,9.5,0,0,0,64.0,-0.4999999999999997,-0.8660254037844388,1.9964,0.3012
REC_01114,Krishna District,Andhra Pradesh,16.5062,80.648,coastal_humid,2024-07-03,2024-07-11,8,6.7,53.1,26.1,25.8,85.1,98.9,1011.2,0.0,30.1,1,7,46.4,0.3000000000000007,13.800000000000011,1,0,1,64.0,-0.4999999999999997,-0.8660254037844388,5.7017,0.3992
REC_02958,Delhi,NCR,28.6139,77.209,continental_subtropical,2024-07-03,2024-07-10,7,14.1,18.2,29.9,24.3,78.8,88.7,1010.1,0.0,49.7,1,7,4.1,5.599999999999998,9.900000000000006,0,1,1,49.0,-0.4999999999999997,-0.8660254037844388,11.1108,0.2495
REC_00339,Mumbai,Maharashtra,19.076,72.8777,coastal_heavy_monsoon,2024-07-03,2024-07-11,8,33.0,0.0,29.3,27.3,81.6,69.8,1002.3,3.3,29.7,1,7,33.0,2.0,11.799999999999997,1,0,1,64.0,-0.4999999999999997,-0.8660254037844388,26.927999999999997,0.3828
REC_02964,Delhi,NCR,28.6139,77.209,continental_subtropical,2024-07-03,2024-07-05,2,11.8,7.3,31.9,31.6,81.3,83.3,1005.8,10.7,1.1,1,7,4.500000000000001,0.29999999999999716,2.0,0,0,0,4.0,-0.4999999999999997,-0.8660254037844388,9.5934,0.251
REC_01053,Hyderabad,Telangana,17.385,78.4867,semi_arid,2024-07-03,2024-07-05,2,23.5,18.4,31.0,30.8,87.2,96.5,1003.9,19.8,3.8,1,7,5.100000000000001,0.1999999999999993,9.299999999999997,0,0,0,4.0,-0.4999999999999997,-0.8660254037844388,20.492000000000004,0.3002
REC_00784,Mumbai,Maharashtra,19.076,72.8777,coastal_heavy_monsoon,2024-07-03,2024-07-09,6,10.0,0.0,26.8,29.4,98.0,86.4,1004.6,0.2,9.9,1,7,10.0,2.599999999999998,11.599999999999994,0,0,0,36.0,-0.4999999999999997,-0.8660254037844388,9.8,0.3841
REC_01329,Krishna District,Andhra Pradesh,16.5062,80.648,coastal_humid,2024-07-04,2024-07-07,3,8.5,21.4,25.3,28.6,76.3,74.6,1008.5,17.0,8.5,1,7,12.899999999999999,3.3000000000000007,1.7000000000000028,0,0,0,9.0,-0.4999999999999997,-0.8660254037844388,6.485499999999999,0.4004
REC_03199,Krishna District,Andhra Pradesh,16.5062,80.648,coastal_humid,2024-07-04,2024-07-07,3,4.3,0.0,26.0,25.3,86.7,81.1,1011.1,9.6,5.4,1,7,4.3,0.6999999999999993,5.6000000000000085,0,0,0,9.0,-0.4999999999999997,-0.8660254037844388,3.7281,0.3996
REC_00351,Hyderabad,Telangana,17.385,78.4867,semi_arid,2024-07-04,2024-07-10,6,45.4,0.0,26.1,27.4,98.0,99.4,1003.6,51.2,5.8,1,7,45.4,1.2999999999999972,1.4000000000000057,1,0,1,36.0,-0.4999999999999997,-0.8660254037844388,44.492,0.2996
REC_00418,Krishna District,Andhra Pradesh,16.5062,80.648,coastal_humid,2024-07-04,2024-07-13,9,14.6,0.0,28.3,30.4,85.5,89.3,1005.1,7.4,7.2,1,7,14.6,2.099999999999998,3.799999999999997,0,0,0,81.0,-0.4999999999999997,-0.8660254037844388,12.482999999999999,0.3988
REC_01655,Visakhapatnam,Andhra Pradesh,17.6868,83.2185,coastal_cyclonic,2024-07-05,2024-07-15,10,19.2,41.1,28.1,33.8,87.3,93.3,1013.3,0.0,34.5,1,7,21.900000000000002,5.699999999999996,6.0,0,1,1,100.0,-0.4999999999999997,-0.8660254037844388,16.761599999999998,0.3984
REC_01524,Hyderabad,Telangana,17.385,78.4867,semi_arid,2024-07-05,2024-07-15,10,9.5,7.1,24.0,25.0,86.3,67.9,1000.8,34.2,24.8,1,7,2.4000000000000004,1.0,18.39999999999999,0,0,0,100.0,-0.4999999999999997,-0.8660254037844388,8.198500000000001,0.301
REC_03060,Hyderabad,Telangana,17.385,78.4867,semi_arid,2024-07-05,2024-07-12,7,26.1,61.9,25.8,29.2,92.4,88.5,1007.9,56.4,30.2,1,7,35.8,3.3999999999999986,3.9000000000000057,1,0,1,49.0,-0.4999999999999997,-0.8660254037844388,24.116400000000002,0.3004
REC_02357,Hyderabad,Telangana,17.385,78.4867,semi_arid,2024-07-05,2024-07-11,6,7.2,74.6,28.2,30.9,61.0,61.6,1007.3,30.3,23.1,1,7,67.39999999999999,2.6999999999999993,0.6000000000000014,1,0,1,36.0,-0.4999999999999997,-0.8660254037844388,4.3919999999999995,0.3017
REC_02864,Hyderabad,Telangana,17.385,78.4867,semi_arid,2024-07-06,2024-07-10,4,3.4,0.0,30.4,29.8,74.0,78.5,1010.6,16.1,12.7,1,7,3.4,0.5999999999999979,4.5,0,0,0,16.0,-0.4999999999999997,-0.8660254037844388,2.516,0.3031
REC_00661,Visakhapatnam,Andhra Pradesh,17.6868,83.2185,coastal_cyclonic,2024-07-06,2024-07-11,5,19.9,38.7,30.7,29.4,78.4,75.0,1006.2,28.0,8.1,1,7,18.800000000000004,1.3000000000000007,3.4000000000000057,0,0,0,25.0,-0.4999999999999997,-0.8660254037844388,15.601600000000001,0.3996
REC_01006,Mumbai,Maharashtra,19.076,72.8777,coastal_heavy_monsoon,2024-07-06,2024-07-15,9,9.8,43.9,30.5,28.8,78.4,82.0,1008.9,0.0,18.8,1,7,34.099999999999994,1.6999999999999993,3.5999999999999943,1,0,1,81.0,-0.4999999999999997,-0.8660254037844388,7.683200000000002,0.3833
REC_03310,Bengaluru,Karnataka,12.9716,77.5946,plateau_temperate,2024-07-07,2024-07-17,10,33.5,260.7,24.9,22.9,85.0,91.1,1008.5,72.8,39.3,1,7,227.2,2.0,6.099999999999994,1,0,1,100.0,-0.4999999999999997,-0.8660254037844388,28.475,0.3006
REC_02369,Visakhapatnam,Andhra Pradesh,17.6868,83.2185,coastal_cyclonic,2024-07-07,2024-07-16,9,19.3,47.8,27.3,22.1,78.1,77.3,1018.6,11.3,8.1,1,7,28.499999999999996,5.199999999999999,0.7999999999999972,1,1,1,81.0,-0.4999999999999997,-0.8660254037844388,15.0733,0.3988
REC_01627,Mumbai,Maharashtra,19.076,72.8777,coastal_heavy_monsoon,2024-07-07,2024-07-16,9,61.5,0.0,31.3,28.2,80.2,86.6,1014.4,73.4,12.0,1,7,61.5,3.1000000000000014,6.3999999999999915,1,0,1,81.0,-0.4999999999999997,-0.8660254037844388,49.323,0.3846
REC_02873,Krishna District,Andhra Pradesh,16.5062,80.648,coastal_humid,2024-07-07,2024-07-10,3,17.5,0.0,32.6,32.0,94.9,100.0,1012.0,23.2,5.7,1,7,17.5,0.6000000000000014,5.099999999999994,0,0,0,9.0,-0.4999999999999997,-0.8660254037844388,16.6075,0.398
REC_01935,Delhi,NCR,28.6139,77.209,continental_subtropical,2024-07-07,2024-07-11,4,0.3,0.0,27.1,27.7,80.6,71.6,1010.7,0.0,9.0,1,7,0.3,0.5999999999999979,9.0,0,0,0,16.0,-0.4999999999999997,-0.8660254037844388,0.24179999999999996,0.2505
REC_02719,Delhi,NCR,28.6139,77.209,continental_subtropical,2024-07-07,2024-07-11,4,49.3,39.4,25.8,26.3,83.5,91.9,1001.2,59.5,10.2,1,7,9.899999999999999,0.5,8.400000000000006,0,0,0,16.0,-0.4999999999999997,-0.8660254037844388,41.1655,0.25
REC_02815,Hyderabad,Telangana,17.385,78.4867,semi_arid,2024-07-08,2024-07-09,1,22.1,27.8,32.6,33.8,66.8,70.6,1012.5,21.3,0.8,1,7,5.699999999999999,1.1999999999999957,3.799999999999997,0,0,0,1.0,-0.4999999999999997,-0.8660254037844388,14.7628,0.3025
REC_01290,Hyderabad,Telangana,17.385,78.4867,semi_arid,2024-07-08,2024-07-11,3,19.4,28.0,28.4,29.7,78.5,76.7,1003.5,12.0,7.4,1,7,8.600000000000001,1.3000000000000007,1.7999999999999972,0,0,0,9.0,-0.4999999999999997,-0.8660254037844388,15.229,0.3019
REC_00894,Visakhapatnam,Andhra Pradesh,17.6868,83.2185,coastal_cyclonic,2024-07-08,2024-07-15,7,34.6,91.5,25.1,24.1,67.6,75.0,1012.3,76.1,41.5,1,7,56.9,1.0,7.400000000000006,1,0,1,49.0,-0.4999999999999997,-0.8660254037844388,23.3896,0.4
REC_01486,Visakhapatnam,Andhra Pradesh,17.6868,83.2185,coastal_cyclonic,2024-07-08,2024-07-18,10,25.2,49.0,28.1,36.6,79.5,53.9,1013.3,31.2,6.0,1,7,23.8,8.5,25.6,0,1,1,100.0,-0.4999999999999997,-0.8660254037844388,20.034,0.4012
REC_02880,Hyderabad,Telangana,17.385,78.4867,semi_arid,2024-07-09,2024-07-10,1,2.6,5.5,28.5,28.6,84.1,88.2,1012.3,1.4,1.1,1,7,2.9,0.10000000000000142,4.1000000000000085,0,0,0,1.0,-0.4999999999999997,-0.8660254037844388,2.1866,0.3013
REC_03066,Hyderabad,Telangana,17.385,78.4867,semi_arid,2024-07-09,2024-07-16,7,30.9,36.5,35.6,36.5,88.3,65.5,1008.4,73.2,42.3,1,7,5.600000000000001,0.8999999999999986,22.799999999999997,0,0,0,49.0,-0.4999999999999997,-0.8660254037844388,27.284699999999997,0.3008
REC_01927,Delhi,NCR,28.6139,77.209,continental_subtropical,2024-07-10,2024-07-19,9,1.6,11.3,29.5,24.4,83.7,94.5,1006.5,0.0,10.0,1,7,9.700000000000001,5.100000000000001,10.799999999999997,0,1,1,81.0,-0.4999999999999997,-0.8660254037844388,1.3392000000000002,0.2495
REC_01921,Bengaluru,Karnataka,12.9716,77.5946,plateau_temperate,2024-07-10,2024-07-17,7,5.9,24.4,25.9,26.1,87.0,74.2,1004.2,0.0,6.9,1,7,18.5,0.20000000000000284,12.799999999999997,0,0,0,49.0,-0.4999999999999997,-0.8660254037844388,5.133000000000001,0.302
REC_00780,Visakhapatnam,Andhra Pradesh,17.6868,83.2185,coastal_cyclonic,2024-07-10,2024-07-17,7,32.8,114.0,34.2,38.6,71.8,75.1,1004.4,62.9,30.2,1,7,81.2,4.399999999999999,3.299999999999997,1,1,1,49.0,-0.4999999999999997,-0.8660254037844388,23.550399999999996,0.4024
REC_01089,Visakhapatnam,Andhra Pradesh,17.6868,83.2185,coastal_cyclonic,2024-07-10,2024-07-12,2,58.7,95.8,28.6,30.9,90.7,86.4,1007.8,59.9,1.2,1,7,37.099999999999994,2.299999999999997,4.299999999999997,1,0,1,4.0,-0.4999999999999997,-0.8660254037844388,53.2409,0.4037
REC_00855,Hyderabad,Telangana,17.385,78.4867,semi_arid,2024-07-10,2024-07-12,2,15.7,20.4,30.0,29.0,76.5,78.6,1010.6,16.1,0.4,1,7,4.699999999999999,1.0,2.0999999999999943,0,0,0,4.0,-0.4999999999999997,-0.8660254037844388,12.0105,0.3002
REC_02154,Mumbai,Maharashtra,19.076,72.8777,coastal_heavy_monsoon,2024-07-10,2024-07-13,3,28.5,33.8,26.6,27.4,87.5,83.6,1004.8,23.8,4.7,1,7,5.299999999999997,0.7999999999999972,3.9000000000000057,0,0,0,9.0,-0.4999999999999997,-0.8660254037844388,24.9375,0.3859
REC_00527,Krishna District,Andhra Pradesh,16.5062,80.648,coastal_humid,2024-07-11,2024-07-15,4,40.6,1.6,30.9,29.0,88.5,96.7,1007.4,47.4,6.8,1,7,39.0,1.8999999999999986,8.200000000000003,1,0,1,16.0,-0.4999999999999997,-0.8660254037844388,35.931,0.3973
REC_00675,Bengaluru,Karnataka,12.9716,77.5946,plateau_temperate,2024-07-11,2024-07-16,5,3.8,12.8,24.4,20.7,78.0,62.2,1004.7,9.7,5.8,1,7,9.0,3.6999999999999993,15.799999999999997,0,1,1,25.0,-0.4999999999999997,-0.8660254037844388,2.964,0.3014
REC_02178,Krishna District,Andhra Pradesh,16.5062,80.648,coastal_humid,2024-07-12,2024-07-14,2,6.0,10.0,28.8,29.0,83.9,84.6,1012.6,11.1,5.1,1,7,4.0,0.1999999999999993,0.6999999999999886,0,0,0,4.0,-0.4999999999999997,-0.8660254037844388,5.034000000000001,0.3984
REC_00736,Delhi,NCR,28.6139,77.209,continental_subtropical,2024-07-12,2024-07-20,8,0.3,0.0,30.0,31.9,90.2,100.0,1007.2,15.8,15.4,1,7,0.3,1.8999999999999986,9.799999999999997,0,0,0,64.0,-0.4999999999999997,-0.8660254037844388,0.2706,0.251
REC_00686,Delhi,NCR,28.6139,77.209,continental_subtropical,2024-07-12,2024-07-22,10,33.1,73.7,27.0,20.4,79.2,71.4,1011.1,70.9,37.8,1,7,40.6,6.600000000000001,7.799999999999997,1,1,1,100.0,-0.4999999999999997,-0.8660254037844388,26.2152,0.2505
REC_02112,Hyderabad,Telangana,17.385,78.4867,semi_arid,2024-07-12,2024-07-22,10,5.7,92.4,29.0,30.4,80.8,77.9,1015.3,2.9,2.9,1,7,86.7,1.3999999999999986,2.8999999999999915,1,0,1,100.0,-0.4999999999999997,-0.8660254037844388,4.6056,0.2996
REC_00612,Hyderabad,Telangana,17.385,78.4867,semi_arid,2024-07-13,2024-07-16,3,2.5,0.0,25.9,26.8,90.2,90.3,1011.2,2.3,0.1,1,7,2.5,0.9000000000000021,0.09999999999999432,0,0,0,9.0,-0.4999999999999997,-0.8660254037844388,2.255,0.301
REC_01433,Bengaluru,Karnataka,12.9716,77.5946,plateau_temperate,2024-07-13,2024-07-17,4,7.6,0.0,28.9,33.4,76.2,78.1,1011.1,0.0,10.1,1,7,7.6,4.5,1.8999999999999915,0,1,1,16.0,-0.4999999999999997,-0.8660254037844388,5.7912,0.3028
REC_02497,Krishna District,Andhra Pradesh,16.5062,80.648,coastal_humid,2024-07-14,2024-07-16,2,3.8,8.7,31.4,32.8,90.6,91.0,1006.1,3.3,0.5,1,7,4.8999999999999995,1.3999999999999986,0.4000000000000057,0,0,0,4.0,-0.4999999999999997,-0.8660254037844388,3.4427999999999996,0.3977
REC_01091,Bengaluru,Karnataka,12.9716,77.5946,plateau_temperate,2024-07-14,2024-07-24,10,17.1,1.0,31.1,22.5,76.9,67.3,1012.8,0.0,64.2,1,7,16.1,8.600000000000001,9.600000000000009,0,1,1,100.0,-0.4999999999999997,-0.8660254037844388,13.149900000000002,0.3043
REC_02164,Delhi,NCR,28.6139,77.209,continental_subtropical,2024-07-14,2024-07-16,2,7.8,34.7,26.6,25.3,84.4,80.7,1008.4,6.1,1.7,1,7,26.900000000000002,1.3000000000000007,3.700000000000003,1,0,1,4.0,-0.4999999999999997,-0.8660254037844388,6.583200000000001,0.2519
REC_02132,Mumbai,Maharashtra,19.076,72.8777,coastal_heavy_monsoon,2024-07-14,2024-07-21,7,6.8,0.0,23.1,23.0,84.0,83.6,1012.2,4.4,2.4,1,7,6.8,0.10000000000000142,0.4000000000000057,0,0,0,49.0,-0.4999999999999997,-0.8660254037844388,5.712,0.3851
REC_02716,Mumbai,Maharashtra,19.076,72.8777,coastal_heavy_monsoon,2024-07-15,2024-07-16,1,1.0,3.7,27.8,28.7,84.0,83.7,1006.0,0.0,1.4,1,7,2.7,0.8999999999999986,0.29999999999999716,0,0,0,1.0,-0.4999999999999997,-0.8660254037844388,0.84,0.3843
REC_01466,Visakhapatnam,Andhra Pradesh,17.6868,83.2185,coastal_cyclonic,2024-07-15,2024-07-21,6,12.2,35.0,24.1,22.2,98.0,94.5,1010.4,0.0,35.4,1,7,22.8,1.9000000000000021,3.5,0,0,0,36.0,-0.4999999999999997,-0.8660254037844388,11.956,0.4049
REC_01097,Krishna District,Andhra Pradesh,16.5062,80.648,coastal_humid,2024-07-15,2024-07-23,8,19.1,0.0,30.2,30.6,76.1,72.5,1006.2,18.9,0.2,1,7,19.1,0.40000000000000213,3.5999999999999943,0,0,0,64.0,-0.4999999999999997,-0.8660254037844388,14.5351,0.3969
REC_02405,Bengaluru,Karnataka,12.9716,77.5946,plateau_temperate,2024-07-15,2024-07-23,8,24.9,75.2,31.8,36.1,68.3,74.2,1007.6,55.3,30.4,1,7,50.300000000000004,4.300000000000001,5.900000000000006,1,1,1,64.0,-0.4999999999999997,-0.8660254037844388,17.0067,0.3057
REC_02721,Mumbai,Maharashtra,19.076,72.8777,coastal_heavy_monsoon,2024-07-15,2024-07-23,8,0.6,8.9,28.7,31.9,81.6,86.2,1005.0,0.0,7.6,1,7,8.3,3.1999999999999993,4.6000000000000085,0,0,0,64.0,-0.4999999999999997,-0.8660254037844388,0.4895999999999999,0.3835
REC_01185,Hyderabad,Telangana,17.385,78.4867,semi_arid,2024-07-15,2024-07-24,9,0.8,35.0,26.3,27.7,91.6,89.8,1002.8,0.0,28.2,1,7,34.2,1.3999999999999986,1.7999999999999972,1,0,1,81.0,-0.4999999999999997,-0.8660254037844388,0.7328,0.3004
REC_01777,Krishna District,Andhra Pradesh,16.5062,80.648,coastal_humid,2024-07-16,2024-07-23,7,15.3,67.6,27.2,24.8,81.4,69.9,1013.2,31.1,15.8,1,7,52.3,2.3999999999999986,11.5,1,0,1,49.0,-0.4999999999999997,-0.8660254037844388,12.4542,0.3961
REC_03276,Krishna District,Andhra Pradesh,16.5062,80.648,coastal_humid,2024-07-16,2024-07-23,7,2.2,0.2,30.7,28.2,80.9,85.6,1004.2,0.0,30.4,1,7,2.0,2.5,4.699999999999989,0,0,0,49.0,-0.4999999999999997,-0.8660254037844388,1.7798000000000003,0.3973
REC_01843,Delhi,NCR,28.6139,77.209,continental_subtropical,2024-07-16,2024-07-25,9,1.8,97.9,27.3,26.8,78.1,91.5,1008.8,17.4,15.6,1,7,96.10000000000001,0.5,13.400000000000006,1,0,1,81.0,-0.4999999999999997,-0.8660254037844388,1.4058,0.2533
REC_02834,Krishna District,Andhra Pradesh,16.5062,80.648,coastal_humid,2024-07-17,2024-07-22,5,63.1,0.0,29.7,27.7,85.8,80.0,1011.6,60.9,2.2,1,7,63.1,2.0,5.799999999999997,1,0,1,25.0,-0.4999999999999997,-0.8660254037844388,54.139799999999994,0.3965
REC_03156,Bengaluru,Karnataka,12.9716,77.5946,plateau_temperate,2024-07-17,2024-07-27,10,13.5,0.0,28.2,25.0,91.9,99.4,1002.2,0.0,17.5,1,7,13.5,3.1999999999999993,7.5,0,0,0,100.0,-0.4999999999999997,-0.8660254037844388,12.406500000000001,0.3071
REC_00009,Krishna District,Andhra Pradesh,16.5062,80.648,coastal_humid,2024-07-17,2024-07-20,3,3.6,34.4,31.9,30.6,88.4,86.1,1014.0,1.0,2.5,1,7,30.799999999999997,1.2999999999999972,2.3000000000000114,1,0,1,9.0,-0.4999999999999997,-0.8660254037844388,3.1824,0.3977
REC_02613,Mumbai,Maharashtra,19.076,72.8777,coastal_heavy_monsoon,2024-07-17,2024-07-18,1,19.4,21.8,30.7,31.4,72.2,72.3,1006.5,20.1,0.7,1,7,2.400000000000002,0.6999999999999993,0.09999999999999432,0,0,0,1.0,-0.4999999999999997,-0.8660254037844388,14.0068,0.3827
REC_02477,Bengaluru,Karnataka,12.9716,77.5946,plateau_temperate,2024-07-17,2024-07-18,1,3.0,1.0,32.6,33.2,79.8,82.3,1018.2,4.1,1.1,1,7,2.0,0.6000000000000014,2.5,0,0,0,1.0,-0.4999999999999997,-0.8660254037844388,2.3939999999999997,0.3065
REC_02806,Mumbai,Maharashtra,19.076,72.8777,coastal_heavy_monsoon,2024-07-17,2024-07-19,2,46.2,37.3,32.0,33.0,76.1,75.7,1012.0,47.1,0.9,1,7,8.900000000000006,1.0,0.3999999999999915,0,0,0,4.0,-0.4999999999999997,-0.8660254037844388,35.1582,0.3819
REC_03426,Hyderabad,Telangana,17.385,78.4867,semi_arid,2024-07-18,2024-07-23,5,34.8,44.8,31.1,26.4,90.9,79.2,1007.0,63.4,28.5,1,7,10.0,4.700000000000003,11.700000000000003,0,1,1,25.0,-0.4999999999999997,-0.8660254037844388,31.633200000000002,0.3017
REC_00237,Mumbai,Maharashtra,19.076,72.8777,coastal_heavy_monsoon,2024-07-18,2024-07-27,9,24.1,55.4,23.1,26.1,87.9,100.0,1011.4,0.0,40.3,1,7,31.299999999999997,3.0,12.099999999999994,1,0,1,81.0,-0.4999999999999997,-0.8660254037844388,21.183900000000005,0.3811
REC_00449,Mumbai,Maharashtra,19.076,72.8777,coastal_heavy_monsoon,2024-07-18,2024-07-28,10,11.4,0.0,29.3,27.1,86.1,94.7,1004.3,0.0,40.7,1,7,11.4,2.1999999999999993,8.600000000000009,0,0,0,100.0,-0.4999999999999997,-0.8660254037844388,9.8154,0.3824
REC_02074,Delhi,NCR,28.6139,77.209,continental_subtropical,2024-07-19,2024-07-23,4,5.3,3.1,24.8,25.0,75.6,79.6,1010.0,4.9,0.4,1,7,2.1999999999999997,0.1999999999999993,4.0,0,0,0,16.0,-0.4999999999999997,-0.8660254037844388,4.006799999999999,0.2548
REC_02193,Krishna District,Andhra Pradesh,16.5062,80.648,coastal_humid,2024-07-19,2024-07-25,6,115.7,385.7,25.0,28.3,82.8,99.6,1007.9,116.8,1.1,1,7,270.0,3.3000000000000007,16.799999999999997,1,0,1,36.0,-0.4999999999999997,-0.8660254037844388,95.7996,0.3988
REC_03073,Krishna District,Andhra Pradesh,16.5062,80.648,coastal_humid,2024-07-19,2024-07-26,7,61.2,109.8,28.1,28.4,80.3,87.1,1012.6,51.8,9.4,1,7,48.599999999999994,0.29999999999999716,6.799999999999997,1,0,1,49.0,-0.4999999999999997,-0.8660254037844388,49.1436,0.4
REC_03425,Mumbai,Maharashtra,19.076,72.8777,coastal_heavy_monsoon,2024-07-19,2024-07-28,9,91.1,0.0,33.2,27.8,61.5,58.7,1007.4,106.7,15.6,1,7,91.1,5.400000000000002,2.799999999999997,1,1,1,81.0,-0.4999999999999997,-0.8660254037844388,56.0265,0.3816
REC_01422,Delhi,NCR,28.6139,77.209,continental_subtropical,2024-07-19,2024-07-29,10,6.9,10.4,29.2,30.8,85.5,86.3,1007.7,0.0,39.3,1,7,3.5,1.6000000000000014,0.7999999999999972,0,0,0,100.0,-0.4999999999999997,-0.8660254037844388,5.899500000000001,0.2543
REC_01665,Visakhapatnam,Andhra Pradesh,17.6868,83.2185,coastal_cyclonic,2024-07-20,2024-07-23,3,25.1,49.0,25.5,25.4,77.1,70.7,1016.2,32.4,7.3,1,7,23.9,0.10000000000000142,6.3999999999999915,0,0,0,9.0,-0.4999999999999997,-0.8660254037844388,19.3521,0.404
REC_00685,Visakhapatnam,Andhra Pradesh,17.6868,83.2185,coastal_cyclonic,2024-07-20,2024-07-24,4,10.2,5.2,32.7,32.1,80.5,86.7,1004.0,20.8,10.7,1,7,4.999999999999999,0.6000000000000014,6.200000000000003,0,0,0,16.0,-0.4999999999999997,-0.8660254037844388,8.210999999999999,0.4032
REC_00909,Delhi,NCR,28.6139,77.209,continental_subtropical,2024-07-20,2024-07-21,1,13.2,13.4,27.7,27.5,87.4,90.5,996.9,11.2,2.0,1,7,0.20000000000000107,0.1999999999999993,3.0999999999999943,0,0,0,1.0,-0.4999999999999997,-0.8660254037844388,11.536800000000001,0.2538
REC_02186,Mumbai,Maharashtra,19.076,72.8777,coastal_heavy_monsoon,2024-07-21,2024-07-22,1,10.3,20.8,29.7,29.2,90.9,92.9,1007.6,11.2,0.9,1,7,10.5,0.5,2.0,0,0,0,1.0,-0.4999999999999997,-0.8660254037844388,9.3627,0.3828
REC_00951,Delhi,NCR,28.6139,77.209,continental_subtropical,2024-07-21,2024-07-23,2,29.3,33.3,30.6,32.8,85.7,84.4,1008.9,30.2,0.9,1,7,3.9999999999999964,2.1999999999999957,1.2999999999999972,0,0,0,4.0,-0.4999999999999997,-0.8660254037844388,25.110100000000003,0.2533
REC_00011,Visakhapatnam,Andhra Pradesh,17.6868,83.2185,coastal_cyclonic,2024-07-21,2024-07-27,6,14.8,0.0,26.6,29.5,87.9,90.3,1007.2,22.7,7.9,1,7,14.8,2.8999999999999986,2.3999999999999915,0,0,0,36.0,-0.4999999999999997,-0.8660254037844388,13.0092,0.4024
REC_00303,Mumbai,Maharashtra,19.076,72.8777,coastal_heavy_monsoon,2024-07-21,2024-07-30,9,2.0,0.0,26.9,26.3,89.5,96.4,1015.3,22.6,20.6,1,7,2.0,0.5999999999999979,6.900000000000006,0,0,0,81.0,-0.4999999999999997,-0.8660254037844388,1.79,0.382
REC_00250,Mumbai,Maharashtra,19.076,72.8777,coastal_heavy_monsoon,2024-07-22,2024-07-29,7,13.2,59.9,32.1,26.1,74.8,100.0,1005.4,26.6,13.5,1,7,46.7,6.0,25.200000000000003,1,1,1,49.0,-0.4999999999999997,-0.8660254037844388,9.8736,0.3812
REC_03039,Delhi,NCR,28.6139,77.209,continental_subtropical,2024-07-22,2024-07-31,9,32.6,78.9,30.9,31.7,76.2,79.0,1003.5,4.7,27.9,1,7,46.300000000000004,0.8000000000000007,2.799999999999997,1,0,1,81.0,-0.4999999999999997,-0.8660254037844388,24.841200000000004,0.2528
REC_01555,Mumbai,Maharashtra,19.076,72.8777,coastal_heavy_monsoon,2024-07-22,2024-08-01,10,6.8,38.3,30.0,24.2,83.3,84.1,1016.0,0.0,42.2,1,8,31.499999999999996,5.800000000000001,0.7999999999999972,1,1,1,100.0,-0.8660254037844385,-0.5000000000000004,5.6644,0.3825
REC_01152,Mumbai,Maharashtra,19.076,72.8777,coastal_heavy_monsoon,2024-07-23,2024-07-27,4,13.0,12.1,27.7,28.9,88.5,87.0,1004.3,9.7,3.4,1,7,0.9000000000000004,1.1999999999999993,1.5,0,0,0,16.0,-0.4999999999999997,-0.8660254037844388,11.505,0.3838
REC_00274,Krishna District,Andhra Pradesh,16.5062,80.648,coastal_humid,2024-07-23,2024-07-28,5,102.4,263.1,24.9,21.5,83.4,76.8,1009.0,105.7,3.3,1,7,160.70000000000002,3.3999999999999986,6.6000000000000085,1,0,1,25.0,-0.4999999999999997,-0.8660254037844388,85.40160000000002,0.4012
REC_01628,Krishna District,Andhra Pradesh,16.5062,80.648,coastal_humid,2024-07-24,2024-08-03,10,3.3,1.7,29.5,32.2,71.1,85.1,1007.1,37.9,34.5,1,8,1.5999999999999999,2.700000000000003,14.0,0,0,0,100.0,-0.8660254037844385,-0.5000000000000004,2.3463,0.4023
REC_02209,Delhi,NCR,28.6139,77.209,continental_subtropical,2024-07-24,2024-08-03,10,9.4,68.5,29.6,25.5,79.2,100.0,1010.2,0.0,23.2,1,8,59.1,4.100000000000001,20.799999999999997,1,1,1,100.0,-0.8660254037844385,-0.5000000000000004,7.4448,0.2542
REC_02913,Mumbai,Maharashtra,19.076,72.8777,coastal_heavy_monsoon,2024-07-24,2024-08-03,10,8.7,34.7,30.5,37.0,66.6,72.1,1005.9,0.0,49.1,1,8,26.000000000000004,6.5,5.5,1,1,1,100.0,-0.8660254037844385,-0.5000000000000004,5.7942,0.383
REC_01637,Bengaluru,Karnataka,12.9716,77.5946,plateau_temperate,2024-07-24,2024-08-02,9,1.6,0.0,28.8,31.7,87.9,90.5,1008.0,0.0,54.5,1,8,1.6,2.8999999999999986,2.5999999999999943,0,0,0,81.0,-0.8660254037844385,-0.5000000000000004,1.4064,0.3058
REC_01423,Bengaluru,Karnataka,12.9716,77.5946,plateau_temperate,2024-07-24,2024-07-28,4,16.3,37.7,29.9,28.7,87.0,90.7,1004.4,5.3,11.1,1,7,21.400000000000002,1.1999999999999993,3.700000000000003,0,0,0,16.0,-0.4999999999999997,-0.8660254037844388,14.181000000000001,0.3052
REC_03417,Hyderabad,Telangana,17.385,78.4867,semi_arid,2024-07-24,2024-07-29,5,5.4,0.0,25.4,27.6,91.9,88.5,1001.1,0.0,9.2,1,7,5.4,2.200000000000003,3.4000000000000057,0,0,0,25.0,-0.4999999999999997,-0.8660254037844388,4.9626,0.303
REC_00052,Mumbai,Maharashtra,19.076,72.8777,coastal_heavy_monsoon,2024-07-24,2024-07-27,3,46.6,89.8,28.2,25.8,68.3,64.9,1013.4,47.4,0.9,1,7,43.199999999999996,2.3999999999999986,3.3999999999999915,1,0,1,9.0,-0.4999999999999997,-0.8660254037844388,31.827799999999996,0.3843
REC_00701,Visakhapatnam,Andhra Pradesh,17.6868,83.2185,coastal_cyclonic,2024-07-24,2024-07-31,7,82.6,206.1,23.1,21.4,79.8,83.9,1008.0,46.7,35.9,1,7,123.5,1.7000000000000028,4.1000000000000085,1,0,1,49.0,-0.4999999999999997,-0.8660254037844388,65.9148,0.4016
REC_01796,Hyderabad,Telangana,17.385,78.4867,semi_arid,2024-07-25,2024-07-26,1,18.0,10.4,26.9,26.2,98.0,95.6,1004.0,16.1,2.0,1,7,7.6,0.6999999999999993,2.4000000000000057,0,0,0,1.0,-0.4999999999999997,-0.8660254037844388,17.64,0.3025
REC_03075,Hyderabad,Telangana,17.385,78.4867,semi_arid,2024-07-25,2024-07-27,2,0.1,9.4,25.7,27.0,76.7,74.2,1005.1,0.9,0.7,1,7,9.3,1.3000000000000007,2.5,0,0,0,4.0,-0.4999999999999997,-0.8660254037844388,0.0767,0.3019
REC_00343,Delhi,NCR,28.6139,77.209,continental_subtropical,2024-07-25,2024-07-28,3,4.0,7.5,26.9,27.3,83.0,82.5,1012.6,10.1,6.1,1,7,3.5,0.40000000000000213,0.5,0,0,0,9.0,-0.4999999999999997,-0.8660254037844388,3.32,0.2556
REC_00430,Visakhapatnam,Andhra Pradesh,17.6868,83.2185,coastal_cyclonic,2024-07-25,2024-07-28,3,5.9,3.3,35.5,34.0,86.0,92.9,1015.2,0.6,5.3,1,7,2.6000000000000005,1.5,6.900000000000006,0,0,0,9.0,-0.4999999999999997,-0.8660254037844388,5.074000000000001,0.4028
REC_02781,Bengaluru,Karnataka,12.9716,77.5946,plateau_temperate,2024-07-25,2024-07-29,4,16.7,12.6,30.1,30.9,66.3,72.6,1005.6,10.5,6.3,1,7,4.1,0.7999999999999972,6.299999999999997,0,0,0,16.0,-0.4999999999999997,-0.8660254037844388,11.072099999999999,0.3046
REC_00583,Visakhapatnam,Andhra Pradesh,17.6868,83.2185,coastal_cyclonic,2024-07-25,2024-08-04,10,16.1,0.0,32.2,35.5,75.8,74.0,1008.5,20.2,4.1,1,8,16.1,3.299999999999997,1.7999999999999972,0,0,0,100.0,-0.8660254037844385,-0.5000000000000004,12.203800000000001,0.402
REC_02212,Visakhapatnam,Andhra Pradesh,17.6868,83.2185,coastal_cyclonic,2024-07-26,2024-08-03,8,43.2,0.0,30.5,33.2,84.0,87.5,1010.2,27.3,15.9,1,8,43.2,2.700000000000003,3.5,1,0,1,64.0,-0.8660254037844385,-0.5000000000000004,36.288000000000004,0.4012
REC_03268,Bengaluru,Karnataka,12.9716,77.5946,plateau_temperate,2024-07-26,2024-08-02,7,5.7,19.1,28.9,27.5,78.2,84.2,1015.6,0.0,11.4,1,8,13.400000000000002,1.3999999999999986,6.0,0,0,0,49.0,-0.8660254037844385,-0.5000000000000004,4.4574,0.304
REC_01573,Krishna District,Andhra Pradesh,16.5062,80.648,coastal_humid,2024-07-26,2024-07-30,4,3.9,4.9,30.4,31.2,87.3,83.0,1005.7,15.9,12.1,1,7,1.0000000000000004,0.8000000000000007,4.299999999999997,0,0,0,16.0,-0.4999999999999997,-0.8660254037844388,3.4046999999999996,0.4015
REC_02550,Hyderabad,Telangana,17.385,78.4867,semi_arid,2024-07-26,2024-07-28,2,4.6,0.0,22.9,23.5,90.1,96.0,1011.0,7.5,2.9,1,7,4.6,0.6000000000000014,5.900000000000006,0,0,0,4.0,-0.4999999999999997,-0.8660254037844388,4.1446,0.3013
REC_01852,Hyderabad,Telangana,17.385,78.4867,semi_arid,2024-07-26,2024-08-01,6,8.8,9.2,31.6,33.6,86.7,93.3,1010.7,0.0,21.7,1,8,0.3999999999999986,2.0,6.599999999999994,0,0,0,36.0,-0.8660254037844385,-0.5000000000000004,7.6296,0.3008
REC_01757,Visakhapatnam,Andhra Pradesh,17.6868,83.2185,coastal_cyclonic,2024-07-27,2024-07-28,1,3.3,3.6,24.1,24.8,80.6,83.1,1004.0,4.1,0.8,1,7,0.30000000000000027,0.6999999999999993,2.5,0,0,0,1.0,-0.4999999999999997,-0.8660254037844388,2.6597999999999997,0.4024
REC_00830,Krishna District,Andhra Pradesh,16.5062,80.648,coastal_humid,2024-07-27,2024-07-31,4,1.7,0.0,27.9,28.0,75.2,73.1,1006.1,0.0,5.8,1,7,1.7,0.10000000000000142,2.1000000000000085,0,0,0,16.0,-0.4999999999999997,-0.8660254037844388,1.2784,0.4008
REC_00487,Bengaluru,Karnataka,12.9716,77.5946,plateau_temperate,2024-07-27,2024-08-01,5,1.6,0.0,25.8,26.5,73.5,66.4,1004.3,8.8,7.2,1,8,1.6,0.6999999999999993,7.099999999999994,0,0,0,25.0,-0.8660254037844385,-0.5000000000000004,1.1760000000000002,0.3034
REC_01952,Hyderabad,Telangana,17.385,78.4867,semi_arid,2024-07-27,2024-08-03,7,26.0,12.5,27.9,30.5,85.8,97.0,1009.1,39.7,13.7,1,8,13.5,2.6000000000000014,11.200000000000003,0,0,0,49.0,-0.8660254037844385,-0.5000000000000004,22.307999999999996,0.3002
REC_02714,Krishna District,Andhra Pradesh,16.5062,80.648,coastal_humid,2024-07-28,2024-08-02,5,3.3,10.2,33.4,31.4,86.7,78.4,1010.8,10.2,6.9,1,8,6.8999999999999995,2.0,8.299999999999997,0,0,0,25.0,-0.8660254037844385,-0.5000000000000004,2.8611,0.4
REC_02420,Hyderabad,Telangana,17.385,78.4867,semi_arid,2024-07-28,2024-08-05,8,46.0,0.0,27.8,26.8,66.5,89.1,1003.5,28.7,17.3,1,8,46.0,1.0,22.599999999999994,1,0,1,64.0,-0.8660254037844385,-0.5000000000000004,30.59,0.2996
REC_02724,Bengaluru,Karnataka,12.9716,77.5946,plateau_temperate,2024-07-28,2024-08-04,7,13.1,0.0,23.1,20.3,80.5,67.6,1010.7,0.0,36.1,1,8,13.1,2.8000000000000007,12.900000000000006,0,0,0,49.0,-0.8660254037844385,-0.5000000000000004,10.545499999999999,0.3028
REC_01673,Krishna District,Andhra Pradesh,16.5062,80.648,coastal_humid,2024-07-28,2024-08-02,5,33.6,23.2,35.0,35.5,86.1,75.4,1006.2,16.8,16.7,1,8,10.400000000000002,0.5,10.699999999999989,0,0,0,25.0,-0.8660254037844385,-0.5000000000000004,28.9296,0.3992
REC_01953,Delhi,NCR,28.6139,77.209,continental_subtropical,2024-07-28,2024-08-03,6,5.8,0.0,30.4,33.3,81.1,89.9,1007.6,6.5,0.7,1,8,5.8,2.8999999999999986,8.800000000000011,0,0,0,36.0,-0.8660254037844385,-0.5000000000000004,4.703799999999999,0.2552
REC_02018,Bengaluru,Karnataka,12.9716,77.5946,plateau_temperate,2024-07-28,2024-08-01,4,5.4,13.5,25.6,25.0,91.5,90.1,1003.2,30.7,25.3,1,8,8.1,0.6000000000000014,1.4000000000000057,0,0,0,16.0,-0.8660254037844385,-0.5000000000000004,4.941,0.3022
REC_01710,Bengaluru,Karnataka,12.9716,77.5946,plateau_temperate,2024-07-28,2024-07-31,3,10.1,8.1,27.9,27.6,79.2,75.7,999.0,11.6,1.4,1,7,2.0,0.29999999999999716,3.5,0,0,0,9.0,-0.4999999999999997,-0.8660254037844388,7.999199999999999,0.3016
REC_03152,Visakhapatnam,Andhra Pradesh,17.6868,83.2185,coastal_cyclonic,2024-07-28,2024-07-30,2,51.9,12.2,30.8,29.2,77.6,77.5,1001.8,51.5,0.4,1,7,39.7,1.6000000000000014,0.09999999999999432,1,0,1,4.0,-0.4999999999999997,-0.8660254037844388,40.27439999999999,0.4016
REC_00943,Bengaluru,Karnataka,12.9716,77.5946,plateau_temperate,2024-07-28,2024-07-30,2,4.8,5.5,27.7,27.9,82.3,85.4,1007.4,8.2,3.4,1,7,0.7000000000000002,0.1999999999999993,3.1000000000000085,0,0,0,4.0,-0.4999999999999997,-0.8660254037844388,3.9503999999999997,0.301
REC_00680,Delhi,NCR,28.6139,77.209,continental_subtropical,2024-07-28,2024-08-02,5,19.2,14.2,23.8,24.0,70.0,76.1,1004.3,0.0,19.3,1,8,5.0,0.1999999999999993,6.099999999999994,0,0,0,25.0,-0.8660254037844385,-0.5000000000000004,13.44,0.2547
REC_00961,Krishna District,Andhra Pradesh,16.5062,80.648,coastal_humid,2024-07-29,2024-07-30,1,4.4,6.6,30.0,30.6,79.6,83.8,1005.2,7.0,2.5,1,7,2.1999999999999993,0.6000000000000014,4.200000000000003,0,0,0,1.0,-0.4999999999999997,-0.8660254037844388,3.5024,0.3985
REC_01653,Krishna District,Andhra Pradesh,16.5062,80.648,coastal_humid,2024-07-29,2024-08-04,6,1.2,0.0,25.5,22.5,92.4,66.1,1011.7,29.4,28.3,1,8,1.2,3.0,26.30000000000001,0,0,0,36.0,-0.8660254037844385,-0.5000000000000004,1.1088,0.3977
REC_01531,Krishna District,Andhra Pradesh,16.5062,80.648,coastal_humid,2024-07-29,2024-08-05,7,5.2,0.0,29.9,33.3,78.3,80.5,1008.9,7.5,2.3,1,8,5.2,3.3999999999999986,2.200000000000003,0,0,0,49.0,-0.8660254037844385,-0.5000000000000004,4.0716,0.397
REC_02383,Visakhapatnam,Andhra Pradesh,17.6868,83.2185,coastal_cyclonic,2024-07-29,2024-08-05,7,7.8,52.0,27.9,27.8,79.5,91.5,1006.4,8.7,0.9,1,8,44.2,0.09999999999999787,12.0,1,0,1,49.0,-0.8660254037844385,-0.5000000000000004,6.2010000000000005,0.4028
REC_01574,Bengaluru,Karnataka,12.9716,77.5946,plateau_temperate,2024-07-29,2024-08-06,8,3.3,48.9,31.4,36.7,87.5,92.6,1012.2,0.0,14.8,1,8,45.6,5.300000000000004,5.099999999999994,1,1,1,64.0,-0.8660254037844385,-0.5000000000000004,2.8875,0.3004
REC_00478,Mumbai,Maharashtra,19.076,72.8777,coastal_heavy_monsoon,2024-07-29,2024-08-07,9,12.4,5.3,29.7,41.2,84.2,100.0,999.5,0.0,31.7,1,8,7.1000000000000005,11.500000000000004,15.799999999999997,0,1,1,81.0,-0.8660254037844385,-0.5000000000000004,10.440800000000001,0.3856
REC_00582,Delhi,NCR,28.6139,77.209,continental_subtropical,2024-07-29,2024-08-08,10,22.4,78.0,31.4,27.3,83.7,100.0,1006.8,30.3,7.9,1,8,55.6,4.099999999999998,16.299999999999997,1,1,1,100.0,-0.8660254037844385,-0.5000000000000004,18.7488,0.2542
REC_03416,Hyderabad,Telangana,17.385,78.4867,semi_arid,2024-07-31,2024-08-08,8,48.0,26.0,26.7,23.7,89.3,100.0,1007.4,56.0,8.0,1,8,22.0,3.0,10.700000000000003,0,0,0,64.0,-0.8660254037844385,-0.5000000000000004,42.864,0.3009
REC_00448,Visakhapatnam,Andhra Pradesh,17.6868,83.2185,coastal_cyclonic,2024-07-31,2024-08-08,8,22.7,0.0,26.0,24.8,91.2,90.5,1013.5,30.8,8.1,1,8,22.7,1.1999999999999993,0.7000000000000028,1,0,1,64.0,-0.8660254037844385,-0.5000000000000004,20.702399999999997,0.404
REC_00282,Krishna District,Andhra Pradesh,16.5062,80.648,coastal_humid,2024-07-31,2024-08-07,7,5.9,17.6,29.1,34.3,85.4,83.4,1008.1,20.4,14.5,1,8,11.700000000000001,5.199999999999996,2.0,0,1,1,49.0,-0.8660254037844385,-0.5000000000000004,5.038600000000001,0.3962
REC_00132,Krishna District,Andhra Pradesh,16.5062,80.648,coastal_humid,2024-07-31,2024-08-05,5,19.3,22.8,32.4,33.7,95.8,87.6,1009.7,18.8,0.6,1,8,3.5,1.3000000000000043,8.200000000000003,0,0,0,25.0,-0.8660254037844385,-0.5000000000000004,18.4894,0.3974
REC_00298,Hyderabad,Telangana,17.385,78.4867,semi_arid,2024-07-31,2024-08-07,7,11.6,0.0,31.8,33.8,82.0,90.8,1010.7,36.2,24.7,1,8,11.6,1.9999999999999964,8.799999999999997,0,0,0,49.0,-0.8660254037844385,-0.5000000000000004,9.511999999999999,0.3004
REC_01119,Bengaluru,Karnataka,12.9716,77.5946,plateau_temperate,2024-08-01,2024-08-07,6,24.9,35.2,31.5,31.2,87.2,90.8,1008.6,14.3,10.6,1,8,10.300000000000004,0.3000000000000007,3.5999999999999943,0,0,0,36.0,-0.8660254037844385,-0.5000000000000004,21.712799999999998,0.3018
REC_02867,Krishna District,Andhra Pradesh,16.5062,80.648,coastal_humid,2024-08-01,2024-08-08,7,9.6,72.5,32.7,31.3,84.4,76.1,1002.4,38.2,28.5,1,8,62.9,1.4000000000000021,8.300000000000011,1,0,1,49.0,-0.8660254037844385,-0.5000000000000004,8.1024,0.3966
REC_03466,Visakhapatnam,Andhra Pradesh,17.6868,83.2185,coastal_cyclonic,2024-08-02,2024-08-04,2,18.7,32.9,32.3,30.1,79.1,76.0,1000.3,14.2,4.5,1,8,14.2,2.1999999999999957,3.0999999999999943,0,0,0,4.0,-0.8660254037844385,-0.5000000000000004,14.791699999999999,0.4051
REC_03399,Mumbai,Maharashtra,19.076,72.8777,coastal_heavy_monsoon,2024-08-02,2024-08-08,6,3.8,0.0,31.8,31.8,83.1,85.0,1007.9,21.2,17.5,1,8,3.8,0.0,1.9000000000000057,0,0,0,36.0,-0.8660254037844385,-0.5000000000000004,3.1578,0.3868
REC_01515,Bengaluru,Karnataka,12.9716,77.5946,plateau_temperate,2024-08-02,2024-08-10,8,9.8,0.0,32.3,34.3,81.2,68.3,1008.2,0.0,32.2,1,8,9.8,2.0,12.900000000000006,0,0,0,64.0,-0.8660254037844385,-0.5000000000000004,7.957600000000001,0.3012
REC_00879,Hyderabad,Telangana,17.385,78.4867,semi_arid,2024-08-02,2024-08-11,9,2.2,0.0,29.9,33.6,96.6,74.6,1006.1,0.0,14.5,1,8,2.2,3.700000000000003,22.0,0,1,1,81.0,-0.8660254037844385,-0.5000000000000004,2.1252,0.2998
REC_00505,Krishna District,Andhra Pradesh,16.5062,80.648,coastal_humid,2024-08-03,2024-08-08,5,95.7,0.0,26.3,28.2,61.3,53.0,1008.2,81.9,13.8,1,8,95.7,1.8999999999999986,8.299999999999997,1,0,1,25.0,-0.8660254037844385,-0.5000000000000004,58.6641,0.3977
REC_01488,Delhi,NCR,28.6139,77.209,continental_subtropical,2024-08-03,2024-08-06,3,0.4,0.0,31.2,30.9,89.8,93.2,1008.7,0.7,0.4,1,8,0.4,0.3000000000000007,3.4000000000000057,0,0,0,9.0,-0.8660254037844385,-0.5000000000000004,0.3592,0.2556
REC_02647,Mumbai,Maharashtra,19.076,72.8777,coastal_heavy_monsoon,2024-08-03,2024-08-06,3,0.2,1.0,27.5,27.4,81.2,83.0,1003.3,0.0,5.0,1,8,0.8,0.10000000000000142,1.7999999999999972,0,0,0,9.0,-0.8660254037844385,-0.5000000000000004,0.16240000000000002,0.386
REC_00340,Hyderabad,Telangana,17.385,78.4867,semi_arid,2024-08-03,2024-08-07,4,12.7,24.3,31.1,29.8,88.8,92.7,1003.1,6.6,6.0,1,8,11.600000000000001,1.3000000000000007,3.9000000000000057,0,0,0,16.0,-0.8660254037844385,-0.5000000000000004,11.2776,0.3011
REC_02627,Krishna District,Andhra Pradesh,16.5062,80.648,coastal_humid,2024-08-03,2024-08-13,10,8.0,0.0,27.7,24.8,82.2,74.2,1015.4,70.5,62.5,1,8,8.0,2.8999999999999986,8.0,0,0,0,100.0,-0.8660254037844385,-0.5000000000000004,6.5760000000000005,0.3989
REC_01656,Delhi,NCR,28.6139,77.209,continental_subtropical,2024-08-05,2024-08-12,7,13.2,86.0,28.7,31.1,75.1,64.9,1013.1,40.0,26.8,1,8,72.8,2.400000000000002,10.199999999999989,1,0,1,49.0,-0.8660254037844385,-0.5000000000000004,9.913199999999998,0.2551
REC_03019,Delhi,NCR,28.6139,77.209,continental_subtropical,2024-08-05,2024-08-09,4,1.5,3.2,26.8,28.4,88.2,96.4,1010.8,18.5,17.0,1,8,1.7000000000000002,1.5999999999999979,8.200000000000003,0,0,0,16.0,-0.8660254037844385,-0.5000000000000004,1.3230000000000002,0.2565
REC_00161,Krishna District,Andhra Pradesh,16.5062,80.648,coastal_humid,2024-08-06,2024-08-13,7,11.3,14.4,31.1,29.1,97.6,87.3,1007.0,0.0,39.0,1,8,3.0999999999999996,2.0,10.299999999999997,0,0,0,49.0,-0.8660254037844385,-0.5000000000000004,11.0288,0.3981
REC_00047,Mumbai,Maharashtra,19.076,72.8777,coastal_heavy_monsoon,2024-08-06,2024-08-15,9,0.3,11.3,27.0,27.3,81.6,63.1,1013.1,0.0,24.1,1,8,11.0,0.3000000000000007,18.499999999999993,0,0,0,81.0,-0.8660254037844385,-0.5000000000000004,0.24479999999999996,0.3852
REC_01136,Mumbai,Maharashtra,19.076,72.8777,coastal_heavy_monsoon,2024-08-07,2024-08-11,4,7.3,0.0,29.2,28.6,81.4,82.3,1006.9,2.5,4.7,1,8,7.3,0.5999999999999979,0.8999999999999915,0,0,0,16.0,-0.8660254037844385,-0.5000000000000004,5.942200000000001,0.3845
REC_00120,Hyderabad,Telangana,17.385,78.4867,semi_arid,2024-08-07,2024-08-16,9,8.3,0.0,32.2,28.6,70.4,79.5,999.2,0.0,13.8,1,8,8.3,3.6000000000000014,9.099999999999994,0,1,1,81.0,-0.8660254037844385,-0.5000000000000004,5.8432,0.3006
REC_01268,Mumbai,Maharashtra,19.076,72.8777,coastal_heavy_monsoon,2024-08-08,2024-08-11,3,2.6,0.3,31.6,33.9,80.9,86.2,1004.9,5.9,3.3,1,8,2.3000000000000003,2.299999999999997,5.299999999999997,0,0,0,9.0,-0.8660254037844385,-0.5000000000000004,2.1034,0.3837
REC_02184,Mumbai,Maharashtra,19.076,72.8777,coastal_heavy_monsoon,2024-08-08,2024-08-18,10,92.0,139.4,26.9,23.7,71.4,50.9,1011.9,87.7,4.3,1,8,47.400000000000006,3.1999999999999993,20.500000000000007,1,0,1,100.0,-0.8660254037844385,-0.5000000000000004,65.688,0.3829
REC_01023,Bengaluru,Karnataka,12.9716,77.5946,plateau_temperate,2024-08-09,2024-08-15,6,9.8,0.0,30.5,30.3,91.2,91.8,1004.6,21.9,12.1,1,8,9.8,0.1999999999999993,0.5999999999999943,0,0,0,36.0,-0.8660254037844385,-0.5000000000000004,8.937600000000002,0.3006
REC_03287,Mumbai,Maharashtra,19.076,72.8777,coastal_heavy_monsoon,2024-08-10,2024-08-20,10,17.1,0.0,33.3,37.5,85.6,99.2,1003.7,31.1,13.9,1,8,17.1,4.200000000000003,13.600000000000009,0,1,1,100.0,-0.8660254037844385,-0.5000000000000004,14.637599999999999,0.3841
REC_02715,Hyderabad,Telangana,17.385,78.4867,semi_arid,2024-08-10,2024-08-17,7,9.9,32.6,28.1,29.4,74.1,74.7,1005.7,27.5,17.6,1,8,22.700000000000003,1.2999999999999972,0.6000000000000085,0,0,0,49.0,-0.8660254037844385,-0.5000000000000004,7.335899999999999,0.3019
REC_01917,Hyderabad,Telangana,17.385,78.4867,semi_arid,2024-08-10,2024-08-14,4,15.2,10.6,31.7,30.3,85.1,93.2,1007.1,27.1,11.9,1,8,4.6,1.3999999999999986,8.100000000000009,0,0,0,16.0,-0.8660254037844385,-0.5000000000000004,12.935199999999998,0.3013
REC_02983,Mumbai,Maharashtra,19.076,72.8777,coastal_heavy_monsoon,2024-08-10,2024-08-15,5,3.7,15.8,28.9,30.1,85.2,87.6,1010.1,0.0,9.4,1,8,12.100000000000001,1.2000000000000028,2.3999999999999915,0,0,0,25.0,-0.8660254037844385,-0.5000000000000004,3.1524,0.3854
REC_03078,Delhi,NCR,28.6139,77.209,continental_subtropical,2024-08-10,2024-08-12,2,35.0,26.6,26.5,28.1,66.6,66.0,1009.9,38.6,3.6,1,8,8.399999999999999,1.6000000000000014,0.5999999999999943,0,0,0,4.0,-0.8660254037844385,-0.5000000000000004,23.31,0.256
REC_00208,Mumbai,Maharashtra,19.076,72.8777,coastal_heavy_monsoon,2024-08-10,2024-08-11,1,67.2,46.0,26.8,26.5,80.6,84.2,1020.8,66.6,0.5,1,8,21.200000000000003,0.3000000000000007,3.6000000000000085,0,0,0,1.0,-0.8660254037844385,-0.5000000000000004,54.163199999999996,0.3846
REC_01439,Bengaluru,Karnataka,12.9716,77.5946,plateau_temperate,2024-08-10,2024-08-13,3,9.0,0.0,30.6,30.2,88.1,81.8,1008.0,23.5,14.5,1,8,9.0,0.40000000000000213,6.299999999999997,0,0,0,9.0,-0.8660254037844385,-0.5000000000000004,7.928999999999999,0.3
REC_03284,Delhi,NCR,28.6139,77.209,continental_subtropical,2024-08-11,2024-08-14,3,0.6,0.0,36.2,34.1,76.8,77.4,1009.2,4.9,4.3,1,8,0.6,2.1000000000000014,0.6000000000000085,0,0,0,9.0,-0.8660254037844385,-0.5000000000000004,0.4608,0.2556
REC_01803,Bengaluru,Karnataka,12.9716,77.5946,plateau_temperate,2024-08-11,2024-08-18,7,40.0,49.5,27.4,22.0,75.3,69.8,1009.6,50.7,10.7,1,8,9.5,5.399999999999999,5.5,0,1,1,49.0,-0.8660254037844385,-0.5000000000000004,30.12,0.2994
REC_00484,Delhi,NCR,28.6139,77.209,continental_subtropical,2024-08-11,2024-08-19,8,10.0,9.6,27.2,24.6,84.2,93.8,1007.9,1.3,8.7,1,8,0.40000000000000036,2.599999999999998,9.599999999999994,0,0,0,64.0,-0.8660254037844385,-0.5000000000000004,8.42,0.2551
REC_00082,Delhi,NCR,28.6139,77.209,continental_subtropical,2024-08-11,2024-08-20,9,7.1,0.0,30.6,33.5,80.7,81.7,1006.3,38.8,31.7,1,8,7.1,2.8999999999999986,1.0,0,0,0,81.0,-0.8660254037844385,-0.5000000000000004,5.7297,0.2546
REC_01451,Krishna District,Andhra Pradesh,16.5062,80.648,coastal_humid,2024-08-11,2024-08-21,10,0.2,0.0,29.2,28.8,98.0,100.0,1011.2,0.0,1.8,1,8,0.2,0.3999999999999986,2.0,0,0,0,100.0,-0.8660254037844385,-0.5000000000000004,0.196,0.3974
REC_02523,Visakhapatnam,Andhra Pradesh,17.6868,83.2185,coastal_cyclonic,2024-08-11,2024-08-21,10,31.1,84.5,31.8,27.5,83.7,59.0,1012.2,28.3,2.8,1,8,53.4,4.300000000000001,24.700000000000003,1,1,1,100.0,-0.8660254037844385,-0.5000000000000004,26.030700000000003,0.4043
REC_00067,Visakhapatnam,Andhra Pradesh,17.6868,83.2185,coastal_cyclonic,2024-08-12,2024-08-20,8,5.3,11.8,21.5,22.4,87.5,79.1,1009.6,7.6,2.3,1,8,6.500000000000001,0.8999999999999986,8.400000000000006,0,0,0,64.0,-0.8660254037844385,-0.5000000000000004,4.6375,0.4055
REC_01907,Delhi,NCR,28.6139,77.209,continental_subtropical,2024-08-12,2024-08-22,10,14.5,60.3,26.1,26.1,83.5,78.9,999.2,27.1,12.6,1,8,45.8,0.0,4.599999999999994,1,0,1,100.0,-0.8660254037844385,-0.5000000000000004,12.1075,0.2541
REC_02689,Krishna District,Andhra Pradesh,16.5062,80.648,coastal_humid,2024-08-12,2024-08-20,8,61.0,176.2,30.0,29.8,73.2,72.7,1004.3,12.3,48.7,1,8,115.19999999999999,0.1999999999999993,0.5,1,0,1,64.0,-0.8660254037844385,-0.5000000000000004,44.652,0.3966
REC_01083,Hyderabad,Telangana,17.385,78.4867,semi_arid,2024-08-12,2024-08-19,7,8.1,13.9,27.8,27.3,67.3,85.6,1011.3,29.1,21.0,1,8,5.800000000000001,0.5,18.299999999999997,0,0,0,49.0,-0.8660254037844385,-0.5000000000000004,5.4513,0.3007
REC_01296,Mumbai,Maharashtra,19.076,72.8777,coastal_heavy_monsoon,2024-08-12,2024-08-17,5,10.9,0.0,31.0,30.4,98.0,97.0,1006.1,0.8,10.2,1,8,10.9,0.6000000000000014,1.0,0,0,0,25.0,-0.8660254037844385,-0.5000000000000004,10.682,0.3838
REC_00888,Visakhapatnam,Andhra Pradesh,17.6868,83.2185,coastal_cyclonic,2024-08-12,2024-08-16,4,11.1,12.1,30.6,31.4,81.7,78.5,1002.1,0.8,10.3,1,8,1.0,0.7999999999999972,3.200000000000003,0,0,0,16.0,-0.8660254037844385,-0.5000000000000004,9.0687,0.4047
REC_03408,Hyderabad,Telangana,17.385,78.4867,semi_arid,2024-08-12,2024-08-13,1,4.8,0.0,25.3,26.5,82.8,86.2,1017.9,6.1,1.3,1,8,4.8,1.1999999999999993,3.4000000000000057,0,0,0,1.0,-0.8660254037844385,-0.5000000000000004,3.9744,0.3002
REC_01817,Hyderabad,Telangana,17.385,78.4867,semi_arid,2024-08-12,2024-08-13,1,8.5,18.2,30.4,30.8,88.2,91.2,1014.9,7.9,0.6,1,8,9.7,0.40000000000000213,3.0,0,0,0,1.0,-0.8660254037844385,-0.5000000000000004,7.497000000000001,0.2996
REC_02453,Hyderabad,Telangana,17.385,78.4867,semi_arid,2024-08-12,2024-08-18,6,1.4,0.0,34.0,32.8,83.7,76.0,1015.0,18.0,16.6,1,8,1.4,1.2000000000000028,7.700000000000003,0,0,0,36.0,-0.8660254037844385,-0.5000000000000004,1.1718,0.2991
REC_01180,Bengaluru,Karnataka,12.9716,77.5946,plateau_temperate,2024-08-13,2024-08-15,2,13.7,8.1,24.4,23.9,62.1,60.9,1006.2,6.3,7.4,1,8,5.6,0.5,1.2000000000000028,0,0,0,4.0,-0.8660254037844385,-0.5000000000000004,8.5077,0.3008
REC_03450,Visakhapatnam,Andhra Pradesh,17.6868,83.2185,coastal_cyclonic,2024-08-13,2024-08-17,4,18.4,0.6,30.5,30.7,73.7,69.6,1011.0,17.2,1.3,1,8,17.799999999999997,0.1999999999999993,4.1000000000000085,0,0,0,16.0,-0.8660254037844385,-0.5000000000000004,13.560799999999999,0.4039
REC_00150,Bengaluru,Karnataka,12.9716,77.5946,plateau_temperate,2024-08-13,2024-08-23,10,20.3,39.4,31.2,31.6,86.8,85.9,1011.4,0.0,27.3,1,8,19.099999999999998,0.40000000000000213,0.8999999999999915,0,0,0,100.0,-0.8660254037844385,-0.5000000000000004,17.6204,0.3002
REC_01104,Krishna District,Andhra Pradesh,16.5062,80.648,coastal_humid,2024-08-14,2024-08-24,10,33.2,133.2,36.5,32.3,81.2,86.1,1007.2,48.9,15.7,1,8,99.99999999999999,4.200000000000003,4.8999999999999915,1,1,1,100.0,-0.8660254037844385,-0.5000000000000004,26.9584,0.3978
REC_00375,Visakhapatnam,Andhra Pradesh,17.6868,83.2185,coastal_cyclonic,2024-08-14,2024-08-24,10,11.9,0.0,30.5,35.0,83.6,88.2,1010.8,64.4,52.5,1,8,11.9,4.5,4.6000000000000085,0,1,1,100.0,-0.8660254037844385,-0.5000000000000004,9.9484,0.4031
REC_00348,Visakhapatnam,Andhra Pradesh,17.6868,83.2185,coastal_cyclonic,2024-08-14,2024-08-23,9,1.5,37.9,33.8,40.8,97.6,97.7,1006.0,34.7,33.2,1,8,36.4,7.0,0.10000000000000853,1,1,1,81.0,-0.8660254037844385,-0.5000000000000004,1.4639999999999997,0.4043
REC_01048,Mumbai,Maharashtra,19.076,72.8777,coastal_heavy_monsoon,2024-08-14,2024-08-20,6,24.3,1.8,31.0,29.8,84.1,70.1,1005.8,15.6,8.6,1,8,22.5,1.1999999999999993,14.0,1,0,1,36.0,-0.8660254037844385,-0.5000000000000004,20.4363,0.3831
REC_00374,Krishna District,Andhra Pradesh,16.5062,80.648,coastal_humid,2024-08-14,2024-08-20,6,23.4,75.5,25.6,23.8,80.6,87.4,1010.7,21.5,1.8,1,8,52.1,1.8000000000000007,6.800000000000011,1,0,1,36.0,-0.8660254037844385,-0.5000000000000004,18.8604,0.3989
REC_03002,Hyderabad,Telangana,17.385,78.4867,semi_arid,2024-08-15,2024-08-22,7,8.8,24.3,29.8,32.6,81.4,97.4,1016.4,0.0,22.6,1,8,15.5,2.8000000000000007,16.0,0,0,0,49.0,-0.8660254037844385,-0.5000000000000004,7.163200000000002,0.2985
REC_00262,Hyderabad,Telangana,17.385,78.4867,semi_arid,2024-08-15,2024-08-25,10,0.8,0.5,26.2,24.9,75.4,77.6,1012.5,0.8,0.0,1,8,0.30000000000000004,1.3000000000000007,2.1999999999999886,0,0,0,100.0,-0.8660254037844385,-0.5000000000000004,0.6032000000000001,0.298
REC_00519,Hyderabad,Telangana,17.385,78.4867,semi_arid,2024-08-16,2024-08-18,2,19.9,33.4,26.1,28.5,72.8,69.4,1011.5,20.0,0.1,1,8,13.5,2.3999999999999986,3.3999999999999915,0,0,0,4.0,-0.8660254037844385,-0.5000000000000004,14.487199999999998,0.2974
REC_00345,Hyderabad,Telangana,17.385,78.4867,semi_arid,2024-08-16,2024-08-24,8,3.7,0.0,33.0,34.1,87.0,100.0,1012.3,0.0,54.3,1,8,3.7,1.1000000000000014,13.0,0,0,0,64.0,-0.8660254037844385,-0.5000000000000004,3.2190000000000003,0.2969
REC_01584,Bengaluru,Karnataka,12.9716,77.5946,plateau_temperate,2024-08-17,2024-08-21,4,0.4,0.0,26.1,28.3,79.4,94.3,1002.4,6.4,6.0,1,8,0.4,2.1999999999999993,14.899999999999991,0,0,0,16.0,-0.8660254037844385,-0.5000000000000004,0.31760000000000005,0.2996
REC_02641,Mumbai,Maharashtra,19.076,72.8777,coastal_heavy_monsoon,2024-08-17,2024-08-21,4,23.8,29.0,30.9,31.2,78.1,73.4,1016.8,27.0,3.3,1,8,5.199999999999999,0.3000000000000007,4.699999999999989,0,0,0,16.0,-0.8660254037844385,-0.5000000000000004,18.5878,0.3843
REC_01421,Bengaluru,Karnataka,12.9716,77.5946,plateau_temperate,2024-08-17,2024-08-24,7,5.5,43.9,25.1,24.2,84.1,90.2,1005.6,17.9,12.4,1,8,38.4,0.9000000000000021,6.1000000000000085,1,0,1,49.0,-0.8660254037844385,-0.5000000000000004,4.6255,0.299
REC_03274,Hyderabad,Telangana,17.385,78.4867,semi_arid,2024-08-17,2024-08-24,7,0.5,4.0,25.9,23.5,91.2,83.6,1006.6,3.5,3.0,1,8,3.5,2.3999999999999986,7.6000000000000085,0,0,0,49.0,-0.8660254037844385,-0.5000000000000004,0.456,0.2964
REC_00564,Visakhapatnam,Andhra Pradesh,17.6868,83.2185,coastal_cyclonic,2024-08-18,2024-08-26,8,169.8,491.1,32.7,34.2,74.8,87.2,1004.1,140.7,29.0,1,8,321.3,1.5,12.400000000000006,1,0,1,64.0,-0.8660254037844385,-0.5000000000000004,127.0104,0.4055
REC_03111,Mumbai,Maharashtra,19.076,72.8777,coastal_heavy_monsoon,2024-08-18,2024-08-19,1,153.1,111.6,30.5,30.0,75.9,72.6,1011.7,151.0,2.1,1,8,41.5,0.5,3.3000000000000114,1,0,1,1.0,-0.8660254037844385,-0.5000000000000004,116.20290000000001,0.3835
REC_03410,Mumbai,Maharashtra,19.076,72.8777,coastal_heavy_monsoon,2024-08-19,2024-08-26,7,20.7,0.0,29.0,30.6,57.9,49.8,1004.5,32.6,11.9,1,8,20.7,1.6000000000000014,8.100000000000001,1,0,1,49.0,-0.8660254037844385,-0.5000000000000004,11.9853,0.3848
REC_01046,Bengaluru,Karnataka,12.9716,77.5946,plateau_temperate,2024-08-19,2024-08-27,8,3.8,49.2,29.8,24.9,79.8,78.4,1010.3,0.0,7.6,1,8,45.400000000000006,4.900000000000002,1.3999999999999915,1,1,1,64.0,-0.8660254037844385,-0.5000000000000004,3.0323999999999995,0.3004
REC_01124,Mumbai,Maharashtra,19.076,72.8777,coastal_heavy_monsoon,2024-08-19,2024-08-22,3,23.0,17.3,28.4,25.5,98.0,96.3,1005.2,23.7,0.7,1,8,5.699999999999999,2.8999999999999986,1.7000000000000028,0,0,0,9.0,-0.8660254037844385,-0.5000000000000004,22.54,0.386
REC_01381,Mumbai,Maharashtra,19.076,72.8777,coastal_heavy_monsoon,2024-08-19,2024-08-25,6,16.4,0.0,30.7,33.1,79.5,78.4,1007.4,13.3,3.1,1,8,16.4,2.400000000000002,1.0999999999999943,0,0,0,36.0,-0.8660254037844385,-0.5000000000000004,13.038,0.3852
REC_01630,Visakhapatnam,Andhra Pradesh,17.6868,83.2185,coastal_cyclonic,2024-08-20,2024-08-23,3,6.2,22.3,28.7,30.4,98.0,96.4,1011.8,17.8,11.6,1,8,16.1,1.6999999999999993,1.5999999999999943,0,0,0,9.0,-0.8660254037844385,-0.5000000000000004,6.0760000000000005,0.4066
REC_02339,Bengaluru,Karnataka,12.9716,77.5946,plateau_temperate,2024-08-20,2024-08-23,3,9.7,0.0,33.4,36.1,71.5,67.6,1007.2,9.7,0.0,1,8,9.7,2.700000000000003,3.9000000000000057,0,0,0,9.0,-0.8660254037844385,-0.5000000000000004,6.935499999999999,0.3017
REC_00308,Delhi,NCR,28.6139,77.209,continental_subtropical,2024-08-20,2024-08-23,3,4.4,19.1,32.7,31.1,88.5,83.4,1003.4,0.0,6.1,1,8,14.700000000000001,1.6000000000000014,5.099999999999994,0,0,0,9.0,-0.8660254037844385,-0.5000000000000004,3.894,0.2555
REC_03315,Hyderabad,Telangana,17.385,78.4867,semi_arid,2024-08-21,2024-08-29,8,2.3,5.2,22.8,22.0,86.9,96.1,1005.2,0.0,8.1,1,8,2.9000000000000004,0.8000000000000007,9.199999999999989,0,0,0,64.0,-0.8660254037844385,-0.5000000000000004,1.9987000000000001,0.2958
REC_02176,Krishna District,Andhra Pradesh,16.5062,80.648,coastal_humid,2024-08-21,2024-08-30,9,22.6,34.2,27.2,32.1,88.0,87.4,1009.2,33.3,10.6,1,8,11.600000000000001,4.900000000000002,0.5999999999999943,0,1,1,81.0,-0.8660254037844385,-0.5000000000000004,19.888,0.4
REC_02897,Mumbai,Maharashtra,19.076,72.8777,coastal_heavy_monsoon,2024-08-22,2024-08-24,2,47.4,57.6,31.2,30.4,75.0,67.4,1013.5,52.7,5.3,1,8,10.200000000000003,0.8000000000000007,7.599999999999994,0,0,0,4.0,-0.8660254037844385,-0.5000000000000004,35.55,0.3845
REC_01331,Visakhapatnam,Andhra Pradesh,17.6868,83.2185,coastal_cyclonic,2024-08-22,2024-08-27,5,13.7,0.0,27.7,26.2,86.3,79.1,1011.6,1.9,11.8,1,8,13.7,1.5,7.200000000000003,0,0,0,25.0,-0.8660254037844385,-0.5000000000000004,11.8231,0.4058
REC_01583,Visakhapatnam,Andhra Pradesh,17.6868,83.2185,coastal_cyclonic,2024-08-22,2024-08-27,5,9.4,0.0,32.5,32.5,82.5,80.7,1011.5,0.0,21.5,1,8,9.4,0.0,1.7999999999999972,0,0,0,25.0,-0.8660254037844385,-0.5000000000000004,7.755,0.405
REC_03346,Bengaluru,Karnataka,12.9716,77.5946,plateau_temperate,2024-08-23,2024-08-24,1,14.9,24.4,31.0,31.3,89.0,95.1,1011.0,16.5,1.6,1,8,9.499999999999998,0.3000000000000007,6.099999999999994,0,0,0,1.0,-0.8660254037844385,-0.5000000000000004,13.261000000000001,0.3012
REC_02687,Delhi,NCR,28.6139,77.209,continental_subtropical,2024-08-23,2024-08-28,5,9.7,0.0,30.4,32.1,82.8,90.0,1011.0,17.3,7.6,1,8,9.7,1.7000000000000028,7.200000000000003,0,0,0,25.0,-0.8660254037844385,-0.5000000000000004,8.0316,0.255
REC_00750,Delhi,NCR,28.6139,77.209,continental_subtropical,2024-08-23,2024-08-29,6,8.3,0.0,34.6,32.3,87.8,82.6,1005.8,0.0,54.1,1,8,8.3,2.3000000000000043,5.200000000000003,0,0,0,36.0,-0.8660254037844385,-0.5000000000000004,7.2874,0.2546
REC_02162,Visakhapatnam,Andhra Pradesh,17.6868,83.2185,coastal_cyclonic,2024-08-23,2024-09-01,9,2.7,18.4,28.1,29.4,79.5,67.5,1011.8,0.0,11.1,1,9,15.7,1.2999999999999972,12.0,0,0,0,81.0,-1.0,-1.8369701987210297e-16,2.1465,0.4043
REC_02493,Krishna District,Andhra Pradesh,16.5062,80.648,coastal_humid,2024-08-24,2024-09-02,9,36.7,51.0,31.5,27.8,93.2,84.1,1007.0,0.0,44.0,1,9,14.299999999999997,3.6999999999999993,9.100000000000009,0,1,1,81.0,-1.0,-1.8369701987210297e-16,34.20440000000001,0.4011
REC_03237,Mumbai,Maharashtra,19.076,72.8777,coastal_heavy_monsoon,2024-08-24,2024-08-31,7,9.5,0.0,21.5,16.4,79.5,91.5,1012.6,4.5,5.0,1,8,9.5,5.100000000000001,12.0,0,1,1,49.0,-0.8660254037844385,-0.5000000000000004,7.5525,0.3837
REC_00834,Hyderabad,Telangana,17.385,78.4867,semi_arid,2024-08-24,2024-08-31,7,15.8,0.0,26.7,27.9,81.5,67.2,1006.6,0.0,27.7,1,8,15.8,1.1999999999999993,14.299999999999997,0,0,0,49.0,-0.8660254037844385,-0.5000000000000004,12.877,0.2953
REC_00453,Hyderabad,Telangana,17.385,78.4867,semi_arid,2024-08-24,2024-08-29,5,7.5,14.8,22.4,20.6,90.8,82.8,1008.6,7.4,0.1,1,8,7.300000000000001,1.7999999999999972,8.0,0,0,0,25.0,-0.8660254037844385,-0.5000000000000004,6.81,0.2948
REC_02923,Delhi,NCR,28.6139,77.209,continental_subtropical,2024-08-24,2024-08-27,3,30.9,57.7,26.7,28.2,78.6,77.3,1009.0,34.4,3.4,1,8,26.800000000000004,1.5,1.2999999999999972,1,0,1,9.0,-0.8660254037844385,-0.5000000000000004,24.287399999999998,0.2541
REC_02020,Krishna District,Andhra Pradesh,16.5062,80.648,coastal_humid,2024-08-24,2024-08-27,3,1.3,9.2,28.2,26.8,87.1,83.7,1005.0,9.0,7.7,1,8,7.8999999999999995,1.3999999999999986,3.3999999999999915,0,0,0,9.0,-0.8660254037844385,-0.5000000000000004,1.1322999999999999,0.4022
REC_01228,Delhi,NCR,28.6139,77.209,continental_subtropical,2024-08-25,2024-08-28,3,13.1,20.8,26.9,30.0,85.8,83.6,1008.4,20.5,7.4,1,8,7.700000000000001,3.1000000000000014,2.200000000000003,0,0,0,9.0,-0.8660254037844385,-0.5000000000000004,11.2398,0.2555
REC_00221,Hyderabad,Telangana,17.385,78.4867,semi_arid,2024-08-25,2024-08-30,5,18.9,24.5,28.3,29.0,85.4,92.5,1006.3,7.9,10.9,1,8,5.600000000000001,0.6999999999999993,7.099999999999994,0,0,0,25.0,-0.8660254037844385,-0.5000000000000004,16.1406,0.2942
REC_02623,Mumbai,Maharashtra,19.076,72.8777,coastal_heavy_monsoon,2024-08-25,2024-08-31,6,31.8,51.3,29.2,26.6,69.5,66.0,1008.1,15.5,16.3,1,8,19.499999999999996,2.599999999999998,3.5,0,0,0,36.0,-0.8660254037844385,-0.5000000000000004,22.101,0.3849
REC_03176,Delhi,NCR,28.6139,77.209,continental_subtropical,2024-08-26,2024-08-28,2,3.4,0.0,27.4,28.4,62.6,67.9,1005.9,2.4,1.0,1,8,3.4,1.0,5.300000000000004,0,0,0,4.0,-0.8660254037844385,-0.5000000000000004,2.1284,0.255
REC_01549,Bengaluru,Karnataka,12.9716,77.5946,plateau_temperate,2024-08-26,2024-08-31,5,0.1,0.0,25.3,25.3,78.9,86.7,1014.0,0.0,15.1,1,8,0.1,0.0,7.799999999999997,0,0,0,25.0,-0.8660254037844385,-0.5000000000000004,0.07890000000000001,0.3006
REC_00185,Delhi,NCR,28.6139,77.209,continental_subtropical,2024-08-26,2024-09-02,7,21.0,16.8,25.9,25.6,86.0,94.5,1009.3,20.3,0.7,1,9,4.199999999999999,0.29999999999999716,8.5,0,0,0,49.0,-1.0,-1.8369701987210297e-16,18.06,0.2545
REC_02457,Bengaluru,Karnataka,12.9716,77.5946,plateau_temperate,2024-08-27,2024-09-04,8,14.0,92.7,32.6,30.5,86.5,93.9,1011.8,34.4,20.3,1,9,78.7,2.1000000000000014,7.400000000000006,1,0,1,64.0,-1.0,-1.8369701987210297e-16,12.11,0.3
REC_01349,Delhi,NCR,28.6139,77.209,continental_subtropical,2024-08-27,2024-09-06,10,32.4,0.0,30.8,25.9,78.8,58.2,1003.8,63.6,31.2,1,9,32.4,4.900000000000002,20.599999999999994,1,1,1,100.0,-1.0,-1.8369701987210297e-16,25.5312,0.2541
REC_02679,Mumbai,Maharashtra,19.076,72.8777,coastal_heavy_monsoon,2024-08-27,2024-09-06,10,56.7,38.5,26.1,30.2,86.8,94.7,1015.5,98.7,41.9,1,9,18.200000000000003,4.099999999999998,7.900000000000006,0,1,1,100.0,-1.0,-1.8369701987210297e-16,49.2156,0.3842
REC_02156,Delhi,NCR,28.6139,77.209,continental_subtropical,2024-08-28,2024-09-02,5,0.6,3.8,26.5,27.6,84.7,90.5,1009.3,4.7,4.1,1,9,3.1999999999999997,1.1000000000000014,5.799999999999997,0,0,0,25.0,-1.0,-1.8369701987210297e-16,0.5082,0.2554
REC_00847,Delhi,NCR,28.6139,77.209,continental_subtropical,2024-08-28,2024-08-31,3,7.1,11.6,30.5,28.4,94.4,97.3,1003.4,10.0,2.9,1,8,4.5,2.1000000000000014,2.8999999999999915,0,0,0,9.0,-0.8660254037844385,-0.5000000000000004,6.7024,0.255
REC_03065,Bengaluru,Karnataka,12.9716,77.5946,plateau_temperate,2024-08-28,2024-08-31,3,4.1,0.7,35.1,37.7,75.6,65.9,1005.9,5.8,1.8,1,8,3.3999999999999995,2.6000000000000014,9.699999999999989,0,0,0,9.0,-0.8660254037844385,-0.5000000000000004,3.0995999999999992,0.3013
REC_01141,Mumbai,Maharashtra,19.076,72.8777,coastal_heavy_monsoon,2024-08-29,2024-08-30,1,18.0,23.9,25.1,25.3,70.9,70.0,1008.7,15.9,2.1,1,8,5.899999999999999,0.1999999999999993,0.9000000000000057,0,0,0,1.0,-0.8660254037844385,-0.5000000000000004,12.762,0.3854
REC_02395,Krishna District,Andhra Pradesh,16.5062,80.648,coastal_humid,2024-08-29,2024-09-06,8,145.0,382.6,26.7,25.8,75.8,63.2,1011.3,133.6,11.4,1,9,237.60000000000002,0.8999999999999986,12.599999999999994,1,0,1,64.0,-1.0,-1.8369701987210297e-16,109.91,0.4015
REC_01441,Hyderabad,Telangana,17.385,78.4867,semi_arid,2024-08-29,2024-09-07,9,16.4,36.0,27.2,29.0,97.7,100.0,1006.2,10.1,6.3,1,9,19.6,1.8000000000000007,2.299999999999997,0,0,0,81.0,-1.0,-1.8369701987210297e-16,16.0228,0.2937
REC_00489,Visakhapatnam,Andhra Pradesh,17.6868,83.2185,coastal_cyclonic,2024-08-29,2024-09-08,10,0.4,0.0,33.7,28.0,82.5,95.6,1005.4,32.4,32.0,1,9,0.4,5.700000000000003,13.099999999999994,0,1,1,100.0,-1.0,-1.8369701987210297e-16,0.33,0.4035
REC_01231,Bengaluru,Karnataka,12.9716,77.5946,plateau_temperate,2024-08-30,2024-09-09,10,27.6,14.1,30.0,30.3,94.7,89.7,1002.5,77.7,50.1,1,9,13.500000000000002,0.3000000000000007,5.0,0,0,0,100.0,-1.0,-1.8369701987210297e-16,26.137200000000004,0.3008
REC_01933,Hyderabad,Telangana,17.385,78.4867,semi_arid,2024-08-30,2024-09-01,2,2.7,0.0,29.1,28.0,88.5,87.1,1005.6,1.2,1.5,1,9,2.7,1.1000000000000014,1.4000000000000057,0,0,0,4.0,-1.0,-1.8369701987210297e-16,2.3895,0.2932
REC_00125,Bengaluru,Karnataka,12.9716,77.5946,plateau_temperate,2024-08-30,2024-09-03,4,3.1,0.0,26.8,28.6,81.9,80.0,1001.6,0.0,6.2,1,9,3.1,1.8000000000000007,1.9000000000000057,0,0,0,16.0,-1.0,-1.8369701987210297e-16,2.5389,0.3002
REC_00341,Mumbai,Maharashtra,19.076,72.8777,coastal_heavy_monsoon,2024-08-30,2024-09-05,6,2.6,0.0,26.2,27.4,93.5,88.5,1006.2,3.8,1.2,1,9,2.6,1.1999999999999993,5.0,0,0,0,36.0,-1.0,-1.8369701987210297e-16,2.431,0.3846
REC_02471,Visakhapatnam,Andhra Pradesh,17.6868,83.2185,coastal_cyclonic,2024-08-30,2024-09-06,7,8.4,0.0,29.2,31.3,85.1,86.0,1006.7,16.6,8.3,1,9,8.4,2.1000000000000014,0.9000000000000057,0,0,0,49.0,-1.0,-1.8369701987210297e-16,7.1484000000000005,0.4046
REC_03388,Krishna District,Andhra Pradesh,16.5062,80.648,coastal_humid,2024-08-30,2024-09-07,8,1.4,35.6,29.0,32.3,83.7,100.0,1011.8,17.9,16.4,1,9,34.2,3.299999999999997,16.299999999999997,1,0,1,64.0,-1.0,-1.8369701987210297e-16,1.1718,0.4026
REC_01463,Krishna District,Andhra Pradesh,16.5062,80.648,coastal_humid,2024-08-31,2024-09-09,9,87.6,0.0,33.3,27.3,79.4,93.2,1007.9,133.7,46.0,1,9,87.6,5.9999999999999964,13.799999999999997,1,1,1,81.0,-1.0,-1.8369701987210297e-16,69.5544,0.4037
REC_00971,Mumbai,Maharashtra,19.076,72.8777,coastal_heavy_monsoon,2024-08-31,2024-09-07,7,33.4,0.0,32.6,34.4,84.5,96.5,1008.8,44.0,10.6,1,9,33.4,1.7999999999999972,12.0,1,0,1,49.0,-1.0,-1.8369701987210297e-16,28.223,0.3839
REC_02128,Bengaluru,Karnataka,12.9716,77.5946,plateau_temperate,2024-08-31,2024-09-08,8,22.4,0.0,24.2,26.4,84.3,74.7,1009.1,0.0,29.8,1,9,22.4,2.1999999999999993,9.599999999999994,1,0,1,64.0,-1.0,-1.8369701987210297e-16,18.8832,0.2996
REC_01429,Delhi,NCR,28.6139,77.209,continental_subtropical,2024-09-01,2024-09-07,6,14.3,44.8,28.3,29.0,90.0,92.5,1010.1,26.6,12.3,1,9,30.499999999999996,0.6999999999999993,2.5,1,0,1,36.0,-1.0,-1.8369701987210297e-16,12.87,0.2545
REC_00974,Visakhapatnam,Andhra Pradesh,17.6868,83.2185,coastal_cyclonic,2024-09-01,2024-09-10,9,43.8,196.9,25.6,23.0,73.3,55.4,1008.1,63.9,20.0,1,9,153.10000000000002,2.6000000000000014,17.9,1,0,1,81.0,-1.0,-1.8369701987210297e-16,32.105399999999996,0.4038
REC_01153,Krishna District,Andhra Pradesh,16.5062,80.648,coastal_humid,2024-09-02,2024-09-12,10,75.7,379.1,31.2,29.9,76.9,55.4,1011.2,80.3,4.7,1,9,303.40000000000003,1.3000000000000007,21.500000000000007,1,0,1,100.0,-1.0,-1.8369701987210297e-16,58.21330000000001,0.4048
REC_00889,Visakhapatnam,Andhra Pradesh,17.6868,83.2185,coastal_cyclonic,2024-09-02,2024-09-03,1,44.0,51.8,28.2,27.0,74.2,76.1,1005.9,45.2,1.3,1,9,7.799999999999997,1.1999999999999993,1.8999999999999915,0,0,0,1.0,-1.0,-1.8369701987210297e-16,32.648,0.405
REC_00207,Mumbai,Maharashtra,19.076,72.8777,coastal_heavy_monsoon,2024-09-02,2024-09-04,2,39.6,47.1,24.7,24.6,82.8,82.5,1006.6,37.3,2.3,1,9,7.5,0.09999999999999787,0.29999999999999716,0,0,0,4.0,-1.0,-1.8369701987210297e-16,32.7888,0.3851
REC_01275,Bengaluru,Karnataka,12.9716,77.5946,plateau_temperate,2024-09-02,2024-09-05,3,8.9,5.0,32.5,33.3,78.7,81.4,1016.8,16.7,7.8,1,9,3.9000000000000004,0.7999999999999972,2.700000000000003,0,0,0,9.0,-1.0,-1.8369701987210297e-16,7.004300000000001,0.301
REC_02386,Delhi,NCR,28.6139,77.209,continental_subtropical,2024-09-03,2024-09-08,5,3.7,9.3,32.5,32.1,94.1,79.5,1007.9,43.7,40.0,1,9,5.6000000000000005,0.3999999999999986,14.599999999999994,0,0,0,25.0,-1.0,-1.8369701987210297e-16,3.4817,0.2559
REC_01887,Delhi,NCR,28.6139,77.209,continental_subtropical,2024-09-03,2024-09-10,7,2.7,0.7,31.3,28.1,93.7,100.0,1009.3,15.3,12.6,1,9,2.0,3.1999999999999993,6.299999999999997,0,0,0,49.0,-1.0,-1.8369701987210297e-16,2.5299000000000005,0.2554
REC_03307,Krishna District,Andhra Pradesh,16.5062,80.648,coastal_humid,2024-09-03,2024-09-05,2,6.3,11.9,26.6,27.7,83.7,80.3,1004.9,0.0,7.4,1,9,5.6000000000000005,1.0999999999999979,3.4000000000000057,0,0,0,4.0,-1.0,-1.8369701987210297e-16,5.2731,0.4059
REC_00102,Mumbai,Maharashtra,19.076,72.8777,coastal_heavy_monsoon,2024-09-04,2024-09-13,9,53.0,121.4,32.2,33.2,81.4,65.1,1001.4,39.5,13.5,1,9,68.4,1.0,16.30000000000001,1,0,1,81.0,-1.0,-1.8369701987210297e-16,43.14200000000001,0.3843
REC_00962,Hyderabad,Telangana,17.385,78.4867,semi_arid,2024-09-04,2024-09-11,7,0.3,3.5,25.7,31.1,81.2,77.6,1014.9,51.0,50.7,1,9,3.2,5.400000000000002,3.6000000000000085,0,1,1,49.0,-1.0,-1.8369701987210297e-16,0.24359999999999998,0.2926
REC_02895,Krishna District,Andhra Pradesh,16.5062,80.648,coastal_humid,2024-09-04,2024-09-10,6,16.4,40.2,27.5,22.0,74.8,76.3,1006.5,21.8,5.4,1,9,23.800000000000004,5.5,1.5,0,1,1,36.0,-1.0,-1.8369701987210297e-16,12.267199999999997,0.4051
REC_01101,Delhi,NCR,28.6139,77.209,continental_subtropical,2024-09-04,2024-09-06,2,23.6,9.4,30.6,30.7,83.0,83.7,1005.0,24.9,1.4,1,9,14.200000000000001,0.09999999999999787,0.7000000000000028,0,0,0,4.0,-1.0,-1.8369701987210297e-16,19.588,0.2549
REC_03030,Bengaluru,Karnataka,12.9716,77.5946,plateau_temperate,2024-09-05,2024-09-06,1,42.6,84.1,27.2,28.4,70.1,72.4,1005.6,43.7,1.1,1,9,41.49999999999999,1.1999999999999993,2.3000000000000114,1,0,1,1.0,-1.0,-1.8369701987210297e-16,29.862599999999997,0.3004
REC_01518,Delhi,NCR,28.6139,77.209,continental_subtropical,2024-09-05,2024-09-11,6,0.3,22.8,21.8,21.3,85.4,75.0,1003.9,0.0,11.5,1,9,22.5,0.5,10.400000000000006,0,0,0,36.0,-1.0,-1.8369701987210297e-16,0.2562,0.2545
REC_00666,Visakhapatnam,Andhra Pradesh,17.6868,83.2185,coastal_cyclonic,2024-09-06,2024-09-08,2,15.3,9.7,32.3,32.1,81.0,82.6,1008.1,14.3,1.0,1,9,5.600000000000001,0.19999999999999574,1.5999999999999943,0,0,0,4.0,-1.0,-1.8369701987210297e-16,12.392999999999999,0.4042
REC_01557,Mumbai,Maharashtra,19.076,72.8777,coastal_heavy_monsoon,2024-09-06,2024-09-11,5,17.1,42.1,27.7,23.5,65.4,54.2,1005.6,43.8,26.6,1,9,25.0,4.199999999999999,11.200000000000003,1,1,1,25.0,-1.0,-1.8369701987210297e-16,11.1834,0.3855
REC_02678,Hyderabad,Telangana,17.385,78.4867,semi_arid,2024-09-06,2024-09-12,6,20.5,72.2,28.8,26.2,80.7,94.3,1008.6,26.5,5.9,1,9,51.7,2.6000000000000014,13.599999999999994,1,0,1,36.0,-1.0,-1.8369701987210297e-16,16.5435,0.2939
REC_00709,Krishna District,Andhra Pradesh,16.5062,80.648,coastal_humid,2024-09-06,2024-09-13,7,8.1,0.0,27.1,28.7,88.9,86.6,1008.1,39.5,31.4,1,9,8.1,1.5999999999999979,2.3000000000000114,0,0,0,49.0,-1.0,-1.8369701987210297e-16,7.200900000000001,0.4062
REC_02727,Bengaluru,Karnataka,12.9716,77.5946,plateau_temperate,2024-09-07,2024-09-13,6,0.5,0.0,33.1,31.7,77.8,78.9,1008.8,0.0,15.2,1,9,0.5,1.4000000000000021,1.1000000000000085,0,0,0,36.0,-1.0,-1.8369701987210297e-16,0.389,0.3017
REC_00459,Bengaluru,Karnataka,12.9716,77.5946,plateau_temperate,2024-09-07,2024-09-17,10,11.2,56.7,30.7,31.5,61.9,79.5,1007.8,9.4,1.8,1,9,45.5,0.8000000000000007,17.6,1,0,1,100.0,-1.0,-1.8369701987210297e-16,6.932799999999999,0.3011
REC_01396,Bengaluru,Karnataka,12.9716,77.5946,plateau_temperate,2024-09-08,2024-09-14,6,1.8,7.1,28.5,24.9,77.7,82.7,1005.2,3.2,1.4,1,9,5.3,3.6000000000000014,5.0,0,1,1,36.0,-1.0,-1.8369701987210297e-16,1.3986,0.3025
REC_00307,Delhi,NCR,28.6139,77.209,continental_subtropical,2024-09-08,2024-09-15,7,15.0,22.2,29.3,26.9,85.2,100.0,1007.7,10.8,4.2,1,9,7.199999999999999,2.400000000000002,14.799999999999997,0,0,0,49.0,-1.0,-1.8369701987210297e-16,12.78,0.254
REC_02777,Delhi,NCR,28.6139,77.209,continental_subtropical,2024-09-08,2024-09-17,9,6.7,0.0,34.3,34.4,79.6,66.4,1007.3,0.0,56.4,1,9,6.7,0.10000000000000142,13.199999999999989,0,0,0,81.0,-1.0,-1.8369701987210297e-16,5.3332,0.2536
REC_01194,Visakhapatnam,Andhra Pradesh,17.6868,83.2185,coastal_cyclonic,2024-09-09,2024-09-16,7,22.1,0.0,27.8,30.7,85.4,95.1,1011.4,10.0,12.1,1,9,22.1,2.8999999999999986,9.699999999999989,1,0,1,49.0,-1.0,-1.8369701987210297e-16,18.8734,0.4034
REC_01956,Hyderabad,Telangana,17.385,78.4867,semi_arid,2024-09-10,2024-09-15,5,21.7,44.3,28.6,25.9,84.3,72.5,1004.2,11.9,9.8,1,9,22.599999999999998,2.700000000000003,11.799999999999997,0,0,0,25.0,-1.0,-1.8369701987210297e-16,18.2931,0.2952
REC_02894,Delhi,NCR,28.6139,77.209,continental_subtropical,2024-09-10,2024-09-16,6,7.1,0.0,25.1,28.8,96.5,96.4,1003.7,24.4,17.4,1,9,7.1,3.6999999999999993,0.09999999999999432,0,1,1,36.0,-1.0,-1.8369701987210297e-16,6.8515,0.2531
REC_02589,Hyderabad,Telangana,17.385,78.4867,semi_arid,2024-09-10,2024-09-17,7,52.1,328.9,26.4,24.5,86.3,100.0,997.7,94.1,41.9,1,9,276.79999999999995,1.8999999999999986,13.700000000000003,1,0,1,49.0,-1.0,-1.8369701987210297e-16,44.9623,0.2946
REC_02570,Krishna District,Andhra Pradesh,16.5062,80.648,coastal_humid,2024-09-10,2024-09-18,8,45.7,0.0,23.6,14.4,80.0,93.8,1007.4,38.3,7.4,1,9,45.7,9.200000000000001,13.799999999999997,1,1,1,64.0,-1.0,-1.8369701987210297e-16,36.56,0.4055
REC_02313,Delhi,NCR,28.6139,77.209,continental_subtropical,2024-09-10,2024-09-19,9,0.7,36.7,25.4,27.9,85.8,98.0,1011.8,73.6,73.0,1,9,36.0,2.5,12.200000000000003,1,0,1,81.0,-1.0,-1.8369701987210297e-16,0.6005999999999999,0.2544
REC_01464,Mumbai,Maharashtra,19.076,72.8777,coastal_heavy_monsoon,2024-09-10,2024-09-20,10,16.8,0.0,27.6,25.5,85.0,91.0,1008.1,17.5,0.7,1,9,16.8,2.1000000000000014,6.0,0,0,0,100.0,-1.0,-1.8369701987210297e-16,14.28,0.3867
REC_00522,Hyderabad,Telangana,17.385,78.4867,semi_arid,2024-09-11,2024-09-14,3,32.1,15.5,31.5,31.8,74.4,76.1,1009.3,39.6,7.4,1,9,16.6,0.3000000000000007,1.6999999999999886,0,0,0,9.0,-1.0,-1.8369701987210297e-16,23.882400000000004,0.2959
REC_02863,Hyderabad,Telangana,17.385,78.4867,semi_arid,2024-09-11,2024-09-14,3,3.5,0.0,25.4,22.5,71.2,71.8,1008.5,0.0,5.3,1,9,3.5,2.8999999999999986,0.5999999999999943,0,0,0,9.0,-1.0,-1.8369701987210297e-16,2.492,0.2954
REC_01507,Visakhapatnam,Andhra Pradesh,17.6868,83.2185,coastal_cyclonic,2024-09-11,2024-09-16,5,12.8,0.0,28.7,27.9,94.9,81.0,1006.7,16.5,3.7,1,9,12.8,0.8000000000000007,13.900000000000006,0,0,0,25.0,-1.0,-1.8369701987210297e-16,12.1472,0.4046
REC_03298,Hyderabad,Telangana,17.385,78.4867,semi_arid,2024-09-11,2024-09-17,6,3.4,52.6,30.6,33.5,88.4,85.1,1011.2,6.6,3.2,1,9,49.2,2.8999999999999986,3.3000000000000114,1,0,1,36.0,-1.0,-1.8369701987210297e-16,3.0056,0.2948
REC_00596,Visakhapatnam,Andhra Pradesh,17.6868,83.2185,coastal_cyclonic,2024-09-11,2024-09-17,6,69.6,220.5,27.2,23.7,80.2,79.9,1013.6,57.8,11.8,1,9,150.9,3.5,0.29999999999999716,1,1,1,36.0,-1.0,-1.8369701987210297e-16,55.8192,0.4038
REC_03115,Delhi,NCR,28.6139,77.209,continental_subtropical,2024-09-12,2024-09-19,7,4.4,14.9,28.0,24.3,61.7,48.7,1016.1,60.7,56.3,1,9,10.5,3.6999999999999993,13.0,0,1,1,49.0,-1.0,-1.8369701987210297e-16,2.7148000000000003,0.2558
REC_01225,Hyderabad,Telangana,17.385,78.4867,semi_arid,2024-09-12,2024-09-18,6,19.9,0.0,27.1,29.4,68.2,67.7,1007.9,20.2,0.3,1,9,19.9,2.299999999999997,0.5,0,0,0,36.0,-1.0,-1.8369701987210297e-16,13.571800000000001,0.2961
REC_01270,Delhi,NCR,28.6139,77.209,continental_subtropical,2024-09-12,2024-09-15,3,14.2,26.6,30.0,30.9,83.7,85.4,1011.9,19.6,5.4,1,9,12.400000000000002,0.8999999999999986,1.7000000000000028,0,0,0,9.0,-1.0,-1.8369701987210297e-16,11.885399999999999,0.2571
REC_01049,Mumbai,Maharashtra,19.076,72.8777,coastal_heavy_monsoon,2024-09-12,2024-09-15,3,12.1,4.8,25.7,21.6,83.6,83.8,1010.2,10.0,2.1,1,9,7.3,4.099999999999998,0.20000000000000284,0,1,1,9.0,-1.0,-1.8369701987210297e-16,10.115599999999999,0.386
REC_02938,Hyderabad,Telangana,17.385,78.4867,semi_arid,2024-09-12,2024-09-15,3,10.0,8.3,29.6,31.4,93.3,84.9,1010.3,15.6,5.6,1,9,1.6999999999999993,1.7999999999999972,8.399999999999991,0,0,0,9.0,-1.0,-1.8369701987210297e-16,9.33,0.2956
REC_03141,Visakhapatnam,Andhra Pradesh,17.6868,83.2185,coastal_cyclonic,2024-09-13,2024-09-16,3,108.4,100.7,33.3,35.3,69.9,70.8,1007.1,113.0,4.6,1,9,7.700000000000003,2.0,0.8999999999999915,0,0,0,9.0,-1.0,-1.8369701987210297e-16,75.7716,0.4049
REC_02712,Delhi,NCR,28.6139,77.209,continental_subtropical,2024-09-13,2024-09-18,5,3.6,0.0,32.6,34.5,76.4,62.3,1010.1,9.8,6.2,1,9,3.6,1.8999999999999986,14.100000000000009,0,0,0,25.0,-1.0,-1.8369701987210297e-16,2.7504000000000004,0.2566
REC_02596,Krishna District,Andhra Pradesh,16.5062,80.648,coastal_humid,2024-09-13,2024-09-23,10,4.6,0.0,25.0,29.4,90.3,100.0,1009.4,12.7,8.1,1,9,4.6,4.399999999999999,9.700000000000003,0,1,1,100.0,-1.0,-1.8369701987210297e-16,4.1537999999999995,0.4065
REC_01247,Bengaluru,Karnataka,12.9716,77.5946,plateau_temperate,2024-09-14,2024-09-18,4,2.9,0.0,33.4,31.1,82.0,79.2,1009.7,13.1,10.2,1,9,2.9,2.299999999999997,2.799999999999997,0,0,0,16.0,-1.0,-1.8369701987210297e-16,2.3779999999999997,0.3038
REC_01572,Hyderabad,Telangana,17.385,78.4867,semi_arid,2024-09-14,2024-09-21,7,0.5,21.5,28.3,27.3,91.0,84.4,1014.4,0.0,22.1,1,9,21.0,1.0,6.599999999999994,0,0,0,49.0,-1.0,-1.8369701987210297e-16,0.455,0.2951
REC_03102,Delhi,NCR,28.6139,77.209,continental_subtropical,2024-09-15,2024-09-19,4,7.0,1.4,31.4,30.4,70.5,75.2,1009.5,0.0,15.8,1,9,5.6,1.0,4.700000000000003,0,0,0,16.0,-1.0,-1.8369701987210297e-16,4.935,0.2562
REC_03144,Visakhapatnam,Andhra Pradesh,17.6868,83.2185,coastal_cyclonic,2024-09-15,2024-09-22,7,26.5,12.7,25.2,26.6,81.1,80.3,1008.2,14.7,11.7,1,9,13.8,1.4000000000000021,0.7999999999999972,0,0,0,49.0,-1.0,-1.8369701987210297e-16,21.491499999999995,0.4042
REC_01854,Bengaluru,Karnataka,12.9716,77.5946,plateau_temperate,2024-09-15,2024-09-17,2,1.9,0.0,29.0,28.9,75.7,77.4,1006.9,6.1,4.2,1,9,1.9,0.10000000000000142,1.7000000000000028,0,0,0,4.0,-1.0,-1.8369701987210297e-16,1.4383000000000001,0.3032
REC_02166,Krishna District,Andhra Pradesh,16.5062,80.648,coastal_humid,2024-09-16,2024-09-19,3,42.3,37.2,26.8,25.7,89.0,86.9,1012.3,40.2,2.1,1,9,5.099999999999994,1.1000000000000014,2.0999999999999943,0,0,0,9.0,-1.0,-1.8369701987210297e-16,37.647,0.4076
REC_00645,Bengaluru,Karnataka,12.9716,77.5946,plateau_temperate,2024-09-16,2024-09-22,6,40.6,0.0,27.6,23.4,83.5,66.7,1001.6,44.5,3.9,1,9,40.6,4.200000000000003,16.799999999999997,1,1,1,36.0,-1.0,-1.8369701987210297e-16,33.900999999999996,0.3026
REC_00717,Delhi,NCR,28.6139,77.209,continental_subtropical,2024-09-16,2024-09-22,6,7.9,13.0,35.6,36.8,80.1,77.0,1001.9,0.0,17.5,1,9,5.1,1.1999999999999957,3.0999999999999943,0,0,0,36.0,-1.0,-1.8369701987210297e-16,6.3279,0.2557
REC_00823,Krishna District,Andhra Pradesh,16.5062,80.648,coastal_humid,2024-09-16,2024-09-23,7,32.0,0.0,28.5,27.5,76.9,86.9,1008.2,20.0,12.0,1,9,32.0,1.0,10.0,1,0,1,49.0,-1.0,-1.8369701987210297e-16,24.608,0.4069
REC_03423,Bengaluru,Karnataka,12.9716,77.5946,plateau_temperate,2024-09-16,2024-09-23,7,41.0,106.3,27.8,26.3,81.1,92.4,1010.9,32.4,8.7,1,9,65.3,1.5,11.300000000000011,1,0,1,49.0,-1.0,-1.8369701987210297e-16,33.251,0.3039
REC_02525,Visakhapatnam,Andhra Pradesh,17.6868,83.2185,coastal_cyclonic,2024-09-16,2024-09-24,8,27.9,99.7,24.7,32.3,84.3,64.9,1015.4,40.6,12.7,1,9,71.80000000000001,7.599999999999998,19.39999999999999,1,1,1,64.0,-1.0,-1.8369701987210297e-16,23.519699999999997,0.4034
REC_02987,Delhi,NCR,28.6139,77.209,continental_subtropical,2024-09-17,2024-09-18,1,4.2,13.2,27.3,28.2,72.7,73.1,1007.0,2.3,1.9,1,9,9.0,0.8999999999999986,0.3999999999999915,0,0,0,1.0,-1.0,-1.8369701987210297e-16,3.0534000000000003,0.2553
REC_01767,Mumbai,Maharashtra,19.076,72.8777,coastal_heavy_monsoon,2024-09-17,2024-09-21,4,2.2,30.6,34.9,33.2,86.2,75.5,1011.0,1.4,0.8,1,9,28.400000000000002,1.6999999999999957,10.700000000000003,1,0,1,16.0,-1.0,-1.8369701987210297e-16,1.8964,0.3872
REC_02600,Visakhapatnam,Andhra Pradesh,17.6868,83.2185,coastal_cyclonic,2024-09-18,2024-09-25,7,8.2,0.0,26.1,26.1,79.0,90.6,1003.4,19.4,11.2,1,9,8.2,0.0,11.599999999999994,0,0,0,49.0,-1.0,-1.8369701987210297e-16,6.478,0.4045
REC_02785,Hyderabad,Telangana,17.385,78.4867,semi_arid,2024-09-18,2024-09-22,4,0.5,5.7,31.7,28.7,71.6,66.2,1005.6,0.0,2.3,1,9,5.2,3.0,5.3999999999999915,0,0,0,16.0,-1.0,-1.8369701987210297e-16,0.358,0.2945
REC_03077,Delhi,NCR,28.6139,77.209,continental_subtropical,2024-09-18,2024-09-25,7,12.0,0.0,28.3,30.4,80.2,77.7,1015.1,11.7,0.4,1,9,12.0,2.099999999999998,2.5,0,0,0,49.0,-1.0,-1.8369701987210297e-16,9.624,0.2548
REC_01994,Hyderabad,Telangana,17.385,78.4867,semi_arid,2024-09-18,2024-09-20,2,10.2,2.4,30.3,32.7,90.4,96.8,1002.0,9.2,1.0,1,9,7.799999999999999,2.400000000000002,6.3999999999999915,0,0,0,4.0,-1.0,-1.8369701987210297e-16,9.2208,0.294
REC_01123,Hyderabad,Telangana,17.385,78.4867,semi_arid,2024-09-18,2024-09-19,1,7.3,17.4,27.1,27.6,78.8,81.4,1003.7,10.1,2.8,1,9,10.099999999999998,0.5,2.6000000000000085,0,0,0,1.0,-1.0,-1.8369701987210297e-16,5.7524,0.2935
REC_01407,Mumbai,Maharashtra,19.076,72.8777,coastal_heavy_monsoon,2024-09-18,2024-09-21,3,5.3,5.8,29.5,29.9,73.0,76.1,1001.0,0.0,8.5,1,9,0.5,0.3999999999999986,3.0999999999999943,0,0,0,9.0,-1.0,-1.8369701987210297e-16,3.8689999999999998,0.3883
REC_03262,Delhi,NCR,28.6139,77.209,continental_subtropical,2024-09-18,2024-09-27,9,4.1,56.3,19.8,24.6,74.4,55.3,1011.7,12.9,8.8,1,9,52.199999999999996,4.800000000000001,19.10000000000001,1,1,1,81.0,-1.0,-1.8369701987210297e-16,3.0504000000000002,0.2544
REC_03188,Mumbai,Maharashtra,19.076,72.8777,coastal_heavy_monsoon,2024-09-19,2024-09-23,4,1.4,2.9,28.1,28.2,88.1,96.0,1003.0,2.1,0.7,1,9,1.5,0.09999999999999787,7.900000000000006,0,0,0,16.0,-1.0,-1.8369701987210297e-16,1.2333999999999998,0.3876
REC_01822,Krishna District,Andhra Pradesh,16.5062,80.648,coastal_humid,2024-09-19,2024-09-28,9,84.1,302.7,27.2,30.8,96.9,98.5,1006.7,57.7,26.3,1,9,218.6,3.6000000000000014,1.5999999999999943,1,1,1,81.0,-1.0,-1.8369701987210297e-16,81.4929,0.4079
REC_01332,Mumbai,Maharashtra,19.076,72.8777,coastal_heavy_monsoon,2024-09-19,2024-09-23,4,1.3,1.5,28.8,28.0,81.5,88.6,1007.7,0.0,13.1,1,9,0.19999999999999996,0.8000000000000007,7.099999999999994,0,0,0,16.0,-1.0,-1.8369701987210297e-16,1.0595,0.3868
REC_01055,Krishna District,Andhra Pradesh,16.5062,80.648,coastal_humid,2024-09-19,2024-09-25,6,4.8,12.5,27.6,26.4,76.3,70.0,1014.9,0.0,26.3,1,9,7.7,1.2000000000000028,6.299999999999997,0,0,0,36.0,-1.0,-1.8369701987210297e-16,3.6623999999999994,0.409
REC_01920,Mumbai,Maharashtra,19.076,72.8777,coastal_heavy_monsoon,2024-09-19,2024-09-22,3,35.8,29.8,27.2,28.2,76.5,77.2,1007.2,43.2,7.4,1,9,5.9999999999999964,1.0,0.7000000000000028,0,0,0,9.0,-1.0,-1.8369701987210297e-16,27.386999999999997,0.3861
REC_00027,Visakhapatnam,Andhra Pradesh,17.6868,83.2185,coastal_cyclonic,2024-09-19,2024-09-20,1,33.4,38.3,26.1,26.3,93.1,93.1,1011.6,34.5,1.1,1,9,4.899999999999999,0.1999999999999993,0.0,0,0,0,1.0,-1.0,-1.8369701987210297e-16,31.095399999999994,0.4038
REC_03001,Bengaluru,Karnataka,12.9716,77.5946,plateau_temperate,2024-09-19,2024-09-22,3,21.5,29.4,29.5,28.3,82.1,77.9,1002.9,31.2,9.6,1,9,7.899999999999999,1.1999999999999993,4.199999999999989,0,0,0,9.0,-1.0,-1.8369701987210297e-16,17.6515,0.3052
REC_02049,Delhi,NCR,28.6139,77.209,continental_subtropical,2024-09-19,2024-09-21,2,3.9,0.0,27.0,27.6,79.0,84.4,1010.1,0.0,6.4,1,9,3.9,0.6000000000000014,5.400000000000006,0,0,0,4.0,-1.0,-1.8369701987210297e-16,3.0809999999999995,0.2557
REC_01315,Mumbai,Maharashtra,19.076,72.8777,coastal_heavy_monsoon,2024-09-21,2024-09-22,1,33.1,54.5,28.0,28.6,89.5,92.7,1009.1,35.4,2.3,1,9,21.4,0.6000000000000014,3.200000000000003,0,0,0,1.0,-1.0,-1.8369701987210297e-16,29.6245,0.3854
REC_01444,Krishna District,Andhra Pradesh,16.5062,80.648,coastal_humid,2024-09-21,2024-09-24,3,14.1,28.4,26.8,28.5,75.7,86.0,1015.8,8.6,5.5,1,9,14.299999999999999,1.6999999999999993,10.299999999999997,0,0,0,9.0,-1.0,-1.8369701987210297e-16,10.673700000000002,0.4083
REC_02258,Delhi,NCR,28.6139,77.209,continental_subtropical,2024-09-21,2024-09-26,5,8.4,14.3,31.9,33.0,87.8,80.6,1004.6,11.4,3.0,1,9,5.9,1.1000000000000014,7.200000000000003,0,0,0,25.0,-1.0,-1.8369701987210297e-16,7.3751999999999995,0.2552
REC_00360,Delhi,NCR,28.6139,77.209,continental_subtropical,2024-09-21,2024-09-29,8,24.2,5.7,27.8,33.7,81.1,90.5,1005.5,0.0,46.7,1,9,18.5,5.900000000000002,9.400000000000006,0,1,1,64.0,-1.0,-1.8369701987210297e-16,19.626199999999997,0.2548
REC_02264,Delhi,NCR,28.6139,77.209,continental_subtropical,2024-09-21,2024-09-29,8,4.8,0.0,31.0,30.6,85.0,88.8,1010.3,0.0,45.4,1,9,4.8,0.3999999999999986,3.799999999999997,0,0,0,64.0,-1.0,-1.8369701987210297e-16,4.08,0.2561
REC_02459,Krishna District,Andhra Pradesh,16.5062,80.648,coastal_humid,2024-09-21,2024-09-30,9,25.0,29.8,32.6,28.4,83.0,97.9,1011.1,8.5,16.5,1,9,4.800000000000001,4.200000000000003,14.900000000000006,0,1,1,81.0,-1.0,-1.8369701987210297e-16,20.75,0.4075
REC_00568,Bengaluru,Karnataka,12.9716,77.5946,plateau_temperate,2024-09-21,2024-10-01,10,1.1,58.9,26.8,19.8,57.8,26.6,1004.6,0.0,1.6,0,10,57.8,7.0,31.199999999999996,1,1,1,100.0,-0.8660254037844386,0.5000000000000001,0.6358,0.3047
REC_03160,Krishna District,Andhra Pradesh,16.5062,80.648,coastal_humid,2024-09-22,2024-09-23,1,226.9,163.1,27.7,28.1,89.2,85.1,1006.1,224.7,2.2,1,9,63.80000000000001,0.40000000000000213,4.1000000000000085,1,0,1,1.0,-1.0,-1.8369701987210297e-16,202.3948,0.4086
REC_02311,Krishna District,Andhra Pradesh,16.5062,80.648,coastal_humid,2024-09-22,2024-09-25,3,11.5,0.0,28.0,26.5,90.5,82.2,1016.5,7.7,3.8,1,9,11.5,1.5,8.299999999999997,0,0,0,9.0,-1.0,-1.8369701987210297e-16,10.4075,0.4097
REC_00906,Bengaluru,Karnataka,12.9716,77.5946,plateau_temperate,2024-09-22,2024-09-26,4,3.6,17.9,29.8,26.9,86.0,79.7,1004.1,0.0,17.5,1,9,14.299999999999999,2.900000000000002,6.299999999999997,0,0,0,16.0,-1.0,-1.8369701987210297e-16,3.096,0.306
REC_01254,Hyderabad,Telangana,17.385,78.4867,semi_arid,2024-09-23,2024-09-24,1,2.4,10.8,24.0,22.8,69.6,67.7,1008.8,2.0,0.3,1,9,8.4,1.1999999999999993,1.8999999999999915,0,0,0,1.0,-1.0,-1.8369701987210297e-16,1.6703999999999999,0.293
REC_00609,Hyderabad,Telangana,17.385,78.4867,semi_arid,2024-09-23,2024-10-03,10,11.6,110.4,14.7,22.6,56.0,53.7,1005.8,5.5,6.1,0,10,98.80000000000001,7.900000000000002,2.299999999999997,1,1,1,100.0,-0.8660254037844386,0.5000000000000001,6.496,0.2925
REC_03373,Mumbai,Maharashtra,19.076,72.8777,coastal_heavy_monsoon,2024-09-24,2024-10-03,9,8.7,81.5,28.1,29.0,68.7,46.0,1007.9,6.8,2.0,0,10,72.8,0.8999999999999986,22.700000000000003,1,0,1,81.0,-0.8660254037844386,0.5000000000000001,5.9769,0.3846
REC_00671,Bengaluru,Karnataka,12.9716,77.5946,plateau_temperate,2024-09-24,2024-10-01,7,2.1,27.0,22.3,22.8,57.7,62.3,1006.4,27.7,25.6,0,10,24.9,0.5,4.599999999999994,0,0,0,49.0,-0.8660254037844386,0.5000000000000001,1.2117000000000002,0.3054
REC_03150,Krishna District,Andhra Pradesh,16.5062,80.648,coastal_humid,2024-09-24,2024-09-25,1,14.2,17.2,29.2,30.1,77.7,78.9,1013.6,16.1,1.9,1,9,3.0,0.9000000000000021,1.2000000000000028,0,0,0,1.0,-1.0,-1.8369701987210297e-16,11.033399999999999,0.4089
REC_00265,Hyderabad,Telangana,17.385,78.4867,semi_arid,2024-09-24,2024-09-27,3,9.5,12.0,33.7,33.8,71.4,65.5,1010.1,15.7,6.1,1,9,2.5,0.09999999999999432,5.900000000000006,0,0,0,9.0,-1.0,-1.8369701987210297e-16,6.783,0.2937
REC_02482,Krishna District,Andhra Pradesh,16.5062,80.648,coastal_humid,2024-09-24,2024-09-29,5,59.1,0.0,24.7,26.0,81.1,81.3,1011.8,44.5,14.6,1,9,59.1,1.3000000000000007,0.20000000000000284,1,0,1,25.0,-1.0,-1.8369701987210297e-16,47.9301,0.4082
REC_03198,Visakhapatnam,Andhra Pradesh,17.6868,83.2185,coastal_cyclonic,2024-09-25,2024-09-29,4,85.9,85.7,21.7,22.6,83.4,82.5,1008.0,90.6,4.7,1,9,0.20000000000000284,0.9000000000000021,0.9000000000000057,0,0,0,16.0,-1.0,-1.8369701987210297e-16,71.6406,0.403
REC_02334,Bengaluru,Karnataka,12.9716,77.5946,plateau_temperate,2024-09-25,2024-10-03,8,1.0,58.0,25.8,22.1,61.7,74.2,1010.9,7.1,6.1,0,10,57.0,3.6999999999999993,12.5,1,1,1,64.0,-0.8660254037844386,0.5000000000000001,0.617,0.3048
REC_02450,Visakhapatnam,Andhra Pradesh,17.6868,83.2185,coastal_cyclonic,2024-09-25,2024-10-04,9,30.7,0.0,27.4,29.8,80.0,55.3,1008.6,52.1,21.3,0,10,30.7,2.400000000000002,24.700000000000003,1,0,1,81.0,-0.8660254037844386,0.5000000000000001,24.56,0.4023
REC_00620,Mumbai,Maharashtra,19.076,72.8777,coastal_heavy_monsoon,2024-09-26,2024-10-05,9,158.2,354.0,31.8,25.1,92.0,93.1,1003.3,150.1,8.2,0,10,195.8,6.699999999999999,1.0999999999999943,1,1,1,81.0,-0.8660254037844386,0.5000000000000001,145.54399999999998,0.3858
REC_00212,Delhi,NCR,28.6139,77.209,continental_subtropical,2024-09-26,2024-10-04,8,2.1,11.6,24.7,24.1,54.4,65.8,1009.8,14.8,12.7,0,10,9.5,0.5999999999999979,11.399999999999999,0,0,0,64.0,-0.8660254037844386,0.5000000000000001,1.1423999999999999,0.2557
REC_03070,Delhi,NCR,28.6139,77.209,continental_subtropical,2024-09-27,2024-10-03,6,0.4,0.0,28.2,30.0,44.1,46.9,1004.2,0.0,4.9,0,10,0.4,1.8000000000000007,2.799999999999997,0,0,0,36.0,-0.8660254037844386,0.5000000000000001,0.1764,0.2552
REC_01744,Bengaluru,Karnataka,12.9716,77.5946,plateau_temperate,2024-09-27,2024-10-05,8,0.8,38.1,25.0,25.1,42.9,19.2,1002.8,0.0,15.3,0,10,37.300000000000004,0.10000000000000142,23.7,1,0,1,64.0,-0.8660254037844386,0.5000000000000001,0.3432,0.3061
REC_01299,Bengaluru,Karnataka,12.9716,77.5946,plateau_temperate,2024-09-27,2024-10-01,4,1.1,7.8,25.9,25.1,56.9,47.2,1003.0,3.0,2.0,0,10,6.699999999999999,0.7999999999999972,9.699999999999996,0,0,0,16.0,-0.8660254037844386,0.5000000000000001,0.6259,0.3074
REC_02542,Visakhapatnam,Andhra Pradesh,17.6868,83.2185,coastal_cyclonic,2024-09-27,2024-10-07,10,4.0,0.0,28.6,32.3,95.1,86.8,1010.9,5.9,1.9,0,10,4.0,3.6999999999999957,8.299999999999997,0,1,1,100.0,-0.8660254037844386,0.5000000000000001,3.804,0.4034
REC_00216,Visakhapatnam,Andhra Pradesh,17.6868,83.2185,coastal_cyclonic,2024-09-28,2024-09-30,2,38.7,28.6,22.9,23.4,91.7,91.6,1014.1,34.3,4.4,1,9,10.100000000000001,0.5,0.10000000000000853,0,0,0,4.0,-1.0,-1.8369701987210297e-16,35.4879,0.4045
REC_00401,Krishna District,Andhra Pradesh,16.5062,80.648,coastal_humid,2024-09-29,2024-10-01,2,91.3,74.2,26.2,26.1,84.2,83.3,1008.3,92.4,1.0,0,10,17.099999999999994,0.09999999999999787,0.9000000000000057,0,0,0,4.0,-0.8660254037844386,0.5000000000000001,76.8746,0.4093
REC_00572,Krishna District,Andhra Pradesh,16.5062,80.648,coastal_humid,2024-09-29,2024-10-01,2,11.2,23.5,22.9,22.2,94.5,89.4,1015.4,9.6,1.7,0,10,12.3,0.6999999999999993,5.099999999999994,0,0,0,4.0,-0.8660254037844386,0.5000000000000001,10.583999999999998,0.4085
REC_00841,Krishna District,Andhra Pradesh,16.5062,80.648,coastal_humid,2024-09-29,2024-10-02,3,17.6,0.0,30.2,30.2,81.8,76.3,1010.5,16.2,1.4,0,10,17.6,0.0,5.5,0,0,0,9.0,-0.8660254037844386,0.5000000000000001,14.3968,0.4078
REC_03207,Mumbai,Maharashtra,19.076,72.8777,coastal_heavy_monsoon,2024-09-29,2024-10-06,7,33.0,0.0,30.5,31.3,90.5,96.1,1009.7,44.1,11.1,0,10,33.0,0.8000000000000007,5.599999999999994,1,0,1,49.0,-0.8660254037844386,0.5000000000000001,29.865,0.387
REC_02625,Hyderabad,Telangana,17.385,78.4867,semi_arid,2024-09-30,2024-10-01,1,2.2,0.9,23.8,23.3,48.0,43.0,1006.1,1.8,0.4,0,10,1.3000000000000003,0.5,5.0,0,0,0,1.0,-0.8660254037844386,0.5000000000000001,1.056,0.2932
REC_03292,Bengaluru,Karnataka,12.9716,77.5946,plateau_temperate,2024-09-30,2024-10-03,3,1.2,0.0,20.3,23.1,45.2,46.2,1009.1,1.0,0.2,0,10,1.2,2.8000000000000007,1.0,0,0,0,9.0,-0.8660254037844386,0.5000000000000001,0.5424,0.3068
REC_00238,Krishna District,Andhra Pradesh,16.5062,80.648,coastal_humid,2024-09-30,2024-10-04,4,11.3,6.9,25.8,26.3,93.0,94.8,1005.3,4.5,6.8,0,10,4.4,0.5,1.7999999999999972,0,0,0,16.0,-0.8660254037844386,0.5000000000000001,10.509,0.4071
REC_02494,Visakhapatnam,Andhra Pradesh,17.6868,83.2185,coastal_cyclonic,2024-09-30,2024-10-05,5,0.6,0.9,23.7,19.7,94.6,92.5,1006.2,2.2,1.6,0,10,0.30000000000000004,4.0,2.0999999999999943,0,1,1,25.0,-0.8660254037844386,0.5000000000000001,0.5676,0.4037
REC_03214,Bengaluru,Karnataka,12.9716,77.5946,plateau_temperate,2024-09-30,2024-10-07,7,1.0,0.4,25.5,28.5,65.4,64.9,1013.1,0.0,14.6,0,10,0.6,3.0,0.5,0,0,0,49.0,-0.8660254037844386,0.5000000000000001,0.654,0.3063
REC_02904,Hyderabad,Telangana,17.385,78.4867,semi_arid,2024-09-30,2024-10-09,9,4.8,78.2,23.0,18.4,60.0,52.5,1009.8,4.4,0.4,0,10,73.4,4.600000000000001,7.5,1,1,1,81.0,-0.8660254037844386,0.5000000000000001,2.88,0.2927
REC_00101,Bengaluru,Karnataka,12.9716,77.5946,plateau_temperate,2024-10-01,2024-10-10,9,1.3,21.1,20.0,22.2,53.2,69.7,1012.3,0.0,1.7,0,10,19.8,2.1999999999999993,16.5,0,0,0,81.0,-0.8660254037844386,0.5000000000000001,0.6916000000000001,0.3057
REC_00148,Mumbai,Maharashtra,19.076,72.8777,coastal_heavy_monsoon,2024-10-01,2024-10-02,1,16.4,38.9,27.1,27.8,98.0,97.0,1012.0,16.9,0.6,0,10,22.5,0.6999999999999993,1.0,0,0,0,1.0,-0.8660254037844386,0.5000000000000001,16.072,0.3881
REC_01479,Visakhapatnam,Andhra Pradesh,17.6868,83.2185,coastal_cyclonic,2024-10-02,2024-10-06,4,5.5,0.0,34.1,34.9,90.8,87.3,1007.9,17.5,11.9,0,10,5.5,0.7999999999999972,3.5,0,0,0,16.0,-0.8660254037844386,0.5000000000000001,4.994,0.4049
REC_02140,Delhi,NCR,28.6139,77.209,continental_subtropical,2024-10-02,2024-10-10,8,8.9,42.9,17.4,16.3,51.7,49.2,1006.4,7.6,1.3,0,10,34.0,1.0999999999999979,2.5,1,0,1,64.0,-0.8660254037844386,0.5000000000000001,4.6013,0.2548
REC_02466,Visakhapatnam,Andhra Pradesh,17.6868,83.2185,coastal_cyclonic,2024-10-02,2024-10-10,8,31.2,0.0,25.3,21.6,84.1,81.8,1005.8,25.3,6.0,0,10,31.2,3.6999999999999993,2.299999999999997,1,1,1,64.0,-0.8660254037844386,0.5000000000000001,26.239199999999997,0.4041
REC_02137,Hyderabad,Telangana,17.385,78.4867,semi_arid,2024-10-02,2024-10-12,10,2.8,22.1,25.0,26.7,49.4,33.4,1006.4,0.0,11.7,0,10,19.3,1.6999999999999993,16.0,0,0,0,100.0,-0.8660254037844386,0.5000000000000001,1.3832,0.2939
REC_02528,Bengaluru,Karnataka,12.9716,77.5946,plateau_temperate,2024-10-02,2024-10-12,10,0.6,0.0,24.3,28.2,51.0,62.5,1012.7,0.0,20.6,0,10,0.6,3.8999999999999986,11.5,0,1,1,100.0,-0.8660254037844386,0.5000000000000001,0.306,0.3051
REC_01387,Delhi,NCR,28.6139,77.209,continental_subtropical,2024-10-03,2024-10-05,2,9.4,5.6,26.1,26.8,62.1,63.1,1006.6,8.7,0.7,0,10,3.8000000000000007,0.6999999999999993,1.0,0,0,0,4.0,-0.8660254037844386,0.5000000000000001,5.8374,0.2561
REC_01611,Krishna District,Andhra Pradesh,16.5062,80.648,coastal_humid,2024-10-03,2024-10-06,3,38.5,56.9,30.1,30.6,68.1,78.8,998.5,39.4,0.8,0,10,18.4,0.5,10.700000000000003,0,0,0,9.0,-0.8660254037844386,0.5000000000000001,26.2185,0.4064
REC_01804,Krishna District,Andhra Pradesh,16.5062,80.648,coastal_humid,2024-10-03,2024-10-12,9,110.5,0.0,27.7,18.2,89.3,85.6,1014.4,121.5,11.0,0,10,110.5,9.5,3.700000000000003,1,1,1,81.0,-0.8660254037844386,0.5000000000000001,98.67649999999999,0.4056
REC_01215,Krishna District,Andhra Pradesh,16.5062,80.648,coastal_humid,2024-10-03,2024-10-13,10,76.0,9.7,26.8,28.2,88.9,86.6,1005.4,72.9,3.0,0,10,66.3,1.3999999999999986,2.3000000000000114,1,0,1,100.0,-0.8660254037844386,0.5000000000000001,67.56400000000001,0.4067
REC_00508,Krishna District,Andhra Pradesh,16.5062,80.648,coastal_humid,2024-10-04,2024-10-12,8,22.4,45.9,32.5,31.6,81.7,66.9,1011.7,16.0,6.4,0,10,23.5,0.8999999999999986,14.799999999999997,0,0,0,64.0,-0.8660254037844386,0.5000000000000001,18.3008,0.4077
REC_00660,Krishna District,Andhra Pradesh,16.5062,80.648,coastal_humid,2024-10-04,2024-10-11,7,0.4,14.2,25.5,26.6,86.2,90.9,1008.4,0.0,4.4,0,10,13.799999999999999,1.1000000000000014,4.700000000000003,0,0,0,49.0,-0.8660254037844386,0.5000000000000001,0.34480000000000005,0.407
REC_01264,Delhi,NCR,28.6139,77.209,continental_subtropical,2024-10-05,2024-10-15,10,0.1,50.6,25.3,26.6,59.2,60.9,1003.7,0.0,1.8,0,10,50.5,1.3000000000000007,1.6999999999999957,1,0,1,100.0,-0.8660254037844386,0.5000000000000001,0.05920000000000001,0.2556
REC_01134,Visakhapatnam,Andhra Pradesh,17.6868,83.2185,coastal_cyclonic,2024-10-05,2024-10-10,5,35.8,0.0,30.8,30.0,76.3,71.5,1009.3,32.4,3.3,0,10,35.8,0.8000000000000007,4.799999999999997,1,0,1,25.0,-0.8660254037844386,0.5000000000000001,27.315399999999997,0.4052
REC_02971,Mumbai,Maharashtra,19.076,72.8777,coastal_heavy_monsoon,2024-10-05,2024-10-15,10,16.9,50.5,21.9,21.1,72.5,71.9,1012.6,5.6,11.3,0,10,33.6,0.7999999999999972,0.5999999999999943,1,0,1,100.0,-0.8660254037844386,0.5000000000000001,12.2525,0.3874
REC_02375,Krishna District,Andhra Pradesh,16.5062,80.648,coastal_humid,2024-10-05,2024-10-11,6,135.7,422.7,30.1,27.2,84.4,75.9,1007.2,133.0,2.7,0,10,287.0,2.900000000000002,8.5,1,0,1,36.0,-0.8660254037844386,0.5000000000000001,114.5308,0.4063
REC_02927,Hyderabad,Telangana,17.385,78.4867,semi_arid,2024-10-05,2024-10-09,4,2.2,24.4,23.7,22.3,70.8,73.1,1003.2,0.0,6.9,0,10,22.2,1.3999999999999986,2.299999999999997,0,0,0,16.0,-0.8660254037844386,0.5000000000000001,1.5576,0.2934
REC_02236,Visakhapatnam,Andhra Pradesh,17.6868,83.2185,coastal_cyclonic,2024-10-05,2024-10-11,6,12.0,0.0,23.8,25.7,80.8,100.0,1008.8,24.4,12.4,0,10,12.0,1.8999999999999986,19.200000000000003,0,0,0,36.0,-0.8660254037844386,0.5000000000000001,9.696,0.4063
REC_01127,Visakhapatnam,Andhra Pradesh,17.6868,83.2185,coastal_cyclonic,2024-10-05,2024-10-06,1,29.5,21.7,32.9,32.0,86.5,89.0,1014.4,29.8,0.3,0,10,7.800000000000001,0.8999999999999986,2.5,0,0,0,1.0,-0.8660254037844386,0.5000000000000001,25.5175,0.4056
REC_01714,Hyderabad,Telangana,17.385,78.4867,semi_arid,2024-10-07,2024-10-10,3,1.3,0.0,25.8,24.5,46.6,47.2,1004.1,1.5,0.2,0,10,1.3,1.3000000000000007,0.6000000000000014,0,0,0,9.0,-0.8660254037844386,0.5000000000000001,0.6058,0.2929
REC_02101,Visakhapatnam,Andhra Pradesh,17.6868,83.2185,coastal_cyclonic,2024-10-07,2024-10-10,3,26.6,33.7,25.8,22.4,78.3,84.0,1006.1,26.2,0.4,0,10,7.100000000000001,3.400000000000002,5.700000000000003,0,0,0,9.0,-0.8660254037844386,0.5000000000000001,20.827800000000003,0.4048
REC_02283,Bengaluru,Karnataka,12.9716,77.5946,plateau_temperate,2024-10-07,2024-10-10,3,1.3,3.9,26.8,26.3,45.5,42.9,1009.7,0.3,1.1,0,10,2.5999999999999996,0.5,2.6000000000000014,0,0,0,9.0,-0.8660254037844386,0.5000000000000001,0.5915,0.3064
REC_02573,Hyderabad,Telangana,17.385,78.4867,semi_arid,2024-10-07,2024-10-14,7,2.8,5.1,21.2,25.2,60.1,52.4,1001.0,0.0,14.2,0,10,2.3,4.0,7.700000000000003,0,1,1,49.0,-0.8660254037844386,0.5000000000000001,1.6828,0.2924
REC_01808,Hyderabad,Telangana,17.385,78.4867,semi_arid,2024-10-08,2024-10-09,1,8.0,24.9,22.8,23.3,44.4,45.0,1000.3,8.9,0.9,0,10,16.9,0.5,0.6000000000000014,0,0,0,1.0,-0.8660254037844386,0.5000000000000001,3.552,0.2936
REC_00169,Visakhapatnam,Andhra Pradesh,17.6868,83.2185,coastal_cyclonic,2024-10-08,2024-10-13,5,17.8,0.0,26.9,25.5,77.1,54.0,1010.0,17.5,0.3,0,10,17.8,1.3999999999999986,23.099999999999994,0,0,0,25.0,-0.8660254037844386,0.5000000000000001,13.723799999999999,0.4041
REC_01092,Krishna District,Andhra Pradesh,16.5062,80.648,coastal_humid,2024-10-08,2024-10-15,7,41.9,0.0,35.3,33.6,74.0,80.2,1006.8,31.4,10.5,0,10,41.9,1.6999999999999957,6.200000000000003,1,0,1,49.0,-0.8660254037844386,0.5000000000000001,31.006,0.4073
REC_01882,Hyderabad,Telangana,17.385,78.4867,semi_arid,2024-10-08,2024-10-15,7,3.8,52.4,21.4,22.5,58.6,62.4,1000.8,7.2,3.4,0,10,48.6,1.1000000000000014,3.799999999999997,1,0,1,49.0,-0.8660254037844386,0.5000000000000001,2.2268,0.2931
REC_01161,Visakhapatnam,Andhra Pradesh,17.6868,83.2185,coastal_cyclonic,2024-10-08,2024-10-17,9,12.3,0.0,23.5,23.3,87.0,84.2,1004.8,51.6,39.3,0,10,12.3,0.1999999999999993,2.799999999999997,0,0,0,81.0,-0.8660254037844386,0.5000000000000001,10.701,0.4033
REC_03322,Hyderabad,Telangana,17.385,78.4867,semi_arid,2024-10-08,2024-10-17,9,1.2,30.8,20.6,27.3,45.6,46.6,1014.2,0.0,14.4,0,10,29.6,6.699999999999999,1.0,1,1,1,81.0,-0.8660254037844386,0.5000000000000001,0.5472,0.2943
REC_02116,Mumbai,Maharashtra,19.076,72.8777,coastal_heavy_monsoon,2024-10-09,2024-10-13,4,2.7,0.0,28.2,30.9,75.4,82.3,1014.7,5.7,3.0,0,10,2.7,2.6999999999999993,6.8999999999999915,0,0,0,16.0,-0.8660254037844386,0.5000000000000001,2.0358000000000005,0.3886
REC_00291,Visakhapatnam,Andhra Pradesh,17.6868,83.2185,coastal_cyclonic,2024-10-09,2024-10-11,2,51.6,34.8,25.1,23.3,88.4,91.4,1008.4,49.5,2.1,0,10,16.800000000000004,1.8000000000000007,3.0,0,0,0,4.0,-0.8660254037844386,0.5000000000000001,45.6144,0.4026
REC_00026,Hyderabad,Telangana,17.385,78.4867,semi_arid,2024-10-11,2024-10-12,1,3.6,0.0,24.3,24.5,47.9,49.7,1008.6,3.5,0.0,0,10,3.6,0.1999999999999993,1.8000000000000043,0,0,0,1.0,-0.8660254037844386,0.5000000000000001,1.7244,0.2955
REC_02403,Visakhapatnam,Andhra Pradesh,17.6868,83.2185,coastal_cyclonic,2024-10-11,2024-10-18,7,21.6,29.7,27.8,29.4,84.1,93.3,1001.2,13.8,7.8,0,10,8.099999999999998,1.5999999999999979,9.200000000000003,0,0,0,49.0,-0.8660254037844386,0.5000000000000001,18.165599999999998,0.4018
REC_03067,Delhi,NCR,28.6139,77.209,continental_subtropical,2024-10-11,2024-10-18,7,2.3,65.7,20.8,26.6,60.7,67.9,1012.6,0.0,6.6,0,10,63.400000000000006,5.800000000000001,7.200000000000003,1,1,1,49.0,-0.8660254037844386,0.5000000000000001,1.3961,0.2569
REC_00477,Hyderabad,Telangana,17.385,78.4867,semi_arid,2024-10-12,2024-10-14,2,8.5,8.8,27.0,26.7,49.2,48.9,1003.9,9.1,0.6,0,10,0.3000000000000007,0.3000000000000007,0.30000000000000426,0,0,0,4.0,-0.8660254037844386,0.5000000000000001,4.182,0.295
REC_01082,Bengaluru,Karnataka,12.9716,77.5946,plateau_temperate,2024-10-12,2024-10-14,2,2.9,2.6,25.0,25.9,50.2,46.2,1004.5,1.6,1.2,0,10,0.2999999999999998,0.8999999999999986,4.0,0,0,0,4.0,-0.8660254037844386,0.5000000000000001,1.4558000000000002,0.3059
REC_01969,Bengaluru,Karnataka,12.9716,77.5946,plateau_temperate,2024-10-12,2024-10-14,2,7.8,0.0,28.3,30.5,57.0,53.4,1005.5,10.0,2.3,0,10,7.8,2.1999999999999993,3.6000000000000014,0,0,0,4.0,-0.8660254037844386,0.5000000000000001,4.446,0.3053
REC_01255,Visakhapatnam,Andhra Pradesh,17.6868,83.2185,coastal_cyclonic,2024-10-12,2024-10-20,8,232.5,299.0,27.2,27.0,87.9,74.5,1013.7,228.1,4.4,0,10,66.5,0.1999999999999993,13.400000000000006,1,0,1,64.0,-0.8660254037844386,0.5000000000000001,204.3675,0.4011
REC_02021,Delhi,NCR,28.6139,77.209,continental_subtropical,2024-10-12,2024-10-20,8,2.2,0.0,25.2,31.3,66.9,85.1,1014.3,7.9,5.7,0,10,2.2,6.100000000000001,18.19999999999999,0,1,1,64.0,-0.8660254037844386,0.5000000000000001,1.4718000000000004,0.2582
REC_02255,Delhi,NCR,28.6139,77.209,continental_subtropical,2024-10-12,2024-10-22,10,0.2,0.0,28.4,35.9,56.1,49.9,1010.4,0.0,1.6,0,10,0.2,7.5,6.200000000000003,0,1,1,100.0,-0.8660254037844386,0.5000000000000001,0.11220000000000001,0.2595
REC_00412,Bengaluru,Karnataka,12.9716,77.5946,plateau_temperate,2024-10-13,2024-10-22,9,0.0,18.1,24.9,28.1,47.4,53.2,1005.3,10.8,10.8,0,10,18.1,3.200000000000003,5.800000000000004,0,0,0,81.0,-0.8660254037844386,0.5000000000000001,0.0,0.3047
REC_03305,Hyderabad,Telangana,17.385,78.4867,semi_arid,2024-10-13,2024-10-20,7,7.4,3.2,19.9,21.5,51.5,38.8,1003.7,0.0,8.1,0,10,4.2,1.6000000000000014,12.700000000000003,0,0,0,49.0,-0.8660254037844386,0.5000000000000001,3.8110000000000004,0.2945
REC_01634,Hyderabad,Telangana,17.385,78.4867,semi_arid,2024-10-13,2024-10-19,6,4.3,10.2,22.4,19.7,60.6,72.3,1010.9,5.6,1.3,0,10,5.8999999999999995,2.6999999999999993,11.699999999999996,0,0,0,36.0,-0.8660254037844386,0.5000000000000001,2.6058,0.294
REC_00558,Delhi,NCR,28.6139,77.209,continental_subtropical,2024-10-13,2024-10-19,6,1.2,11.7,20.0,20.5,53.0,50.0,1001.3,0.0,3.3,0,10,10.5,0.5,3.0,0,0,0,36.0,-0.8660254037844386,0.5000000000000001,0.6359999999999999,0.2607
REC_00334,Bengaluru,Karnataka,12.9716,77.5946,plateau_temperate,2024-10-13,2024-10-18,5,0.2,9.1,28.5,28.7,58.7,69.9,1013.8,0.0,4.6,0,10,8.9,0.1999999999999993,11.200000000000003,0,0,0,25.0,-0.8660254037844386,0.5000000000000001,0.11740000000000002,0.3042
REC_00773,Bengaluru,Karnataka,12.9716,77.5946,plateau_temperate,2024-10-13,2024-10-20,7,2.0,0.0,19.1,19.5,62.7,62.3,1007.6,4.9,2.9,0,10,2.0,0.3999999999999986,0.4000000000000057,0,0,0,49.0,-0.8660254037844386,0.5000000000000001,1.254,0.3036
REC_00108,Hyderabad,Telangana,17.385,78.4867,semi_arid,2024-10-14,2024-10-15,1,3.4,7.1,20.4,19.5,62.9,64.1,1007.1,3.5,0.0,0,10,3.6999999999999997,0.8999999999999986,1.1999999999999957,0,0,0,1.0,-0.8660254037844386,0.5000000000000001,2.1386,0.2935
REC_02723,Hyderabad,Telangana,17.385,78.4867,semi_arid,2024-10-14,2024-10-18,4,0.9,0.0,24.2,25.3,39.5,38.6,1008.9,0.3,0.6,0,10,0.9,1.1000000000000014,0.8999999999999986,0,0,0,16.0,-0.8660254037844386,0.5000000000000001,0.35550000000000004,0.293
REC_03364,Delhi,NCR,28.6139,77.209,continental_subtropical,2024-10-14,2024-10-19,5,15.2,15.4,21.5,20.7,68.3,74.9,1016.8,13.0,2.2,0,10,0.20000000000000107,0.8000000000000007,6.6000000000000085,0,0,0,25.0,-0.8660254037844386,0.5000000000000001,10.381599999999999,0.2603
REC_01043,Krishna District,Andhra Pradesh,16.5062,80.648,coastal_humid,2024-10-14,2024-10-23,9,13.0,119.5,21.5,20.2,77.7,72.0,1009.4,13.7,0.7,0,10,106.5,1.3000000000000007,5.700000000000003,1,0,1,81.0,-0.8660254037844386,0.5000000000000001,10.101,0.4084
REC_02163,Mumbai,Maharashtra,19.076,72.8777,coastal_heavy_monsoon,2024-10-14,2024-10-23,9,38.0,0.0,30.6,32.3,92.7,100.0,1012.7,28.1,9.9,0,10,38.0,1.6999999999999957,7.299999999999997,1,0,1,81.0,-0.8660254037844386,0.5000000000000001,35.226,0.3878
REC_01014,Krishna District,Andhra Pradesh,16.5062,80.648,coastal_humid,2024-10-15,2024-10-21,6,4.1,32.3,29.6,32.8,80.3,79.8,1009.6,14.9,10.8,0,10,28.199999999999996,3.1999999999999957,0.5,1,0,1,36.0,-0.8660254037844386,0.5000000000000001,3.2922999999999996,0.4094
REC_02672,Hyderabad,Telangana,17.385,78.4867,semi_arid,2024-10-15,2024-10-24,9,1.4,20.6,29.7,26.3,56.3,52.5,1005.1,0.0,5.5,0,10,19.200000000000003,3.3999999999999986,3.799999999999997,0,0,0,81.0,-0.8660254037844386,0.5000000000000001,0.7881999999999999,0.2925
REC_00388,Bengaluru,Karnataka,12.9716,77.5946,plateau_temperate,2024-10-15,2024-10-22,7,0.8,20.4,23.8,18.5,64.6,60.6,1006.1,4.9,4.1,0,10,19.599999999999998,5.300000000000001,3.999999999999993,0,1,1,49.0,-0.8660254037844386,0.5000000000000001,0.5168,0.3031
REC_02816,Visakhapatnam,Andhra Pradesh,17.6868,83.2185,coastal_cyclonic,2024-10-15,2024-10-21,6,5.0,26.1,30.4,25.9,90.0,78.5,1004.0,7.3,2.3,0,10,21.1,4.5,11.5,0,1,1,36.0,-0.8660254037844386,0.5000000000000001,4.5,0.4022
REC_00730,Bengaluru,Karnataka,12.9716,77.5946,plateau_temperate,2024-10-15,2024-10-21,6,4.7,38.6,19.9,20.7,44.9,35.2,1007.3,4.2,0.6,0,10,33.9,0.8000000000000007,9.699999999999996,1,0,1,36.0,-0.8660254037844386,0.5000000000000001,2.1103,0.3043
REC_00012,Hyderabad,Telangana,17.385,78.4867,semi_arid,2024-10-15,2024-10-21,6,0.6,0.0,24.9,24.0,55.8,42.3,1011.9,6.4,5.8,0,10,0.6,0.8999999999999986,13.5,0,0,0,36.0,-0.8660254037844386,0.5000000000000001,0.3348,0.292
REC_00604,Krishna District,Andhra Pradesh,16.5062,80.648,coastal_humid,2024-10-15,2024-10-17,2,102.9,100.9,31.7,31.1,96.3,98.9,1006.1,101.0,1.9,0,10,2.0,0.5999999999999979,2.6000000000000085,0,0,0,4.0,-0.8660254037844386,0.5000000000000001,99.09270000000001,0.4104
REC_01791,Delhi,NCR,28.6139,77.209,continental_subtropical,2024-10-16,2024-10-20,4,3.3,19.0,22.7,21.4,62.9,67.1,1005.6,5.1,1.8,0,10,15.7,1.3000000000000007,4.199999999999996,0,0,0,16.0,-0.8660254037844386,0.5000000000000001,2.0757,0.2598
REC_00372,Krishna District,Andhra Pradesh,16.5062,80.648,coastal_humid,2024-10-16,2024-10-24,8,6.1,0.0,27.3,22.5,84.6,93.3,1006.3,12.9,6.8,0,10,6.1,4.800000000000001,8.700000000000003,0,1,1,64.0,-0.8660254037844386,0.5000000000000001,5.1606,0.4097
REC_02426,Bengaluru,Karnataka,12.9716,77.5946,plateau_temperate,2024-10-16,2024-10-24,8,1.1,2.6,22.5,21.3,49.4,51.3,1008.1,9.7,8.6,0,10,1.5,1.1999999999999993,1.8999999999999986,0,0,0,64.0,-0.8660254037844386,0.5000000000000001,0.5434,0.3056
REC_00846,Krishna District,Andhra Pradesh,16.5062,80.648,coastal_humid,2024-10-17,2024-10-23,6,50.5,69.7,19.4,18.9,96.4,85.6,1007.0,57.7,7.2,0,10,19.200000000000003,0.5,10.800000000000011,0,0,0,36.0,-0.8660254037844386,0.5000000000000001,48.68200000000001,0.4107
REC_01243,Mumbai,Maharashtra,19.076,72.8777,coastal_heavy_monsoon,2024-10-17,2024-10-25,8,23.6,0.0,25.5,28.7,86.6,95.3,1010.3,25.4,1.8,0,10,23.6,3.1999999999999993,8.700000000000003,1,0,1,64.0,-0.8660254037844386,0.5000000000000001,20.4376,0.389
REC_00779,Visakhapatnam,Andhra Pradesh,17.6868,83.2185,coastal_cyclonic,2024-10-18,2024-10-24,6,48.1,58.6,24.6,25.0,76.3,68.6,1006.6,43.7,4.4,0,10,10.5,0.3999999999999986,7.700000000000003,0,0,0,36.0,-0.8660254037844386,0.5000000000000001,36.7003,0.4033
REC_02945,Krishna District,Andhra Pradesh,16.5062,80.648,coastal_humid,2024-10-18,2024-10-23,5,8.3,9.8,25.0,27.1,82.8,82.2,1008.7,12.9,4.6,0,10,1.5,2.1000000000000014,0.5999999999999943,0,0,0,25.0,-0.8660254037844386,0.5000000000000001,6.8724,0.41
REC_03413,Mumbai,Maharashtra,19.076,72.8777,coastal_heavy_monsoon,2024-10-18,2024-10-25,7,15.4,0.0,34.3,35.2,89.6,94.7,1013.5,3.9,11.5,0,10,15.4,0.9000000000000057,5.1000000000000085,0,0,0,49.0,-0.8660254037844386,0.5000000000000001,13.798399999999999,0.3902
REC_02189,Mumbai,Maharashtra,19.076,72.8777,coastal_heavy_monsoon,2024-10-19,2024-10-27,8,27.7,0.0,22.0,17.0,81.2,60.4,1003.3,19.5,8.2,0,10,27.7,5.0,20.800000000000004,1,1,1,64.0,-0.8660254037844386,0.5000000000000001,22.492400000000004,0.3894
REC_00665,Visakhapatnam,Andhra Pradesh,17.6868,83.2185,coastal_cyclonic,2024-10-19,2024-10-28,9,16.0,86.3,25.0,21.5,80.6,54.2,1003.4,12.4,3.6,0,10,70.3,3.5,26.39999999999999,1,1,1,81.0,-0.8660254037844386,0.5000000000000001,12.895999999999999,0.4026
REC_01346,Delhi,NCR,28.6139,77.209,continental_subtropical,2024-10-19,2024-10-28,9,1.1,0.0,22.0,26.1,56.8,57.2,1007.7,8.9,7.8,0,10,1.1,4.100000000000001,0.4000000000000057,0,1,1,81.0,-0.8660254037844386,0.5000000000000001,0.6248,0.2594
REC_00560,Hyderabad,Telangana,17.385,78.4867,semi_arid,2024-10-19,2024-10-22,3,0.1,0.0,16.5,14.9,49.6,50.4,1008.9,5.9,5.8,0,10,0.1,1.5999999999999996,0.7999999999999972,0,0,0,9.0,-0.8660254037844386,0.5000000000000001,0.049600000000000005,0.2915
REC_01168,Bengaluru,Karnataka,12.9716,77.5946,plateau_temperate,2024-10-19,2024-10-21,2,1.4,0.0,24.9,25.7,60.9,62.8,1013.5,3.4,2.0,0,10,1.4,0.8000000000000007,1.8999999999999986,0,0,0,4.0,-0.8660254037844386,0.5000000000000001,0.8525999999999999,0.3051
REC_03044,Mumbai,Maharashtra,19.076,72.8777,coastal_heavy_monsoon,2024-10-19,2024-10-21,2,82.0,5.2,27.2,26.2,84.9,89.6,1011.3,83.6,1.6,0,10,76.8,1.0,4.699999999999989,1,0,1,4.0,-0.8660254037844386,0.5000000000000001,69.618,0.3906
REC_01221,Krishna District,Andhra Pradesh,16.5062,80.648,coastal_humid,2024-10-20,2024-10-23,3,14.1,12.5,26.8,27.5,69.2,68.0,1003.6,15.0,0.9,0,10,1.5999999999999996,0.6999999999999993,1.2000000000000028,0,0,0,9.0,-0.8660254037844386,0.5000000000000001,9.757200000000001,0.4093
REC_01875,Visakhapatnam,Andhra Pradesh,17.6868,83.2185,coastal_cyclonic,2024-10-20,2024-10-25,5,37.0,75.9,24.4,25.5,85.2,93.6,1004.6,39.6,2.6,0,10,38.900000000000006,1.1000000000000014,8.399999999999991,1,0,1,25.0,-0.8660254037844386,0.5000000000000001,31.524,0.4036
REC_01144,Bengaluru,Karnataka,12.9716,77.5946,plateau_temperate,2024-10-20,2024-10-26,6,0.4,0.0,21.4,22.9,51.6,57.9,1004.9,0.0,6.0,0,10,0.4,1.5,6.299999999999997,0,0,0,36.0,-0.8660254037844386,0.5000000000000001,0.2064,0.3045
REC_02926,Mumbai,Maharashtra,19.076,72.8777,coastal_heavy_monsoon,2024-10-20,2024-10-28,8,114.4,0.0,23.7,20.3,93.2,86.9,1013.0,105.6,8.8,0,10,114.4,3.3999999999999986,6.299999999999997,1,0,1,64.0,-0.8660254037844386,0.5000000000000001,106.62080000000002,0.3917
REC_00316,Hyderabad,Telangana,17.385,78.4867,semi_arid,2024-10-20,2024-10-29,9,1.4,36.6,24.9,20.1,57.4,66.3,1010.9,4.6,3.2,0,10,35.2,4.799999999999997,8.899999999999999,1,1,1,81.0,-0.8660254037844386,0.5000000000000001,0.8036,0.291
REC_02657,Hyderabad,Telangana,17.385,78.4867,semi_arid,2024-10-20,2024-10-30,10,2.7,0.0,23.2,21.2,63.6,65.3,1005.3,15.7,13.0,0,10,2.7,2.0,1.6999999999999957,0,0,0,100.0,-0.8660254037844386,0.5000000000000001,1.7172000000000003,0.2922
REC_00556,Visakhapatnam,Andhra Pradesh,17.6868,83.2185,coastal_cyclonic,2024-10-21,2024-10-23,2,86.3,109.2,32.8,30.5,88.8,87.4,1005.4,89.6,3.3,0,10,22.900000000000006,2.299999999999997,1.3999999999999915,0,0,0,4.0,-0.8660254037844386,0.5000000000000001,76.6344,0.4047
REC_01677,Delhi,NCR,28.6139,77.209,continental_subtropical,2024-10-21,2024-10-23,2,1.7,4.5,23.9,25.7,62.4,59.3,1006.8,0.0,5.4,0,10,2.8,1.8000000000000007,3.1000000000000014,0,0,0,4.0,-0.8660254037844386,0.5000000000000001,1.0608,0.2606
REC_00335,Bengaluru,Karnataka,12.9716,77.5946,plateau_temperate,2024-10-21,2024-10-29,8,0.5,0.0,27.2,26.8,67.2,71.3,1005.1,0.0,6.3,0,10,0.5,0.3999999999999986,4.099999999999994,0,0,0,64.0,-0.8660254037844386,0.5000000000000001,0.336,0.304
REC_02725,Bengaluru,Karnataka,12.9716,77.5946,plateau_temperate,2024-10-21,2024-10-30,9,0.1,0.0,27.2,28.3,57.5,20.7,1007.3,9.1,9.0,0,10,0.1,1.1000000000000014,36.8,0,0,0,81.0,-0.8660254037844386,0.5000000000000001,0.0575,0.3034
REC_00690,Hyderabad,Telangana,17.385,78.4867,semi_arid,2024-10-22,2024-10-31,9,4.8,0.0,20.1,16.2,51.1,50.2,1014.4,22.1,17.3,0,10,4.8,3.900000000000002,0.8999999999999986,0,1,1,81.0,-0.8660254037844386,0.5000000000000001,2.4528,0.2917
REC_02125,Delhi,NCR,28.6139,77.209,continental_subtropical,2024-10-22,2024-10-29,7,0.7,24.5,26.6,29.6,54.5,53.2,1007.9,7.6,7.0,0,10,23.8,3.0,1.2999999999999972,0,0,0,49.0,-0.8660254037844386,0.5000000000000001,0.3815,0.2602
REC_02231,Mumbai,Maharashtra,19.076,72.8777,coastal_heavy_monsoon,2024-10-22,2024-10-25,3,12.0,33.5,32.1,31.1,89.0,86.2,1016.6,14.5,2.5,0,10,21.5,1.0,2.799999999999997,0,0,0,9.0,-0.8660254037844386,0.5000000000000001,10.68,0.3929
REC_01526,Visakhapatnam,Andhra Pradesh,17.6868,83.2185,coastal_cyclonic,2024-10-22,2024-10-23,1,78.7,81.1,30.9,32.8,86.1,87.0,1005.6,79.1,0.4,0,10,2.3999999999999915,1.8999999999999986,0.9000000000000057,0,0,0,1.0,-0.8660254037844386,0.5000000000000001,67.7607,0.404
REC_03080,Visakhapatnam,Andhra Pradesh,17.6868,83.2185,coastal_cyclonic,2024-10-23,2024-11-02,10,39.5,0.0,29.5,26.8,88.9,100.0,1005.4,13.0,26.6,0,11,39.5,2.6999999999999993,11.099999999999994,1,0,1,100.0,-0.5000000000000004,0.8660254037844384,35.115500000000004,0.4033
REC_02336,Bengaluru,Karnataka,12.9716,77.5946,plateau_temperate,2024-10-24,2024-10-28,4,0.5,0.0,23.1,25.5,47.8,42.0,1004.9,7.2,6.7,0,10,0.5,2.3999999999999986,5.799999999999997,0,0,0,16.0,-0.8660254037844386,0.5000000000000001,0.239,0.3029
REC_02915,Mumbai,Maharashtra,19.076,72.8777,coastal_heavy_monsoon,2024-10-24,2024-10-31,7,73.2,41.7,29.3,25.4,89.2,96.8,1010.3,76.6,3.3,0,10,31.5,3.900000000000002,7.599999999999994,1,1,1,49.0,-0.8660254037844386,0.5000000000000001,65.29440000000001,0.3921
REC_02943,Delhi,NCR,28.6139,77.209,continental_subtropical,2024-10-24,2024-11-02,9,1.0,0.0,26.0,28.3,54.5,45.1,1009.2,0.0,8.2,0,11,1.0,2.3000000000000007,9.399999999999999,0,0,0,81.0,-0.5000000000000004,0.8660254037844384,0.545,0.2598
REC_01103,Hyderabad,Telangana,17.385,78.4867,semi_arid,2024-10-25,2024-10-30,5,1.8,0.0,21.2,19.7,55.8,58.5,1007.3,0.0,4.0,0,10,1.8,1.5,2.700000000000003,0,0,0,25.0,-0.8660254037844386,0.5000000000000001,1.0044,0.2929
REC_02937,Visakhapatnam,Andhra Pradesh,17.6868,83.2185,coastal_cyclonic,2024-10-25,2024-11-02,8,104.3,145.2,23.9,24.5,85.3,97.6,1014.0,105.1,0.8,0,11,40.89999999999999,0.6000000000000014,12.299999999999997,1,0,1,64.0,-0.5000000000000004,0.8660254037844384,88.96789999999999,0.4043
REC_00180,Krishna District,Andhra Pradesh,16.5062,80.648,coastal_humid,2024-10-25,2024-11-04,10,7.2,0.0,31.5,25.9,94.5,100.0,1010.9,0.0,15.9,0,11,7.2,5.600000000000001,5.5,0,1,1,100.0,-0.5000000000000004,0.8660254037844384,6.803999999999999,0.4086
REC_03471,Delhi,NCR,28.6139,77.209,continental_subtropical,2024-10-25,2024-11-04,10,0.9,0.0,22.9,23.9,59.7,75.3,1002.4,0.0,11.3,0,11,0.9,1.0,15.599999999999994,0,0,0,100.0,-0.5000000000000004,0.8660254037844384,0.5373,0.2593
REC_00769,Delhi,NCR,28.6139,77.209,continental_subtropical,2024-10-26,2024-10-27,1,2.2,3.7,25.5,24.6,61.0,60.1,1011.8,3.2,1.0,0,10,1.5,0.8999999999999986,0.8999999999999986,0,0,0,1.0,-0.8660254037844386,0.5000000000000001,1.342,0.2589
REC_03255,Hyderabad,Telangana,17.385,78.4867,semi_arid,2024-10-27,2024-11-01,5,7.3,17.6,21.0,22.6,60.6,57.5,1014.1,0.0,9.8,0,11,10.3,1.6000000000000014,3.1000000000000014,0,0,0,25.0,-0.5000000000000004,0.8660254037844384,4.4238,0.2924
REC_00965,Bengaluru,Karnataka,12.9716,77.5946,plateau_temperate,2024-10-27,2024-11-06,10,2.4,0.0,23.4,26.5,60.2,62.4,1004.5,3.7,1.2,0,11,2.4,3.1000000000000014,2.1999999999999957,0,0,0,100.0,-0.5000000000000004,0.8660254037844384,1.4447999999999999,0.3023
REC_02652,Mumbai,Maharashtra,19.076,72.8777,coastal_heavy_monsoon,2024-10-27,2024-10-28,1,42.6,45.3,24.5,24.2,98.0,100.0,1013.1,43.2,0.6,0,10,2.6999999999999957,0.3000000000000007,2.0,0,0,0,1.0,-0.8660254037844386,0.5000000000000001,41.748000000000005,0.3933
REC_02280,Krishna District,Andhra Pradesh,16.5062,80.648,coastal_humid,2024-10-28,2024-10-30,2,22.4,25.4,27.7,27.0,94.4,89.9,1008.2,23.1,0.7,0,10,3.0,0.6999999999999993,4.5,0,0,0,4.0,-0.8660254037844386,0.5000000000000001,21.145599999999998,0.4096
REC_02305,Visakhapatnam,Andhra Pradesh,17.6868,83.2185,coastal_cyclonic,2024-10-28,2024-10-31,3,37.1,12.3,31.0,31.5,78.7,81.9,1011.1,40.8,3.7,0,10,24.8,0.5,3.200000000000003,0,0,0,9.0,-0.8660254037844386,0.5000000000000001,29.197700000000005,0.4054
REC_00353,Visakhapatnam,Andhra Pradesh,17.6868,83.2185,coastal_cyclonic,2024-10-28,2024-11-04,7,74.5,54.9,29.0,29.6,91.4,82.1,1009.7,77.9,3.4,0,11,19.6,0.6000000000000014,9.300000000000011,0,0,0,49.0,-0.5000000000000004,0.8660254037844384,68.093,0.4047
REC_02741,Hyderabad,Telangana,17.385,78.4867,semi_arid,2024-10-28,2024-11-04,7,0.7,0.0,24.7,24.1,57.9,51.1,1009.3,0.0,1.3,0,11,0.7,0.5999999999999979,6.799999999999997,0,0,0,49.0,-0.5000000000000004,0.8660254037844384,0.40529999999999994,0.2919
REC_01412,Mumbai,Maharashtra,19.076,72.8777,coastal_heavy_monsoon,2024-10-28,2024-11-06,9,11.7,0.0,30.1,28.3,84.1,69.6,1009.7,9.4,2.3,0,11,11.7,1.8000000000000007,14.5,0,0,0,81.0,-0.5000000000000004,0.8660254037844384,9.839699999999999,0.3925
REC_00036,Krishna District,Andhra Pradesh,16.5062,80.648,coastal_humid,2024-10-29,2024-10-31,2,34.4,44.3,26.6,26.8,94.3,91.7,1008.0,36.3,1.9,0,10,9.899999999999999,0.1999999999999993,2.5999999999999943,0,0,0,4.0,-0.8660254037844386,0.5000000000000001,32.4392,0.4089
REC_02060,Krishna District,Andhra Pradesh,16.5062,80.648,coastal_humid,2024-10-29,2024-10-31,2,26.9,41.1,28.3,29.6,80.3,79.8,1008.1,27.2,0.3,0,10,14.200000000000003,1.3000000000000007,0.5,0,0,0,4.0,-0.8660254037844386,0.5000000000000001,21.600699999999996,0.4082
REC_01278,Mumbai,Maharashtra,19.076,72.8777,coastal_heavy_monsoon,2024-10-29,2024-11-04,6,58.2,0.0,25.3,22.8,97.1,80.9,1005.8,44.5,13.8,0,11,58.2,2.5,16.19999999999999,1,0,1,36.0,-0.5000000000000004,0.8660254037844384,56.5122,0.3918
REC_02841,Krishna District,Andhra Pradesh,16.5062,80.648,coastal_humid,2024-10-30,2024-11-08,9,23.3,0.0,25.2,28.3,91.3,100.0,1008.0,39.1,15.8,0,11,23.3,3.1000000000000014,8.700000000000003,1,0,1,81.0,-0.5000000000000004,0.8660254037844384,21.2729,0.4075
REC_03405,Hyderabad,Telangana,17.385,78.4867,semi_arid,2024-10-30,2024-11-06,7,2.4,28.4,19.0,16.8,63.9,50.0,1009.4,1.0,1.4,0,11,26.0,2.1999999999999993,13.899999999999999,1,0,1,49.0,-0.5000000000000004,0.8660254037844384,1.5335999999999999,0.2915
REC_00168,Delhi,NCR,28.6139,77.209,continental_subtropical,2024-10-30,2024-11-07,8,5.2,20.3,24.5,24.5,54.8,39.6,1011.3,0.0,16.6,0,11,15.100000000000001,0.0,15.199999999999996,0,0,0,64.0,-0.5000000000000004,0.8660254037844384,2.8495999999999997,0.2584
REC_00090,Delhi,NCR,28.6139,77.209,continental_subtropical,2024-10-30,2024-11-03,4,5.8,14.0,21.2,22.2,52.1,50.0,1012.6,11.1,5.2,0,11,8.2,1.0,2.1000000000000014,0,0,0,16.0,-0.5000000000000004,0.8660254037844384,3.0218000000000003,0.258
REC_03177,Krishna District,Andhra Pradesh,16.5062,80.648,coastal_humid,2024-10-30,2024-11-02,3,17.5,0.0,28.0,26.5,75.9,86.0,1007.7,14.2,3.3,0,11,17.5,1.5,10.099999999999994,0,0,0,9.0,-0.5000000000000004,0.8660254037844384,13.2825,0.4085
REC_00590,Hyderabad,Telangana,17.385,78.4867,semi_arid,2024-10-30,2024-11-05,6,2.3,23.0,22.2,23.2,54.9,67.0,1008.6,4.6,2.3,0,11,20.7,1.0,12.100000000000001,0,0,0,36.0,-0.5000000000000004,0.8660254037844384,1.2626999999999997,0.2926
REC_01175,Hyderabad,Telangana,17.385,78.4867,semi_arid,2024-10-31,2024-11-03,3,6.7,3.4,26.7,29.6,66.0,64.3,1004.3,0.9,5.9,0,11,3.3000000000000003,2.900000000000002,1.7000000000000028,0,0,0,9.0,-0.5000000000000004,0.8660254037844384,4.422,0.2922
REC_02697,Bengaluru,Karnataka,12.9716,77.5946,plateau_temperate,2024-10-31,2024-11-04,4,2.1,0.0,23.2,24.3,66.9,72.1,1007.4,6.2,4.2,0,11,2.1,1.1000000000000014,5.199999999999989,0,0,0,16.0,-0.5000000000000004,0.8660254037844384,1.4049,0.3018
REC_00070,Bengaluru,Karnataka,12.9716,77.5946,plateau_temperate,2024-11-01,2024-11-02,1,2.0,0.1,24.8,25.6,49.8,47.9,1008.2,2.7,0.7,0,11,1.9,0.8000000000000007,1.8999999999999986,0,0,0,1.0,-0.5000000000000004,0.8660254037844384,0.996,0.3012
REC_00297,Visakhapatnam,Andhra Pradesh,17.6868,83.2185,coastal_cyclonic,2024-11-01,2024-11-03,2,45.7,11.2,26.7,25.4,90.4,95.1,1005.9,44.6,1.1,0,11,34.5,1.3000000000000007,4.699999999999989,1,0,1,4.0,-0.5000000000000004,0.8660254037844384,41.31280000000001,0.4039
REC_01537,Hyderabad,Telangana,17.385,78.4867,semi_arid,2024-11-01,2024-11-09,8,0.3,0.0,17.4,25.7,49.0,55.0,1001.7,0.0,23.9,0,11,0.3,8.3,6.0,0,1,1,64.0,-0.5000000000000004,0.8660254037844384,0.147,0.2917
REC_00338,Mumbai,Maharashtra,19.076,72.8777,coastal_heavy_monsoon,2024-11-02,2024-11-03,1,24.8,38.2,27.5,27.0,77.7,80.5,1014.1,24.3,0.4,0,11,13.400000000000002,0.5,2.799999999999997,0,0,0,1.0,-0.5000000000000004,0.8660254037844384,19.2696,0.3929
REC_00122,Visakhapatnam,Andhra Pradesh,17.6868,83.2185,coastal_cyclonic,2024-11-02,2024-11-05,3,11.2,16.1,33.0,31.2,84.6,92.7,1009.0,12.0,0.8,0,11,4.900000000000002,1.8000000000000007,8.100000000000009,0,0,0,9.0,-0.5000000000000004,0.8660254037844384,9.4752,0.405
REC_01811,Krishna District,Andhra Pradesh,16.5062,80.648,coastal_humid,2024-11-02,2024-11-07,5,64.3,87.7,29.9,31.7,94.2,100.0,1010.1,64.5,0.3,0,11,23.400000000000006,1.8000000000000007,5.799999999999997,0,0,0,25.0,-0.5000000000000004,0.8660254037844384,60.57059999999999,0.4078
REC_03290,Bengaluru,Karnataka,12.9716,77.5946,plateau_temperate,2024-11-02,2024-11-08,6,11.3,71.0,17.3,14.9,64.7,68.9,1003.3,7.0,4.3,0,11,59.7,2.4000000000000004,4.200000000000003,1,0,1,36.0,-0.5000000000000004,0.8660254037844384,7.3111000000000015,0.3007
REC_02960,Bengaluru,Karnataka,12.9716,77.5946,plateau_temperate,2024-11-02,2024-11-09,7,14.0,0.0,24.9,25.1,42.0,52.7,1013.1,9.5,4.5,0,11,14.0,0.20000000000000284,10.700000000000003,0,0,0,49.0,-0.5000000000000004,0.8660254037844384,5.88,0.302
REC_01802,Bengaluru,Karnataka,12.9716,77.5946,plateau_temperate,2024-11-02,2024-11-11,9,14.5,37.3,26.0,30.1,49.1,20.6,1017.1,0.0,25.3,0,11,22.799999999999997,4.100000000000001,28.5,0,1,1,81.0,-0.5000000000000004,0.8660254037844384,7.1195,0.3014
REC_02635,Visakhapatnam,Andhra Pradesh,17.6868,83.2185,coastal_cyclonic,2024-11-02,2024-11-12,10,4.4,0.9,34.7,32.1,85.1,96.0,1014.3,0.0,11.7,0,11,3.5000000000000004,2.6000000000000014,10.900000000000006,0,0,0,100.0,-0.5000000000000004,0.8660254037844384,3.7444,0.4043
REC_02718,Visakhapatnam,Andhra Pradesh,17.6868,83.2185,coastal_cyclonic,2024-11-03,2024-11-10,7,8.2,8.7,33.4,28.9,90.4,87.5,1005.7,0.0,19.3,0,11,0.5,4.5,2.9000000000000057,0,1,1,49.0,-0.5000000000000004,0.8660254037844384,7.4128,0.4036
REC_00896,Delhi,NCR,28.6139,77.209,continental_subtropical,2024-11-03,2024-11-06,3,0.1,1.8,24.1,24.8,76.3,74.4,1008.4,0.0,3.7,0,11,1.7,0.6999999999999993,1.8999999999999915,0,0,0,9.0,-0.5000000000000004,0.8660254037844384,0.07629999999999999,0.2576
REC_03011,Mumbai,Maharashtra,19.076,72.8777,coastal_heavy_monsoon,2024-11-03,2024-11-08,5,16.6,26.5,29.4,24.9,82.3,90.0,1003.3,10.4,6.2,0,11,9.899999999999999,4.5,7.700000000000003,0,1,1,25.0,-0.5000000000000004,0.8660254037844384,13.661800000000001,0.3922
REC_00018,Visakhapatnam,Andhra Pradesh,17.6868,83.2185,coastal_cyclonic,2024-11-04,2024-11-06,2,6.7,4.0,24.3,25.2,77.6,72.2,1014.2,8.2,1.5,0,11,2.7,0.8999999999999986,5.3999999999999915,0,0,0,4.0,-0.5000000000000004,0.8660254037844384,5.199199999999999,0.4046
REC_02308,Hyderabad,Telangana,17.385,78.4867,semi_arid,2024-11-04,2024-11-06,2,6.9,0.0,25.6,25.6,53.5,47.8,1006.4,8.2,1.3,0,11,6.9,0.0,5.700000000000003,0,0,0,4.0,-0.5000000000000004,0.8660254037844384,3.6915000000000004,0.2928
REC_00895,Hyderabad,Telangana,17.385,78.4867,semi_arid,2024-11-04,2024-11-07,3,3.2,17.4,20.9,20.0,42.2,46.0,1004.7,7.3,4.2,0,11,14.2,0.8999999999999986,3.799999999999997,0,0,0,9.0,-0.5000000000000004,0.8660254037844384,1.3504000000000003,0.2924
REC_02302,Mumbai,Maharashtra,19.076,72.8777,coastal_heavy_monsoon,2024-11-04,2024-11-08,4,27.7,31.6,27.0,30.7,88.4,80.3,1014.0,28.4,0.7,0,11,3.900000000000002,3.6999999999999993,8.100000000000009,0,1,1,16.0,-0.5000000000000004,0.8660254037844384,24.486800000000002,0.3933
REC_02530,Visakhapatnam,Andhra Pradesh,17.6868,83.2185,coastal_cyclonic,2024-11-04,2024-11-10,6,8.2,66.2,30.4,33.0,73.5,76.6,1007.1,0.6,7.6,0,11,58.0,2.6000000000000014,3.0999999999999943,1,0,1,36.0,-0.5000000000000004,0.8660254037844384,6.026999999999999,0.4039
REC_01730,Hyderabad,Telangana,17.385,78.4867,semi_arid,2024-11-04,2024-11-12,8,3.0,21.4,25.5,22.3,58.5,54.3,1011.6,13.6,10.6,0,11,18.4,3.1999999999999993,4.200000000000003,0,0,0,64.0,-0.5000000000000004,0.8660254037844384,1.755,0.2919
REC_01729,Bengaluru,Karnataka,12.9716,77.5946,plateau_temperate,2024-11-04,2024-11-14,10,2.9,32.7,24.3,28.4,59.8,61.2,1011.8,0.0,10.0,0,11,29.800000000000004,4.099999999999998,1.4000000000000057,1,1,1,100.0,-0.5000000000000004,0.8660254037844384,1.7342,0.3027
REC_01108,Hyderabad,Telangana,17.385,78.4867,semi_arid,2024-11-05,2024-11-14,9,1.6,25.4,22.6,24.9,63.2,54.4,1008.8,6.4,4.7,0,11,23.799999999999997,2.299999999999997,8.800000000000004,0,0,0,81.0,-0.5000000000000004,0.8660254037844384,1.0112,0.2914
REC_00776,Visakhapatnam,Andhra Pradesh,17.6868,83.2185,coastal_cyclonic,2024-11-05,2024-11-15,10,36.0,191.2,34.2,28.9,85.9,73.8,1006.3,35.9,0.0,0,11,155.2,5.300000000000004,12.100000000000009,1,1,1,100.0,-0.5000000000000004,0.8660254037844384,30.924,0.405
REC_02411,Bengaluru,Karnataka,12.9716,77.5946,plateau_temperate,2024-11-06,2024-11-16,10,2.6,0.0,20.3,21.5,48.5,62.6,1008.7,23.2,20.7,0,11,2.6,1.1999999999999993,14.100000000000001,0,0,0,100.0,-0.5000000000000004,0.8660254037844384,1.2610000000000001,0.3039
REC_02368,Visakhapatnam,Andhra Pradesh,17.6868,83.2185,coastal_cyclonic,2024-11-06,2024-11-11,5,93.2,185.3,27.6,27.4,92.0,88.4,1010.9,106.2,13.0,0,11,92.10000000000001,0.20000000000000284,3.5999999999999943,1,0,1,25.0,-0.5000000000000004,0.8660254037844384,85.744,0.406
REC_01756,Visakhapatnam,Andhra Pradesh,17.6868,83.2185,coastal_cyclonic,2024-11-06,2024-11-09,3,35.6,67.3,28.5,28.3,93.2,82.7,1011.3,33.3,2.3,0,11,31.699999999999996,0.1999999999999993,10.5,1,0,1,9.0,-0.5000000000000004,0.8660254037844384,33.1792,0.4071
REC_01517,Visakhapatnam,Andhra Pradesh,17.6868,83.2185,coastal_cyclonic,2024-11-06,2024-11-09,3,36.3,67.8,28.6,28.5,90.9,96.4,1006.2,32.2,4.0,0,11,31.5,0.10000000000000142,5.5,1,0,1,9.0,-0.5000000000000004,0.8660254037844384,32.996700000000004,0.4081
REC_00903,Krishna District,Andhra Pradesh,16.5062,80.648,coastal_humid,2024-11-06,2024-11-08,2,53.1,79.2,29.8,32.1,96.4,98.3,1013.8,50.4,2.6,0,11,26.1,2.3000000000000007,1.8999999999999915,1,0,1,4.0,-0.5000000000000004,0.8660254037844384,51.1884,0.4072
REC_02861,Delhi,NCR,28.6139,77.209,continental_subtropical,2024-11-07,2024-11-09,2,2.3,0.0,25.5,25.1,51.4,51.9,1005.4,3.8,1.5,0,11,2.3,0.3999999999999986,0.5,0,0,0,4.0,-0.5000000000000004,0.8660254037844384,1.1822,0.2571
REC_00304,Hyderabad,Telangana,17.385,78.4867,semi_arid,2024-11-07,2024-11-11,4,3.1,0.0,23.5,22.8,63.9,65.7,1013.8,4.8,1.7,0,11,3.1,0.6999999999999993,1.8000000000000043,0,0,0,16.0,-0.5000000000000004,0.8660254037844384,1.9809,0.2909
REC_02821,Krishna District,Andhra Pradesh,16.5062,80.648,coastal_humid,2024-11-07,2024-11-15,8,30.8,42.3,33.2,35.7,76.7,58.3,1008.2,23.3,7.5,0,11,11.499999999999996,2.5,18.400000000000006,0,0,0,64.0,-0.5000000000000004,0.8660254037844384,23.6236,0.4082
REC_02892,Delhi,NCR,28.6139,77.209,continental_subtropical,2024-11-07,2024-11-15,8,5.2,17.2,26.0,19.7,57.4,57.8,1004.3,0.8,4.5,0,11,12.0,6.300000000000001,0.3999999999999986,0,1,1,64.0,-0.5000000000000004,0.8660254037844384,2.9848000000000003,0.2567
REC_00313,Bengaluru,Karnataka,12.9716,77.5946,plateau_temperate,2024-11-08,2024-11-11,3,0.7,13.3,25.1,24.6,59.5,68.6,1005.2,3.6,2.9,0,11,12.600000000000001,0.5,9.099999999999994,0,0,0,9.0,-0.5000000000000004,0.8660254037844384,0.4165,0.3034
REC_01987,Delhi,NCR,28.6139,77.209,continental_subtropical,2024-11-08,2024-11-17,9,11.4,0.0,18.2,20.4,44.6,43.4,1004.8,12.4,0.9,0,11,11.4,2.1999999999999993,1.2000000000000028,0,0,0,81.0,-0.5000000000000004,0.8660254037844384,5.0844000000000005,0.258
REC_03116,Mumbai,Maharashtra,19.076,72.8777,coastal_heavy_monsoon,2024-11-08,2024-11-17,9,9.5,0.0,28.4,21.9,75.7,87.0,1012.6,21.6,12.1,0,11,9.5,6.5,11.299999999999997,0,1,1,81.0,-0.5000000000000004,0.8660254037844384,7.1915,0.3944
REC_02073,Mumbai,Maharashtra,19.076,72.8777,coastal_heavy_monsoon,2024-11-09,2024-11-13,4,3.7,24.8,28.2,29.5,80.2,72.0,1009.9,0.0,6.2,0,11,21.1,1.3000000000000007,8.200000000000003,0,0,0,16.0,-0.5000000000000004,0.8660254037844384,2.9674,0.3956
REC_02091,Krishna District,Andhra Pradesh,16.5062,80.648,coastal_humid,2024-11-09,2024-11-13,4,105.6,0.0,18.0,21.1,89.8,92.6,1000.1,108.5,2.9,0,11,105.6,3.1000000000000014,2.799999999999997,1,0,1,16.0,-0.5000000000000004,0.8660254037844384,94.82879999999999,0.4075
REC_01166,Delhi,NCR,28.6139,77.209,continental_subtropical,2024-11-09,2024-11-14,5,4.6,0.0,19.0,20.5,71.3,68.5,1016.0,5.5,0.8,0,11,4.6,1.5,2.799999999999997,0,0,0,25.0,-0.5000000000000004,0.8660254037844384,3.2798,0.2575
REC_02819,Mumbai,Maharashtra,19.076,72.8777,coastal_heavy_monsoon,2024-11-10,2024-11-17,7,24.0,55.4,27.9,26.0,84.3,91.3,1016.2,0.0,27.0,0,11,31.4,1.8999999999999986,7.0,1,0,1,49.0,-0.5000000000000004,0.8660254037844384,20.232,0.3948
REC_00624,Delhi,NCR,28.6139,77.209,continental_subtropical,2024-11-10,2024-11-11,1,1.1,0.0,24.8,24.9,49.5,49.4,1002.6,1.1,0.1,0,11,1.1,0.09999999999999787,0.10000000000000142,0,0,0,1.0,-0.5000000000000004,0.8660254037844384,0.5445,0.2571
REC_00127,Bengaluru,Karnataka,12.9716,77.5946,plateau_temperate,2024-11-10,2024-11-11,1,4.5,18.5,23.9,23.9,50.4,52.1,1006.9,4.9,0.3,0,11,14.0,0.0,1.7000000000000028,0,0,0,1.0,-0.5000000000000004,0.8660254037844384,2.268,0.3028
REC_01612,Visakhapatnam,Andhra Pradesh,17.6868,83.2185,coastal_cyclonic,2024-11-11,2024-11-12,1,67.7,57.9,28.3,29.0,95.0,96.2,1007.5,68.0,0.3,0,11,9.800000000000004,0.6999999999999993,1.2000000000000028,0,0,0,1.0,-0.5000000000000004,0.8660254037844384,64.315,0.4092
REC_03462,Bengaluru,Karnataka,12.9716,77.5946,plateau_temperate,2024-11-11,2024-11-15,4,0.2,6.5,25.7,24.2,59.0,61.2,1014.0,2.6,2.4,0,11,6.3,1.5,2.200000000000003,0,0,0,16.0,-0.5000000000000004,0.8660254037844384,0.11800000000000001,0.3023
REC_01238,Delhi,NCR,28.6139,77.209,continental_subtropical,2024-11-11,2024-11-17,6,14.5,60.1,26.1,27.2,64.0,76.0,1010.7,12.9,1.6,0,11,45.6,1.0999999999999979,12.0,1,0,1,36.0,-0.5000000000000004,0.8660254037844384,9.28,0.2567
REC_00517,Bengaluru,Karnataka,12.9716,77.5946,plateau_temperate,2024-11-11,2024-11-19,8,1.6,0.0,23.8,20.2,50.6,47.4,1014.7,0.0,22.0,0,11,1.6,3.6000000000000014,3.200000000000003,0,1,1,64.0,-0.5000000000000004,0.8660254037844384,0.8096000000000001,0.3018
REC_03279,Hyderabad,Telangana,17.385,78.4867,semi_arid,2024-11-11,2024-11-19,8,2.3,5.8,22.4,21.1,53.6,50.0,1003.4,0.0,11.3,0,11,3.5,1.2999999999999972,3.6000000000000014,0,0,0,64.0,-0.5000000000000004,0.8660254037844384,1.2328,0.2904
REC_02455,Delhi,NCR,28.6139,77.209,continental_subtropical,2024-11-11,2024-11-20,9,0.5,4.4,28.1,26.5,51.7,41.7,1009.3,0.0,8.9,0,11,3.9000000000000004,1.6000000000000014,10.0,0,0,0,81.0,-0.5000000000000004,0.8660254037844384,0.2585,0.2579
REC_00883,Hyderabad,Telangana,17.385,78.4867,semi_arid,2024-11-12,2024-11-13,1,3.3,7.0,26.8,27.1,53.6,47.2,1008.4,2.3,1.0,0,11,3.7,0.3000000000000007,6.399999999999999,0,0,0,1.0,-0.5000000000000004,0.8660254037844384,1.7688,0.29
REC_01419,Hyderabad,Telangana,17.385,78.4867,semi_arid,2024-11-12,2024-11-13,1,4.4,10.4,24.0,23.6,59.2,60.0,1014.5,4.5,0.1,0,11,6.0,0.3999999999999986,0.7999999999999972,0,0,0,1.0,-0.5000000000000004,0.8660254037844384,2.6048,0.2895
REC_00936,Delhi,NCR,28.6139,77.209,continental_subtropical,2024-11-13,2024-11-18,5,1.2,0.0,23.8,20.1,62.0,63.9,1008.3,0.0,1.2,0,11,1.2,3.6999999999999993,1.8999999999999986,0,1,1,25.0,-0.5000000000000004,0.8660254037844384,0.7439999999999999,0.2575
REC_02901,Mumbai,Maharashtra,19.076,72.8777,coastal_heavy_monsoon,2024-11-14,2024-11-24,10,208.7,0.0,24.0,19.4,81.5,100.0,1002.7,198.0,10.7,0,11,208.7,4.600000000000001,18.5,1,1,1,100.0,-0.5000000000000004,0.8660254037844384,170.0905,0.3959
REC_03479,Bengaluru,Karnataka,12.9716,77.5946,plateau_temperate,2024-11-14,2024-11-23,9,0.1,0.3,27.5,31.5,64.2,76.2,1012.2,0.0,4.1,0,11,0.19999999999999998,4.0,12.0,0,1,1,81.0,-0.5000000000000004,0.8660254037844384,0.06420000000000001,0.303
REC_02358,Hyderabad,Telangana,17.385,78.4867,semi_arid,2024-11-14,2024-11-19,5,0.8,0.0,28.0,27.1,63.7,56.3,1010.4,0.0,7.1,0,11,0.8,0.8999999999999986,7.400000000000006,0,0,0,25.0,-0.5000000000000004,0.8660254037844384,0.5096,0.289
REC_01198,Bengaluru,Karnataka,12.9716,77.5946,plateau_temperate,2024-11-14,2024-11-19,5,4.7,1.8,29.8,32.8,50.4,48.7,1011.5,1.4,3.3,0,11,2.9000000000000004,2.9999999999999964,1.6999999999999957,0,0,0,25.0,-0.5000000000000004,0.8660254037844384,2.3688,0.3042
REC_02326,Bengaluru,Karnataka,12.9716,77.5946,plateau_temperate,2024-11-14,2024-11-21,7,0.1,0.0,24.3,18.8,62.4,39.7,1007.7,0.0,17.5,0,11,0.1,5.5,22.699999999999996,0,1,1,49.0,-0.5000000000000004,0.8660254037844384,0.062400000000000004,0.3037
REC_01541,Delhi,NCR,28.6139,77.209,continental_subtropical,2024-11-15,2024-11-25,10,1.4,48.1,16.3,7.2,51.9,64.0,1002.8,0.0,21.6,0,11,46.7,9.100000000000001,12.100000000000001,1,1,1,100.0,-0.5000000000000004,0.8660254037844384,0.7265999999999999,0.2587
REC_01736,Krishna District,Andhra Pradesh,16.5062,80.648,coastal_humid,2024-11-15,2024-11-19,4,26.0,40.9,27.3,26.2,61.3,64.2,1013.4,22.5,3.5,0,11,14.899999999999999,1.1000000000000014,2.9000000000000057,0,0,0,16.0,-0.5000000000000004,0.8660254037844384,15.937999999999999,0.4085
REC_01814,Bengaluru,Karnataka,12.9716,77.5946,plateau_temperate,2024-11-15,2024-11-19,4,1.3,12.4,23.4,21.4,66.4,64.8,1008.7,2.9,1.6,0,11,11.1,2.0,1.6000000000000085,0,0,0,16.0,-0.5000000000000004,0.8660254037844384,0.8632000000000001,0.3049
REC_03478,Hyderabad,Telangana,17.385,78.4867,semi_arid,2024-11-15,2024-11-24,9,6.4,0.0,26.7,23.2,53.2,55.1,1011.7,1.6,4.8,0,11,6.4,3.5,1.8999999999999986,0,1,1,81.0,-0.5000000000000004,0.8660254037844384,3.4048000000000003,0.2885
REC_03494,Hyderabad,Telangana,17.385,78.4867,semi_arid,2024-11-16,2024-11-21,5,1.2,0.0,25.4,29.8,57.5,57.6,1005.3,4.0,2.7,0,11,1.2,4.400000000000002,0.10000000000000142,0,1,1,25.0,-0.5000000000000004,0.8660254037844384,0.69,0.2897
REC_00050,Visakhapatnam,Andhra Pradesh,17.6868,83.2185,coastal_cyclonic,2024-11-16,2024-11-26,10,7.3,13.4,30.4,31.7,68.0,94.3,1005.9,19.4,12.1,0,11,6.1000000000000005,1.3000000000000007,26.299999999999997,0,0,0,100.0,-0.5000000000000004,0.8660254037844384,4.9639999999999995,0.4085
REC_01224,Hyderabad,Telangana,17.385,78.4867,semi_arid,2024-11-16,2024-11-18,2,6.2,1.3,22.6,23.5,61.5,59.4,1012.9,9.2,3.0,0,11,4.9,0.8999999999999986,2.1000000000000014,0,0,0,4.0,-0.5000000000000004,0.8660254037844384,3.813,0.2908
REC_02489,Delhi,NCR,28.6139,77.209,continental_subtropical,2024-11-17,2024-11-20,3,1.4,0.0,25.6,21.6,32.2,38.1,1002.0,0.0,2.4,0,11,1.4,4.0,5.899999999999999,0,1,1,9.0,-0.5000000000000004,0.8660254037844384,0.4508,0.2599
REC_02007,Krishna District,Andhra Pradesh,16.5062,80.648,coastal_humid,2024-11-17,2024-11-25,8,3.1,0.0,26.6,28.9,92.6,100.0,1009.7,7.0,3.8,0,11,3.1,2.299999999999997,7.400000000000006,0,0,0,64.0,-0.5000000000000004,0.8660254037844384,2.8706,0.4078
REC_02296,Hyderabad,Telangana,17.385,78.4867,semi_arid,2024-11-17,2024-11-20,3,1.0,0.0,33.4,33.4,62.8,57.7,1005.4,5.1,4.1,0,11,1.0,0.0,5.099999999999994,0,0,0,9.0,-0.5000000000000004,0.8660254037844384,0.628,0.2904
REC_01126,Mumbai,Maharashtra,19.076,72.8777,coastal_heavy_monsoon,2024-11-17,2024-11-27,10,26.6,38.7,27.3,27.1,92.8,86.4,1002.8,45.6,19.0,0,11,12.100000000000001,0.1999999999999993,6.3999999999999915,0,0,0,100.0,-0.5000000000000004,0.8660254037844384,24.6848,0.3971
