record_id,location,region,latitude,longitude,climate_zone,forecast_issue_date,target_date,lead_time_days,forecast_rainfall_mm,actual_rainfall_mm,forecast_temp_c,actual_temp_c,forecast_humidity_pct,actual_humidity_pct,forecast_pressure_hpa,previous_run_rainfall_mm,run_drift_rainfall_mm,is_monsoon_season,target_month
REC_01639,Bengaluru,Karnataka,12.9716,77.5946,plateau_temperate,2022-06-01,2022-06-02,1,1.4,9.7,27.6,28.2,95.7,92.1,1003.1,0.7,0.7,1,6
REC_01454,Delhi,NCR,28.6139,77.209,continental_subtropical,2022-06-01,2022-06-04,3,1.5,2.2,30.3,30.0,92.6,96.3,1005.6,7.9,6.5,1,6
REC_00911,Bengaluru,Karnataka,12.9716,77.5946,plateau_temperate,2022-06-01,2022-06-08,7,7.9,39.3,23.2,21.0,86.9,100.0,1011.5,0.0,30.3,1,6
REC_02866,Bengaluru,Karnataka,12.9716,77.5946,plateau_temperate,2022-06-02,2022-06-04,2,5.3,0.0,23.8,22.9,87.5,85.5,1005.6,6.8,1.5,1,6
REC_00985,Hyderabad,Telangana,17.385,78.4867,semi_arid,2022-06-02,2022-06-09,7,11.3,0.0,23.7,20.3,78.7,76.2,1004.5,45.4,34.1,1,6
REC_03192,Hyderabad,Telangana,17.385,78.4867,semi_arid,2022-06-03,2022-06-07,4,34.2,0.0,29.9,27.8,70.1,79.6,1002.4,53.0,18.9,1,6
REC_00378,Mumbai,Maharashtra,19.076,72.8777,coastal_heavy_monsoon,2022-06-03,2022-06-08,5,17.8,60.2,29.0,27.0,91.6,100.0,1011.1,11.0,6.8,1,6
REC_00080,Bengaluru,Karnataka,12.9716,77.5946,plateau_temperate,2022-06-03,2022-06-10,7,13.2,20.9,36.9,34.7,82.9,87.8,1010.9,2.4,10.9,1,6
REC_03046,Visakhapatnam,Andhra Pradesh,17.6868,83.2185,coastal_cyclonic,2022-06-03,2022-06-13,10,44.2,0.0,27.4,27.5,69.3,65.8,1008.0,51.3,7.1,1,6
REC_03119,Visakhapatnam,Andhra Pradesh,17.6868,83.2185,coastal_cyclonic,2022-06-04,2022-06-07,3,29.4,36.1,27.5,28.0,93.7,95.0,1016.0,31.4,2.0,1,6
REC_00043,Bengaluru,Karnataka,12.9716,77.5946,plateau_temperate,2022-06-04,2022-06-09,5,4.9,0.0,32.6,32.6,72.4,55.7,1011.1,0.0,9.7,1,6
REC_00110,Krishna District,Andhra Pradesh,16.5062,80.648,coastal_humid,2022-06-04,2022-06-10,6,12.1,24.9,27.1,25.8,93.4,99.2,1005.7,27.5,15.4,1,6
REC_01078,Hyderabad,Telangana,17.385,78.4867,semi_arid,2022-06-04,2022-06-11,7,6.4,58.1,31.2,28.8,85.2,94.5,1007.5,0.0,35.6,1,6
REC_02780,Mumbai,Maharashtra,19.076,72.8777,coastal_heavy_monsoon,2022-06-05,2022-06-06,1,27.3,27.6,23.9,23.7,90.0,85.2,1007.2,28.2,1.0,1,6
REC_01186,Delhi,NCR,28.6139,77.209,continental_subtropical,2022-06-05,2022-06-09,4,5.7,0.0,29.7,29.2,88.3,83.1,1007.7,5.9,0.1,1,6
REC_01358,Visakhapatnam,Andhra Pradesh,17.6868,83.2185,coastal_cyclonic,2022-06-05,2022-06-11,6,61.4,99.0,31.2,32.4,92.3,100.0,1000.4,69.2,7.8,1,6
REC_01266,Bengaluru,Karnataka,12.9716,77.5946,plateau_temperate,2022-06-05,2022-06-14,9,13.0,1.9,29.8,25.5,73.1,78.9,1014.9,11.5,1.4,1,6
REC_03407,Mumbai,Maharashtra,19.076,72.8777,coastal_heavy_monsoon,2022-06-06,2022-06-07,1,10.5,0.0,27.7,26.8,70.2,72.6,1007.7,10.4,0.1,1,6
REC_02350,Krishna District,Andhra Pradesh,16.5062,80.648,coastal_humid,2022-06-06,2022-06-11,5,14.8,7.6,24.6,25.7,85.5,93.9,1004.7,18.3,3.5,1,6
REC_03051,Krishna District,Andhra Pradesh,16.5062,80.648,coastal_humid,2022-06-06,2022-06-12,6,20.6,53.2,30.7,30.3,84.4,93.2,1008.8,18.1,2.5,1,6
REC_02047,Mumbai,Maharashtra,19.076,72.8777,coastal_heavy_monsoon,2022-06-06,2022-06-13,7,29.8,40.9,29.3,25.1,78.3,73.1,1004.6,0.0,31.8,1,6
REC_01343,Krishna District,Andhra Pradesh,16.5062,80.648,coastal_humid,2022-06-06,2022-06-16,10,20.4,65.4,29.6,38.0,70.2,43.1,1009.5,0.0,39.8,1,6
REC_00416,Hyderabad,Telangana,17.385,78.4867,semi_arid,2022-06-07,2022-06-10,3,0.4,1.8,28.0,29.5,73.4,66.4,1015.6,10.0,9.6,1,6
REC_00674,Visakhapatnam,Andhra Pradesh,17.6868,83.2185,coastal_cyclonic,2022-06-07,2022-06-12,5,63.0,93.0,33.4,31.3,77.2,72.9,1001.8,51.1,12.0,1,6
REC_03055,Bengaluru,Karnataka,12.9716,77.5946,plateau_temperate,2022-06-08,2022-06-11,3,24.4,43.4,38.3,37.8,86.4,82.1,1008.6,27.3,2.9,1,6
REC_01428,Mumbai,Maharashtra,19.076,72.8777,coastal_heavy_monsoon,2022-06-08,2022-06-15,7,17.7,56.5,34.5,34.2,98.0,96.8,1008.8,46.4,28.7,1,6
REC_03035,Delhi,NCR,28.6139,77.209,continental_subtropical,2022-06-08,2022-06-15,7,12.2,38.6,28.3,30.0,87.6,88.7,1008.2,5.4,6.8,1,6
REC_01490,Delhi,NCR,28.6139,77.209,continental_subtropical,2022-06-09,2022-06-10,1,27.4,23.2,27.9,28.1,83.7,89.0,1011.9,24.7,2.7,1,6
REC_01939,Delhi,NCR,28.6139,77.209,continental_subtropical,2022-06-09,2022-06-11,2,42.9,44.1,28.9,27.0,84.0,89.8,1011.0,37.1,5.8,1,6
REC_02591,Delhi,NCR,28.6139,77.209,continental_subtropical,2022-06-09,2022-06-11,2,14.9,0.0,32.0,32.0,79.2,81.8,1010.2,14.9,0.0,1,6
REC_02879,Krishna District,Andhra Pradesh,16.5062,80.648,coastal_humid,2022-06-10,2022-06-11,1,107.8,10.2,37.5,37.3,85.2,83.8,1007.9,104.3,3.5,1,6
REC_00113,Mumbai,Maharashtra,19.076,72.8777,coastal_heavy_monsoon,2022-06-10,2022-06-12,2,2.4,10.2,31.1,31.5,73.5,79.3,994.1,6.2,3.9,1,6
REC_02593,Bengaluru,Karnataka,12.9716,77.5946,plateau_temperate,2022-06-10,2022-06-14,4,13.3,5.7,28.2,26.3,73.1,72.0,1003.2,27.8,14.5,1,6
REC_00096,Krishna District,Andhra Pradesh,16.5062,80.648,coastal_humid,2022-06-10,2022-06-18,8,68.8,72.2,30.5,32.2,67.3,58.9,1002.9,85.6,16.8,1,6
REC_00330,Delhi,NCR,28.6139,77.209,continental_subtropical,2022-06-10,2022-06-18,8,2.8,0.0,33.3,33.2,75.6,76.3,1007.7,0.0,33.3,1,6
REC_00871,Hyderabad,Telangana,17.385,78.4867,semi_arid,2022-06-10,2022-06-18,8,10.3,77.8,26.1,22.3,96.5,100.0,1010.9,0.0,11.4,1,6
REC_03007,Hyderabad,Telangana,17.385,78.4867,semi_arid,2022-06-11,2022-06-13,2,0.7,5.8,32.1,32.0,69.8,74.5,1010.0,0.0,3.2,1,6
REC_02636,Mumbai,Maharashtra,19.076,72.8777,coastal_heavy_monsoon,2022-06-11,2022-06-19,8,57.7,26.7,26.6,28.0,77.9,55.1,1006.9,69.7,12.0,1,6
REC_02740,Mumbai,Maharashtra,19.076,72.8777,coastal_heavy_monsoon,2022-06-12,2022-06-15,3,8.7,0.0,32.2,32.5,83.1,65.1,1014.2,0.0,12.0,1,6
REC_01008,Krishna District,Andhra Pradesh,16.5062,80.648,coastal_humid,2022-06-13,2022-06-14,1,0.0,0.0,28.0,28.5,87.1,86.9,1006.9,0.0,0.4,1,6
REC_02126,Hyderabad,Telangana,17.385,78.4867,semi_arid,2022-06-13,2022-06-18,5,12.3,0.0,27.1,25.7,84.2,85.9,1016.3,10.4,1.9,1,6
REC_03211,Delhi,NCR,28.6139,77.209,continental_subtropical,2022-06-14,2022-06-19,5,8.8,0.0,28.1,28.6,87.4,91.6,1001.2,0.0,9.8,1,6
REC_03458,Visakhapatnam,Andhra Pradesh,17.6868,83.2185,coastal_cyclonic,2022-06-14,2022-06-22,8,5.4,0.0,27.1,23.6,91.6,76.6,1006.5,21.4,16.0,1,6
REC_00355,Bengaluru,Karnataka,12.9716,77.5946,plateau_temperate,2022-06-15,2022-06-20,5,51.8,12.2,30.0,28.5,84.5,70.6,1005.3,54.4,2.6,1,6
REC_01680,Hyderabad,Telangana,17.385,78.4867,semi_arid,2022-06-15,2022-06-21,6,39.6,40.5,28.2,26.7,82.3,86.2,1012.4,41.7,2.1,1,6
REC_02044,Hyderabad,Telangana,17.385,78.4867,semi_arid,2022-06-15,2022-06-22,7,24.2,0.0,23.9,24.7,76.5,74.5,1011.5,43.4,19.2,1,6
REC_03034,Bengaluru,Karnataka,12.9716,77.5946,plateau_temperate,2022-06-15,2022-06-25,10,1.2,0.0,27.5,29.4,65.6,57.0,1008.6,0.0,42.2,1,6
REC_00381,Visakhapatnam,Andhra Pradesh,17.6868,83.2185,coastal_cyclonic,2022-06-16,2022-06-22,6,25.4,13.6,25.4,27.2,80.1,87.9,1008.5,44.0,18.6,1,6
REC_03489,Hyderabad,Telangana,17.385,78.4867,semi_arid,2022-06-16,2022-06-24,8,0.5,0.0,25.3,23.0,74.1,78.7,1006.3,24.2,23.7,1,6
REC_02054,Krishna District,Andhra Pradesh,16.5062,80.648,coastal_humid,2022-06-17,2022-06-25,8,22.8,0.0,23.8,18.1,90.7,97.5,1009.0,0.0,24.8,1,6
REC_00762,Hyderabad,Telangana,17.385,78.4867,semi_arid,2022-06-18,2022-06-27,9,9.9,0.0,27.4,31.8,95.4,100.0,1009.8,0.0,38.4,1,6
REC_03084,Bengaluru,Karnataka,12.9716,77.5946,plateau_temperate,2022-06-19,2022-06-29,10,12.0,0.0,27.2,22.5,82.1,90.2,1001.0,20.5,8.6,1,6
REC_01561,Hyderabad,Telangana,17.385,78.4867,semi_arid,2022-06-20,2022-06-23,3,17.9,17.7,30.0,32.9,84.5,85.8,1007.1,22.5,4.5,1,6
REC_00503,Krishna District,Andhra Pradesh,16.5062,80.648,coastal_humid,2022-06-20,2022-06-25,5,14.1,0.0,28.6,31.4,77.4,68.4,1005.8,0.0,28.3,1,6
REC_02431,Mumbai,Maharashtra,19.076,72.8777,coastal_heavy_monsoon,2022-06-20,2022-06-27,7,8.6,0.0,30.8,34.7,71.0,78.8,1006.1,5.6,2.9,1,6
REC_00631,Visakhapatnam,Andhra Pradesh,17.6868,83.2185,coastal_cyclonic,2022-06-20,2022-06-28,8,3.6,0.0,33.0,29.4,67.1,72.0,1008.5,0.0,23.0,1,6
REC_02174,Krishna District,Andhra Pradesh,16.5062,80.648,coastal_humid,2022-06-20,2022-06-28,8,15.7,43.7,36.1,36.9,75.2,60.1,1008.6,10.7,5.0,1,6
REC_01139,Mumbai,Maharashtra,19.076,72.8777,coastal_heavy_monsoon,2022-06-21,2022-06-22,1,44.5,107.8,26.3,27.2,84.0,83.7,1003.4,43.7,0.8,1,6
REC_02594,Delhi,NCR,28.6139,77.209,continental_subtropical,2022-06-21,2022-06-26,5,7.5,11.4,29.6,28.0,90.2,86.0,1005.3,23.4,15.9,1,6
REC_01115,Hyderabad,Telangana,17.385,78.4867,semi_arid,2022-06-21,2022-06-27,6,28.6,87.6,30.9,37.0,80.4,82.8,1003.8,12.6,16.0,1,6
REC_02833,Bengaluru,Karnataka,12.9716,77.5946,plateau_temperate,2022-06-21,2022-06-28,7,1.0,0.0,27.2,28.9,79.9,76.8,1002.4,0.0,19.8,1,6
REC_02423,Bengaluru,Karnataka,12.9716,77.5946,plateau_temperate,2022-06-21,2022-06-29,8,29.0,15.2,24.9,24.0,95.7,92.2,1010.4,27.8,1.2,1,6
REC_02435,Bengaluru,Karnataka,12.9716,77.5946,plateau_temperate,2022-06-22,2022-06-25,3,1.4,12.4,27.3,28.0,84.7,92.4,1010.1,13.8,12.4,1,6
REC_02090,Delhi,NCR,28.6139,77.209,continental_subtropical,2022-06-22,2022-06-27,5,8.8,23.5,27.8,27.8,78.4,81.2,1011.9,20.6,11.8,1,6
REC_03392,Mumbai,Maharashtra,19.076,72.8777,coastal_heavy_monsoon,2022-06-22,2022-06-27,5,16.5,55.9,27.7,26.1,90.3,100.0,1009.4,18.2,1.7,1,6
REC_00438,Bengaluru,Karnataka,12.9716,77.5946,plateau_temperate,2022-06-22,2022-06-28,6,1.2,9.6,30.0,30.4,98.0,97.1,1006.4,0.0,9.1,1,6
REC_00060,Hyderabad,Telangana,17.385,78.4867,semi_arid,2022-06-22,2022-07-02,10,1.3,0.0,27.3,35.0,81.1,81.6,1003.9,21.2,19.9,1,7
REC_01012,Krishna District,Andhra Pradesh,16.5062,80.648,coastal_humid,2022-06-23,2022-06-25,2,31.3,11.0,20.5,21.4,70.7,74.2,1005.4,33.3,2.0,1,6
REC_02421,Bengaluru,Karnataka,12.9716,77.5946,plateau_temperate,2022-06-23,2022-06-25,2,0.8,0.3,34.9,34.0,72.4,76.7,1000.3,3.2,2.4,1,6
REC_02673,Visakhapatnam,Andhra Pradesh,17.6868,83.2185,coastal_cyclonic,2022-06-23,2022-06-26,3,47.5,92.1,28.6,28.6,86.7,87.1,1005.5,35.7,11.8,1,6
REC_01642,Hyderabad,Telangana,17.385,78.4867,semi_arid,2022-06-23,2022-06-28,5,0.2,4.3,29.3,27.5,73.9,64.5,1005.6,0.0,5.8,1,6
REC_00337,Hyderabad,Telangana,17.385,78.4867,semi_arid,2022-06-23,2022-06-30,7,9.0,0.0,26.0,24.1,89.5,98.3,1005.5,31.8,22.8,1,6
REC_02608,Delhi,NCR,28.6139,77.209,continental_subtropical,2022-06-24,2022-07-03,9,7.0,0.0,21.7,23.7,77.0,78.3,1006.2,0.0,15.3,1,7
REC_03356,Mumbai,Maharashtra,19.076,72.8777,coastal_heavy_monsoon,2022-06-24,2022-07-03,9,24.4,5.2,26.0,23.8,77.4,55.3,1010.3,41.7,17.3,1,7
REC_00983,Bengaluru,Karnataka,12.9716,77.5946,plateau_temperate,2022-06-25,2022-06-29,4,0.7,0.0,31.1,33.9,74.2,72.0,1007.1,0.0,16.1,1,6
REC_02546,Bengaluru,Karnataka,12.9716,77.5946,plateau_temperate,2022-06-25,2022-07-04,9,46.0,32.3,26.9,30.6,91.5,99.1,1003.5,38.9,7.1,1,7
REC_01746,Bengaluru,Karnataka,12.9716,77.5946,plateau_temperate,2022-06-26,2022-06-29,3,13.2,21.8,32.0,34.2,83.4,71.1,1008.8,2.3,10.8,1,6
REC_02705,Bengaluru,Karnataka,12.9716,77.5946,plateau_temperate,2022-06-26,2022-06-29,3,34.6,75.6,32.8,32.3,86.7,82.8,1003.5,37.2,2.7,1,6
REC_01320,Hyderabad,Telangana,17.385,78.4867,semi_arid,2022-06-26,2022-07-05,9,0.5,21.1,30.8,35.2,77.5,56.1,1011.2,20.9,20.5,1,7
REC_02534,Delhi,NCR,28.6139,77.209,continental_subtropical,2022-06-26,2022-07-06,10,2.2,0.0,30.0,31.1,87.0,74.2,1007.8,0.0,31.4,1,7
REC_03321,Krishna District,Andhra Pradesh,16.5062,80.648,coastal_humid,2022-06-27,2022-06-30,3,4.0,0.0,23.0,26.6,79.9,83.4,1003.6,14.2,10.1,1,6
REC_00203,Mumbai,Maharashtra,19.076,72.8777,coastal_heavy_monsoon,2022-06-27,2022-07-02,5,26.3,49.0,26.6,25.6,79.5,87.6,1006.3,34.2,7.9,1,7
REC_02373,Hyderabad,Telangana,17.385,78.4867,semi_arid,2022-06-27,2022-07-02,5,3.3,0.0,29.4,31.7,98.0,96.0,1006.0,23.8,20.5,1,7
REC_03334,Krishna District,Andhra Pradesh,16.5062,80.648,coastal_humid,2022-06-27,2022-07-04,7,16.4,75.4,24.8,27.0,79.0,65.8,1011.6,43.9,27.6,1,7
REC_01155,Delhi,NCR,28.6139,77.209,continental_subtropical,2022-06-27,2022-07-05,8,0.6,26.2,28.6,30.2,81.8,91.5,1009.9,28.2,27.5,1,7
REC_01719,Visakhapatnam,Andhra Pradesh,17.6868,83.2185,coastal_cyclonic,2022-06-27,2022-07-07,10,18.5,0.0,29.9,30.8,98.0,100.0,1002.0,14.1,4.4,1,7
REC_02890,Visakhapatnam,Andhra Pradesh,17.6868,83.2185,coastal_cyclonic,2022-06-27,2022-07-07,10,56.7,357.9,26.9,27.3,78.8,96.0,1012.3,73.4,16.7,1,7
REC_01910,Mumbai,Maharashtra,19.076,72.8777,coastal_heavy_monsoon,2022-06-28,2022-07-03,5,2.0,0.0,29.5,29.4,79.8,93.5,1008.5,12.9,10.9,1,7
REC_02784,Bengaluru,Karnataka,12.9716,77.5946,plateau_temperate,2022-06-29,2022-06-30,1,25.5,16.4,30.6,30.3,95.0,91.4,1006.8,27.2,1.8,1,6
REC_02522,Bengaluru,Karnataka,12.9716,77.5946,plateau_temperate,2022-06-29,2022-07-02,3,0.7,0.0,30.6,30.6,76.3,81.4,1004.9,3.3,2.5,1,7
REC_02274,Visakhapatnam,Andhra Pradesh,17.6868,83.2185,coastal_cyclonic,2022-06-29,2022-07-03,4,42.0,0.0,29.5,29.8,97.1,97.1,1010.8,51.9,9.9,1,7
REC_02170,Hyderabad,Telangana,17.385,78.4867,semi_arid,2022-06-30,2022-07-02,2,0.6,10.6,32.3,33.2,92.6,95.2,1007.4,0.9,0.4,1,7
REC_00414,Hyderabad,Telangana,17.385,78.4867,semi_arid,2022-06-30,2022-07-03,3,3.6,10.0,26.7,27.1,73.6,68.1,1011.0,0.0,10.3,1,7
REC_01233,Mumbai,Maharashtra,19.076,72.8777,coastal_heavy_monsoon,2022-06-30,2022-07-03,3,34.0,0.0,29.7,30.8,98.0,100.0,1015.9,44.5,10.6,1,7
REC_02561,Bengaluru,Karnataka,12.9716,77.5946,plateau_temperate,2022-06-30,2022-07-07,7,11.5,0.6,34.5,35.6,74.3,67.1,1015.7,15.1,3.6,1,7
REC_00219,Hyderabad,Telangana,17.385,78.4867,semi_arid,2022-06-30,2022-07-08,8,28.7,46.4,31.2,33.3,87.3,76.1,1003.2,6.3,22.4,1,7
REC_03435,Hyderabad,Telangana,17.385,78.4867,semi_arid,2022-06-30,2022-07-08,8,2.1,0.0,24.3,28.0,76.2,76.9,1004.9,8.2,6.1,1,7
REC_03204,Visakhapatnam,Andhra Pradesh,17.6868,83.2185,coastal_cyclonic,2022-07-01,2022-07-04,3,84.7,110.2,32.2,32.5,84.4,82.7,1009.3,85.0,0.3,1,7
REC_01715,Delhi,NCR,28.6139,77.209,continental_subtropical,2022-07-01,2022-07-07,6,6.6,12.3,30.2,29.4,66.4,73.0,1013.1,0.0,18.6,1,7
REC_02473,Hyderabad,Telangana,17.385,78.4867,semi_arid,2022-07-01,2022-07-09,8,6.4,3.9,25.0,20.2,90.3,100.0,1007.7,49.6,43.2,1,7
REC_00387,Delhi,NCR,28.6139,77.209,continental_subtropical,2022-07-02,2022-07-03,1,6.0,5.6,32.5,31.8,77.9,81.8,1003.7,7.2,1.1,1,7
REC_01131,Delhi,NCR,28.6139,77.209,continental_subtropical,2022-07-02,2022-07-06,4,40.1,77.1,30.6,29.7,73.8,68.7,1003.3,31.3,8.8,1,7
REC_01005,Visakhapatnam,Andhra Pradesh,17.6868,83.2185,coastal_cyclonic,2022-07-02,2022-07-09,7,35.7,82.5,22.7,23.6,94.0,88.5,1000.1,13.9,21.8,1,7
REC_00584,Delhi,NCR,28.6139,77.209,continental_subtropical,2022-07-02,2022-07-10,8,34.1,0.0,28.3,28.0,93.1,89.7,1011.4,10.6,23.5,1,7
REC_01338,Delhi,NCR,28.6139,77.209,continental_subtropical,2022-07-02,2022-07-10,8,8.2,0.0,28.6,27.8,71.9,63.6,1004.0,26.6,18.4,1,7
REC_02588,Mumbai,Maharashtra,19.076,72.8777,coastal_heavy_monsoon,2022-07-02,2022-07-10,8,58.3,23.9,31.3,29.4,82.1,92.5,1008.8,76.8,18.5,1,7
REC_02037,Visakhapatnam,Andhra Pradesh,17.6868,83.2185,coastal_cyclonic,2022-07-03,2022-07-13,10,21.4,51.4,29.4,26.6,80.6,94.0,1006.9,109.3,88.0,1,7
REC_03212,Delhi,NCR,28.6139,77.209,continental_subtropical,2022-07-03,2022-07-13,10,2.8,5.9,27.4,31.1,84.5,77.1,1008.3,51.8,49.0,1,7
REC_00368,Hyderabad,Telangana,17.385,78.4867,semi_arid,2022-07-04,2022-07-10,6,2.3,0.0,31.1,28.7,65.3,59.2,1005.7,2.9,0.6,1,7
REC_01293,Mumbai,Maharashtra,19.076,72.8777,coastal_heavy_monsoon,2022-07-04,2022-07-10,6,17.7,85.2,25.3,24.8,79.5,82.1,1008.2,16.2,1.4,1,7
REC_01128,Visakhapatnam,Andhra Pradesh,17.6868,83.2185,coastal_cyclonic,2022-07-04,2022-07-12,8,14.3,19.1,30.5,34.3,91.3,77.7,1007.3,34.0,19.7,1,7
REC_01487,Mumbai,Maharashtra,19.076,72.8777,coastal_heavy_monsoon,2022-07-04,2022-07-13,9,3.1,5.7,29.4,34.9,70.7,89.9,998.5,0.0,46.1,1,7
REC_00546,Mumbai,Maharashtra,19.076,72.8777,coastal_heavy_monsoon,2022-07-04,2022-07-14,10,13.0,0.0,30.9,33.8,81.3,77.2,1004.4,0.0,35.8,1,7
REC_00753,Mumbai,Maharashtra,19.076,72.8777,coastal_heavy_monsoon,2022-07-05,2022-07-07,2,0.7,2.6,28.5,27.5,83.7,77.8,1005.0,4.8,4.1,1,7
REC_01962,Krishna District,Andhra Pradesh,16.5062,80.648,coastal_humid,2022-07-06,2022-07-08,2,20.7,0.0,28.6,26.4,77.1,72.0,1004.8,13.9,6.7,1,7
REC_00544,Bengaluru,Karnataka,12.9716,77.5946,plateau_temperate,2022-07-06,2022-07-09,3,22.1,36.3,33.5,33.6,67.3,58.6,1011.6,26.5,4.4,1,7
REC_01536,Krishna District,Andhra Pradesh,16.5062,80.648,coastal_humid,2022-07-06,2022-07-12,6,14.6,0.0,28.0,27.8,78.8,86.5,1004.2,6.3,8.3,1,7
REC_01018,Visakhapatnam,Andhra Pradesh,17.6868,83.2185,coastal_cyclonic,2022-07-06,2022-07-16,10,11.3,0.0,29.5,26.8,79.3,85.8,1008.0,21.2,9.9,1,7
REC_01775,Hyderabad,Telangana,17.385,78.4867,semi_arid,2022-07-07,2022-07-09,2,4.4,0.0,27.1,27.7,87.6,84.5,1009.8,6.8,2.4,1,7
REC_01981,Visakhapatnam,Andhra Pradesh,17.6868,83.2185,coastal_cyclonic,2022-07-07,2022-07-11,4,32.7,98.7,29.9,29.6,91.5,93.0,1006.2,41.3,8.5,1,7
REC_00115,Mumbai,Maharashtra,19.076,72.8777,coastal_heavy_monsoon,2022-07-07,2022-07-13,6,33.5,14.3,32.0,29.9,94.3,87.9,1005.4,24.6,8.9,1,7
REC_00309,Bengaluru,Karnataka,12.9716,77.5946,plateau_temperate,2022-07-08,2022-07-11,3,12.7,0.1,28.4,30.8,84.2,84.5,1014.7,7.3,5.4,1,7
REC_02988,Visakhapatnam,Andhra Pradesh,17.6868,83.2185,coastal_cyclonic,2022-07-08,2022-07-12,4,20.0,0.0,34.0,34.6,93.5,81.9,1011.7,34.3,14.3,1,7
REC_01985,Krishna District,Andhra Pradesh,16.5062,80.648,coastal_humid,2022-07-08,2022-07-14,6,17.1,101.7,32.5,30.8,79.5,84.8,1005.6,20.1,3.1,1,7
REC_00281,Mumbai,Maharashtra,19.076,72.8777,coastal_heavy_monsoon,2022-07-08,2022-07-16,8,90.6,0.0,29.1,29.6,84.7,86.5,1006.3,134.0,43.5,1,7
REC_01369,Visakhapatnam,Andhra Pradesh,17.6868,83.2185,coastal_cyclonic,2022-07-08,2022-07-17,9,54.9,133.0,28.1,26.0,76.1,60.2,1013.4,49.7,5.2,1,7
REC_02811,Delhi,NCR,28.6139,77.209,continental_subtropical,2022-07-09,2022-07-13,4,6.4,14.2,25.2,25.5,82.4,77.7,1002.0,3.1,3.3,1,7
REC_00479,Mumbai,Maharashtra,19.076,72.8777,coastal_heavy_monsoon,2022-07-09,2022-07-15,6,4.2,29.6,29.6,28.7,77.5,82.2,1001.8,0.0,32.3,1,7
REC_00135,Hyderabad,Telangana,17.385,78.4867,semi_arid,2022-07-10,2022-07-12,2,34.1,42.6,30.6,29.8,72.0,73.4,1013.5,30.6,3.4,1,7
REC_00500,Visakhapatnam,Andhra Pradesh,17.6868,83.2185,coastal_cyclonic,2022-07-10,2022-07-15,5,59.6,71.4,33.5,29.6,69.7,62.6,1007.2,55.2,4.4,1,7
REC_01112,Bengaluru,Karnataka,12.9716,77.5946,plateau_temperate,2022-07-10,2022-07-17,7,3.0,0.0,31.7,30.7,86.5,100.0,1007.4,0.0,17.6,1,7
REC_02976,Krishna District,Andhra Pradesh,16.5062,80.648,coastal_humid,2022-07-11,2022-07-14,3,10.8,0.0,33.8,32.0,79.2,79.5,1002.7,17.9,7.2,1,7
REC_00271,Mumbai,Maharashtra,19.076,72.8777,coastal_heavy_monsoon,2022-07-11,2022-07-18,7,0.4,13.3,24.4,17.6,72.9,72.1,1007.1,60.0,59.6,1,7
REC_03245,Bengaluru,Karnataka,12.9716,77.5946,plateau_temperate,2022-07-11,2022-07-18,7,3.0,1.5,31.4,32.5,85.5,86.3,1007.9,0.0,13.0,1,7
REC_00092,Mumbai,Maharashtra,19.076,72.8777,coastal_heavy_monsoon,2022-07-11,2022-07-21,10,14.7,64.7,24.8,22.6,65.3,70.9,1014.8,7.2,7.6,1,7
REC_00195,Delhi,NCR,28.6139,77.209,continental_subtropical,2022-07-12,2022-07-13,1,14.2,25.2,28.0,26.5,84.1,80.1,1012.6,14.7,0.5,1,7
REC_02520,Hyderabad,Telangana,17.385,78.4867,semi_arid,2022-07-12,2022-07-21,9,9.8,69.7,25.2,20.0,90.0,92.4,1006.0,31.8,22.0,1,7
REC_00525,Visakhapatnam,Andhra Pradesh,17.6868,83.2185,coastal_cyclonic,2022-07-13,2022-07-19,6,0.6,1.7,28.8,26.7,78.0,76.1,1008.3,0.0,1.2,1,7
REC_02702,Mumbai,Maharashtra,19.076,72.8777,coastal_heavy_monsoon,2022-07-13,2022-07-21,8,10.3,0.0,30.3,28.9,89.9,82.6,1013.3,6.1,4.3,1,7
REC_00775,Mumbai,Maharashtra,19.076,72.8777,coastal_heavy_monsoon,2022-07-14,2022-07-18,4,10.8,24.9,26.9,28.6,83.2,81.3,1010.4,2.8,7.9,1,7
REC_01099,Visakhapatnam,Andhra Pradesh,17.6868,83.2185,coastal_cyclonic,2022-07-14,2022-07-21,7,54.0,117.1,32.3,35.4,81.3,81.3,1005.2,62.9,8.9,1,7
REC_01483,Mumbai,Maharashtra,19.076,72.8777,coastal_heavy_monsoon,2022-07-14,2022-07-22,8,22.0,25.9,23.8,21.7,80.3,84.2,1007.5,38.5,16.5,1,7
REC_01585,Krishna District,Andhra Pradesh,16.5062,80.648,coastal_humid,2022-07-14,2022-07-24,10,2.3,1.4,26.9,24.4,92.3,82.2,1005.5,0.0,54.1,1,7
REC_03260,Delhi,NCR,28.6139,77.209,continental_subtropical,2022-07-14,2022-07-24,10,8.4,31.9,33.1,35.7,77.7,100.0,1005.5,0.0,8.8,1,7
REC_02025,Bengaluru,Karnataka,12.9716,77.5946,plateau_temperate,2022-07-15,2022-07-17,2,3.3,9.3,29.0,30.0,75.9,83.7,1015.5,3.3,0.0,1,7
REC_02796,Hyderabad,Telangana,17.385,78.4867,semi_arid,2022-07-15,2022-07-17,2,1.0,3.2,27.2,27.9,77.0,81.8,1004.7,2.7,1.7,1,7
REC_03151,Delhi,NCR,28.6139,77.209,continental_subtropical,2022-07-15,2022-07-18,3,13.9,19.4,30.9,32.1,86.8,87.3,1006.2,8.7,5.2,1,7
REC_00306,Bengaluru,Karnataka,12.9716,77.5946,plateau_temperate,2022-07-15,2022-07-21,6,6.0,0.0,34.1,31.8,70.0,60.8,1005.4,7.5,1.5,1,7
REC_02378,Hyderabad,Telangana,17.385,78.4867,semi_arid,2022-07-15,2022-07-25,10,6.0,0.0,28.8,28.8,67.4,51.0,1009.5,0.0,23.5,1,7
REC_00845,Hyderabad,Telangana,17.385,78.4867,semi_arid,2022-07-16,2022-07-18,2,4.6,1.9,27.0,26.5,82.4,87.0,1009.5,6.4,1.8,1,7
REC_01675,Bengaluru,Karnataka,12.9716,77.5946,plateau_temperate,2022-07-16,2022-07-20,4,14.4,57.3,27.5,29.5,93.1,78.6,1011.8,1.9,12.5,1,7
REC_01087,Bengaluru,Karnataka,12.9716,77.5946,plateau_temperate,2022-07-16,2022-07-21,5,6.3,17.4,30.3,28.8,86.8,74.5,1001.6,0.0,18.9,1,7
REC_02761,Mumbai,Maharashtra,19.076,72.8777,coastal_heavy_monsoon,2022-07-16,2022-07-24,8,16.3,67.4,27.8,27.6,69.8,67.9,1007.4,6.7,9.6,1,7
REC_00832,Mumbai,Maharashtra,19.076,72.8777,coastal_heavy_monsoon,2022-07-16,2022-07-26,10,22.4,203.6,31.3,30.4,74.9,55.2,1006.7,0.0,25.3,1,7
REC_00614,Krishna District,Andhra Pradesh,16.5062,80.648,coastal_humid,2022-07-17,2022-07-18,1,11.4,6.0,32.5,30.9,98.0,97.5,1006.8,10.0,1.3,1,7
REC_03231,Bengaluru,Karnataka,12.9716,77.5946,plateau_temperate,2022-07-17,2022-07-18,1,1.8,9.0,32.6,33.2,65.7,68.4,1008.5,1.7,0.1,1,7
REC_02575,Hyderabad,Telangana,17.385,78.4867,semi_arid,2022-07-17,2022-07-20,3,6.8,6.8,29.6,32.9,74.9,87.5,1012.6,0.0,8.7,1,7
REC_01382,Bengaluru,Karnataka,12.9716,77.5946,plateau_temperate,2022-07-18,2022-07-19,1,5.3,8.4,31.9,32.2,82.3,82.5,1012.9,6.3,1.0,1,7
REC_02684,Visakhapatnam,Andhra Pradesh,17.6868,83.2185,coastal_cyclonic,2022-07-18,2022-07-28,10,1.1,0.0,31.3,30.7,98.0,99.2,1012.8,1.1,0.0,1,7
REC_02448,Mumbai,Maharashtra,19.076,72.8777,coastal_heavy_monsoon,2022-07-19,2022-07-20,1,17.1,12.7,29.6,29.6,82.3,82.4,1008.7,17.8,0.7,1,7
REC_00506,Krishna District,Andhra Pradesh,16.5062,80.648,coastal_humid,2022-07-19,2022-07-23,4,6.5,8.8,28.6,29.8,89.7,100.0,1009.8,19.3,12.9,1,7
REC_00754,Delhi,NCR,28.6139,77.209,continental_subtropical,2022-07-20,2022-07-21,1,17.2,20.6,32.7,30.9,69.1,73.5,1009.5,18.7,1.5,1,7
REC_02151,Hyderabad,Telangana,17.385,78.4867,semi_arid,2022-07-20,2022-07-25,5,5.0,11.8,32.2,32.6,85.6,80.1,1002.6,1.3,3.7,1,7
REC_03409,Krishna District,Andhra Pradesh,16.5062,80.648,coastal_humid,2022-07-20,2022-07-25,5,5.1,0.0,29.5,28.8,82.3,76.1,1007.9,16.8,11.7,1,7
REC_01199,Mumbai,Maharashtra,19.076,72.8777,coastal_heavy_monsoon,2022-07-20,2022-07-30,10,41.4,19.0,29.2,29.7,88.6,100.0,1008.8,72.7,31.3,1,7
REC_00423,Mumbai,Maharashtra,19.076,72.8777,coastal_heavy_monsoon,2022-07-21,2022-07-23,2,22.3,17.8,33.3,32.6,69.3,69.2,1002.4,24.9,2.6,1,7
REC_01739,Delhi,NCR,28.6139,77.209,continental_subtropical,2022-07-21,2022-07-25,4,12.2,0.0,33.4,34.6,87.8,97.2,1011.1,4.2,8.1,1,7
REC_01837,Delhi,NCR,28.6139,77.209,continental_subtropical,2022-07-22,2022-07-24,2,3.6,9.0,30.3,31.6,69.9,74.2,1014.0,2.1,1.5,1,7
REC_00594,Krishna District,Andhra Pradesh,16.5062,80.648,coastal_humid,2022-07-22,2022-07-27,5,7.6,0.0,30.2,31.1,90.8,97.5,1009.7,30.1,22.5,1,7
REC_00651,Visakhapatnam,Andhra Pradesh,17.6868,83.2185,coastal_cyclonic,2022-07-22,2022-07-31,9,54.4,71.9,25.2,26.0,78.5,82.4,1000.4,93.5,39.1,1,7
REC_00244,Visakhapatnam,Andhra Pradesh,17.6868,83.2185,coastal_cyclonic,2022-07-23,2022-07-28,5,49.1,0.0,31.7,29.1,81.1,82.3,1009.8,72.0,22.9,1,7
REC_00407,Delhi,NCR,28.6139,77.209,continental_subtropical,2022-07-23,2022-07-28,5,6.3,15.2,34.1,31.6,75.1,79.3,1014.3,18.8,12.5,1,7
REC_03340,Delhi,NCR,28.6139,77.209,continental_subtropical,2022-07-23,2022-07-28,5,2.7,0.0,25.5,23.3,63.0,61.2,1006.1,5.6,2.9,1,7
REC_02425,Bengaluru,Karnataka,12.9716,77.5946,plateau_temperate,2022-07-23,2022-07-29,6,86.7,62.1,22.2,23.6,86.6,79.8,1003.1,95.2,8.5,1,7
REC_00607,Bengaluru,Karnataka,12.9716,77.5946,plateau_temperate,2022-07-23,2022-08-02,10,1.0,12.0,29.1,25.4,98.0,99.9,1007.6,0.0,57.1,1,8
REC_00627,Delhi,NCR,28.6139,77.209,continental_subtropical,2022-07-23,2022-08-02,10,21.4,0.0,29.5,31.5,85.1,87.9,1006.1,43.9,22.5,1,8
REC_00652,Visakhapatnam,Andhra Pradesh,17.6868,83.2185,coastal_cyclonic,2022-07-24,2022-07-26,2,17.5,0.0,29.0,29.2,72.6,73.0,1007.1,14.8,2.7,1,7
REC_02953,Visakhapatnam,Andhra Pradesh,17.6868,83.2185,coastal_cyclonic,2022-07-24,2022-07-26,2,13.1,10.4,26.2,25.8,87.8,87.5,1010.9,11.3,1.8,1,7
REC_01925,Krishna District,Andhra Pradesh,16.5062,80.648,coastal_humid,2022-07-24,2022-07-27,3,1.4,0.0,27.9,26.3,71.9,74.9,1000.1,6.4,5.0,1,7
REC_02633,Mumbai,Maharashtra,19.076,72.8777,coastal_heavy_monsoon,2022-07-24,2022-07-29,5,2.2,12.9,24.7,20.3,80.0,70.4,1011.7,21.6,19.4,1,7
REC_03092,Krishna District,Andhra Pradesh,16.5062,80.648,coastal_humid,2022-07-24,2022-07-30,6,30.6,52.6,30.3,31.9,73.9,68.9,1007.2,35.2,4.6,1,7
REC_02026,Delhi,NCR,28.6139,77.209,continental_subtropical,2022-07-24,2022-08-02,9,12.0,0.0,25.4,22.0,96.7,100.0,1002.1,46.8,34.8,1,8
REC_03444,Krishna District,Andhra Pradesh,16.5062,80.648,coastal_humid,2022-07-25,2022-07-26,1,63.7,16.3,27.0,26.0,85.6,91.4,1004.6,62.6,1.1,1,7
REC_02019,Hyderabad,Telangana,17.385,78.4867,semi_arid,2022-07-25,2022-07-29,4,21.5,29.8,30.0,32.3,77.4,80.0,1005.3,23.5,2.0,1,7
REC_00496,Bengaluru,Karnataka,12.9716,77.5946,plateau_temperate,2022-07-25,2022-08-01,7,8.9,0.0,30.6,29.6,77.8,76.2,1010.0,0.0,29.3,1,8
REC_01169,Bengaluru,Karnataka,12.9716,77.5946,plateau_temperate,2022-07-25,2022-08-04,10,16.2,28.0,29.4,34.1,76.2,72.3,1006.2,5.8,10.4,1,8
REC_01838,Bengaluru,Karnataka,12.9716,77.5946,plateau_temperate,2022-07-26,2022-07-28,2,13.6,20.0,28.6,30.2,81.2,82.3,1006.9,6.3,7.4,1,7
REC_01172,Bengaluru,Karnataka,12.9716,77.5946,plateau_temperate,2022-07-26,2022-07-29,3,11.6,4.2,33.8,33.5,84.0,89.8,1009.1,23.1,11.4,1,7
REC_03275,Visakhapatnam,Andhra Pradesh,17.6868,83.2185,coastal_cyclonic,2022-07-26,2022-07-30,4,12.1,0.0,30.6,29.3,91.0,94.0,1009.6,0.0,15.1,1,7
REC_01924,Hyderabad,Telangana,17.385,78.4867,semi_arid,2022-07-26,2022-07-31,5,74.3,106.4,31.1,30.8,78.0,85.4,1008.8,59.2,15.2,1,7
REC_02065,Delhi,NCR,28.6139,77.209,continental_subtropical,2022-07-27,2022-08-05,9,12.3,68.2,25.2,25.0,85.6,71.2,1011.8,25.9,13.6,1,8
REC_02118,Hyderabad,Telangana,17.385,78.4867,semi_arid,2022-07-27,2022-08-06,10,12.4,0.0,32.6,29.4,88.9,80.3,1003.6,0.0,30.7,1,8
REC_00771,Bengaluru,Karnataka,12.9716,77.5946,plateau_temperate,2022-07-28,2022-07-29,1,32.5,49.9,24.7,24.6,77.4,73.6,1000.4,33.5,1.0,1,7
REC_01289,Delhi,NCR,28.6139,77.209,continental_subtropical,2022-07-28,2022-08-01,4,3.7,0.0,31.2,36.0,83.3,80.9,1011.2,0.0,13.0,1,8
REC_01570,Visakhapatnam,Andhra Pradesh,17.6868,83.2185,coastal_cyclonic,2022-07-28,2022-08-02,5,6.1,0.0,29.6,31.0,84.2,90.3,1003.2,0.0,30.0,1,8
REC_02232,Mumbai,Maharashtra,19.076,72.8777,coastal_heavy_monsoon,2022-07-28,2022-08-04,7,33.5,0.0,37.2,35.8,74.2,59.6,1006.9,0.0,70.0,1,8
REC_02293,Mumbai,Maharashtra,19.076,72.8777,coastal_heavy_monsoon,2022-07-28,2022-08-05,8,40.1,6.8,26.0,23.7,91.7,100.0,1006.9,53.1,13.0,1,8
REC_03158,Visakhapatnam,Andhra Pradesh,17.6868,83.2185,coastal_cyclonic,2022-07-28,2022-08-06,9,2.1,32.4,25.8,28.0,85.2,86.0,1004.5,0.0,34.1,1,8
REC_01448,Mumbai,Maharashtra,19.076,72.8777,coastal_heavy_monsoon,2022-07-29,2022-08-01,3,11.2,0.2,28.9,29.4,89.3,93.1,1009.6,11.7,0.5,1,8
REC_02147,Mumbai,Maharashtra,19.076,72.8777,coastal_heavy_monsoon,2022-07-30,2022-08-02,3,3.6,0.0,29.6,30.7,92.4,95.2,1014.1,0.0,11.3,1,8
REC_00953,Visakhapatnam,Andhra Pradesh,17.6868,83.2185,coastal_cyclonic,2022-07-30,2022-08-03,4,42.5,70.2,31.4,28.4,73.5,77.8,1011.9,45.1,2.6,1,8
REC_02553,Delhi,NCR,28.6139,77.209,continental_subtropical,2022-07-30,2022-08-04,5,24.0,15.8,30.2,29.8,76.1,72.3,1008.6,12.6,11.4,1,8
REC_01027,Hyderabad,Telangana,17.385,78.4867,semi_arid,2022-07-30,2022-08-07,8,4.2,0.0,23.0,22.9,83.1,73.8,1005.9,23.9,19.7,1,8
REC_00694,Mumbai,Maharashtra,19.076,72.8777,coastal_heavy_monsoon,2022-07-30,2022-08-08,9,10.1,13.8,26.6,23.5,72.5,72.6,1006.4,0.0,16.7,1,8
REC_00727,Bengaluru,Karnataka,12.9716,77.5946,plateau_temperate,2022-07-30,2022-08-08,9,21.2,23.6,26.8,18.3,87.8,100.0,1008.7,0.0,23.3,1,8
REC_02479,Mumbai,Maharashtra,19.076,72.8777,coastal_heavy_monsoon,2022-07-30,2022-08-08,9,11.2,0.4,29.0,30.4,77.3,64.0,1007.4,30.3,19.1,1,8
REC_01620,Delhi,NCR,28.6139,77.209,continental_subtropical,2022-07-30,2022-08-09,10,10.4,39.4,31.4,29.8,92.8,92.0,1010.6,0.0,17.0,1,8
REC_01041,Hyderabad,Telangana,17.385,78.4867,semi_arid,2022-07-31,2022-08-01,1,11.1,16.4,28.6,28.5,70.1,70.2,1003.4,12.7,1.6,1,8
REC_02347,Mumbai,Maharashtra,19.076,72.8777,coastal_heavy_monsoon,2022-07-31,2022-08-01,1,55.7,44.0,30.4,30.2,69.3,66.3,1017.0,56.1,0.4,1,8
REC_00079,Bengaluru,Karnataka,12.9716,77.5946,plateau_temperate,2022-07-31,2022-08-03,3,4.1,0.0,25.8,22.5,77.9,78.9,1008.7,0.0,6.3,1,8
REC_02934,Bengaluru,Karnataka,12.9716,77.5946,plateau_temperate,2022-07-31,2022-08-06,6,25.9,25.9,31.1,27.2,87.9,99.3,1012.8,28.3,2.4,1,8
REC_01589,Delhi,NCR,28.6139,77.209,continental_subtropical,2022-08-01,2022-08-02,1,33.6,40.9,30.4,29.1,89.7,91.2,1005.7,34.2,0.6,1,8
REC_00266,Krishna District,Andhra Pradesh,16.5062,80.648,coastal_humid,2022-08-01,2022-08-04,3,3.1,0.0,32.2,32.2,86.9,90.3,1012.8,4.2,1.0,1,8
REC_00587,Delhi,NCR,28.6139,77.209,continental_subtropical,2022-08-01,2022-08-04,3,4.4,4.7,27.7,27.8,91.3,84.7,1007.0,9.4,5.0,1,8
REC_03421,Bengaluru,Karnataka,12.9716,77.5946,plateau_temperate,2022-08-01,2022-08-05,4,21.4,43.3,30.5,32.3,89.9,92.0,1011.6,27.4,6.0,1,8
REC_00946,Krishna District,Andhra Pradesh,16.5062,80.648,coastal_humid,2022-08-01,2022-08-08,7,36.8,0.0,27.2,24.6,78.4,93.2,1003.9,55.4,18.6,1,8
REC_02572,Krishna District,Andhra Pradesh,16.5062,80.648,coastal_humid,2022-08-01,2022-08-09,8,31.0,79.7,27.1,21.0,74.3,65.1,1015.4,77.9,46.9,1,8
REC_00404,Mumbai,Maharashtra,19.076,72.8777,coastal_heavy_monsoon,2022-08-01,2022-08-11,10,45.9,0.0,28.2,31.5,76.3,71.2,1005.2,49.8,4.0,1,8
REC_02629,Krishna District,Andhra Pradesh,16.5062,80.648,coastal_humid,2022-08-02,2022-08-03,1,27.4,25.0,30.2,30.6,81.6,82.6,1013.6,28.7,1.3,1,8
REC_03114,Mumbai,Maharashtra,19.076,72.8777,coastal_heavy_monsoon,2022-08-02,2022-08-06,4,2.9,7.7,27.1,25.3,78.4,79.8,1009.2,5.5,2.5,1,8
REC_00178,Bengaluru,Karnataka,12.9716,77.5946,plateau_temperate,2022-08-03,2022-08-07,4,13.3,0.4,31.4,35.0,82.3,83.2,1005.0,8.3,5.0,1,8
REC_02631,Visakhapatnam,Andhra Pradesh,17.6868,83.2185,coastal_cyclonic,2022-08-03,2022-08-11,8,18.4,49.4,29.3,25.8,98.0,97.9,1007.4,2.2,16.2,1,8
REC_02921,Hyderabad,Telangana,17.385,78.4867,semi_arid,2022-08-03,2022-08-13,10,9.3,0.0,31.0,41.0,60.9,84.1,1012.1,46.0,36.7,1,8
REC_02002,Hyderabad,Telangana,17.385,78.4867,semi_arid,2022-08-04,2022-08-06,2,38.0,0.0,31.7,33.1,88.0,94.7,1011.6,34.9,3.1,1,8
REC_01998,Visakhapatnam,Andhra Pradesh,17.6868,83.2185,coastal_cyclonic,2022-08-04,2022-08-08,4,74.6,72.1,26.9,26.9,91.1,96.1,1005.9,102.0,27.4,1,8
REC_00524,Visakhapatnam,Andhra Pradesh,17.6868,83.2185,coastal_cyclonic,2022-08-04,2022-08-12,8,17.7,0.0,28.3,33.6,78.9,56.7,1006.8,0.7,17.0,1,8
REC_01983,Bengaluru,Karnataka,12.9716,77.5946,plateau_temperate,2022-08-04,2022-08-13,9,9.1,0.0,28.9,30.4,81.5,100.0,1012.7,0.0,39.1,1,8
REC_01996,Mumbai,Maharashtra,19.076,72.8777,coastal_heavy_monsoon,2022-08-05,2022-08-07,2,6.4,3.4,31.3,32.1,78.9,75.6,1011.6,0.0,11.2,1,8
REC_02432,Mumbai,Maharashtra,19.076,72.8777,coastal_heavy_monsoon,2022-08-05,2022-08-10,5,22.5,21.2,30.8,28.7,75.3,69.5,1011.3,14.9,7.6,1,8
REC_01149,Bengaluru,Karnataka,12.9716,77.5946,plateau_temperate,2022-08-05,2022-08-11,6,25.4,37.5,26.7,26.1,86.1,71.1,1000.7,13.6,11.8,1,8
REC_00384,Delhi,NCR,28.6139,77.209,continental_subtropical,2022-08-05,2022-08-13,8,18.8,22.6,27.0,27.8,82.6,68.2,1007.2,44.4,25.6,1,8
REC_00698,Delhi,NCR,28.6139,77.209,continental_subtropical,2022-08-05,2022-08-14,9,9.2,0.0,30.1,27.1,84.7,77.8,1007.8,28.1,18.9,1,8
REC_01189,Visakhapatnam,Andhra Pradesh,17.6868,83.2185,coastal_cyclonic,2022-08-06,2022-08-07,1,23.6,27.5,25.2,24.7,79.0,76.9,1005.7,22.9,0.7,1,8
REC_02680,Delhi,NCR,28.6139,77.209,continental_subtropical,2022-08-06,2022-08-08,2,7.5,14.7,30.9,30.6,97.3,99.9,1008.0,10.8,3.3,1,8
REC_02605,Delhi,NCR,28.6139,77.209,continental_subtropical,2022-08-06,2022-08-09,3,5.1,2.1,28.3,26.8,67.8,77.8,1010.0,3.5,1.6,1,8
REC_02690,Mumbai,Maharashtra,19.076,72.8777,coastal_heavy_monsoon,2022-08-06,2022-08-09,3,3.8,15.9,35.7,35.9,79.9,75.0,1008.4,7.9,4.1,1,8
REC_03269,Hyderabad,Telangana,17.385,78.4867,semi_arid,2022-08-06,2022-08-12,6,0.4,4.6,28.7,26.6,70.0,70.4,1004.7,0.0,13.2,1,8
REC_00559,Delhi,NCR,28.6139,77.209,continental_subtropical,2022-08-06,2022-08-15,9,23.1,143.2,27.8,31.3,84.3,100.0,1012.1,9.1,14.0,1,8
REC_01728,Visakhapatnam,Andhra Pradesh,17.6868,83.2185,coastal_cyclonic,2022-08-07,2022-08-10,3,23.9,15.9,33.3,32.2,78.5,82.5,1004.5,14.3,9.6,1,8
REC_01807,Hyderabad,Telangana,17.385,78.4867,semi_arid,2022-08-07,2022-08-10,3,1.6,7.9,29.1,28.8,90.7,90.6,1005.7,2.7,1.1,1,8
REC_01325,Delhi,NCR,28.6139,77.209,continental_subtropical,2022-08-07,2022-08-11,4,48.9,140.3,27.5,24.7,77.2,63.2,1004.4,48.3,0.6,1,8
REC_02241,Delhi,NCR,28.6139,77.209,continental_subtropical,2022-08-07,2022-08-12,5,1.6,0.0,30.8,32.2,85.5,83.3,1003.4,0.0,4.4,1,8
REC_02795,Visakhapatnam,Andhra Pradesh,17.6868,83.2185,coastal_cyclonic,2022-08-07,2022-08-12,5,4.4,0.0,32.1,35.7,67.7,74.8,1008.3,19.2,14.9,1,8
REC_03382,Mumbai,Maharashtra,19.076,72.8777,coastal_heavy_monsoon,2022-08-07,2022-08-14,7,5.9,0.0,34.8,35.6,77.1,68.0,1006.9,0.0,44.8,1,8
REC_00063,Visakhapatnam,Andhra Pradesh,17.6868,83.2185,coastal_cyclonic,2022-08-09,2022-08-10,1,20.1,10.9,26.1,25.4,82.6,82.0,1014.1,24.5,4.4,1,8
REC_02185,Mumbai,Maharashtra,19.076,72.8777,coastal_heavy_monsoon,2022-08-09,2022-08-11,2,6.2,16.6,29.1,28.4,85.9,87.6,1006.8,2.9,3.3,1,8
REC_01057,Delhi,NCR,28.6139,77.209,continental_subtropical,2022-08-09,2022-08-15,6,12.9,5.7,32.3,32.9,76.6,78.7,1006.1,0.0,16.9,1,8
REC_01469,Hyderabad,Telangana,17.385,78.4867,semi_arid,2022-08-09,2022-08-16,7,5.9,4.7,25.6,23.9,82.6,97.3,1007.6,40.1,34.2,1,8
REC_00452,Bengaluru,Karnataka,12.9716,77.5946,plateau_temperate,2022-08-09,2022-08-17,8,18.4,41.3,32.2,29.7,95.7,100.0,1001.0,6.7,11.7,1,8
REC_01712,Hyderabad,Telangana,17.385,78.4867,semi_arid,2022-08-09,2022-08-18,9,20.3,75.6,31.3,25.7,88.6,91.2,1012.9,3.9,16.5,1,8
REC_00099,Hyderabad,Telangana,17.385,78.4867,semi_arid,2022-08-10,2022-08-14,4,9.6,12.5,23.9,23.3,89.9,100.0,1006.6,7.0,2.6,1,8
REC_03278,Visakhapatnam,Andhra Pradesh,17.6868,83.2185,coastal_cyclonic,2022-08-10,2022-08-15,5,14.9,95.6,28.0,28.7,83.2,85.1,1015.4,7.1,7.7,1,8
REC_02743,Delhi,NCR,28.6139,77.209,continental_subtropical,2022-08-10,2022-08-17,7,5.0,35.5,30.7,29.1,80.9,79.0,1009.4,35.3,30.3,1,8
REC_00975,Bengaluru,Karnataka,12.9716,77.5946,plateau_temperate,2022-08-10,2022-08-18,8,9.6,0.0,25.4,27.0,76.1,77.5,1007.0,11.1,1.5,1,8
REC_00016,Delhi,NCR,28.6139,77.209,continental_subtropical,2022-08-11,2022-08-12,1,20.1,4.2,25.6,26.0,88.3,95.3,1004.4,17.5,2.5,1,8
REC_03145,Visakhapatnam,Andhra Pradesh,17.6868,83.2185,coastal_cyclonic,2022-08-11,2022-08-14,3,6.7,0.0,27.5,27.9,92.9,97.8,1008.4,0.1,6.7,1,8
REC_01865,Bengaluru,Karnataka,12.9716,77.5946,plateau_temperate,2022-08-11,2022-08-21,10,10.2,152.0,28.3,35.8,91.4,100.0,1011.5,15.4,5.2,1,8
REC_00261,Bengaluru,Karnataka,12.9716,77.5946,plateau_temperate,2022-08-12,2022-08-16,4,11.3,0.0,25.5,25.5,82.5,84.8,1005.0,1.5,9.7,1,8
REC_00922,Bengaluru,Karnataka,12.9716,77.5946,plateau_temperate,2022-08-12,2022-08-16,4,2.1,0.0,32.5,31.1,84.2,83.4,1007.8,0.0,6.0,1,8
REC_01835,Visakhapatnam,Andhra Pradesh,17.6868,83.2185,coastal_cyclonic,2022-08-12,2022-08-17,5,32.1,74.6,30.0,27.6,81.7,79.9,1002.5,27.5,4.6,1,8
REC_01170,Mumbai,Maharashtra,19.076,72.8777,coastal_heavy_monsoon,2022-08-12,2022-08-20,8,53.4,129.6,26.1,25.8,82.1,98.1,1011.6,10.0,43.3,1,8
REC_00064,Hyderabad,Telangana,17.385,78.4867,semi_arid,2022-08-12,2022-08-21,9,5.4,33.5,28.9,28.8,76.8,95.8,1003.7,0.0,52.8,1,8
REC_00940,Mumbai,Maharashtra,19.076,72.8777,coastal_heavy_monsoon,2022-08-12,2022-08-21,9,10.2,0.0,31.1,29.5,76.3,80.6,1012.5,30.9,20.7,1,8
REC_02381,Delhi,NCR,28.6139,77.209,continental_subtropical,2022-08-12,2022-08-21,9,6.4,4.6,28.4,30.2,77.3,85.5,1012.7,0.0,32.5,1,8
REC_01884,Krishna District,Andhra Pradesh,16.5062,80.648,coastal_humid,2022-08-13,2022-08-14,1,32.9,53.0,29.1,29.4,72.3,74.3,1004.7,32.0,1.0,1,8
REC_02710,Krishna District,Andhra Pradesh,16.5062,80.648,coastal_humid,2022-08-13,2022-08-19,6,7.5,0.0,30.0,31.3,80.7,67.6,1008.2,0.0,26.5,1,8
REC_02941,Bengaluru,Karnataka,12.9716,77.5946,plateau_temperate,2022-08-13,2022-08-22,9,6.9,69.1,31.6,30.9,84.7,85.2,1011.9,0.0,14.4,1,8
REC_02346,Hyderabad,Telangana,17.385,78.4867,semi_arid,2022-08-14,2022-08-16,2,3.9,0.0,28.8,28.7,83.4,86.0,1011.5,4.3,0.4,1,8
REC_00790,Delhi,NCR,28.6139,77.209,continental_subtropical,2022-08-15,2022-08-17,2,4.3,0.0,27.2,27.3,87.8,80.9,1009.8,5.0,0.7,1,8
REC_03203,Mumbai,Maharashtra,19.076,72.8777,coastal_heavy_monsoon,2022-08-15,2022-08-23,8,4.0,10.7,26.4,22.4,90.0,67.3,1007.3,0.0,26.3,1,8
REC_03347,Bengaluru,Karnataka,12.9716,77.5946,plateau_temperate,2022-08-15,2022-08-23,8,12.7,0.0,28.5,27.1,85.0,94.4,1002.7,19.7,7.0,1,8
REC_00257,Mumbai,Maharashtra,19.076,72.8777,coastal_heavy_monsoon,2022-08-16,2022-08-19,3,44.3,10.8,28.5,27.4,82.7,87.5,1007.4,49.6,5.3,1,8
REC_01303,Delhi,NCR,28.6139,77.209,continental_subtropical,2022-08-16,2022-08-19,3,12.3,41.1,32.7,31.2,89.7,92.8,1006.8,5.7,6.6,1,8
REC_00777,Krishna District,Andhra Pradesh,16.5062,80.648,coastal_humid,2022-08-16,2022-08-21,5,28.8,67.0,31.3,31.6,85.1,99.2,1012.7,38.9,10.1,1,8
REC_03040,Visakhapatnam,Andhra Pradesh,17.6868,83.2185,coastal_cyclonic,2022-08-16,2022-08-22,6,1.4,0.0,30.3,28.3,84.9,92.0,1011.4,19.1,17.7,1,8
REC_01244,Visakhapatnam,Andhra Pradesh,17.6868,83.2185,coastal_cyclonic,2022-08-16,2022-08-24,8,9.0,0.0,29.7,34.7,86.7,98.2,1008.0,0.0,14.6,1,8
REC_00992,Bengaluru,Karnataka,12.9716,77.5946,plateau_temperate,2022-08-16,2022-08-26,10,4.4,15.8,31.1,36.2,84.7,94.0,1002.7,13.3,8.9,1,8
REC_03385,Delhi,NCR,28.6139,77.209,continental_subtropical,2022-08-16,2022-08-26,10,4.6,19.3,28.7,19.9,70.0,98.6,1014.8,50.7,46.1,1,8
REC_01366,Delhi,NCR,28.6139,77.209,continental_subtropical,2022-08-17,2022-08-18,1,27.3,38.5,27.9,27.3,90.8,91.1,1008.7,28.2,1.0,1,8
REC_00352,Bengaluru,Karnataka,12.9716,77.5946,plateau_temperate,2022-08-17,2022-08-20,3,12.6,6.0,31.3,31.6,78.3,74.0,1007.4,13.1,0.6,1,8
REC_02398,Mumbai,Maharashtra,19.076,72.8777,coastal_heavy_monsoon,2022-08-18,2022-08-19,1,21.3,13.5,28.5,28.9,80.0,78.5,1003.2,18.5,2.9,1,8
REC_03206,Visakhapatnam,Andhra Pradesh,17.6868,83.2185,coastal_cyclonic,2022-08-18,2022-08-19,1,14.6,12.4,26.1,25.5,88.5,90.0,1006.5,13.8,0.8,1,8
REC_00456,Hyderabad,Telangana,17.385,78.4867,semi_arid,2022-08-18,2022-08-20,2,11.6,15.0,27.1,27.9,89.0,95.5,1003.7,5.5,6.1,1,8
REC_02084,Hyderabad,Telangana,17.385,78.4867,semi_arid,2022-08-18,2022-08-20,2,10.8,21.6,26.8,25.2,76.5,82.9,1003.9,11.3,0.5,1,8
REC_02152,Delhi,NCR,28.6139,77.209,continental_subtropical,2022-08-18,2022-08-27,9,2.3,19.2,26.6,22.0,77.2,64.9,1014.1,62.4,60.2,1,8
REC_02771,Visakhapatnam,Andhra Pradesh,17.6868,83.2185,coastal_cyclonic,2022-08-19,2022-08-20,1,3.3,15.4,28.7,29.6,79.7,80.1,1012.9,2.3,1.0,1,8
REC_03420,Delhi,NCR,28.6139,77.209,continental_subtropical,2022-08-19,2022-08-21,2,14.5,8.0,26.9,27.2,78.3,72.3,1004.2,10.1,4.4,1,8
REC_01622,Hyderabad,Telangana,17.385,78.4867,semi_arid,2022-08-19,2022-08-23,4,29.2,23.8,29.2,26.4,81.1,83.5,1008.5,32.6,3.4,1,8
REC_00688,Hyderabad,Telangana,17.385,78.4867,semi_arid,2022-08-19,2022-08-29,10,29.1,177.2,26.3,19.9,83.3,70.7,1012.6,48.5,19.4,1,8
REC_00014,Bengaluru,Karnataka,12.9716,77.5946,plateau_temperate,2022-08-20,2022-08-29,9,17.0,15.6,22.9,23.1,84.1,100.0,1007.7,77.1,60.1,1,8
REC_02808,Mumbai,Maharashtra,19.076,72.8777,coastal_heavy_monsoon,2022-08-21,2022-08-22,1,32.9,68.1,30.4,31.2,90.2,92.4,1012.0,33.5,0.6,1,8
REC_03026,Delhi,NCR,28.6139,77.209,continental_subtropical,2022-08-21,2022-08-23,2,1.2,2.0,29.5,30.4,82.2,80.2,1007.2,3.4,2.2,1,8
REC_01520,Krishna District,Andhra Pradesh,16.5062,80.648,coastal_humid,2022-08-21,2022-08-24,3,31.1,23.3,30.3,30.7,79.1,75.7,1001.9,32.6,1.5,1,8
REC_01896,Delhi,NCR,28.6139,77.209,continental_subtropical,2022-08-21,2022-08-24,3,19.2,28.0,31.0,29.0,87.1,86.4,1005.3,15.4,3.8,1,8
REC_01722,Hyderabad,Telangana,17.385,78.4867,semi_arid,2022-08-21,2022-08-29,8,11.3,77.2,31.9,30.8,69.6,58.0,1012.0,51.8,40.4,1,8
REC_01446,Hyderabad,Telangana,17.385,78.4867,semi_arid,2022-08-21,2022-08-31,10,61.5,0.0,30.5,29.6,76.2,60.4,999.3,97.1,35.7,1,8
REC_01765,Bengaluru,Karnataka,12.9716,77.5946,plateau_temperate,2022-08-21,2022-08-31,10,26.6,57.3,20.7,19.9,98.0,100.0,1006.1,0.0,87.6,1,8
REC_00088,Mumbai,Maharashtra,19.076,72.8777,coastal_heavy_monsoon,2022-08-22,2022-08-25,3,8.8,24.5,30.6,31.6,73.1,66.8,1015.0,1.8,7.0,1,8
REC_02857,Mumbai,Maharashtra,19.076,72.8777,coastal_heavy_monsoon,2022-08-22,2022-08-31,9,33.2,185.1,33.7,31.1,95.6,74.5,1013.5,54.2,21.0,1,8
REC_02064,Delhi,NCR,28.6139,77.209,continental_subtropical,2022-08-22,2022-09-01,10,31.1,6.5,27.4,32.6,73.0,69.2,1007.8,63.3,32.3,1,9
REC_00470,Hyderabad,Telangana,17.385,78.4867,semi_arid,2022-08-23,2022-09-02,10,27.4,0.0,31.2,31.7,85.3,90.4,1010.2,11.4,16.0,1,9
REC_02617,Hyderabad,Telangana,17.385,78.4867,semi_arid,2022-08-23,2022-09-02,10,18.6,0.0,33.9,29.5,79.7,68.2,1003.1,7.3,11.3,1,9
REC_02707,Hyderabad,Telangana,17.385,78.4867,semi_arid,2022-08-24,2022-08-29,5,3.3,19.8,32.6,34.2,77.1,65.5,1002.5,0.0,16.6,1,8
REC_01662,Hyderabad,Telangana,17.385,78.4867,semi_arid,2022-08-24,2022-09-01,8,21.8,0.0,31.2,31.2,81.4,87.5,1005.9,0.0,41.5,1,9
REC_00492,Hyderabad,Telangana,17.385,78.4867,semi_arid,2022-08-25,2022-08-28,3,0.6,2.6,30.2,30.2,78.8,79.8,1003.3,3.6,3.0,1,8
REC_00949,Hyderabad,Telangana,17.385,78.4867,semi_arid,2022-08-25,2022-08-30,5,8.1,119.1,26.6,25.7,94.0,100.0,1010.2,26.0,17.8,1,8
REC_03189,Bengaluru,Karnataka,12.9716,77.5946,plateau_temperate,2022-08-25,2022-09-04,10,43.9,117.8,30.8,34.1,81.4,63.6,1015.1,131.6,87.7,1,9
REC_02487,Hyderabad,Telangana,17.385,78.4867,semi_arid,2022-08-26,2022-08-27,1,4.1,0.0,27.7,27.6,78.7,79.4,1012.4,0.5,3.6,1,8
REC_03169,Hyderabad,Telangana,17.385,78.4867,semi_arid,2022-08-26,2022-08-27,1,5.0,5.7,26.9,25.6,90.4,89.4,1005.0,4.4,0.6,1,8
REC_02979,Krishna District,Andhra Pradesh,16.5062,80.648,coastal_humid,2022-08-26,2022-08-28,2,24.2,30.7,31.7,31.7,85.3,88.3,1004.6,21.2,3.0,1,8
REC_00862,Mumbai,Maharashtra,19.076,72.8777,coastal_heavy_monsoon,2022-08-26,2022-08-29,3,15.6,10.8,28.2,29.8,78.7,86.7,1008.1,4.6,11.0,1,8
REC_01886,Visakhapatnam,Andhra Pradesh,17.6868,83.2185,coastal_cyclonic,2022-08-26,2022-08-29,3,132.7,2.3,29.8,31.3,91.3,94.8,1007.4,132.5,0.2,1,8
REC_01919,Hyderabad,Telangana,17.385,78.4867,semi_arid,2022-08-26,2022-08-29,3,0.9,0.0,29.3,29.9,80.6,82.9,1014.8,4.1,3.1,1,8
REC_02325,Visakhapatnam,Andhra Pradesh,17.6868,83.2185,coastal_cyclonic,2022-08-26,2022-09-02,7,83.4,235.8,32.5,31.7,66.9,85.1,1007.1,99.0,15.7,1,9
REC_03053,Visakhapatnam,Andhra Pradesh,17.6868,83.2185,coastal_cyclonic,2022-08-26,2022-09-04,9,14.5,54.5,31.2,28.2,98.0,100.0,1006.9,29.1,14.5,1,9
REC_00991,Delhi,NCR,28.6139,77.209,continental_subtropical,2022-08-26,2022-09-05,10,4.3,0.0,32.0,28.2,87.2,77.0,1007.2,0.0,19.6,1,9
REC_02917,Hyderabad,Telangana,17.385,78.4867,semi_arid,2022-08-29,2022-08-31,2,0.0,1.7,22.4,22.5,90.7,93.0,1008.6,8.6,8.5,1,8
REC_03191,Delhi,NCR,28.6139,77.209,continental_subtropical,2022-08-29,2022-09-02,4,17.7,11.5,30.0,28.9,69.6,72.6,1003.9,5.8,11.8,1,9
REC_02533,Delhi,NCR,28.6139,77.209,continental_subtropical,2022-08-30,2022-09-02,3,35.5,38.0,24.2,25.1,76.6,72.4,1007.8,42.5,7.0,1,9
REC_01249,Bengaluru,Karnataka,12.9716,77.5946,plateau_temperate,2022-08-30,2022-09-07,8,10.8,65.7,30.8,30.1,77.6,91.3,1005.9,0.0,10.9,1,9
REC_00923,Bengaluru,Karnataka,12.9716,77.5946,plateau_temperate,2022-08-31,2022-09-02,2,9.4,20.9,29.4,27.3,97.2,94.4,1006.4,6.3,3.0,1,9
REC_01670,Mumbai,Maharashtra,19.076,72.8777,coastal_heavy_monsoon,2022-08-31,2022-09-02,2,92.8,197.9,27.9,28.4,80.8,85.8,1009.7,90.5,2.3,1,9
REC_03476,Delhi,NCR,28.6139,77.209,continental_subtropical,2022-08-31,2022-09-04,4,16.8,0.0,30.8,30.8,75.4,82.3,1000.3,8.3,8.5,1,9
REC_00798,Krishna District,Andhra Pradesh,16.5062,80.648,coastal_humid,2022-08-31,2022-09-06,6,19.6,18.4,28.1,27.9,79.9,97.2,1013.5,0.0,22.2,1,9
REC_03005,Delhi,NCR,28.6139,77.209,continental_subtropical,2022-08-31,2022-09-06,6,11.6,76.1,32.0,31.9,88.7,87.7,1007.2,23.8,12.3,1,9
REC_01874,Hyderabad,Telangana,17.385,78.4867,semi_arid,2022-08-31,2022-09-10,10,38.1,48.2,31.5,34.8,87.0,98.2,1012.8,48.5,10.4,1,9
REC_01037,Krishna District,Andhra Pradesh,16.5062,80.648,coastal_humid,2022-09-01,2022-09-02,1,4.9,0.3,30.8,30.6,77.0,79.8,1008.9,4.8,0.1,1,9
REC_01001,Krishna District,Andhra Pradesh,16.5062,80.648,coastal_humid,2022-09-01,2022-09-04,3,54.8,103.1,27.1,24.5,84.8,97.2,1012.4,57.1,2.2,1,9
REC_01565,Visakhapatnam,Andhra Pradesh,17.6868,83.2185,coastal_cyclonic,2022-09-01,2022-09-04,3,17.5,21.7,29.4,32.0,91.5,86.6,1009.1,20.1,2.7,1,9
REC_01867,Krishna District,Andhra Pradesh,16.5062,80.648,coastal_humid,2022-09-01,2022-09-05,4,41.6,51.8,32.0,36.0,81.0,83.7,1008.1,54.6,12.9,1,9
REC_00346,Visakhapatnam,Andhra Pradesh,17.6868,83.2185,coastal_cyclonic,2022-09-01,2022-09-06,5,130.9,337.5,34.3,35.3,79.2,68.0,1014.3,142.9,11.9,1,9
REC_01135,Delhi,NCR,28.6139,77.209,continental_subtropical,2022-09-01,2022-09-06,5,25.2,3.3,28.6,29.1,65.6,65.9,1014.0,48.1,22.8,1,9
REC_01748,Bengaluru,Karnataka,12.9716,77.5946,plateau_temperate,2022-09-01,2022-09-06,5,13.1,15.1,34.4,37.4,80.3,80.4,1011.5,18.3,5.2,1,9
REC_00320,Delhi,NCR,28.6139,77.209,continental_subtropical,2022-09-01,2022-09-08,7,4.0,0.0,25.6,27.0,98.0,100.0,1013.0,34.5,30.5,1,9
REC_01216,Visakhapatnam,Andhra Pradesh,17.6868,83.2185,coastal_cyclonic,2022-09-01,2022-09-10,9,24.1,199.5,26.9,20.3,76.5,70.0,1007.6,11.2,12.9,1,9
REC_00793,Krishna District,Andhra Pradesh,16.5062,80.648,coastal_humid,2022-09-02,2022-09-03,1,26.1,16.2,26.2,26.1,94.2,98.4,1008.8,24.2,1.9,1,9
REC_02783,Visakhapatnam,Andhra Pradesh,17.6868,83.2185,coastal_cyclonic,2022-09-02,2022-09-03,1,7.1,0.0,30.6,31.3,84.1,89.5,1008.5,8.7,1.6,1,9
REC_02547,Hyderabad,Telangana,17.385,78.4867,semi_arid,2022-09-02,2022-09-04,2,0.7,10.4,31.0,31.8,98.0,98.3,1003.9,4.7,4.0,1,9
REC_02823,Visakhapatnam,Andhra Pradesh,17.6868,83.2185,coastal_cyclonic,2022-09-02,2022-09-05,3,23.4,0.0,28.5,29.0,92.3,98.0,1005.7,16.2,7.2,1,9
REC_00494,Bengaluru,Karnataka,12.9716,77.5946,plateau_temperate,2022-09-02,2022-09-06,4,14.1,21.6,25.7,23.9,74.2,72.1,1006.4,0.6,13.5,1,9
REC_02751,Delhi,NCR,28.6139,77.209,continental_subtropical,2022-09-02,2022-09-07,5,5.3,0.0,31.3,31.3,80.7,88.4,1012.9,11.3,6.0,1,9
REC_00277,Bengaluru,Karnataka,12.9716,77.5946,plateau_temperate,2022-09-02,2022-09-10,8,12.1,0.0,30.0,32.7,79.0,86.5,1002.8,0.0,42.4,1,9
REC_01588,Bengaluru,Karnataka,12.9716,77.5946,plateau_temperate,2022-09-02,2022-09-12,10,21.1,9.3,35.2,31.4,77.7,56.1,1008.7,0.0,46.1,1,9
REC_02508,Krishna District,Andhra Pradesh,16.5062,80.648,coastal_humid,2022-09-03,2022-09-04,1,27.5,16.7,27.9,29.6,98.0,97.3,1011.9,29.6,2.1,1,9
REC_01312,Bengaluru,Karnataka,12.9716,77.5946,plateau_temperate,2022-09-03,2022-09-09,6,17.2,0.0,24.0,20.6,78.2,84.0,1010.1,0.0,30.0,1,9
REC_02382,Bengaluru,Karnataka,12.9716,77.5946,plateau_temperate,2022-09-03,2022-09-10,7,2.3,11.4,35.5,35.6,98.0,100.0,1000.4,5.5,3.2,1,9
REC_03281,Krishna District,Andhra Pradesh,16.5062,80.648,coastal_humid,2022-09-03,2022-09-10,7,20.8,86.1,26.6,30.1,68.8,74.4,1013.6,40.6,19.8,1,9
REC_01818,Visakhapatnam,Andhra Pradesh,17.6868,83.2185,coastal_cyclonic,2022-09-03,2022-09-11,8,48.3,25.7,32.3,31.1,72.9,80.0,1014.8,0.0,48.5,1,9
REC_00005,Krishna District,Andhra Pradesh,16.5062,80.648,coastal_humid,2022-09-04,2022-09-08,4,10.5,0.0,37.3,34.5,91.5,96.8,1008.9,0.8,9.6,1,9
REC_00077,Krishna District,Andhra Pradesh,16.5062,80.648,coastal_humid,2022-09-04,2022-09-08,4,4.6,0.3,25.7,27.2,75.5,84.2,1014.0,0.2,4.4,1,9
REC_03232,Hyderabad,Telangana,17.385,78.4867,semi_arid,2022-09-04,2022-09-09,5,8.4,0.0,27.7,25.1,79.4,93.9,1005.4,2.3,6.1,1,9
REC_00913,Hyderabad,Telangana,17.385,78.4867,semi_arid,2022-09-04,2022-09-10,6,5.8,41.4,23.4,23.9,80.3,98.7,1002.9,4.8,1.0,1,9
REC_01068,Mumbai,Maharashtra,19.076,72.8777,coastal_heavy_monsoon,2022-09-04,2022-09-10,6,18.3,44.7,26.4,26.0,83.9,91.7,1004.6,2.3,16.0,1,9
REC_03140,Bengaluru,Karnataka,12.9716,77.5946,plateau_temperate,2022-09-04,2022-09-12,8,7.7,12.8,23.1,21.9,89.3,94.1,1005.3,24.2,16.6,1,9
REC_01644,Visakhapatnam,Andhra Pradesh,17.6868,83.2185,coastal_cyclonic,2022-09-05,2022-09-06,1,25.0,1.2,24.7,25.2,75.7,76.5,1006.2,27.1,2.1,1,9
REC_00068,Visakhapatnam,Andhra Pradesh,17.6868,83.2185,coastal_cyclonic,2022-09-05,2022-09-07,2,30.9,41.7,27.4,26.7,82.8,85.3,1011.0,38.3,7.4,1,9
REC_03249,Bengaluru,Karnataka,12.9716,77.5946,plateau_temperate,2022-09-05,2022-09-13,8,15.5,0.0,26.7,30.8,63.6,62.4,1007.1,0.0,17.5,1,9
REC_00468,Hyderabad,Telangana,17.385,78.4867,semi_arid,2022-09-05,2022-09-14,9,6.5,19.0,29.2,28.8,85.4,91.2,1009.1,17.1,10.6,1,9
REC_00917,Delhi,NCR,28.6139,77.209,continental_subtropical,2022-09-06,2022-09-07,1,1.6,0.2,30.4,29.2,87.6,87.3,1006.1,2.3,0.7,1,9
REC_01220,Krishna District,Andhra Pradesh,16.5062,80.648,coastal_humid,2022-09-06,2022-09-07,1,16.1,25.9,29.1,29.0,83.4,85.7,1003.9,12.8,3.3,1,9
REC_00398,Delhi,NCR,28.6139,77.209,continental_subtropical,2022-09-06,2022-09-12,6,4.3,11.0,27.6,24.3,95.2,100.0,1012.3,17.8,13.5,1,9
REC_02787,Visakhapatnam,Andhra Pradesh,17.6868,83.2185,coastal_cyclonic,2022-09-07,2022-09-10,3,13.1,3.2,33.0,31.0,76.8,76.6,1005.4,15.7,2.7,1,9
REC_02952,Krishna District,Andhra Pradesh,16.5062,80.648,coastal_humid,2022-09-07,2022-09-13,6,4.6,22.7,24.8,25.1,86.6,82.5,1014.0,33.0,28.5,1,9
REC_01508,Delhi,NCR,28.6139,77.209,continental_subtropical,2022-09-07,2022-09-15,8,5.0,34.8,22.6,27.7,72.9,80.8,1008.9,22.6,17.6,1,9
REC_00764,Krishna District,Andhra Pradesh,16.5062,80.648,coastal_humid,2022-09-07,2022-09-16,9,12.1,13.2,31.0,28.5,68.7,79.0,1002.0,7.8,4.3,1,9
REC_01610,Krishna District,Andhra Pradesh,16.5062,80.648,coastal_humid,2022-09-07,2022-09-16,9,18.5,33.7,31.1,25.4,76.4,82.9,1008.2,0.0,44.5,1,9
REC_02634,Bengaluru,Karnataka,12.9716,77.5946,plateau_temperate,2022-09-07,2022-09-17,10,1.1,0.0,28.1,25.9,92.0,100.0,1010.0,41.1,40.0,1,9
REC_00344,Delhi,NCR,28.6139,77.209,continental_subtropical,2022-09-08,2022-09-09,1,2.0,8.9,27.5,28.3,81.7,77.5,1007.5,1.4,0.6,1,9
REC_01623,Mumbai,Maharashtra,19.076,72.8777,coastal_heavy_monsoon,2022-09-08,2022-09-10,2,7.8,7.2,29.8,29.9,91.5,98.8,1009.4,3.9,3.9,1,9
REC_01864,Mumbai,Maharashtra,19.076,72.8777,coastal_heavy_monsoon,2022-09-08,2022-09-16,8,4.1,8.2,32.6,28.4,91.4,83.7,1006.1,29.5,25.4,1,9
REC_01931,Krishna District,Andhra Pradesh,16.5062,80.648,coastal_humid,2022-09-08,2022-09-17,9,114.6,0.0,26.0,29.3,75.6,57.0,1002.7,67.6,46.9,1,9
REC_02214,Krishna District,Andhra Pradesh,16.5062,80.648,coastal_humid,2022-09-10,2022-09-11,1,33.9,17.5,23.0,22.8,73.1,68.1,1014.2,37.2,3.2,1,9
REC_03012,Mumbai,Maharashtra,19.076,72.8777,coastal_heavy_monsoon,2022-09-10,2022-09-11,1,14.9,0.7,25.8,24.8,85.3,83.3,1007.3,16.0,1.2,1,9
REC_03330,Visakhapatnam,Andhra Pradesh,17.6868,83.2185,coastal_cyclonic,2022-09-10,2022-09-13,3,26.2,7.2,24.9,27.0,88.1,88.8,1018.1,30.5,4.3,1,9
REC_00499,Hyderabad,Telangana,17.385,78.4867,semi_arid,2022-09-10,2022-09-16,6,2.5,8.8,28.3,27.9,86.8,92.5,1013.3,14.6,12.1,1,9
REC_02967,Visakhapatnam,Andhra Pradesh,17.6868,83.2185,coastal_cyclonic,2022-09-10,2022-09-16,6,7.6,70.1,25.7,23.9,72.8,66.0,998.9,33.3,25.7,1,9
REC_00910,Krishna District,Andhra Pradesh,16.5062,80.648,coastal_humid,2022-09-10,2022-09-18,8,37.3,37.1,34.2,33.0,76.3,73.9,1008.5,31.0,6.3,1,9
REC_00097,Mumbai,Maharashtra,19.076,72.8777,coastal_heavy_monsoon,2022-09-11,2022-09-13,2,2.4,11.2,24.7,23.7,86.6,89.2,1001.9,6.0,3.5,1,9
REC_00930,Krishna District,Andhra Pradesh,16.5062,80.648,coastal_humid,2022-09-11,2022-09-14,3,3.8,19.4,29.0,29.3,83.3,87.4,1010.6,11.6,7.8,1,9
REC_02769,Mumbai,Maharashtra,19.076,72.8777,coastal_heavy_monsoon,2022-09-11,2022-09-14,3,10.7,9.4,28.2,28.0,77.4,84.5,1011.7,1.1,9.6,1,9
REC_02247,Bengaluru,Karnataka,12.9716,77.5946,plateau_temperate,2022-09-11,2022-09-15,4,58.9,51.1,31.3,28.8,74.6,81.7,1015.7,67.9,9.0,1,9
REC_02899,Delhi,NCR,28.6139,77.209,continental_subtropical,2022-09-11,2022-09-18,7,21.2,1.2,27.2,28.5,72.6,51.8,1012.0,48.9,27.7,1,9
REC_00311,Bengaluru,Karnataka,12.9716,77.5946,plateau_temperate,2022-09-11,2022-09-20,9,52.8,0.0,26.4,24.8,80.9,100.0,1009.3,46.9,5.9,1,9
REC_02674,Hyderabad,Telangana,17.385,78.4867,semi_arid,2022-09-12,2022-09-13,1,3.4,1.4,26.5,27.2,91.8,87.9,1002.6,3.2,0.1,1,9
REC_02563,Delhi,NCR,28.6139,77.209,continental_subtropical,2022-09-12,2022-09-16,4,0.8,0.0,32.3,33.7,90.2,88.5,1003.1,7.5,6.7,1,9
REC_01072,Krishna District,Andhra Pradesh,16.5062,80.648,coastal_humid,2022-09-12,2022-09-18,6,131.3,185.9,32.6,31.7,98.0,100.0,1002.7,168.1,36.8,1,9
REC_00711,Krishna District,Andhra Pradesh,16.5062,80.648,coastal_humid,2022-09-12,2022-09-22,10,30.8,61.6,30.9,33.8,69.0,92.8,1002.7,0.0,76.7,1,9
REC_01007,Bengaluru,Karnataka,12.9716,77.5946,plateau_temperate,2022-09-13,2022-09-16,3,17.7,32.1,31.8,32.0,86.1,92.1,1003.9,20.5,2.8,1,9
REC_00882,Bengaluru,Karnataka,12.9716,77.5946,plateau_temperate,2022-09-13,2022-09-17,4,9.8,5.0,26.4,25.3,82.2,88.3,1014.8,8.2,1.7,1,9
REC_02160,Visakhapatnam,Andhra Pradesh,17.6868,83.2185,coastal_cyclonic,2022-09-13,2022-09-17,4,59.4,11.5,28.5,31.0,64.2,65.5,1006.9,72.2,12.9,1,9
REC_01563,Visakhapatnam,Andhra Pradesh,17.6868,83.2185,coastal_cyclonic,2022-09-13,2022-09-18,5,12.7,3.2,29.5,24.5,85.9,81.2,1009.8,4.1,8.6,1,9
REC_03167,Visakhapatnam,Andhra Pradesh,17.6868,83.2185,coastal_cyclonic,2022-09-13,2022-09-18,5,5.9,20.8,26.6,28.8,78.7,87.5,1003.1,19.6,13.6,1,9
REC_00856,Mumbai,Maharashtra,19.076,72.8777,coastal_heavy_monsoon,2022-09-13,2022-09-22,9,11.2,0.0,28.6,26.1,88.7,76.8,1005.5,0.0,27.1,1,9
REC_02798,Bengaluru,Karnataka,12.9716,77.5946,plateau_temperate,2022-09-13,2022-09-22,9,10.5,64.0,29.6,25.6,81.3,100.0,1007.9,11.6,1.1,1,9
REC_00445,Visakhapatnam,Andhra Pradesh,17.6868,83.2185,coastal_cyclonic,2022-09-14,2022-09-17,3,1.5,0.0,29.9,30.1,62.0,57.9,998.5,4.0,2.5,1,9
REC_03225,Krishna District,Andhra Pradesh,16.5062,80.648,coastal_humid,2022-09-15,2022-09-17,2,12.5,23.9,24.2,22.2,87.3,94.4,1008.7,16.7,4.3,1,9
REC_00103,Delhi,NCR,28.6139,77.209,continental_subtropical,2022-09-15,2022-09-18,3,34.6,21.7,30.3,31.6,80.3,72.4,1012.5,35.2,0.6,1,9
REC_01532,Krishna District,Andhra Pradesh,16.5062,80.648,coastal_humid,2022-09-15,2022-09-20,5,2.3,0.0,23.5,24.0,82.6,71.0,1014.2,0.0,5.6,1,9
REC_01230,Visakhapatnam,Andhra Pradesh,17.6868,83.2185,coastal_cyclonic,2022-09-15,2022-09-22,7,4.7,10.7,26.8,30.1,93.7,77.4,1002.4,39.3,34.6,1,9
REC_01941,Mumbai,Maharashtra,19.076,72.8777,coastal_heavy_monsoon,2022-09-15,2022-09-23,8,12.6,118.4,27.3,21.2,73.8,76.2,1014.7,0.0,12.6,1,9
REC_00408,Hyderabad,Telangana,17.385,78.4867,semi_arid,2022-09-15,2022-09-25,10,31.6,0.0,28.0,31.8,74.0,81.2,1005.0,84.3,52.7,1,9
REC_02659,Visakhapatnam,Andhra Pradesh,17.6868,83.2185,coastal_cyclonic,2022-09-16,2022-09-24,8,39.7,0.0,24.2,20.7,73.8,67.2,1009.2,32.1,7.6,1,9
REC_02793,Visakhapatnam,Andhra Pradesh,17.6868,83.2185,coastal_cyclonic,2022-09-17,2022-09-23,6,24.8,0.0,25.5,30.4,73.1,78.1,1007.1,23.6,1.2,1,9
REC_00211,Bengaluru,Karnataka,12.9716,77.5946,plateau_temperate,2022-09-17,2022-09-24,7,2.9,0.0,29.9,30.5,88.1,90.1,1007.2,29.1,26.3,1,9
REC_01961,Delhi,NCR,28.6139,77.209,continental_subtropical,2022-09-17,2022-09-25,8,8.2,0.0,29.1,26.7,90.2,98.8,1003.3,0.6,7.6,1,9
REC_01107,Krishna District,Andhra Pradesh,16.5062,80.648,coastal_humid,2022-09-17,2022-09-27,10,54.9,0.0,36.4,40.0,81.1,88.8,1011.8,90.3,35.5,1,9
REC_02458,Krishna District,Andhra Pradesh,16.5062,80.648,coastal_humid,2022-09-17,2022-09-27,10,5.5,20.3,28.8,25.0,88.3,100.0,1015.2,22.2,16.7,1,9
REC_01287,Mumbai,Maharashtra,19.076,72.8777,coastal_heavy_monsoon,2022-09-18,2022-09-19,1,3.6,5.2,31.6,32.0,90.0,90.8,1008.4,4.9,1.2,1,9
REC_03227,Mumbai,Maharashtra,19.076,72.8777,coastal_heavy_monsoon,2022-09-18,2022-09-20,2,29.8,62.9,30.5,30.4,87.4,92.3,1014.4,30.8,0.9,1,9
REC_01718,Visakhapatnam,Andhra Pradesh,17.6868,83.2185,coastal_cyclonic,2022-09-18,2022-09-21,3,45.4,74.0,27.7,29.0,71.9,69.4,1012.7,66.6,21.2,1,9
REC_01613,Visakhapatnam,Andhra Pradesh,17.6868,83.2185,coastal_cyclonic,2022-09-18,2022-09-26,8,62.4,340.8,30.2,32.4,98.0,100.0,1012.5,85.0,22.6,1,9
REC_01462,Mumbai,Maharashtra,19.076,72.8777,coastal_heavy_monsoon,2022-09-18,2022-09-27,9,27.9,0.0,28.4,16.6,80.1,72.6,1006.6,64.0,36.1,1,9
REC_01200,Delhi,NCR,28.6139,77.209,continental_subtropical,2022-09-19,2022-09-20,1,15.5,20.2,29.7,28.9,86.9,87.4,1006.7,15.0,0.6,1,9
REC_02639,Visakhapatnam,Andhra Pradesh,17.6868,83.2185,coastal_cyclonic,2022-09-19,2022-09-21,2,16.1,5.8,27.0,28.8,80.1,83.2,1006.0,18.3,2.2,1,9
REC_02624,Visakhapatnam,Andhra Pradesh,17.6868,83.2185,coastal_cyclonic,2022-09-19,2022-09-27,8,2.7,0.0,29.2,32.2,79.5,82.7,1001.4,0.0,22.6,1,9
REC_02399,Mumbai,Maharashtra,19.076,72.8777,coastal_heavy_monsoon,2022-09-19,2022-09-28,9,11.1,0.0,33.5,30.3,79.5,57.8,1002.1,0.0,30.2,1,9
REC_03266,Bengaluru,Karnataka,12.9716,77.5946,plateau_temperate,2022-09-20,2022-09-22,2,3.8,15.9,26.7,26.5,98.0,99.6,1007.2,0.0,6.1,1,9
REC_02875,Mumbai,Maharashtra,19.076,72.8777,coastal_heavy_monsoon,2022-09-20,2022-09-23,3,7.1,0.0,25.6,26.1,84.3,84.2,1008.2,14.3,7.2,1,9
REC_02734,Bengaluru,Karnataka,12.9716,77.5946,plateau_temperate,2022-09-20,2022-09-26,6,11.5,53.5,31.4,31.1,98.0,100.0,1008.4,5.3,6.2,1,9
REC_01771,Krishna District,Andhra Pradesh,16.5062,80.648,coastal_humid,2022-09-20,2022-09-27,7,14.0,30.5,30.0,27.6,83.5,84.7,1005.0,43.0,29.0,1,9
REC_01735,Mumbai,Maharashtra,19.076,72.8777,coastal_heavy_monsoon,2022-09-20,2022-09-28,8,3.0,0.0,26.2,31.4,82.6,73.2,1009.3,0.0,37.7,1,9
REC_00380,Visakhapatnam,Andhra Pradesh,17.6868,83.2185,coastal_cyclonic,2022-09-21,2022-09-22,1,49.8,55.7,23.3,21.9,84.8,84.6,1005.7,53.0,3.3,1,9
REC_03194,Visakhapatnam,Andhra Pradesh,17.6868,83.2185,coastal_cyclonic,2022-09-21,2022-09-22,1,131.5,167.3,24.4,24.0,98.0,95.4,1010.7,131.9,0.4,1,9
REC_03463,Bengaluru,Karnataka,12.9716,77.5946,plateau_temperate,2022-09-21,2022-09-22,1,4.8,0.0,32.1,33.1,86.0,86.0,1012.1,5.9,1.1,1,9
REC_03433,Delhi,NCR,28.6139,77.209,continental_subtropical,2022-09-21,2022-09-25,4,17.7,30.7,31.5,32.4,83.2,79.5,1012.6,17.4,0.2,1,9
REC_01877,Hyderabad,Telangana,17.385,78.4867,semi_arid,2022-09-21,2022-09-26,5,17.8,0.0,32.5,29.8,88.4,93.8,1006.3,23.2,5.5,1,9
REC_03089,Hyderabad,Telangana,17.385,78.4867,semi_arid,2022-09-21,2022-09-26,5,10.7,45.3,28.5,28.2,82.9,91.2,1005.3,0.0,23.8,1,9
REC_02871,Mumbai,Maharashtra,19.076,72.8777,coastal_heavy_monsoon,2022-09-21,2022-09-29,8,17.1,0.0,29.3,28.7,79.0,74.7,1004.5,65.0,47.8,1,9
REC_02495,Mumbai,Maharashtra,19.076,72.8777,coastal_heavy_monsoon,2022-09-22,2022-09-23,1,18.2,19.5,31.1,30.1,80.8,80.8,1008.3,18.5,0.4,1,9
REC_03443,Visakhapatnam,Andhra Pradesh,17.6868,83.2185,coastal_cyclonic,2022-09-22,2022-09-26,4,22.3,39.7,30.4,30.4,85.8,79.3,1008.8,30.7,8.4,1,9
REC_01559,Hyderabad,Telangana,17.385,78.4867,semi_arid,2022-09-22,2022-09-30,8,24.7,56.6,31.3,35.6,84.2,84.3,1013.5,4.8,19.8,1,9
REC_00001,Delhi,NCR,28.6139,77.209,continental_subtropical,2022-09-23,2022-09-24,1,6.6,2.8,25.7,25.3,84.6,82.7,1009.1,4.8,1.8,1,9
REC_00042,Hyderabad,Telangana,17.385,78.4867,semi_arid,2022-09-23,2022-09-28,5,31.6,56.0,31.8,30.1,84.6,100.0,1007.5,30.2,1.4,1,9
REC_02284,Visakhapatnam,Andhra Pradesh,17.6868,83.2185,coastal_cyclonic,2022-09-23,2022-10-03,10,81.1,0.0,23.3,24.7,73.9,77.8,1007.2,82.7,1.6,0,10
REC_02366,Bengaluru,Karnataka,12.9716,77.5946,plateau_temperate,2022-09-24,2022-09-27,3,36.9,12.7,33.7,34.9,74.0,81.4,1004.1,51.9,15.0,1,9
REC_02294,Delhi,NCR,28.6139,77.209,continental_subtropical,2022-09-24,2022-09-30,6,43.3,98.7,25.0,20.6,85.9,78.1,1008.9,30.2,13.0,1,9
REC_01105,Bengaluru,Karnataka,12.9716,77.5946,plateau_temperate,2022-09-24,2022-10-01,7,0.2,22.2,22.8,24.0,52.5,64.2,1008.6,20.0,19.8,0,10
REC_00245,Bengaluru,Karnataka,12.9716,77.5946,plateau_temperate,2022-09-25,2022-09-27,2,11.3,0.0,33.7,32.8,84.0,78.5,1007.1,5.9,5.4,1,9
REC_02273,Visakhapatnam,Andhra Pradesh,17.6868,83.2185,coastal_cyclonic,2022-09-25,2022-09-28,3,9.2,40.9,25.5,26.2,72.0,70.7,1007.0,0.0,14.2,1,9
REC_03302,Hyderabad,Telangana,17.385,78.4867,semi_arid,2022-09-25,2022-09-28,3,13.1,4.3,29.8,27.0,60.6,52.3,1019.8,11.6,1.4,1,9
REC_00426,Mumbai,Maharashtra,19.076,72.8777,coastal_heavy_monsoon,2022-09-25,2022-10-01,6,72.2,115.5,30.5,35.7,98.0,88.7,1008.0,81.9,9.7,0,10
REC_01751,Krishna District,Andhra Pradesh,16.5062,80.648,coastal_humid,2022-09-25,2022-10-03,8,20.3,66.7,30.9,35.0,96.4,90.8,1009.0,24.5,4.2,0,10
REC_02072,Mumbai,Maharashtra,19.076,72.8777,coastal_heavy_monsoon,2022-09-25,2022-10-03,8,23.0,0.0,30.4,35.8,85.6,75.5,1005.7,6.2,16.9,0,10
REC_02451,Bengaluru,Karnataka,12.9716,77.5946,plateau_temperate,2022-09-25,2022-10-05,10,1.3,0.0,28.0,28.2,52.0,57.4,1009.5,18.7,17.4,0,10
REC_01832,Hyderabad,Telangana,17.385,78.4867,semi_arid,2022-09-26,2022-09-27,1,31.7,48.5,30.2,30.1,71.7,70.0,1003.7,33.4,1.7,1,9
REC_01348,Visakhapatnam,Andhra Pradesh,17.6868,83.2185,coastal_cyclonic,2022-09-26,2022-09-29,3,31.9,36.7,28.4,28.5,67.4,51.7,1015.5,42.3,10.5,1,9
REC_02667,Mumbai,Maharashtra,19.076,72.8777,coastal_heavy_monsoon,2022-09-26,2022-09-29,3,66.8,62.4,28.2,29.1,76.8,78.5,1007.1,68.2,1.4,1,9
REC_03374,Krishna District,Andhra Pradesh,16.5062,80.648,coastal_humid,2022-09-26,2022-09-29,3,76.6,102.8,29.7,29.8,79.6,82.6,1017.3,65.1,11.5,1,9
REC_00395,Delhi,NCR,28.6139,77.209,continental_subtropical,2022-09-26,2022-10-05,9,3.4,7.6,28.9,33.3,51.0,48.0,1006.8,0.0,3.8,0,10
REC_00104,Hyderabad,Telangana,17.385,78.4867,semi_arid,2022-09-27,2022-09-29,2,1.8,0.0,30.5,30.3,83.8,81.8,1006.1,0.0,5.6,1,9
REC_00134,Krishna District,Andhra Pradesh,16.5062,80.648,coastal_humid,2022-09-27,2022-10-02,5,45.2,92.7,34.0,35.4,93.6,81.0,1007.8,46.3,1.1,0,10
REC_02919,Delhi,NCR,28.6139,77.209,continental_subtropical,2022-09-27,2022-10-07,10,1.0,27.2,23.4,32.0,54.1,63.1,1004.1,0.0,34.2,0,10
REC_02855,Krishna District,Andhra Pradesh,16.5062,80.648,coastal_humid,2022-09-28,2022-09-30,2,25.4,11.7,31.9,30.9,74.7,70.2,1009.6,17.8,7.6,1,9
REC_00864,Hyderabad,Telangana,17.385,78.4867,semi_arid,2022-09-28,2022-10-01,3,6.3,18.0,27.0,27.5,69.0,55.0,1011.4,4.4,1.9,0,10
REC_02356,Hyderabad,Telangana,17.385,78.4867,semi_arid,2022-09-28,2022-10-04,6,0.8,0.0,24.9,23.2,48.9,57.1,1011.5,0.0,6.2,0,10
REC_00292,Bengaluru,Karnataka,12.9716,77.5946,plateau_temperate,2022-09-29,2022-10-02,3,0.2,0.0,16.3,17.3,46.3,48.9,1003.7,0.0,2.3,0,10
REC_02973,Delhi,NCR,28.6139,77.209,continental_subtropical,2022-09-29,2022-10-02,3,3.5,16.5,23.8,25.4,47.0,46.6,1004.3,4.9,1.4,0,10
REC_00863,Hyderabad,Telangana,17.385,78.4867,semi_arid,2022-09-29,2022-10-03,4,7.2,0.0,24.1,23.4,52.3,51.7,1008.8,0.1,7.1,0,10
REC_02460,Delhi,NCR,28.6139,77.209,continental_subtropical,2022-09-29,2022-10-03,4,1.4,5.7,24.8,25.8,56.4,53.7,1009.4,8.5,7.1,0,10
REC_03352,Krishna District,Andhra Pradesh,16.5062,80.648,coastal_humid,2022-09-29,2022-10-05,6,3.1,0.0,29.3,32.1,92.0,100.0,1008.3,2.3,0.8,0,10
REC_03110,Delhi,NCR,28.6139,77.209,continental_subtropical,2022-09-29,2022-10-06,7,1.3,0.0,23.9,22.6,61.1,54.2,1014.2,0.0,5.2,0,10
REC_02016,Visakhapatnam,Andhra Pradesh,17.6868,83.2185,coastal_cyclonic,2022-09-29,2022-10-08,9,38.1,108.2,24.8,23.2,98.0,97.0,1007.5,51.7,13.6,0,10
REC_01789,Krishna District,Andhra Pradesh,16.5062,80.648,coastal_humid,2022-09-30,2022-10-01,1,47.4,21.8,28.4,28.7,75.8,82.6,1006.3,45.5,1.9,0,10
REC_01713,Delhi,NCR,28.6139,77.209,continental_subtropical,2022-09-30,2022-10-03,3,4.1,0.0,18.4,19.5,53.1,59.4,1010.5,0.9,3.2,0,10
REC_01438,Delhi,NCR,28.6139,77.209,continental_subtropical,2022-09-30,2022-10-04,4,16.2,14.2,28.6,30.8,65.4,63.6,1007.7,15.2,1.0,0,10
REC_02177,Bengaluru,Karnataka,12.9716,77.5946,plateau_temperate,2022-09-30,2022-10-05,5,1.1,0.0,28.8,25.8,48.5,41.2,1009.4,0.0,2.7,0,10
REC_03331,Mumbai,Maharashtra,19.076,72.8777,coastal_heavy_monsoon,2022-09-30,2022-10-10,10,19.8,22.8,25.4,19.7,98.0,100.0,1009.5,32.4,12.6,0,10
REC_00956,Visakhapatnam,Andhra Pradesh,17.6868,83.2185,coastal_cyclonic,2022-10-01,2022-10-02,1,26.8,14.1,26.5,26.2,85.3,86.3,1002.3,26.4,0.4,0,10
REC_01481,Krishna District,Andhra Pradesh,16.5062,80.648,coastal_humid,2022-10-01,2022-10-03,2,14.8,1.5,31.3,31.9,81.6,78.3,1010.1,15.9,1.0,0,10
REC_01946,Delhi,NCR,28.6139,77.209,continental_subtropical,2022-10-01,2022-10-03,2,0.8,3.4,27.8,30.8,58.0,57.7,1010.4,0.0,1.0,0,10
REC_02203,Krishna District,Andhra Pradesh,16.5062,80.648,coastal_humid,2022-10-01,2022-10-04,3,22.1,37.9,28.7,28.9,80.6,75.0,1008.4,26.1,3.9,0,10
REC_02142,Krishna District,Andhra Pradesh,16.5062,80.648,coastal_humid,2022-10-01,2022-10-06,5,43.6,43.3,28.8,31.3,85.3,99.4,1009.8,52.5,8.9,0,10
REC_01171,Mumbai,Maharashtra,19.076,72.8777,coastal_heavy_monsoon,2022-10-01,2022-10-08,7,21.0,58.2,29.0,30.7,63.2,73.2,1008.3,14.3,6.6,0,10
REC_00234,Hyderabad,Telangana,17.385,78.4867,semi_arid,2022-10-01,2022-10-10,9,1.4,3.2,17.4,16.6,53.3,45.0,1004.1,3.2,1.8,0,10
REC_00091,Bengaluru,Karnataka,12.9716,77.5946,plateau_temperate,2022-10-01,2022-10-11,10,0.0,32.8,19.0,12.2,69.1,79.7,1003.0,13.1,13.0,0,10
REC_02792,Bengaluru,Karnataka,12.9716,77.5946,plateau_temperate,2022-10-02,2022-10-06,4,0.1,0.0,26.1,27.5,46.7,50.6,1012.1,3.9,3.8,0,10
REC_01489,Bengaluru,Karnataka,12.9716,77.5946,plateau_temperate,2022-10-02,2022-10-11,9,1.8,0.0,23.8,27.0,63.8,63.6,1013.0,1.1,0.7,0,10
REC_01511,Bengaluru,Karnataka,12.9716,77.5946,plateau_temperate,2022-10-03,2022-10-09,6,0.7,0.0,29.0,31.2,72.6,84.9,1010.6,8.8,8.1,0,10
REC_02374,Delhi,NCR,28.6139,77.209,continental_subtropical,2022-10-03,2022-10-10,7,3.3,24.5,26.0,27.4,54.2,37.5,1009.6,15.1,11.8,0,10
REC_03378,Hyderabad,Telangana,17.385,78.4867,semi_arid,2022-10-04,2022-10-05,1,0.4,0.0,21.8,21.4,68.2,64.7,1001.4,0.0,0.6,0,10
REC_02577,Delhi,NCR,28.6139,77.209,continental_subtropical,2022-10-04,2022-10-07,3,4.3,15.4,19.2,17.9,57.7,65.1,1007.0,0.0,4.7,0,10
REC_02207,Bengaluru,Karnataka,12.9716,77.5946,plateau_temperate,2022-10-04,2022-10-08,4,3.9,1.8,24.3,26.8,56.4,57.7,1003.4,4.9,0.9,0,10
REC_02464,Visakhapatnam,Andhra Pradesh,17.6868,83.2185,coastal_cyclonic,2022-10-04,2022-10-08,4,10.9,20.9,28.3,28.8,91.9,90.1,1010.8,17.7,6.9,0,10
REC_03414,Delhi,NCR,28.6139,77.209,continental_subtropical,2022-10-04,2022-10-13,9,1.6,0.0,20.5,14.3,51.1,51.2,1009.4,0.0,3.5,0,10
REC_03490,Mumbai,Maharashtra,19.076,72.8777,coastal_heavy_monsoon,2022-10-05,2022-10-06,1,36.4,31.1,29.8,30.5,91.2,87.5,1011.5,38.1,1.7,0,10
REC_02911,Delhi,NCR,28.6139,77.209,continental_subtropical,2022-10-05,2022-10-08,3,7.4,0.0,19.9,18.0,50.5,41.7,1011.4,1.2,6.2,0,10
REC_02931,Delhi,NCR,28.6139,77.209,continental_subtropical,2022-10-05,2022-10-10,5,4.5,13.8,21.3,18.5,70.0,78.2,1005.6,11.8,7.3,0,10
REC_03254,Visakhapatnam,Andhra Pradesh,17.6868,83.2185,coastal_cyclonic,2022-10-05,2022-10-15,10,8.1,96.5,27.6,29.5,96.9,83.3,1010.7,13.3,5.2,0,10
REC_02972,Delhi,NCR,28.6139,77.209,continental_subtropical,2022-10-06,2022-10-10,4,2.7,20.6,23.2,21.2,47.4,57.0,1004.5,0.0,4.5,0,10
REC_02877,Bengaluru,Karnataka,12.9716,77.5946,plateau_temperate,2022-10-06,2022-10-11,5,0.5,0.0,21.2,21.7,48.6,54.4,1000.5,0.6,0.1,0,10
REC_00268,Bengaluru,Karnataka,12.9716,77.5946,plateau_temperate,2022-10-06,2022-10-14,8,3.2,0.0,25.4,20.5,63.3,72.8,1007.7,0.0,8.0,0,10
REC_02770,Hyderabad,Telangana,17.385,78.4867,semi_arid,2022-10-06,2022-10-15,9,1.4,0.0,27.5,30.1,57.9,65.5,1002.5,19.4,18.0,0,10
REC_03004,Hyderabad,Telangana,17.385,78.4867,semi_arid,2022-10-06,2022-10-15,9,0.2,57.7,21.4,22.7,54.4,64.9,1010.8,0.0,16.6,0,10
REC_01883,Delhi,NCR,28.6139,77.209,continental_subtropical,2022-10-07,2022-10-10,3,5.7,0.0,23.8,23.7,66.3,59.8,1012.5,7.0,1.3,0,10
REC_02414,Krishna District,Andhra Pradesh,16.5062,80.648,coastal_humid,2022-10-07,2022-10-10,3,127.7,150.2,26.0,26.9,82.4,83.9,1007.6,122.8,4.9,0,10
REC_03017,Delhi,NCR,28.6139,77.209,continental_subtropical,2022-10-08,2022-10-11,3,3.7,0.0,23.5,25.3,46.4,41.6,1011.4,0.0,6.9,0,10
REC_00960,Hyderabad,Telangana,17.385,78.4867,semi_arid,2022-10-08,2022-10-13,5,1.4,0.0,22.9,27.4,50.2,43.3,1007.9,9.1,7.7,0,10
REC_02642,Mumbai,Maharashtra,19.076,72.8777,coastal_heavy_monsoon,2022-10-08,2022-10-17,9,67.5,102.4,29.4,29.7,96.5,75.9,1014.3,69.4,2.0,0,10
REC_03182,Hyderabad,Telangana,17.385,78.4867,semi_arid,2022-10-09,2022-10-12,3,0.9,0.0,20.5,20.0,51.5,56.7,1007.5,2.7,1.9,0,10
REC_03107,Krishna District,Andhra Pradesh,16.5062,80.648,coastal_humid,2022-10-09,2022-10-13,4,16.1,29.9,26.7,27.3,69.2,63.7,1003.5,15.4,0.7,0,10
REC_02645,Krishna District,Andhra Pradesh,16.5062,80.648,coastal_humid,2022-10-09,2022-10-14,5,51.7,119.3,32.9,35.8,76.5,85.7,1004.1,44.9,6.8,0,10
REC_00186,Bengaluru,Karnataka,12.9716,77.5946,plateau_temperate,2022-10-09,2022-10-19,10,0.7,45.5,25.7,26.7,64.9,100.0,1008.1,0.0,4.9,0,10
REC_00610,Krishna District,Andhra Pradesh,16.5062,80.648,coastal_humid,2022-10-10,2022-10-12,2,67.2,77.9,25.5,23.9,83.1,88.7,1006.4,68.2,1.1,0,10
REC_02171,Visakhapatnam,Andhra Pradesh,17.6868,83.2185,coastal_cyclonic,2022-10-10,2022-10-13,3,27.5,18.1,30.0,27.6,98.0,94.4,1011.7,33.9,6.4,0,10
REC_02742,Krishna District,Andhra Pradesh,16.5062,80.648,coastal_humid,2022-10-11,2022-10-20,9,53.1,25.2,28.3,31.7,85.6,84.1,1004.9,47.1,6.0,0,10
REC_00565,Mumbai,Maharashtra,19.076,72.8777,coastal_heavy_monsoon,2022-10-11,2022-10-21,10,36.5,147.2,29.1,27.3,78.0,72.8,1005.8,37.6,1.1,0,10
REC_01009,Visakhapatnam,Andhra Pradesh,17.6868,83.2185,coastal_cyclonic,2022-10-12,2022-10-16,4,4.6,12.6,23.0,27.1,81.0,80.2,1009.1,0.0,4.8,0,10
REC_02681,Visakhapatnam,Andhra Pradesh,17.6868,83.2185,coastal_cyclonic,2022-10-12,2022-10-16,4,50.4,99.9,33.0,31.1,82.5,86.8,1006.1,53.9,3.5,0,10
REC_02744,Visakhapatnam,Andhra Pradesh,17.6868,83.2185,coastal_cyclonic,2022-10-12,2022-10-16,4,42.0,119.2,24.8,27.7,80.0,84.2,1007.5,41.9,0.1,0,10
REC_01947,Mumbai,Maharashtra,19.076,72.8777,coastal_heavy_monsoon,2022-10-12,2022-10-19,7,14.0,0.0,29.4,30.9,90.0,100.0,1011.5,23.0,9.0,0,10
REC_02509,Bengaluru,Karnataka,12.9716,77.5946,plateau_temperate,2022-10-12,2022-10-20,8,0.3,11.5,31.9,26.3,60.3,56.6,1004.6,0.0,9.3,0,10
REC_00379,Visakhapatnam,Andhra Pradesh,17.6868,83.2185,coastal_cyclonic,2022-10-12,2022-10-21,9,18.0,0.0,27.2,25.4,89.8,79.0,1003.6,5.2,12.9,0,10
REC_03101,Krishna District,Andhra Pradesh,16.5062,80.648,coastal_humid,2022-10-12,2022-10-22,10,28.4,110.8,28.9,23.3,84.7,74.7,1008.7,37.4,9.0,0,10
REC_01844,Mumbai,Maharashtra,19.076,72.8777,coastal_heavy_monsoon,2022-10-13,2022-10-15,2,12.8,15.5,25.7,25.9,71.8,81.2,1004.9,9.9,2.8,0,10
REC_01760,Krishna District,Andhra Pradesh,16.5062,80.648,coastal_humid,2022-10-13,2022-10-17,4,4.0,0.0,26.4,24.7,85.3,86.0,1003.4,7.7,3.7,0,10
REC_00095,Bengaluru,Karnataka,12.9716,77.5946,plateau_temperate,2022-10-13,2022-10-18,5,1.0,20.3,30.0,33.4,60.7,52.7,1006.1,0.0,3.4,0,10
REC_02387,Mumbai,Maharashtra,19.076,72.8777,coastal_heavy_monsoon,2022-10-13,2022-10-19,6,72.2,0.0,24.6,28.2,79.5,81.4,1005.2,72.5,0.3,0,10
REC_01535,Visakhapatnam,Andhra Pradesh,17.6868,83.2185,coastal_cyclonic,2022-10-13,2022-10-22,9,5.0,40.0,31.4,31.9,85.9,83.0,1008.2,14.7,9.7,0,10
REC_00480,Mumbai,Maharashtra,19.076,72.8777,coastal_heavy_monsoon,2022-10-13,2022-10-23,10,36.6,0.0,26.5,18.7,75.4,77.4,998.7,22.9,13.7,0,10
REC_01229,Krishna District,Andhra Pradesh,16.5062,80.648,coastal_humid,2022-10-14,2022-10-15,1,1.0,5.2,26.7,27.9,72.5,71.9,1003.5,1.0,0.0,0,10
REC_00795,Krishna District,Andhra Pradesh,16.5062,80.648,coastal_humid,2022-10-14,2022-10-16,2,24.0,0.0,22.6,23.7,72.3,66.8,1006.0,24.7,0.7,0,10
REC_01140,Bengaluru,Karnataka,12.9716,77.5946,plateau_temperate,2022-10-14,2022-10-17,3,1.0,0.0,27.2,28.0,58.7,55.1,1006.7,1.9,0.9,0,10
REC_00912,Delhi,NCR,28.6139,77.209,continental_subtropical,2022-10-14,2022-10-19,5,2.4,19.0,28.2,26.5,59.5,54.3,1007.4,0.2,2.2,0,10
REC_00693,Bengaluru,Karnataka,12.9716,77.5946,plateau_temperate,2022-10-14,2022-10-23,9,2.7,0.0,27.3,28.0,43.2,44.0,1009.8,6.2,3.5,0,10
REC_00066,Mumbai,Maharashtra,19.076,72.8777,coastal_heavy_monsoon,2022-10-14,2022-10-24,10,29.6,0.0,24.1,21.8,73.8,61.7,1010.3,40.0,10.4,0,10
REC_03126,Hyderabad,Telangana,17.385,78.4867,semi_arid,2022-10-15,2022-10-20,5,1.1,0.0,17.7,19.8,38.3,42.3,1007.3,0.0,3.6,0,10
REC_02801,Delhi,NCR,28.6139,77.209,continental_subtropical,2022-10-15,2022-10-21,6,3.1,29.7,27.9,28.8,52.5,76.3,1008.7,0.0,6.2,0,10
REC_00682,Visakhapatnam,Andhra Pradesh,17.6868,83.2185,coastal_cyclonic,2022-10-15,2022-10-23,8,12.0,19.2,27.0,24.9,82.8,79.8,1012.9,21.7,9.6,0,10
REC_00605,Bengaluru,Karnataka,12.9716,77.5946,plateau_temperate,2022-10-16,2022-10-21,5,4.9,34.3,22.6,24.7,61.2,61.5,1008.5,12.5,7.6,0,10
REC_01118,Visakhapatnam,Andhra Pradesh,17.6868,83.2185,coastal_cyclonic,2022-10-16,2022-10-21,5,1.5,0.0,28.5,28.2,84.7,75.3,1011.6,0.0,15.2,0,10
REC_02813,Hyderabad,Telangana,17.385,78.4867,semi_arid,2022-10-16,2022-10-21,5,0.2,10.8,20.2,17.1,47.3,46.4,1006.9,5.3,5.2,0,10
REC_01192,Delhi,NCR,28.6139,77.209,continental_subtropical,2022-10-16,2022-10-22,6,2.1,16.3,20.0,18.3,58.4,61.5,1009.6,2.0,0.2,0,10
REC_01360,Hyderabad,Telangana,17.385,78.4867,semi_arid,2022-10-16,2022-10-22,6,5.6,0.0,31.5,29.5,52.3,41.4,1001.9,3.0,2.6,0,10
REC_01641,Mumbai,Maharashtra,19.076,72.8777,coastal_heavy_monsoon,2022-10-17,2022-10-22,5,6.8,39.7,23.8,23.5,92.3,89.2,1010.4,3.2,3.6,0,10
REC_00363,Mumbai,Maharashtra,19.076,72.8777,coastal_heavy_monsoon,2022-10-17,2022-10-24,7,21.2,5.4,26.5,34.2,87.8,74.9,1009.0,33.8,12.6,0,10
REC_02765,Delhi,NCR,28.6139,77.209,continental_subtropical,2022-10-18,2022-10-24,6,3.2,0.0,27.8,28.8,60.1,56.3,1006.9,7.7,4.4,0,10
REC_01339,Visakhapatnam,Andhra Pradesh,17.6868,83.2185,coastal_cyclonic,2022-10-18,2022-10-25,7,1.3,12.2,29.8,34.4,79.0,77.2,1012.7,13.6,12.3,0,10
REC_01801,Delhi,NCR,28.6139,77.209,continental_subtropical,2022-10-18,2022-10-26,8,4.7,0.0,26.1,21.9,58.4,64.0,1007.2,24.5,19.8,0,10
REC_02035,Hyderabad,Telangana,17.385,78.4867,semi_arid,2022-10-18,2022-10-26,8,8.0,0.0,25.9,24.0,57.1,65.5,1008.0,2.3,5.7,0,10
REC_00997,Visakhapatnam,Andhra Pradesh,17.6868,83.2185,coastal_cyclonic,2022-10-18,2022-10-28,10,4.9,0.0,29.9,30.3,98.0,90.5,1010.7,0.0,13.2,0,10
REC_00957,Delhi,NCR,28.6139,77.209,continental_subtropical,2022-10-19,2022-10-20,1,1.9,5.8,24.5,24.5,49.4,56.5,1008.8,3.3,1.4,0,10
REC_02644,Visakhapatnam,Andhra Pradesh,17.6868,83.2185,coastal_cyclonic,2022-10-19,2022-10-20,1,20.7,6.9,30.0,31.5,80.1,80.0,1012.2,21.8,1.1,0,10
REC_00755,Bengaluru,Karnataka,12.9716,77.5946,plateau_temperate,2022-10-19,2022-10-23,4,0.9,0.0,26.9,23.9,57.2,62.0,1002.4,3.3,2.3,0,10
REC_01207,Delhi,NCR,28.6139,77.209,continental_subtropical,2022-10-19,2022-10-26,7,0.2,0.0,22.9,22.4,46.1,36.8,1010.1,6.0,5.7,0,10
REC_02675,Delhi,NCR,28.6139,77.209,continental_subtropical,2022-10-19,2022-10-26,7,0.5,14.0,26.4,26.9,65.5,60.5,1012.4,0.0,16.6,0,10
REC_02158,Krishna District,Andhra Pradesh,16.5062,80.648,coastal_humid,2022-10-19,2022-10-28,9,13.8,0.0,27.2,25.0,92.3,99.9,1011.6,12.1,1.6,0,10
REC_00174,Krishna District,Andhra Pradesh,16.5062,80.648,coastal_humid,2022-10-20,2022-10-23,3,0.4,3.2,30.3,28.1,80.4,81.4,997.6,2.2,1.8,0,10
REC_03358,Hyderabad,Telangana,17.385,78.4867,semi_arid,2022-10-20,2022-10-24,4,5.8,0.0,26.8,24.6,62.9,53.2,1013.2,2.7,3.1,0,10
REC_00035,Visakhapatnam,Andhra Pradesh,17.6868,83.2185,coastal_cyclonic,2022-10-20,2022-10-29,9,23.7,125.1,24.1,28.8,84.2,82.5,1000.0,41.8,18.1,0,10
REC_00635,Delhi,NCR,28.6139,77.209,continental_subtropical,2022-10-20,2022-10-29,9,1.3,26.0,30.6,29.2,64.6,70.9,1003.0,0.0,11.0,0,10
REC_02713,Mumbai,Maharashtra,19.076,72.8777,coastal_heavy_monsoon,2022-10-20,2022-10-29,9,14.4,52.4,31.0,38.2,82.6,85.9,1008.8,0.0,14.9,0,10
REC_03411,Visakhapatnam,Andhra Pradesh,17.6868,83.2185,coastal_cyclonic,2022-10-20,2022-10-30,10,7.8,82.3,23.6,20.5,91.2,100.0,1010.1,0.0,32.8,0,10
REC_00003,Visakhapatnam,Andhra Pradesh,17.6868,83.2185,coastal_cyclonic,2022-10-21,2022-10-23,2,21.3,23.2,26.1,25.5,89.8,87.1,1018.2,20.5,0.8,0,10
REC_03404,Krishna District,Andhra Pradesh,16.5062,80.648,coastal_humid,2022-10-21,2022-10-23,2,41.4,44.1,27.8,28.8,97.6,98.4,1010.0,42.0,0.5,0,10
REC_00032,Hyderabad,Telangana,17.385,78.4867,semi_arid,2022-10-21,2022-10-25,4,0.9,9.3,22.1,20.0,48.7,46.4,1007.5,0.0,2.4,0,10
REC_02168,Hyderabad,Telangana,17.385,78.4867,semi_arid,2022-10-21,2022-10-29,8,1.4,0.0,25.1,24.5,51.5,49.8,1017.9,6.0,4.6,0,10
REC_00783,Delhi,NCR,28.6139,77.209,continental_subtropical,2022-10-22,2022-10-24,2,0.0,1.0,26.1,25.3,56.8,59.1,1010.5,2.2,2.2,0,10
REC_00673,Visakhapatnam,Andhra Pradesh,17.6868,83.2185,coastal_cyclonic,2022-10-22,2022-10-30,8,35.7,156.0,30.0,29.0,82.8,82.5,1004.8,33.7,2.0,0,10
REC_01375,Mumbai,Maharashtra,19.076,72.8777,coastal_heavy_monsoon,2022-10-22,2022-10-30,8,9.1,8.0,32.6,29.0,68.5,63.0,1006.7,0.3,8.7,0,10
REC_02767,Bengaluru,Karnataka,12.9716,77.5946,plateau_temperate,2022-10-22,2022-10-30,8,11.7,5.4,26.5,26.1,67.9,78.9,1011.4,14.0,2.3,0,10
REC_02984,Bengaluru,Karnataka,12.9716,77.5946,plateau_temperate,2022-10-22,2022-11-01,10,0.9,30.7,22.0,30.1,43.6,38.4,1002.5,0.0,31.3,0,11
REC_03205,Hyderabad,Telangana,17.385,78.4867,semi_arid,2022-10-23,2022-10-25,2,1.4,0.0,23.8,22.1,44.0,47.2,1006.9,0.0,2.2,0,10
REC_02822,Delhi,NCR,28.6139,77.209,continental_subtropical,2022-10-23,2022-10-27,4,9.1,24.7,21.2,21.6,43.8,35.0,1014.0,12.3,3.2,0,10
REC_01834,Hyderabad,Telangana,17.385,78.4867,semi_arid,2022-10-23,2022-10-28,5,1.7,12.8,21.2,22.4,63.5,68.4,1005.2,0.0,7.8,0,10
REC_02003,Hyderabad,Telangana,17.385,78.4867,semi_arid,2022-10-23,2022-10-30,7,3.7,0.0,23.3,22.7,49.7,48.5,1001.5,8.1,4.5,0,10
REC_03474,Delhi,NCR,28.6139,77.209,continental_subtropical,2022-10-24,2022-10-30,6,4.4,40.2,19.1,19.5,54.0,52.5,1007.5,0.0,9.0,0,10
REC_02554,Hyderabad,Telangana,17.385,78.4867,semi_arid,2022-10-24,2022-10-31,7,2.2,12.7,23.1,22.8,45.9,39.0,997.5,0.0,17.5,0,10
REC_01035,Mumbai,Maharashtra,19.076,72.8777,coastal_heavy_monsoon,2022-10-24,2022-11-03,10,66.2,23.1,27.8,29.3,85.6,88.0,1009.4,81.5,15.3,0,11
REC_02010,Visakhapatnam,Andhra Pradesh,17.6868,83.2185,coastal_cyclonic,2022-10-25,2022-10-30,5,26.9,0.0,31.8,33.1,78.8,79.0,1006.0,45.4,18.4,0,10
REC_02748,Krishna District,Andhra Pradesh,16.5062,80.648,coastal_humid,2022-10-25,2022-11-02,8,9.9,0.0,20.5,20.2,87.2,85.4,1004.0,0.0,17.0,0,11
REC_00543,Krishna District,Andhra Pradesh,16.5062,80.648,coastal_humid,2022-10-25,2022-11-04,10,25.3,0.0,31.9,24.4,80.1,78.9,1006.4,43.4,18.1,0,11
REC_03153,Hyderabad,Telangana,17.385,78.4867,semi_arid,2022-10-25,2022-11-04,10,3.4,73.1,19.9,18.1,41.0,52.7,1003.4,16.9,13.5,0,11
REC_02549,Hyderabad,Telangana,17.385,78.4867,semi_arid,2022-10-26,2022-10-29,3,1.9,25.9,23.7,24.4,57.5,55.7,1004.5,0.0,2.9,0,10
REC_00510,Delhi,NCR,28.6139,77.209,continental_subtropical,2022-10-26,2022-10-31,5,1.7,6.3,26.6,27.3,55.4,40.3,1011.1,5.7,3.9,0,10
REC_01847,Visakhapatnam,Andhra Pradesh,17.6868,83.2185,coastal_cyclonic,2022-10-26,2022-11-05,10,89.2,0.0,21.6,22.3,78.5,88.8,1013.0,91.5,2.3,0,11
REC_01288,Bengaluru,Karnataka,12.9716,77.5946,plateau_temperate,2022-10-27,2022-10-28,1,1.1,3.1,27.7,27.5,49.6,44.2,1003.6,2.0,0.9,0,10
REC_03181,Hyderabad,Telangana,17.385,78.4867,semi_arid,2022-10-27,2022-10-29,2,2.2,1.7,21.4,22.9,48.9,48.4,1008.8,0.0,4.6,0,10
REC_02929,Hyderabad,Telangana,17.385,78.4867,semi_arid,2022-10-28,2022-10-29,1,4.0,13.2,25.9,25.5,51.9,51.4,1003.7,2.9,1.1,0,10
REC_03006,Hyderabad,Telangana,17.385,78.4867,semi_arid,2022-10-28,2022-11-01,4,4.3,5.4,24.9,24.9,43.0,35.7,1008.7,2.4,1.8,0,11
REC_02182,Krishna District,Andhra Pradesh,16.5062,80.648,coastal_humid,2022-10-28,2022-11-02,5,15.6,65.7,30.0,31.7,98.0,95.6,1005.9,11.6,4.0,0,11
REC_00897,Visakhapatnam,Andhra Pradesh,17.6868,83.2185,coastal_cyclonic,2022-10-28,2022-11-03,6,0.7,0.0,28.7,28.6,86.0,84.3,1005.0,0.0,16.0,0,11
REC_00156,Visakhapatnam,Andhra Pradesh,17.6868,83.2185,coastal_cyclonic,2022-10-29,2022-10-30,1,11.2,13.5,25.9,25.3,82.6,89.5,1013.0,11.8,0.5,0,10
REC_03178,Delhi,NCR,28.6139,77.209,continental_subtropical,2022-10-29,2022-11-04,6,1.5,21.4,24.9,19.9,55.4,53.7,1011.7,0.0,1.9,0,11
REC_02483,Mumbai,Maharashtra,19.076,72.8777,coastal_heavy_monsoon,2022-10-29,2022-11-05,7,36.7,0.0,28.8,29.7,70.8,70.1,1013.8,23.4,13.3,0,11
REC_00160,Visakhapatnam,Andhra Pradesh,17.6868,83.2185,coastal_cyclonic,2022-10-30,2022-10-31,1,25.6,36.7,27.4,25.9,86.9,88.1,1001.8,25.4,0.3,0,10
REC_00390,Mumbai,Maharashtra,19.076,72.8777,coastal_heavy_monsoon,2022-10-30,2022-11-01,2,28.9,25.0,28.2,28.8,82.3,83.0,1008.7,30.8,1.9,0,11
REC_01661,Bengaluru,Karnataka,12.9716,77.5946,plateau_temperate,2022-10-30,2022-11-02,3,1.3,0.0,18.9,16.3,59.3,47.1,1012.7,2.8,1.5,0,11
REC_00629,Bengaluru,Karnataka,12.9716,77.5946,plateau_temperate,2022-10-30,2022-11-03,4,2.1,0.0,23.2,23.9,47.3,37.9,1012.8,5.3,3.2,0,11
REC_03473,Krishna District,Andhra Pradesh,16.5062,80.648,coastal_humid,2022-10-30,2022-11-06,7,12.2,0.0,29.3,26.2,91.5,75.2,1001.9,14.7,2.5,0,11
REC_02086,Delhi,NCR,28.6139,77.209,continental_subtropical,2022-10-30,2022-11-07,8,0.1,0.0,21.1,21.6,49.6,29.1,1001.9,0.0,32.6,0,11
REC_01100,Delhi,NCR,28.6139,77.209,continental_subtropical,2022-10-30,2022-11-09,10,1.4,0.0,22.0,19.2,64.8,70.6,1010.1,0.0,7.1,0,11
REC_02332,Hyderabad,Telangana,17.385,78.4867,semi_arid,2022-10-31,2022-11-02,2,1.8,4.6,25.5,21.9,35.1,40.8,1012.5,0.2,1.6,0,11
REC_01831,Hyderabad,Telangana,17.385,78.4867,semi_arid,2022-10-31,2022-11-03,3,2.1,6.5,18.2,18.7,43.2,41.6,998.8,1.8,0.3,0,11
REC_00248,Visakhapatnam,Andhra Pradesh,17.6868,83.2185,coastal_cyclonic,2022-10-31,2022-11-10,10,27.4,35.5,26.3,27.5,87.0,81.5,1009.9,10.1,17.3,0,11
REC_01657,Mumbai,Maharashtra,19.076,72.8777,coastal_heavy_monsoon,2022-11-01,2022-11-07,6,25.8,0.0,24.6,26.4,92.2,100.0,1003.2,8.4,17.4,0,11
REC_01501,Delhi,NCR,28.6139,77.209,continental_subtropical,2022-11-01,2022-11-09,8,0.1,0.0,24.6,21.3,58.7,56.9,1009.4,16.0,16.0,0,11
REC_00982,Visakhapatnam,Andhra Pradesh,17.6868,83.2185,coastal_cyclonic,2022-11-02,2022-11-03,1,7.6,10.3,28.3,29.1,93.8,91.1,1010.0,8.9,1.3,0,11
REC_03170,Mumbai,Maharashtra,19.076,72.8777,coastal_heavy_monsoon,2022-11-02,2022-11-05,3,3.9,0.0,29.1,29.7,85.1,87.8,1004.8,1.6,2.3,0,11
REC_02268,Visakhapatnam,Andhra Pradesh,17.6868,83.2185,coastal_cyclonic,2022-11-02,2022-11-07,5,44.1,0.0,26.3,26.6,94.8,99.5,1010.9,41.9,2.2,0,11
REC_03437,Visakhapatnam,Andhra Pradesh,17.6868,83.2185,coastal_cyclonic,2022-11-02,2022-11-09,7,31.6,0.0,27.6,29.5,87.6,92.3,1009.5,36.0,4.5,0,11
REC_01658,Visakhapatnam,Andhra Pradesh,17.6868,83.2185,coastal_cyclonic,2022-11-04,2022-11-05,1,10.5,18.8,29.9,29.2,93.2,98.3,1002.9,9.7,0.9,0,11
REC_00447,Mumbai,Maharashtra,19.076,72.8777,coastal_heavy_monsoon,2022-11-04,2022-11-06,2,36.3,43.4,26.5,26.7,91.6,90.1,1001.4,36.1,0.2,0,11
REC_00197,Mumbai,Maharashtra,19.076,72.8777,coastal_heavy_monsoon,2022-11-04,2022-11-08,4,72.2,1.2,26.9,26.8,88.2,89.6,1007.2,65.4,6.7,0,11
REC_01203,Delhi,NCR,28.6139,77.209,continental_subtropical,2022-11-04,2022-11-08,4,0.6,15.9,23.1,21.4,51.4,37.0,1010.1,9.2,8.6,0,11
REC_00573,Mumbai,Maharashtra,19.076,72.8777,coastal_heavy_monsoon,2022-11-04,2022-11-09,5,4.7,33.6,29.1,31.8,78.6,84.2,1003.4,1.7,3.0,0,11
REC_02422,Visakhapatnam,Andhra Pradesh,17.6868,83.2185,coastal_cyclonic,2022-11-04,2022-11-12,8,8.6,0.0,28.6,24.1,89.4,71.0,1005.4,17.7,9.1,0,11
REC_01077,Bengaluru,Karnataka,12.9716,77.5946,plateau_temperate,2022-11-05,2022-11-06,1,9.8,30.2,27.0,27.9,58.6,56.0,1002.2,9.7,0.1,0,11
REC_02139,Krishna District,Andhra Pradesh,16.5062,80.648,coastal_humid,2022-11-05,2022-11-10,5,47.2,110.8,29.9,29.2,91.9,91.7,1010.5,53.6,6.4,0,11
REC_01307,Krishna District,Andhra Pradesh,16.5062,80.648,coastal_humid,2022-11-05,2022-11-11,6,54.0,10.8,28.4,28.8,92.8,100.0,998.2,54.0,0.0,0,11
REC_02731,Visakhapatnam,Andhra Pradesh,17.6868,83.2185,coastal_cyclonic,2022-11-05,2022-11-11,6,20.1,0.0,29.3,29.3,85.7,92.8,1006.5,14.9,5.3,0,11
REC_00791,Hyderabad,Telangana,17.385,78.4867,semi_arid,2022-11-05,2022-11-12,7,0.9,0.0,18.2,23.1,62.1,69.5,1002.7,18.7,17.8,0,11
REC_00792,Delhi,NCR,28.6139,77.209,continental_subtropical,2022-11-05,2022-11-12,7,0.3,0.0,18.2,17.8,51.9,39.4,1002.7,0.0,3.4,0,11
REC_00825,Delhi,NCR,28.6139,77.209,continental_subtropical,2022-11-05,2022-11-12,7,0.3,0.0,25.7,22.8,48.1,23.9,1002.3,17.1,16.7,0,11
REC_03427,Delhi,NCR,28.6139,77.209,continental_subtropical,2022-11-05,2022-11-14,9,0.9,1.1,21.4,18.5,50.3,34.4,1012.6,21.8,20.9,0,11
REC_00476,Visakhapatnam,Andhra Pradesh,17.6868,83.2185,coastal_cyclonic,2022-11-06,2022-11-08,2,4.2,14.8,29.8,28.8,92.5,88.8,1007.1,2.1,2.1,0,11
REC_00083,Bengaluru,Karnataka,12.9716,77.5946,plateau_temperate,2022-11-06,2022-11-10,4,1.3,0.0,27.8,27.5,48.5,48.4,1002.0,2.5,1.3,0,11
REC_01430,Krishna District,Andhra Pradesh,16.5062,80.648,coastal_humid,2022-11-06,2022-11-13,7,2.5,0.0,26.5,25.1,58.0,47.2,1006.2,0.0,7.7,0,11
REC_01602,Mumbai,Maharashtra,19.076,72.8777,coastal_heavy_monsoon,2022-11-06,2022-11-14,8,7.0,46.9,28.1,30.5,78.8,79.1,1010.6,19.8,12.8,0,11
REC_00422,Krishna District,Andhra Pradesh,16.5062,80.648,coastal_humid,2022-11-07,2022-11-10,3,0.5,4.5,25.7,24.5,94.4,94.5,1008.5,0.2,0.3,0,11
REC_01545,Hyderabad,Telangana,17.385,78.4867,semi_arid,2022-11-07,2022-11-12,5,0.2,64.1,23.3,23.2,57.8,58.8,1016.1,0.0,4.9,0,11
REC_03068,Visakhapatnam,Andhra Pradesh,17.6868,83.2185,coastal_cyclonic,2022-11-07,2022-11-13,6,6.9,0.0,25.2,26.8,78.3,83.4,1007.0,1.8,5.1,0,11
REC_03272,Mumbai,Maharashtra,19.076,72.8777,coastal_heavy_monsoon,2022-11-07,2022-11-15,8,170.2,491.3,24.1,22.5,92.2,100.0,1009.3,163.7,6.5,0,11
REC_02461,Hyderabad,Telangana,17.385,78.4867,semi_arid,2022-11-08,2022-11-13,5,1.9,14.7,28.9,31.6,56.6,54.2,1010.5,0.0,7.9,0,11
REC_03217,Bengaluru,Karnataka,12.9716,77.5946,plateau_temperate,2022-11-08,2022-11-13,5,0.7,0.0,24.1,22.1,61.0,51.8,1007.5,6.6,6.0,0,11
REC_02518,Delhi,NCR,28.6139,77.209,continental_subtropical,2022-11-08,2022-11-17,9,3.0,0.0,24.7,22.1,63.0,52.1,1007.5,0.0,21.9,0,11
REC_00087,Mumbai,Maharashtra,19.076,72.8777,coastal_heavy_monsoon,2022-11-09,2022-11-10,1,26.0,29.9,21.8,21.6,75.1,74.6,1003.3,25.8,0.2,0,11
REC_02319,Krishna District,Andhra Pradesh,16.5062,80.648,coastal_humid,2022-11-09,2022-11-13,4,43.8,12.7,26.8,26.6,81.0,86.3,1005.2,46.0,2.2,0,11
REC_01394,Visakhapatnam,Andhra Pradesh,17.6868,83.2185,coastal_cyclonic,2022-11-09,2022-11-15,6,57.9,79.3,28.5,24.7,84.8,78.4,1010.1,60.6,2.8,0,11
REC_00654,Mumbai,Maharashtra,19.076,72.8777,coastal_heavy_monsoon,2022-11-09,2022-11-16,7,27.1,0.0,26.7,21.5,84.9,77.5,1010.0,26.3,0.8,0,11
REC_00289,Delhi,NCR,28.6139,77.209,continental_subtropical,2022-11-10,2022-11-15,5,4.5,0.0,22.9,20.7,27.2,24.3,1009.6,13.1,8.6,0,11
REC_02492,Delhi,NCR,28.6139,77.209,continental_subtropical,2022-11-11,2022-11-12,1,3.1,6.4,21.4,20.7,52.3,58.1,1009.2,2.8,0.4,0,11
REC_00126,Hyderabad,Telangana,17.385,78.4867,semi_arid,2022-11-11,2022-11-13,2,0.2,4.4,23.9,24.8,51.4,53.3,998.3,3.3,3.1,0,11
REC_02277,Visakhapatnam,Andhra Pradesh,17.6868,83.2185,coastal_cyclonic,2022-11-11,2022-11-16,5,72.8,216.9,29.3,29.5,77.6,87.3,1004.8,81.3,8.6,0,11
REC_01311,Mumbai,Maharashtra,19.076,72.8777,coastal_heavy_monsoon,2022-11-11,2022-11-18,7,26.3,44.4,29.0,32.0,83.0,76.3,1007.6,34.7,8.4,0,11
REC_03213,Mumbai,Maharashtra,19.076,72.8777,coastal_heavy_monsoon,2022-11-12,2022-11-13,1,15.2,16.9,30.7,29.2,90.8,87.9,1014.0,15.2,0.0,0,11
REC_01067,Bengaluru,Karnataka,12.9716,77.5946,plateau_temperate,2022-11-12,2022-11-14,2,1.6,0.0,25.4,24.5,66.7,67.3,1008.5,2.8,1.2,0,11
REC_01601,Mumbai,Maharashtra,19.076,72.8777,coastal_heavy_monsoon,2022-11-12,2022-11-14,2,29.0,0.0,24.1,26.3,75.7,66.9,1008.4,29.6,0.6,0,11
REC_03241,Delhi,NCR,28.6139,77.209,continental_subtropical,2022-11-12,2022-11-21,9,7.5,45.8,22.1,20.3,60.5,57.9,996.2,21.5,14.0,0,11
REC_03250,Hyderabad,Telangana,17.385,78.4867,semi_arid,2022-11-13,2022-11-15,2,2.7,0.0,21.3,21.1,41.3,44.7,1002.2,0.9,1.8,0,11
REC_01398,Mumbai,Maharashtra,19.076,72.8777,coastal_heavy_monsoon,2022-11-13,2022-11-20,7,46.8,0.0,31.8,28.8,85.3,83.1,1003.7,54.6,7.7,0,11
REC_00020,Hyderabad,Telangana,17.385,78.4867,semi_arid,2022-11-14,2022-11-20,6,6.8,11.8,21.4,22.1,57.0,50.4,1009.4,12.4,5.6,0,11
REC_00667,Hyderabad,Telangana,17.385,78.4867,semi_arid,2022-11-14,2022-11-22,8,1.4,0.0,27.0,19.1,56.4,53.8,1009.0,8.8,7.4,0,11
REC_03304,Mumbai,Maharashtra,19.076,72.8777,coastal_heavy_monsoon,2022-11-14,2022-11-23,9,67.1,161.4,30.6,25.7,72.9,70.7,1003.2,74.3,7.1,0,11
REC_00781,Hyderabad,Telangana,17.385,78.4867,semi_arid,2022-11-14,2022-11-24,10,2.3,0.0,20.1,23.1,49.7,50.2,1004.9,3.8,1.5,0,11
REC_01506,Delhi,NCR,28.6139,77.209,continental_subtropical,2022-11-15,2022-11-16,1,1.7,5.2,23.6,24.1,55.1,56.6,1003.7,3.2,1.5,0,11
REC_02149,Hyderabad,Telangana,17.385,78.4867,semi_arid,2022-11-15,2022-11-16,1,10.4,4.6,24.1,23.5,62.4,62.5,1007.2,9.7,0.7,0,11
REC_03282,Hyderabad,Telangana,17.385,78.4867,semi_arid,2022-11-16,2022-11-20,4,1.6,9.3,27.6,28.7,47.6,44.9,1006.9,0.0,3.4,0,11
REC_01260,Krishna District,Andhra Pradesh,16.5062,80.648,coastal_humid,2022-11-16,2022-11-24,8,50.3,15.1,26.4,33.3,76.8,89.1,1004.7,55.7,5.4,0,11
REC_01392,Bengaluru,Karnataka,12.9716,77.5946,plateau_temperate,2022-11-17,2022-11-21,4,3.6,0.0,25.0,24.1,44.3,45.9,1004.5,7.7,4.1,0,11
REC_02858,Bengaluru,Karnataka,12.9716,77.5946,plateau_temperate,2022-11-17,2022-11-24,7,2.8,0.0,24.3,20.4,50.1,50.1,1007.3,11.6,8.8,0,11
REC_00322,Bengaluru,Karnataka,12.9716,77.5946,plateau_temperate,2022-11-18,2022-11-23,5,5.9,15.9,24.0,28.5,62.4,53.3,1009.9,3.1,2.7,0,11
REC_01529,Visakhapatnam,Andhra Pradesh,17.6868,83.2185,coastal_cyclonic,2022-11-18,2022-11-25,7,108.1,0.0,28.1,29.8,73.2,66.1,1003.5,100.0,8.1,0,11
REC_00538,Bengaluru,Karnataka,12.9716,77.5946,plateau_temperate,2022-11-18,2022-11-26,8,1.5,13.5,31.9,32.7,63.8,51.1,1001.7,37.4,35.9,0,11
REC_00869,Mumbai,Maharashtra,19.076,72.8777,coastal_heavy_monsoon,2022-11-18,2022-11-26,8,75.7,86.9,27.4,32.5,73.0,83.5,1012.3,76.7,1.0,0,11
REC_02788,Delhi,NCR,28.6139,77.209,continental_subtropical,2022-11-19,2022-11-20,1,4.0,1.2,22.0,21.1,48.7,47.1,1008.1,2.6,1.4,0,11
REC_03371,Bengaluru,Karnataka,12.9716,77.5946,plateau_temperate,2022-11-19,2022-11-20,1,0.3,0.0,28.0,27.3,62.0,60.9,1012.0,0.0,0.8,0,11
REC_00805,Krishna District,Andhra Pradesh,16.5062,80.648,coastal_humid,2022-11-19,2022-11-26,7,38.7,203.8,27.2,25.0,87.1,86.3,1004.9,42.6,3.9,0,11
REC_01324,Krishna District,Andhra Pradesh,16.5062,80.648,coastal_humid,2022-11-19,2022-11-28,9,12.6,75.5,27.4,30.2,89.9,87.2,1005.3,0.2,12.4,0,11
REC_00200,Hyderabad,Telangana,17.385,78.4867,semi_arid,2022-11-19,2022-11-29,10,4.3,0.0,21.2,11.8,66.9,79.3,1006.9,4.6,0.3,0,11
REC_02205,Delhi,NCR,28.6139,77.209,continental_subtropical,2022-11-20,2022-11-22,2,0.2,10.3,24.3,23.7,48.2,42.3,1009.8,0.9,0.7,0,11
REC_00891,Mumbai,Maharashtra,19.076,72.8777,coastal_heavy_monsoon,2022-11-20,2022-11-26,6,24.0,3.7,26.8,31.1,86.8,77.3,1010.9,21.5,2.5,0,11
REC_02905,Bengaluru,Karnataka,12.9716,77.5946,plateau_temperate,2022-11-20,2022-11-28,8,2.4,25.6,24.7,29.0,62.3,75.8,1007.1,0.0,7.8,0,11
REC_00153,Delhi,NCR,28.6139,77.209,continental_subtropical,2022-11-21,2022-11-23,2,0.6,1.5,21.1,20.1,59.4,65.6,1015.4,0.2,0.4,0,11
REC_03166,Bengaluru,Karnataka,12.9716,77.5946,plateau_temperate,2022-11-21,2022-11-23,2,1.1,3.8,22.5,22.8,53.7,51.5,1001.9,1.5,0.4,0,11
REC_00803,Bengaluru,Karnataka,12.9716,77.5946,plateau_temperate,2022-11-21,2022-11-24,3,1.3,0.0,17.3,15.7,51.8,53.7,1011.0,0.4,0.9,0,11
REC_02768,Visakhapatnam,Andhra Pradesh,17.6868,83.2185,coastal_cyclonic,2022-11-22,2022-11-23,1,36.9,57.7,26.4,27.1,88.8,87.7,1005.8,34.0,2.9,0,11
REC_02907,Visakhapatnam,Andhra Pradesh,17.6868,83.2185,coastal_cyclonic,2022-11-22,2022-11-24,2,82.5,45.1,31.7,32.8,68.8,62.7,1009.4,81.8,0.7,0,11
REC_00326,Visakhapatnam,Andhra Pradesh,17.6868,83.2185,coastal_cyclonic,2022-11-22,2022-11-25,3,6.6,16.7,31.2,29.7,63.9,64.4,1008.0,5.5,1.1,0,11
REC_01405,Bengaluru,Karnataka,12.9716,77.5946,plateau_temperate,2022-11-22,2022-11-26,4,2.9,9.1,24.2,23.4,65.0,66.6,1010.8,3.9,1.0,0,11
REC_02333,Hyderabad,Telangana,17.385,78.4867,semi_arid,2022-11-22,2022-12-02,10,1.2,55.5,27.0,29.4,50.1,68.2,1011.7,0.0,10.8,0,12
REC_00772,Delhi,NCR,28.6139,77.209,continental_subtropical,2022-11-23,2022-11-25,2,3.5,10.3,24.7,25.0,72.4,74.2,1008.8,3.8,0.3,0,11
REC_02467,Mumbai,Maharashtra,19.076,72.8777,coastal_heavy_monsoon,2022-11-23,2022-11-25,2,3.7,12.4,30.8,28.5,79.9,80.2,1003.9,4.5,0.8,0,11
REC_02096,Hyderabad,Telangana,17.385,78.4867,semi_arid,2022-11-23,2022-11-28,5,6.2,18.1,26.0,25.6,42.7,47.4,1011.9,0.3,5.9,0,11
REC_02799,Mumbai,Maharashtra,19.076,72.8777,coastal_heavy_monsoon,2022-11-23,2022-11-28,5,14.8,19.1,30.1,28.8,79.2,57.1,1004.0,5.8,9.0,0,11
REC_02410,Krishna District,Andhra Pradesh,16.5062,80.648,coastal_humid,2022-11-23,2022-12-01,8,13.3,0.0,29.5,35.8,58.5,89.5,1008.8,22.7,9.5,0,12
REC_02188,Hyderabad,Telangana,17.385,78.4867,semi_arid,2022-11-23,2022-12-02,9,2.1,74.2,28.2,29.9,60.7,60.3,1009.0,2.7,0.6,0,12
REC_01993,Krishna District,Andhra Pradesh,16.5062,80.648,coastal_humid,2022-11-24,2022-11-25,1,13.8,21.8,24.0,23.8,72.0,64.3,1008.9,14.1,0.3,0,11
REC_00557,Bengaluru,Karnataka,12.9716,77.5946,plateau_temperate,2022-11-24,2022-12-02,8,2.6,0.0,24.5,24.2,62.6,62.8,1009.3,0.0,27.2,0,12
REC_01861,Visakhapatnam,Andhra Pradesh,17.6868,83.2185,coastal_cyclonic,2022-11-25,2022-11-27,2,98.9,79.2,30.3,31.9,91.9,95.4,1004.1,94.6,4.3,0,11
REC_00637,Hyderabad,Telangana,17.385,78.4867,semi_arid,2022-11-25,2022-12-03,8,10.2,38.3,20.6,19.3,53.8,50.0,1010.1,11.7,1.5,0,12
REC_01881,Delhi,NCR,28.6139,77.209,continental_subtropical,2022-11-25,2022-12-03,8,1.7,78.6,25.7,26.5,54.9,67.3,1005.9,0.0,3.8,0,12
REC_01915,Mumbai,Maharashtra,19.076,72.8777,coastal_heavy_monsoon,2022-11-26,2022-12-06,10,1.6,24.4,24.6,20.2,43.3,29.9,1009.2,59.4,57.8,0,12
REC_01816,Hyderabad,Telangana,17.385,78.4867,semi_arid,2022-11-27,2022-11-29,2,4.8,9.4,20.1,19.9,45.6,53.2,1007.5,6.5,1.6,0,11
REC_00432,Bengaluru,Karnataka,12.9716,77.5946,plateau_temperate,2022-11-27,2022-11-30,3,0.2,0.0,25.0,23.3,55.6,46.2,999.5,0.0,1.5,0,11
REC_00347,Bengaluru,Karnataka,12.9716,77.5946,plateau_temperate,2022-11-27,2022-12-01,4,7.9,24.6,23.4,24.4,59.5,64.2,1002.1,7.2,0.7,0,12
REC_02291,Krishna District,Andhra Pradesh,16.5062,80.648,coastal_humid,2022-11-27,2022-12-01,4,13.0,9.0,27.2,27.2,61.6,61.8,1013.4,9.3,3.7,0,12
REC_03009,Krishna District,Andhra Pradesh,16.5062,80.648,coastal_humid,2022-11-27,2022-12-06,9,4.1,9.8,23.1,23.8,55.0,50.7,1004.6,20.2,16.2,0,12
REC_00670,Visakhapatnam,Andhra Pradesh,17.6868,83.2185,coastal_cyclonic,2022-11-27,2022-12-07,10,1.1,0.0,24.2,22.2,57.9,41.1,1010.0,0.0,4.6,0,12
REC_03277,Delhi,NCR,28.6139,77.209,continental_subtropical,2022-11-28,2022-11-30,2,0.8,4.5,22.0,21.5,52.0,43.2,1012.0,2.6,1.8,0,11
REC_01032,Visakhapatnam,Andhra Pradesh,17.6868,83.2185,coastal_cyclonic,2022-11-28,2022-12-02,4,5.4,0.0,23.4,20.1,72.0,65.5,1011.9,17.0,11.6,0,12
REC_00213,Bengaluru,Karnataka,12.9716,77.5946,plateau_temperate,2022-11-28,2022-12-07,9,0.5,0.0,24.1,26.2,52.9,56.3,1015.2,0.0,3.1,0,12
REC_02828,Bengaluru,Karnataka,12.9716,77.5946,plateau_temperate,2022-11-28,2022-12-08,10,7.3,70.0,19.9,25.0,52.7,75.4,1008.0,21.2,13.9,0,12
REC_02736,Mumbai,Maharashtra,19.076,72.8777,coastal_heavy_monsoon,2022-11-29,2022-11-30,1,32.4,54.2,25.3,24.9,86.5,88.8,1010.0,32.1,0.3,0,11
REC_03459,Krishna District,Andhra Pradesh,16.5062,80.648,coastal_humid,2022-11-29,2022-12-04,5,1.5,1.4,20.3,19.4,40.8,35.3,1004.0,0.0,5.3,0,12
REC_01774,Mumbai,Maharashtra,19.076,72.8777,coastal_heavy_monsoon,2022-11-29,2022-12-07,8,4.0,53.4,23.2,27.6,45.8,30.2,1004.5,0.0,9.1,0,12
REC_02225,Krishna District,Andhra Pradesh,16.5062,80.648,coastal_humid,2022-11-29,2022-12-08,9,1.8,0.0,23.9,28.9,62.1,70.5,997.4,0.0,5.2,0,12
REC_00970,Visakhapatnam,Andhra Pradesh,17.6868,83.2185,coastal_cyclonic,2022-12-01,2022-12-02,1,9.3,12.8,22.4,22.5,61.4,58.2,1013.4,8.4,0.8,0,12
REC_02353,Mumbai,Maharashtra,19.076,72.8777,coastal_heavy_monsoon,2022-12-01,2022-12-06,5,4.6,0.0,22.7,25.1,46.8,31.7,1005.0,11.7,7.0,0,12
REC_03252,Krishna District,Andhra Pradesh,16.5062,80.648,coastal_humid,2022-12-01,2022-12-09,8,6.6,31.7,20.4,20.6,57.1,86.0,1005.7,0.7,6.0,0,12
REC_03343,Hyderabad,Telangana,17.385,78.4867,semi_arid,2022-12-02,2022-12-04,2,2.4,1.3,22.4,21.0,55.3,52.8,1008.3,0.7,1.8,0,12
REC_02013,Mumbai,Maharashtra,19.076,72.8777,coastal_heavy_monsoon,2022-12-02,2022-12-10,8,2.4,24.2,25.1,24.6,59.1,72.8,1006.8,4.7,2.3,0,12
REC_01401,Hyderabad,Telangana,17.385,78.4867,semi_arid,2022-12-02,2022-12-11,9,4.8,36.4,26.1,21.2,43.7,40.6,1013.9,7.7,2.9,0,12
REC_02191,Krishna District,Andhra Pradesh,16.5062,80.648,coastal_humid,2022-12-03,2022-12-09,6,4.2,14.7,22.5,16.5,45.6,56.1,1009.7,5.2,1.1,0,12
REC_02965,Mumbai,Maharashtra,19.076,72.8777,coastal_heavy_monsoon,2022-12-03,2022-12-10,7,3.0,0.0,23.7,24.6,51.2,55.4,1004.1,10.5,7.5,0,12
REC_01918,Bengaluru,Karnataka,12.9716,77.5946,plateau_temperate,2022-12-03,2022-12-12,9,0.2,0.0,24.3,19.8,49.0,42.8,1004.6,0.0,17.2,0,12
REC_00276,Hyderabad,Telangana,17.385,78.4867,semi_arid,2022-12-03,2022-12-13,10,0.2,0.0,24.2,29.2,44.9,52.7,1005.5,6.2,6.0,0,12
REC_00481,Visakhapatnam,Andhra Pradesh,17.6868,83.2185,coastal_cyclonic,2022-12-03,2022-12-13,10,2.7,0.0,24.0,22.4,55.2,61.9,1007.1,0.0,9.9,0,12
REC_03091,Krishna District,Andhra Pradesh,16.5062,80.648,coastal_humid,2022-12-04,2022-12-05,1,2.6,0.0,22.4,22.3,62.4,65.8,1007.9,3.1,0.5,0,12
REC_01558,Krishna District,Andhra Pradesh,16.5062,80.648,coastal_humid,2022-12-04,2022-12-07,3,1.9,0.0,24.0,21.9,59.1,54.0,1015.7,0.6,1.4,0,12
REC_03058,Bengaluru,Karnataka,12.9716,77.5946,plateau_temperate,2022-12-04,2022-12-13,9,1.3,0.0,21.7,22.7,55.1,54.4,1012.4,9.8,8.5,0,12
REC_02362,Visakhapatnam,Andhra Pradesh,17.6868,83.2185,coastal_cyclonic,2022-12-05,2022-12-06,1,1.2,6.3,25.2,23.3,56.5,58.1,1005.8,1.0,0.2,0,12
REC_02153,Delhi,NCR,28.6139,77.209,continental_subtropical,2022-12-05,2022-12-07,2,1.8,3.4,25.8,23.7,39.1,39.5,1010.8,0.0,2.2,0,12
REC_01485,Bengaluru,Karnataka,12.9716,77.5946,plateau_temperate,2022-12-05,2022-12-14,9,7.4,23.7,24.8,31.7,63.9,74.2,1011.1,6.9,0.5,0,12
REC_02755,Delhi,NCR,28.6139,77.209,continental_subtropical,2022-12-05,2022-12-15,10,2.1,47.0,22.8,20.1,57.8,57.6,1011.4,1.0,1.1,0,12
REC_02407,Visakhapatnam,Andhra Pradesh,17.6868,83.2185,coastal_cyclonic,2022-12-07,2022-12-09,2,4.7,11.8,29.1,30.4,51.5,58.0,1000.4,3.1,1.6,0,12
REC_01768,Krishna District,Andhra Pradesh,16.5062,80.648,coastal_humid,2022-12-07,2022-12-10,3,5.5,8.3,29.1,29.1,56.8,62.6,1002.7,3.8,1.7,0,12
REC_00235,Delhi,NCR,28.6139,77.209,continental_subtropical,2022-12-07,2022-12-11,4,8.5,11.7,27.7,29.0,64.3,66.9,1012.7,16.9,8.4,0,12
REC_02190,Mumbai,Maharashtra,19.076,72.8777,coastal_heavy_monsoon,2022-12-07,2022-12-15,8,12.4,0.0,25.3,25.6,51.0,44.0,1001.0,15.8,3.4,0,12
REC_03453,Krishna District,Andhra Pradesh,16.5062,80.648,coastal_humid,2022-12-07,2022-12-16,9,5.6,0.0,26.2,29.6,53.3,52.5,1011.2,20.4,14.8,0,12
REC_00668,Delhi,NCR,28.6139,77.209,continental_subtropical,2022-12-08,2022-12-09,1,1.1,5.3,28.3,28.1,63.2,61.6,1006.7,1.8,0.7,0,12
REC_02869,Hyderabad,Telangana,17.385,78.4867,semi_arid,2022-12-08,2022-12-11,3,2.6,6.5,17.0,18.3,45.8,48.4,1013.0,1.2,1.3,0,12
REC_02872,Visakhapatnam,Andhra Pradesh,17.6868,83.2185,coastal_cyclonic,2022-12-08,2022-12-12,4,10.7,24.1,19.7,17.4,69.1,67.9,1008.3,5.7,5.0,0,12
REC_01017,Visakhapatnam,Andhra Pradesh,17.6868,83.2185,coastal_cyclonic,2022-12-09,2022-12-14,5,0.6,5.7,22.4,23.1,74.2,76.7,1013.0,0.0,4.5,0,12
REC_03457,Visakhapatnam,Andhra Pradesh,17.6868,83.2185,coastal_cyclonic,2022-12-09,2022-12-15,6,1.4,0.0,21.5,17.9,42.8,44.7,1002.8,1.4,0.0,0,12
REC_02893,Delhi,NCR,28.6139,77.209,continental_subtropical,2022-12-10,2022-12-11,1,1.6,19.0,21.6,21.7,56.2,56.7,1010.8,2.2,0.6,0,12
REC_00284,Krishna District,Andhra Pradesh,16.5062,80.648,coastal_humid,2022-12-10,2022-12-19,9,0.8,0.0,23.4,21.7,45.0,48.4,1010.4,0.0,12.3,0,12
REC_03229,Hyderabad,Telangana,17.385,78.4867,semi_arid,2022-12-10,2022-12-19,9,2.8,4.9,25.3,30.0,60.3,78.7,1012.2,0.0,7.5,0,12
REC_00732,Krishna District,Andhra Pradesh,16.5062,80.648,coastal_humid,2022-12-10,2022-12-20,10,1.8,0.0,23.9,27.7,55.5,59.7,1005.6,7.2,5.5,0,12
REC_00708,Hyderabad,Telangana,17.385,78.4867,semi_arid,2022-12-11,2022-12-13,2,0.6,0.0,24.3,23.5,59.0,56.1,1010.5,3.1,2.4,0,12
REC_02199,Bengaluru,Karnataka,12.9716,77.5946,plateau_temperate,2022-12-11,2022-12-13,2,1.6,0.1,23.6,24.8,65.2,63.3,1011.9,3.1,1.4,0,12
REC_02840,Visakhapatnam,Andhra Pradesh,17.6868,83.2185,coastal_cyclonic,2022-12-12,2022-12-13,1,0.4,0.0,22.2,22.9,56.3,53.3,1011.2,0.8,0.4,0,12
REC_00735,Visakhapatnam,Andhra Pradesh,17.6868,83.2185,coastal_cyclonic,2022-12-12,2022-12-14,2,0.9,0.0,25.7,24.5,46.7,47.2,1006.7,5.6,4.7,0,12
REC_03061,Krishna District,Andhra Pradesh,16.5062,80.648,coastal_humid,2022-12-12,2022-12-17,5,1.6,0.0,27.8,26.4,53.6,41.9,1005.9,5.5,3.9,0,12
REC_00223,Mumbai,Maharashtra,19.076,72.8777,coastal_heavy_monsoon,2022-12-13,2022-12-15,2,1.1,3.6,19.2,20.2,61.2,65.2,1012.2,2.8,1.7,0,12
REC_02415,Krishna District,Andhra Pradesh,16.5062,80.648,coastal_humid,2022-12-13,2022-12-15,2,6.5,27.2,23.6,23.7,66.8,69.1,1008.3,10.4,3.9,0,12
REC_02419,Mumbai,Maharashtra,19.076,72.8777,coastal_heavy_monsoon,2022-12-13,2022-12-15,2,0.6,0.0,20.1,19.3,48.6,42.9,1001.7,0.0,2.3,0,12
REC_03406,Krishna District,Andhra Pradesh,16.5062,80.648,coastal_humid,2022-12-13,2022-12-19,6,0.7,0.0,20.9,23.6,50.5,46.4,1011.0,7.3,6.6,0,12
REC_03083,Hyderabad,Telangana,17.385,78.4867,semi_arid,2022-12-14,2022-12-17,3,3.7,16.6,23.5,21.2,76.5,79.3,1002.6,7.2,3.5,0,12
REC_03363,Bengaluru,Karnataka,12.9716,77.5946,plateau_temperate,2022-12-15,2022-12-20,5,5.5,0.0,24.6,22.6,52.0,53.4,1003.7,1.9,3.6,0,12
REC_00131,Delhi,NCR,28.6139,77.209,continental_subtropical,2022-12-15,2022-12-22,7,1.8,0.0,25.2,23.7,72.5,78.9,1006.5,0.0,2.1,0,12
REC_01302,Delhi,NCR,28.6139,77.209,continental_subtropical,2022-12-16,2022-12-21,5,9.6,12.0,20.6,18.4,35.2,31.1,1010.0,0.0,9.8,0,12
REC_03440,Bengaluru,Karnataka,12.9716,77.5946,plateau_temperate,2022-12-16,2022-12-21,5,1.6,0.0,24.2,22.5,62.8,72.1,1008.7,0.0,7.5,0,12
REC_01799,Visakhapatnam,Andhra Pradesh,17.6868,83.2185,coastal_cyclonic,2022-12-16,2022-12-22,6,3.4,0.0,21.1,18.4,53.6,42.5,1004.3,0.0,5.8,0,12
REC_02602,Mumbai,Maharashtra,19.076,72.8777,coastal_heavy_monsoon,2022-12-16,2022-12-26,10,2.1,10.7,25.6,29.3,70.3,73.4,1009.0,44.5,42.4,0,12
REC_00159,Mumbai,Maharashtra,19.076,72.8777,coastal_heavy_monsoon,2022-12-17,2022-12-24,7,3.5,0.0,24.9,22.9,50.7,44.6,1001.5,0.0,5.7,0,12
REC_02120,Hyderabad,Telangana,17.385,78.4867,semi_arid,2022-12-18,2022-12-19,1,4.2,18.1,28.1,29.2,43.1,50.0,1008.8,5.3,1.1,0,12
REC_02949,Delhi,NCR,28.6139,77.209,continental_subtropical,2022-12-18,2022-12-19,1,1.1,0.0,21.5,21.4,58.2,57.6,1006.8,1.2,0.1,0,12
REC_03314,Krishna District,Andhra Pradesh,16.5062,80.648,coastal_humid,2022-12-18,2022-12-26,8,1.9,32.8,27.7,31.7,59.5,59.7,1001.9,12.0,10.1,0,12
REC_02175,Krishna District,Andhra Pradesh,16.5062,80.648,coastal_humid,2022-12-19,2022-12-21,2,0.4,2.6,24.0,22.7,54.7,55.3,1012.1,0.0,3.6,0,12
REC_02619,Visakhapatnam,Andhra Pradesh,17.6868,83.2185,coastal_cyclonic,2022-12-19,2022-12-22,3,1.4,7.5,23.7,21.3,59.8,59.8,1005.7,0.0,2.8,0,12
REC_03497,Delhi,NCR,28.6139,77.209,continental_subtropical,2022-12-19,2022-12-26,7,1.4,0.0,17.4,19.4,65.7,59.6,1009.0,0.0,5.5,0,12
REC_00857,Hyderabad,Telangana,17.385,78.4867,semi_arid,2022-12-19,2022-12-27,8,1.8,82.1,24.3,28.4,54.2,55.9,1006.0,0.0,2.9,0,12
REC_00576,Hyderabad,Telangana,17.385,78.4867,semi_arid,2022-12-19,2022-12-28,9,7.3,0.0,28.9,31.9,58.2,79.6,1004.2,15.5,8.2,0,12
REC_00446,Hyderabad,Telangana,17.385,78.4867,semi_arid,2022-12-20,2022-12-23,3,0.2,7.5,24.0,24.3,68.6,61.1,1015.6,0.0,0.5,0,12
REC_02827,Delhi,NCR,28.6139,77.209,continental_subtropical,2022-12-20,2022-12-24,4,1.8,0.0,23.2,24.5,61.1,53.4,1011.7,2.0,0.2,0,12
REC_03387,Hyderabad,Telangana,17.385,78.4867,semi_arid,2022-12-20,2022-12-24,4,2.1,21.7,27.9,31.1,43.3,52.8,1009.2,0.0,4.0,0,12
REC_01580,Hyderabad,Telangana,17.385,78.4867,semi_arid,2022-12-21,2022-12-27,6,5.1,8.0,21.2,25.1,51.0,59.9,1008.2,9.7,4.6,0,12
REC_02206,Hyderabad,Telangana,17.385,78.4867,semi_arid,2022-12-21,2022-12-27,6,0.8,8.5,27.4,26.0,63.9,80.4,1005.6,13.3,12.5,0,12
REC_01575,Krishna District,Andhra Pradesh,16.5062,80.648,coastal_humid,2022-12-21,2022-12-29,8,0.9,0.0,26.6,21.2,52.2,56.7,1009.8,23.4,22.4,0,12
REC_01694,Visakhapatnam,Andhra Pradesh,17.6868,83.2185,coastal_cyclonic,2022-12-21,2022-12-30,9,2.8,0.0,27.4,26.7,50.8,47.8,1008.4,15.5,12.6,0,12
REC_01512,Mumbai,Maharashtra,19.076,72.8777,coastal_heavy_monsoon,2022-12-21,2022-12-31,10,1.8,13.9,22.1,22.5,60.2,69.4,1010.8,0.0,14.2,0,12
REC_00196,Visakhapatnam,Andhra Pradesh,17.6868,83.2185,coastal_cyclonic,2022-12-22,2022-12-23,1,1.3,0.7,25.0,24.7,56.1,51.0,1000.9,1.1,0.3,0,12
REC_00555,Bengaluru,Karnataka,12.9716,77.5946,plateau_temperate,2022-12-22,2022-12-24,2,4.4,11.3,26.8,28.0,50.3,55.1,1006.1,7.9,3.5,0,12
REC_01079,Bengaluru,Karnataka,12.9716,77.5946,plateau_temperate,2022-12-22,2022-12-24,2,2.5,4.7,23.8,24.2,62.7,54.1,1009.8,2.2,0.4,0,12
REC_02135,Visakhapatnam,Andhra Pradesh,17.6868,83.2185,coastal_cyclonic,2022-12-22,2022-12-25,3,5.0,15.3,24.8,25.2,53.1,45.4,1011.2,1.8,3.1,0,12
REC_02180,Mumbai,Maharashtra,19.076,72.8777,coastal_heavy_monsoon,2022-12-22,2022-12-25,3,12.4,3.8,24.0,22.2,55.3,58.7,1008.3,11.6,0.8,0,12
REC_02445,Visakhapatnam,Andhra Pradesh,17.6868,83.2185,coastal_cyclonic,2022-12-22,2022-12-25,3,4.3,0.0,24.9,23.7,54.0,50.8,1005.4,0.0,7.0,0,12
REC_01210,Mumbai,Maharashtra,19.076,72.8777,coastal_heavy_monsoon,2022-12-22,2022-12-27,5,0.7,0.0,26.5,25.9,39.2,34.1,1016.1,0.0,5.6,0,12
REC_00820,Mumbai,Maharashtra,19.076,72.8777,coastal_heavy_monsoon,2022-12-22,2023-01-01,10,2.0,1.9,25.3,19.1,61.7,52.4,1011.0,33.0,31.0,0,1
REC_00563,Krishna District,Andhra Pradesh,16.5062,80.648,coastal_humid,2022-12-23,2022-12-26,3,8.6,0.0,27.4,28.7,58.0,50.1,1005.5,7.5,1.1,0,12
REC_00056,Delhi,NCR,28.6139,77.209,continental_subtropical,2022-12-23,2022-12-28,5,0.7,0.0,26.6,26.1,63.5,69.2,1001.0,8.4,7.7,0,12
REC_00978,Hyderabad,Telangana,17.385,78.4867,semi_arid,2022-12-23,2022-12-28,5,4.1,7.8,22.0,21.7,42.4,38.3,1003.8,0.0,6.4,0,12
REC_01173,Visakhapatnam,Andhra Pradesh,17.6868,83.2185,coastal_cyclonic,2022-12-23,2022-12-29,6,5.0,0.0,21.2,20.9,54.9,63.6,1004.7,0.0,7.7,0,12
REC_02267,Mumbai,Maharashtra,19.076,72.8777,coastal_heavy_monsoon,2022-12-23,2022-12-29,6,0.8,21.8,23.3,21.8,67.2,69.1,1006.7,5.2,4.5,0,12
REC_01687,Hyderabad,Telangana,17.385,78.4867,semi_arid,2022-12-23,2023-01-02,10,1.1,67.9,28.3,32.3,43.1,56.5,1011.2,0.0,14.0,0,1
REC_01794,Delhi,NCR,28.6139,77.209,continental_subtropical,2022-12-24,2022-12-29,5,0.6,0.0,26.5,25.8,65.4,65.0,1004.9,0.0,0.8,0,12
REC_02219,Bengaluru,Karnataka,12.9716,77.5946,plateau_temperate,2022-12-24,2022-12-29,5,3.4,26.3,24.6,25.9,69.7,80.8,1006.5,10.5,7.1,0,12
REC_00649,Visakhapatnam,Andhra Pradesh,17.6868,83.2185,coastal_cyclonic,2022-12-24,2023-01-02,9,14.0,34.5,24.0,26.9,40.6,37.8,1005.3,40.5,26.5,0,1
REC_03155,Krishna District,Andhra Pradesh,16.5062,80.648,coastal_humid,2022-12-25,2022-12-28,3,3.5,3.0,20.9,20.7,57.4,53.6,1007.3,1.8,1.7,0,12
REC_02556,Krishna District,Andhra Pradesh,16.5062,80.648,coastal_humid,2022-12-25,2022-12-29,4,8.2,2.4,28.6,27.0,65.4,58.6,1006.7,2.9,5.3,0,12
REC_03429,Mumbai,Maharashtra,19.076,72.8777,coastal_heavy_monsoon,2022-12-25,2023-01-01,7,9.5,0.0,23.7,20.6,51.0,51.4,1015.9,0.0,28.0,0,1
REC_03333,Hyderabad,Telangana,17.385,78.4867,semi_arid,2022-12-26,2022-12-28,2,3.0,15.2,23.7,22.3,61.7,58.6,1013.5,0.0,3.1,0,12
REC_00107,Hyderabad,Telangana,17.385,78.4867,semi_arid,2022-12-26,2022-12-31,5,1.6,0.0,21.4,19.1,61.3,45.9,1006.8,6.9,5.2,0,12
REC_02270,Delhi,NCR,28.6139,77.209,continental_subtropical,2022-12-26,2023-01-02,7,6.7,47.0,24.9,22.4,54.3,34.4,1010.7,18.0,11.3,0,1
REC_02733,Bengaluru,Karnataka,12.9716,77.5946,plateau_temperate,2022-12-27,2023-01-03,7,1.8,0.0,26.7,24.5,50.9,54.2,1005.2,2.3,0.6,0,1
REC_01823,Visakhapatnam,Andhra Pradesh,17.6868,83.2185,coastal_cyclonic,2022-12-28,2022-12-29,1,1.8,0.0,26.7,27.0,58.6,60.9,1009.9,1.4,0.4,0,12
REC_02664,Bengaluru,Karnataka,12.9716,77.5946,plateau_temperate,2022-12-28,2023-01-04,7,0.1,0.0,29.6,33.4,48.1,44.6,1007.1,0.0,0.6,0,1
REC_02104,Visakhapatnam,Andhra Pradesh,17.6868,83.2185,coastal_cyclonic,2022-12-28,2023-01-06,9,0.9,38.4,23.5,22.7,63.1,75.0,1002.1,0.7,0.1,0,1
REC_00691,Delhi,NCR,28.6139,77.209,continental_subtropical,2022-12-28,2023-01-07,10,0.8,0.0,23.5,25.6,69.8,79.1,1009.8,0.5,0.3,0,1
REC_01080,Krishna District,Andhra Pradesh,16.5062,80.648,coastal_humid,2022-12-29,2023-01-01,3,8.2,0.0,27.5,26.6,65.8,65.6,998.5,1.3,6.8,0,1
REC_01707,Visakhapatnam,Andhra Pradesh,17.6868,83.2185,coastal_cyclonic,2022-12-29,2023-01-01,3,6.8,10.1,25.4,25.2,56.4,59.2,996.2,9.2,2.3,0,1
REC_02977,Mumbai,Maharashtra,19.076,72.8777,coastal_heavy_monsoon,2022-12-29,2023-01-01,3,4.9,0.9,23.8,20.6,45.6,52.4,1007.6,0.0,5.6,0,1
REC_01478,Hyderabad,Telangana,17.385,78.4867,semi_arid,2022-12-29,2023-01-02,4,3.5,0.0,26.8,27.0,58.4,50.9,1010.0,1.4,2.0,0,1
REC_01138,Delhi,NCR,28.6139,77.209,continental_subtropical,2022-12-29,2023-01-03,5,7.4,9.8,22.4,21.5,42.2,28.9,1000.7,5.5,1.9,0,1
REC_01253,Mumbai,Maharashtra,19.076,72.8777,coastal_heavy_monsoon,2022-12-29,2023-01-06,8,9.5,14.0,26.6,27.1,45.9,59.9,1008.7,4.0,5.6,0,1
REC_02791,Mumbai,Maharashtra,19.076,72.8777,coastal_heavy_monsoon,2022-12-30,2023-01-08,9,7.4,8.6,18.6,14.4,45.3,43.1,1002.6,12.7,5.3,0,1
REC_00376,Mumbai,Maharashtra,19.076,72.8777,coastal_heavy_monsoon,2022-12-30,2023-01-09,10,1.0,0.0,25.6,19.2,62.0,56.5,1013.9,10.6,9.6,0,1
REC_01617,Krishna District,Andhra Pradesh,16.5062,80.648,coastal_humid,2022-12-31,2023-01-08,8,5.0,2.0,29.7,33.1,55.4,60.2,1004.6,0.0,10.1,0,1
REC_01806,Krishna District,Andhra Pradesh,16.5062,80.648,coastal_humid,2022-12-31,2023-01-10,10,4.4,23.6,24.4,26.2,65.9,53.8,1003.9,1.8,2.6,0,1
REC_02986,Mumbai,Maharashtra,19.076,72.8777,coastal_heavy_monsoon,2023-01-01,2023-01-03,2,1.1,0.0,26.1,25.5,58.1,60.0,1007.6,0.0,1.8,0,1
REC_01056,Hyderabad,Telangana,17.385,78.4867,semi_arid,2023-01-01,2023-01-05,4,1.0,0.0,26.2,25.8,50.9,41.9,1009.0,0.0,7.2,0,1
REC_02948,Visakhapatnam,Andhra Pradesh,17.6868,83.2185,coastal_cyclonic,2023-01-01,2023-01-05,4,2.3,1.5,23.0,22.0,63.2,62.5,1003.5,0.0,2.7,0,1
REC_03296,Hyderabad,Telangana,17.385,78.4867,semi_arid,2023-01-01,2023-01-05,4,6.0,0.0,28.1,25.6,59.8,62.6,1003.1,5.4,0.5,0,1
REC_02417,Krishna District,Andhra Pradesh,16.5062,80.648,coastal_humid,2023-01-01,2023-01-09,8,0.8,0.0,24.3,27.1,53.0,46.6,1000.7,0.0,3.5,0,1
REC_01682,Hyderabad,Telangana,17.385,78.4867,semi_arid,2023-01-01,2023-01-10,9,1.1,28.5,18.7,18.4,44.9,40.2,1015.5,22.6,21.5,0,1
REC_00886,Visakhapatnam,Andhra Pradesh,17.6868,83.2185,coastal_cyclonic,2023-01-01,2023-01-11,10,0.3,46.0,24.6,22.2,56.4,55.1,1004.7,23.8,23.6,0,1
REC_01280,Visakhapatnam,Andhra Pradesh,17.6868,83.2185,coastal_cyclonic,2023-01-01,2023-01-11,10,0.8,0.0,22.8,27.5,66.5,84.7,1008.8,0.0,10.6,0,1
REC_02935,Delhi,NCR,28.6139,77.209,continental_subtropical,2023-01-02,2023-01-06,4,0.4,11.1,29.0,29.2,51.9,45.9,1007.6,0.0,2.0,0,1
REC_01345,Hyderabad,Telangana,17.385,78.4867,semi_arid,2023-01-02,2023-01-08,6,6.6,48.1,29.5,27.9,60.4,60.3,1011.3,21.9,15.3,0,1
REC_01491,Delhi,NCR,28.6139,77.209,continental_subtropical,2023-01-02,2023-01-09,7,0.3,0.0,23.8,25.6,61.3,56.0,1013.4,14.7,14.4,0,1
REC_03348,Krishna District,Andhra Pradesh,16.5062,80.648,coastal_humid,2023-01-02,2023-01-09,7,1.2,0.0,24.3,23.8,60.4,35.8,1000.6,0.0,7.1,0,1
REC_01923,Visakhapatnam,Andhra Pradesh,17.6868,83.2185,coastal_cyclonic,2023-01-02,2023-01-12,10,2.1,0.0,23.0,21.3,51.9,51.6,1001.4,28.4,26.3,0,1
REC_01195,Visakhapatnam,Andhra Pradesh,17.6868,83.2185,coastal_cyclonic,2023-01-03,2023-01-04,1,3.3,2.6,19.0,18.0,69.9,68.9,1012.4,2.9,0.4,0,1
REC_01098,Visakhapatnam,Andhra Pradesh,17.6868,83.2185,coastal_cyclonic,2023-01-03,2023-01-07,4,0.9,2.6,21.4,20.7,59.2,73.8,1008.0,0.0,4.6,0,1
REC_03219,Delhi,NCR,28.6139,77.209,continental_subtropical,2023-01-03,2023-01-10,7,3.6,0.0,21.2,17.0,55.5,42.2,1005.9,1.8,1.9,0,1
REC_00055,Bengaluru,Karnataka,12.9716,77.5946,plateau_temperate,2023-01-03,2023-01-12,9,2.2,0.0,24.5,23.6,64.2,83.3,1012.1,0.0,2.3,0,1
REC_01986,Krishna District,Andhra Pradesh,16.5062,80.648,coastal_humid,2023-01-03,2023-01-12,9,3.5,58.3,20.5,24.5,59.8,40.2,1002.1,8.4,4.9,0,1
REC_02882,Krishna District,Andhra Pradesh,16.5062,80.648,coastal_humid,2023-01-03,2023-01-12,9,3.2,35.5,25.9,22.6,57.9,61.4,1008.1,7.4,4.2,0,1
REC_01793,Delhi,NCR,28.6139,77.209,continental_subtropical,2023-01-04,2023-01-05,1,1.3,4.0,20.5,21.1,57.7,56.0,1005.9,0.2,1.1,0,1
REC_02574,Delhi,NCR,28.6139,77.209,continental_subtropical,2023-01-04,2023-01-14,10,1.5,0.0,22.0,23.9,57.4,38.9,1007.1,0.0,4.9,0,1
REC_00928,Delhi,NCR,28.6139,77.209,continental_subtropical,2023-01-05,2023-01-08,3,2.9,7.8,17.9,17.1,44.7,53.4,1006.4,2.8,0.0,0,1
REC_00098,Mumbai,Maharashtra,19.076,72.8777,coastal_heavy_monsoon,2023-01-05,2023-01-14,9,1.9,19.7,18.7,16.7,58.9,60.5,1008.7,13.9,11.9,0,1
REC_00176,Delhi,NCR,28.6139,77.209,continental_subtropical,2023-01-06,2023-01-08,2,1.9,0.6,21.4,20.7,44.0,48.6,1001.5,0.0,2.9,0,1
REC_00854,Delhi,NCR,28.6139,77.209,continental_subtropical,2023-01-06,2023-01-10,4,1.6,3.6,20.6,21.1,59.4,57.1,1004.3,0.0,5.4,0,1
REC_02252,Mumbai,Maharashtra,19.076,72.8777,coastal_heavy_monsoon,2023-01-06,2023-01-11,5,6.1,0.0,26.5,25.2,57.3,52.8,1009.3,20.8,14.7,0,1
REC_03280,Mumbai,Maharashtra,19.076,72.8777,coastal_heavy_monsoon,2023-01-06,2023-01-11,5,0.4,9.3,24.0,24.4,52.0,49.8,1008.7,3.0,2.6,0,1
REC_01440,Krishna District,Andhra Pradesh,16.5062,80.648,coastal_humid,2023-01-06,2023-01-15,9,0.7,32.0,22.4,23.4,54.6,65.0,1002.5,0.0,4.4,0,1
REC_02192,Bengaluru,Karnataka,12.9716,77.5946,plateau_temperate,2023-01-06,2023-01-15,9,11.5,88.4,18.9,18.9,53.8,49.9,997.7,17.6,6.1,0,1
REC_03240,Visakhapatnam,Andhra Pradesh,17.6868,83.2185,coastal_cyclonic,2023-01-07,2023-01-10,3,0.1,0.0,30.5,29.0,44.6,47.4,1004.1,0.0,0.5,0,1
REC_02337,Mumbai,Maharashtra,19.076,72.8777,coastal_heavy_monsoon,2023-01-07,2023-01-12,5,2.8,16.7,24.7,22.6,49.6,42.6,1011.0,3.1,0.3,0,1
REC_01262,Bengaluru,Karnataka,12.9716,77.5946,plateau_temperate,2023-01-07,2023-01-15,8,0.3,13.4,21.7,19.6,57.1,55.3,1009.0,10.2,9.9,0,1
REC_00601,Visakhapatnam,Andhra Pradesh,17.6868,83.2185,coastal_cyclonic,2023-01-07,2023-01-17,10,2.9,0.0,20.5,17.6,48.7,39.6,1011.6,0.0,18.0,0,1
REC_03357,Visakhapatnam,Andhra Pradesh,17.6868,83.2185,coastal_cyclonic,2023-01-08,2023-01-14,6,10.0,0.0,27.5,25.3,60.1,43.5,1004.5,13.5,3.5,0,1
REC_00084,Hyderabad,Telangana,17.385,78.4867,semi_arid,2023-01-09,2023-01-10,1,1.6,7.0,20.0,19.8,53.2,49.6,1010.8,0.1,1.5,0,1
REC_00714,Mumbai,Maharashtra,19.076,72.8777,coastal_heavy_monsoon,2023-01-09,2023-01-10,1,0.9,3.9,23.2,23.4,55.3,52.1,1010.8,0.0,0.9,0,1
REC_02187,Mumbai,Maharashtra,19.076,72.8777,coastal_heavy_monsoon,2023-01-09,2023-01-13,4,1.0,0.0,15.0,14.1,51.8,48.2,1019.1,0.0,6.2,0,1
REC_00733,Mumbai,Maharashtra,19.076,72.8777,coastal_heavy_monsoon,2023-01-09,2023-01-17,8,3.3,6.3,27.8,26.7,52.9,51.3,1000.8,0.1,3.2,0,1
REC_01581,Delhi,NCR,28.6139,77.209,continental_subtropical,2023-01-10,2023-01-12,2,0.7,6.2,22.3,21.7,62.5,65.9,1011.2,0.3,0.3,0,1
REC_02290,Bengaluru,Karnataka,12.9716,77.5946,plateau_temperate,2023-01-10,2023-01-13,3,0.8,1.5,23.4,24.0,41.8,44.3,1004.1,0.4,0.4,0,1
REC_02698,Bengaluru,Karnataka,12.9716,77.5946,plateau_temperate,2023-01-10,2023-01-15,5,1.4,17.9,20.5,17.1,65.1,82.2,1010.4,5.6,4.1,0,1
REC_00199,Mumbai,Maharashtra,19.076,72.8777,coastal_heavy_monsoon,2023-01-10,2023-01-18,8,4.2,13.2,25.1,24.4,56.0,46.2,1004.1,14.8,10.7,0,1
REC_00757,Krishna District,Andhra Pradesh,16.5062,80.648,coastal_humid,2023-01-10,2023-01-19,9,5.1,0.0,16.5,14.1,57.5,55.2,1016.4,5.6,0.5,0,1
REC_00697,Delhi,NCR,28.6139,77.209,continental_subtropical,2023-01-10,2023-01-20,10,1.9,0.0,23.5,26.6,35.8,41.6,1002.2,8.6,6.7,0,1
REC_01314,Hyderabad,Telangana,17.385,78.4867,semi_arid,2023-01-10,2023-01-20,10,7.2,43.0,25.8,28.2,51.5,49.3,1007.9,6.5,0.6,0,1
REC_01474,Hyderabad,Telangana,17.385,78.4867,semi_arid,2023-01-10,2023-01-20,10,2.2,12.1,27.0,28.1,45.2,50.7,1004.3,15.3,13.1,0,1
REC_03120,Mumbai,Maharashtra,19.076,72.8777,coastal_heavy_monsoon,2023-01-10,2023-01-20,10,1.5,2.9,24.7,27.4,61.8,49.8,1008.7,0.9,0.6,0,1
REC_02696,Visakhapatnam,Andhra Pradesh,17.6868,83.2185,coastal_cyclonic,2023-01-11,2023-01-15,4,3.1,0.0,27.7,30.7,55.7,54.1,1009.3,0.0,7.3,0,1
REC_03134,Hyderabad,Telangana,17.385,78.4867,semi_arid,2023-01-11,2023-01-16,5,1.7,16.9,29.7,27.4,38.4,44.3,1010.7,0.0,3.6,0,1
REC_01378,Krishna District,Andhra Pradesh,16.5062,80.648,coastal_humid,2023-01-11,2023-01-19,8,1.9,36.4,29.9,32.7,61.4,77.0,1016.0,0.0,14.8,0,1
REC_00061,Mumbai,Maharashtra,19.076,72.8777,coastal_heavy_monsoon,2023-01-12,2023-01-13,1,0.1,0.0,25.5,26.0,64.6,62.9,1011.4,0.6,0.5,0,1
REC_02032,Bengaluru,Karnataka,12.9716,77.5946,plateau_temperate,2023-01-12,2023-01-14,2,6.5,1.4,19.3,21.8,60.1,56.6,1002.9,8.0,1.5,0,1
REC_02039,Hyderabad,Telangana,17.385,78.4867,semi_arid,2023-01-12,2023-01-17,5,4.6,0.0,25.0,24.1,62.9,63.4,1010.0,0.0,6.9,0,1
REC_03137,Bengaluru,Karnataka,12.9716,77.5946,plateau_temperate,2023-01-12,2023-01-18,6,1.5,0.0,23.8,26.5,59.2,43.4,1010.5,0.5,1.0,0,1
REC_00359,Mumbai,Maharashtra,19.076,72.8777,coastal_heavy_monsoon,2023-01-13,2023-01-15,2,2.6,0.0,20.5,20.5,55.1,46.8,1002.3,1.1,1.5,0,1
REC_02597,Delhi,NCR,28.6139,77.209,continental_subtropical,2023-01-13,2023-01-17,4,0.3,0.0,26.1,28.8,55.7,59.1,1010.0,3.0,2.7,0,1
REC_01052,Mumbai,Maharashtra,19.076,72.8777,coastal_heavy_monsoon,2023-01-13,2023-01-23,10,7.0,0.0,27.8,28.0,29.1,15.0,1009.2,7.1,0.0,0,1
REC_01347,Visakhapatnam,Andhra Pradesh,17.6868,83.2185,coastal_cyclonic,2023-01-13,2023-01-23,10,1.6,31.0,25.9,24.1,58.5,57.3,1004.4,26.9,25.3,0,1
REC_01616,Hyderabad,Telangana,17.385,78.4867,semi_arid,2023-01-13,2023-01-23,10,13.8,8.2,19.2,18.6,56.8,43.2,1002.3,0.0,30.8,0,1
REC_00128,Bengaluru,Karnataka,12.9716,77.5946,plateau_temperate,2023-01-14,2023-01-18,4,0.0,0.0,29.3,27.5,56.7,54.8,999.8,1.2,1.2,0,1
REC_03338,Delhi,NCR,28.6139,77.209,continental_subtropical,2023-01-14,2023-01-19,5,4.1,0.0,24.0,18.9,51.3,61.8,1006.5,5.2,1.0,0,1
REC_03008,Bengaluru,Karnataka,12.9716,77.5946,plateau_temperate,2023-01-14,2023-01-21,7,1.9,5.6,21.6,25.0,55.7,64.5,1008.5,3.3,1.4,0,1
REC_00130,Visakhapatnam,Andhra Pradesh,17.6868,83.2185,coastal_cyclonic,2023-01-15,2023-01-16,1,6.1,2.7,25.1,26.1,62.2,62.8,1010.5,5.3,0.8,0,1
REC_03313,Visakhapatnam,Andhra Pradesh,17.6868,83.2185,coastal_cyclonic,2023-01-15,2023-01-23,8,0.4,12.0,23.2,21.3,55.8,78.1,1007.8,13.9,13.5,0,1
REC_01246,Mumbai,Maharashtra,19.076,72.8777,coastal_heavy_monsoon,2023-01-15,2023-01-24,9,4.7,5.4,25.2,22.5,52.4,48.6,1009.0,3.2,1.4,0,1
REC_00498,Hyderabad,Telangana,17.385,78.4867,semi_arid,2023-01-16,2023-01-17,1,0.5,4.9,23.4,22.3,57.6,58.1,1014.6,0.4,0.1,0,1
REC_02327,Mumbai,Maharashtra,19.076,72.8777,coastal_heavy_monsoon,2023-01-16,2023-01-17,1,3.3,8.8,26.5,26.9,48.4,50.5,1006.7,4.2,0.9,0,1
REC_02614,Delhi,NCR,28.6139,77.209,continental_subtropical,2023-01-16,2023-01-17,1,2.4,1.3,24.0,23.4,61.7,62.5,1007.3,2.6,0.3,0,1
REC_03124,Visakhapatnam,Andhra Pradesh,17.6868,83.2185,coastal_cyclonic,2023-01-16,2023-01-17,1,2.0,6.0,23.5,24.3,47.1,48.7,1004.5,2.5,0.5,0,1
REC_03162,Krishna District,Andhra Pradesh,16.5062,80.648,coastal_humid,2023-01-16,2023-01-17,1,1.2,0.0,21.5,21.1,65.0,59.1,1010.0,2.2,1.0,0,1
REC_03403,Krishna District,Andhra Pradesh,16.5062,80.648,coastal_humid,2023-01-16,2023-01-17,1,0.6,0.0,23.9,23.7,39.6,35.7,1013.5,0.3,0.3,0,1
REC_00194,Hyderabad,Telangana,17.385,78.4867,semi_arid,2023-01-16,2023-01-18,2,1.7,5.6,21.3,20.2,54.3,62.5,1007.5,0.0,3.0,0,1
REC_02393,Delhi,NCR,28.6139,77.209,continental_subtropical,2023-01-16,2023-01-19,3,2.1,11.7,21.1,21.6,46.4,42.1,1005.9,3.5,1.3,0,1
REC_02452,Mumbai,Maharashtra,19.076,72.8777,coastal_heavy_monsoon,2023-01-16,2023-01-24,8,1.9,7.9,29.1,24.4,63.5,65.3,1010.4,1.1,0.9,0,1
REC_00059,Visakhapatnam,Andhra Pradesh,17.6868,83.2185,coastal_cyclonic,2023-01-17,2023-01-19,2,0.6,0.0,26.2,25.7,52.7,49.1,1016.2,1.2,0.6,0,1
REC_00264,Mumbai,Maharashtra,19.076,72.8777,coastal_heavy_monsoon,2023-01-17,2023-01-20,3,6.7,5.5,22.0,22.4,61.8,58.5,1007.5,5.4,1.3,0,1
REC_00876,Hyderabad,Telangana,17.385,78.4867,semi_arid,2023-01-17,2023-01-26,9,1.6,0.0,22.2,17.2,58.5,60.8,1002.3,13.3,11.7,0,1
REC_01970,Mumbai,Maharashtra,19.076,72.8777,coastal_heavy_monsoon,2023-01-18,2023-01-19,1,0.7,8.9,26.9,27.1,56.0,57.5,1011.0,1.8,1.1,0,1
REC_01088,Hyderabad,Telangana,17.385,78.4867,semi_arid,2023-01-18,2023-01-23,5,0.7,0.0,23.8,28.5,58.8,48.0,1005.7,0.0,1.0,0,1
REC_02618,Delhi,NCR,28.6139,77.209,continental_subtropical,2023-01-18,2023-01-25,7,2.2,0.0,20.2,20.5,58.5,57.0,1010.6,20.2,18.1,0,1
REC_00251,Mumbai,Maharashtra,19.076,72.8777,coastal_heavy_monsoon,2023-01-18,2023-01-27,9,2.6,33.5,27.6,26.9,52.3,50.6,1009.7,0.0,20.8,0,1
REC_02198,Bengaluru,Karnataka,12.9716,77.5946,plateau_temperate,2023-01-18,2023-01-27,9,0.8,39.3,26.4,25.5,45.6,15.0,1003.6,12.0,11.2,0,1
REC_01460,Hyderabad,Telangana,17.385,78.4867,semi_arid,2023-01-18,2023-01-28,10,1.2,42.8,25.6,24.3,58.0,79.5,1010.3,13.5,12.3,0,1
REC_03447,Hyderabad,Telangana,17.385,78.4867,semi_arid,2023-01-18,2023-01-28,10,3.0,0.0,28.2,24.6,45.5,81.4,1009.6,9.7,6.7,0,1
REC_02172,Delhi,NCR,28.6139,77.209,continental_subtropical,2023-01-19,2023-01-24,5,1.2,0.0,22.9,20.8,52.2,50.7,1012.1,5.8,4.6,0,1
REC_00239,Hyderabad,Telangana,17.385,78.4867,semi_arid,2023-01-19,2023-01-25,6,7.5,42.3,18.5,20.5,49.5,40.4,1000.7,0.0,9.6,0,1
REC_02709,Hyderabad,Telangana,17.385,78.4867,semi_arid,2023-01-20,2023-01-22,2,1.5,11.6,25.1,26.4,44.5,40.5,1014.8,0.0,2.3,0,1
REC_00017,Delhi,NCR,28.6139,77.209,continental_subtropical,2023-01-20,2023-01-25,5,0.3,0.4,22.5,21.7,62.4,67.6,1014.8,0.0,5.7,0,1
REC_01521,Hyderabad,Telangana,17.385,78.4867,semi_arid,2023-01-20,2023-01-26,6,0.1,0.0,21.0,21.1,57.6,52.1,1010.2,11.0,10.9,0,1
REC_03081,Visakhapatnam,Andhra Pradesh,17.6868,83.2185,coastal_cyclonic,2023-01-21,2023-01-23,2,4.1,11.2,17.8,16.2,47.2,40.8,1008.8,4.3,0.1,0,1
REC_00273,Krishna District,Andhra Pradesh,16.5062,80.648,coastal_humid,2023-01-21,2023-01-31,10,2.2,0.0,23.3,24.3,56.5,70.4,1011.9,14.1,11.8,0,1
REC_02662,Delhi,NCR,28.6139,77.209,continental_subtropical,2023-01-22,2023-01-30,8,0.7,43.1,27.5,19.2,56.4,42.0,999.5,0.0,7.9,0,1
REC_01721,Visakhapatnam,Andhra Pradesh,17.6868,83.2185,coastal_cyclonic,2023-01-23,2023-01-24,1,1.9,9.8,24.5,26.1,57.4,56.2,1010.8,1.7,0.2,0,1
REC_02213,Bengaluru,Karnataka,12.9716,77.5946,plateau_temperate,2023-01-23,2023-01-26,3,0.7,0.0,23.2,24.3,52.4,45.6,1015.2,6.0,5.3,0,1
REC_01217,Delhi,NCR,28.6139,77.209,continental_subtropical,2023-01-23,2023-01-31,8,2.1,0.0,27.6,28.4,49.0,51.2,1012.2,0.6,1.5,0,1
REC_01624,Delhi,NCR,28.6139,77.209,continental_subtropical,2023-01-23,2023-02-01,9,1.5,0.0,26.5,25.0,35.3,37.0,1007.4,0.0,16.3,0,2
REC_02430,Bengaluru,Karnataka,12.9716,77.5946,plateau_temperate,2023-01-24,2023-01-25,1,1.8,5.6,25.9,26.5,52.2,52.3,1001.3,1.3,0.6,0,1
REC_00850,Bengaluru,Karnataka,12.9716,77.5946,plateau_temperate,2023-01-24,2023-01-31,7,8.0,2.0,25.8,19.0,63.7,65.7,1017.5,22.5,14.4,0,1
REC_01452,Delhi,NCR,28.6139,77.209,continental_subtropical,2023-01-24,2023-02-03,10,0.1,33.7,28.4,33.8,55.9,59.4,1006.2,4.4,4.4,0,2
REC_02805,Krishna District,Andhra Pradesh,16.5062,80.648,coastal_humid,2023-01-25,2023-01-26,1,1.0,0.0,24.5,24.7,51.8,53.0,1012.5,0.6,0.4,0,1
REC_01988,Mumbai,Maharashtra,19.076,72.8777,coastal_heavy_monsoon,2023-01-25,2023-01-27,2,0.0,1.7,20.9,17.7,47.9,46.7,1007.1,3.5,3.5,0,1
REC_01028,Mumbai,Maharashtra,19.076,72.8777,coastal_heavy_monsoon,2023-01-25,2023-01-28,3,4.2,4.0,24.7,27.0,57.6,62.7,1010.3,0.2,4.0,0,1
REC_01647,Visakhapatnam,Andhra Pradesh,17.6868,83.2185,coastal_cyclonic,2023-01-25,2023-01-30,5,4.1,13.0,24.6,20.2,59.8,67.0,1007.8,2.9,1.2,0,1
REC_01788,Mumbai,Maharashtra,19.076,72.8777,coastal_heavy_monsoon,2023-01-25,2023-01-30,5,1.2,8.7,20.2,21.1,59.8,56.7,1002.4,3.1,1.9,0,1
REC_02531,Bengaluru,Karnataka,12.9716,77.5946,plateau_temperate,2023-01-25,2023-02-01,7,0.5,13.9,24.6,25.1,61.8,39.5,1008.4,3.7,3.2,0,2
REC_02804,Delhi,NCR,28.6139,77.209,continental_subtropical,2023-01-25,2023-02-03,9,0.1,6.0,21.5,27.1,67.5,60.1,1007.4,0.0,3.4,0,2
REC_00996,Hyderabad,Telangana,17.385,78.4867,semi_arid,2023-01-26,2023-01-28,2,2.6,1.6,18.8,18.1,56.7,59.3,1010.5,1.2,1.4,0,1
REC_02706,Bengaluru,Karnataka,12.9716,77.5946,plateau_temperate,2023-01-26,2023-01-31,5,0.6,0.0,26.2,30.0,51.5,44.3,1007.2,12.8,12.3,0,1
REC_00358,Delhi,NCR,28.6139,77.209,continental_subtropical,2023-01-26,2023-02-03,8,1.3,55.3,25.0,23.8,54.7,58.2,1004.6,0.0,6.8,0,2
REC_02720,Bengaluru,Karnataka,12.9716,77.5946,plateau_temperate,2023-01-26,2023-02-04,9,0.7,23.1,21.9,24.9,68.2,63.9,1011.0,0.0,18.2,0,2
REC_02348,Hyderabad,Telangana,17.385,78.4867,semi_arid,2023-01-27,2023-02-04,8,10.4,0.0,20.5,20.8,48.6,46.4,1015.3,0.0,25.9,0,2
REC_00369,Bengaluru,Karnataka,12.9716,77.5946,plateau_temperate,2023-01-28,2023-02-03,6,0.8,54.7,23.8,20.8,62.1,80.0,1014.4,2.5,1.7,0,2
REC_00545,Krishna District,Andhra Pradesh,16.5062,80.648,coastal_humid,2023-01-28,2023-02-03,6,0.9,16.2,15.3,15.8,59.7,74.7,1008.3,0.0,3.9,0,2
REC_01699,Hyderabad,Telangana,17.385,78.4867,semi_arid,2023-01-28,2023-02-06,9,2.6,0.0,25.5,25.8,61.1,64.9,1009.0,16.7,14.1,0,2
REC_03069,Delhi,NCR,28.6139,77.209,continental_subtropical,2023-01-29,2023-01-30,1,5.5,0.0,27.1,27.7,53.2,52.1,998.4,3.8,1.7,0,1
REC_02031,Krishna District,Andhra Pradesh,16.5062,80.648,coastal_humid,2023-01-29,2023-02-05,7,4.9,21.1,23.9,24.4,44.5,44.2,1012.3,0.0,13.3,0,2
REC_02807,Hyderabad,Telangana,17.385,78.4867,semi_arid,2023-01-29,2023-02-05,7,6.2,0.3,27.9,29.8,46.0,37.9,1009.1,9.5,3.3,0,2
REC_01075,Hyderabad,Telangana,17.385,78.4867,semi_arid,2023-01-30,2023-02-01,2,3.1,0.0,25.1,25.6,59.5,54.3,1008.4,1.0,2.1,0,2
REC_02102,Visakhapatnam,Andhra Pradesh,17.6868,83.2185,coastal_cyclonic,2023-01-30,2023-02-01,2,3.5,2.9,23.7,23.8,51.7,56.5,1001.1,2.4,1.1,0,2
REC_03125,Mumbai,Maharashtra,19.076,72.8777,coastal_heavy_monsoon,2023-01-30,2023-02-04,5,4.7,0.0,23.7,22.6,55.5,64.6,1007.1,8.0,3.3,0,2
REC_00483,Delhi,NCR,28.6139,77.209,continental_subtropical,2023-01-30,2023-02-07,8,1.4,0.0,28.4,31.9,61.5,83.6,1007.6,6.8,5.4,0,2
REC_02651,Krishna District,Andhra Pradesh,16.5062,80.648,coastal_humid,2023-01-30,2023-02-08,9,1.0,15.7,23.1,25.5,60.8,74.0,1002.0,0.0,6.3,0,2
REC_02011,Bengaluru,Karnataka,12.9716,77.5946,plateau_temperate,2023-01-31,2023-02-03,3,2.8,33.2,21.1,21.6,57.2,60.6,1007.1,0.0,3.3,0,2
REC_03455,Delhi,NCR,28.6139,77.209,continental_subtropical,2023-01-31,2023-02-03,3,3.4,15.0,22.7,22.4,66.1,58.0,1009.4,4.9,1.4,0,2
REC_00305,Delhi,NCR,28.6139,77.209,continental_subtropical,2023-01-31,2023-02-10,10,1.0,41.7,22.5,20.1,41.7,32.7,1002.7,0.0,1.2,0,2
REC_01374,Delhi,NCR,28.6139,77.209,continental_subtropical,2023-01-31,2023-02-10,10,0.8,0.0,17.6,23.5,50.9,36.9,1005.8,16.6,15.7,0,2
REC_01857,Bengaluru,Karnataka,12.9716,77.5946,plateau_temperate,2023-01-31,2023-02-10,10,4.0,0.0,21.8,27.1,59.1,73.9,1004.0,5.8,1.8,0,2
REC_00049,Hyderabad,Telangana,17.385,78.4867,semi_arid,2023-02-01,2023-02-02,1,3.0,2.4,22.7,23.4,69.9,65.2,1012.8,1.5,1.5,0,2
REC_03027,Delhi,NCR,28.6139,77.209,continental_subtropical,2023-02-01,2023-02-03,2,0.3,0.0,22.9,22.6,43.7,38.8,1006.1,0.0,1.3,0,2
REC_00256,Visakhapatnam,Andhra Pradesh,17.6868,83.2185,coastal_cyclonic,2023-02-01,2023-02-04,3,0.2,1.7,19.1,19.1,48.7,44.1,1006.8,6.5,6.3,0,2
REC_00738,Bengaluru,Karnataka,12.9716,77.5946,plateau_temperate,2023-02-01,2023-02-10,9,0.2,0.0,26.3,31.2,54.9,37.5,1004.1,0.9,0.6,0,2
REC_00520,Hyderabad,Telangana,17.385,78.4867,semi_arid,2023-02-02,2023-02-04,2,5.7,8.9,20.3,19.5,60.6,61.4,1019.3,5.9,0.2,0,2
REC_00710,Krishna District,Andhra Pradesh,16.5062,80.648,coastal_humid,2023-02-02,2023-02-06,4,4.1,34.2,22.1,20.2,65.5,63.1,1008.8,4.9,0.8,0,2
REC_03230,Krishna District,Andhra Pradesh,16.5062,80.648,coastal_humid,2023-02-02,2023-02-07,5,2.7,32.0,20.8,21.9,43.3,48.2,1012.8,0.0,10.7,0,2
REC_02956,Krishna District,Andhra Pradesh,16.5062,80.648,coastal_humid,2023-02-02,2023-02-09,7,1.3,0.0,25.2,25.4,60.9,59.3,1015.9,0.0,1.7,0,2
REC_01705,Bengaluru,Karnataka,12.9716,77.5946,plateau_temperate,2023-02-02,2023-02-12,10,0.9,15.0,25.7,29.0,44.2,36.6,1007.0,0.7,0.2,0,2
REC_02418,Delhi,NCR,28.6139,77.209,continental_subtropical,2023-02-03,2023-02-10,7,13.3,0.0,26.8,29.1,63.8,76.9,1009.3,15.4,2.1,0,2
REC_00848,Delhi,NCR,28.6139,77.209,continental_subtropical,2023-02-05,2023-02-14,9,0.6,0.0,16.0,13.1,62.3,64.7,1009.7,1.4,0.8,0,2
REC_02005,Bengaluru,Karnataka,12.9716,77.5946,plateau_temperate,2023-02-05,2023-02-15,10,0.5,0.0,21.4,18.7,62.4,36.7,1010.8,0.0,3.5,0,2
REC_00712,Krishna District,Andhra Pradesh,16.5062,80.648,coastal_humid,2023-02-06,2023-02-07,1,3.3,5.4,17.1,16.9,51.1,53.1,1013.3,4.0,0.8,0,2
REC_00157,Krishna District,Andhra Pradesh,16.5062,80.648,coastal_humid,2023-02-06,2023-02-14,8,2.7,30.8,25.6,30.8,49.1,31.3,1006.6,0.0,5.4,0,2
REC_03376,Hyderabad,Telangana,17.385,78.4867,semi_arid,2023-02-07,2023-02-09,2,4.8,1.0,28.2,27.7,56.1,53.9,1003.2,3.5,1.3,0,2
REC_02469,Delhi,NCR,28.6139,77.209,continental_subtropical,2023-02-07,2023-02-10,3,2.6,17.2,24.7,24.0,49.7,49.8,1004.0,0.0,4.9,0,2
REC_03186,Delhi,NCR,28.6139,77.209,continental_subtropical,2023-02-07,2023-02-14,7,2.2,0.0,26.3,28.5,44.7,41.0,1006.4,0.0,8.1,0,2
REC_00640,Visakhapatnam,Andhra Pradesh,17.6868,83.2185,coastal_cyclonic,2023-02-08,2023-02-13,5,0.9,20.4,24.9,24.4,57.3,57.8,1007.4,0.0,3.7,0,2
REC_02372,Krishna District,Andhra Pradesh,16.5062,80.648,coastal_humid,2023-02-08,2023-02-16,8,10.3,39.2,18.9,15.4,54.7,49.9,1009.4,15.9,5.6,0,2
REC_02686,Hyderabad,Telangana,17.385,78.4867,semi_arid,2023-02-09,2023-02-10,1,3.7,10.0,23.3,23.4,49.0,41.8,1006.2,2.5,1.2,0,2
REC_03003,Mumbai,Maharashtra,19.076,72.8777,coastal_heavy_monsoon,2023-02-09,2023-02-11,2,5.8,17.1,23.3,23.8,61.6,58.3,1009.7,6.6,0.9,0,2
REC_01029,Krishna District,Andhra Pradesh,16.5062,80.648,coastal_humid,2023-02-09,2023-02-13,4,15.1,32.8,25.8,29.3,44.5,41.2,1005.8,15.3,0.2,0,2
REC_02045,Visakhapatnam,Andhra Pradesh,17.6868,83.2185,coastal_cyclonic,2023-02-09,2023-02-15,6,3.1,11.3,21.9,23.4,49.5,50.2,1006.0,15.8,12.8,0,2
REC_00464,Krishna District,Andhra Pradesh,16.5062,80.648,coastal_humid,2023-02-09,2023-02-17,8,5.9,0.0,22.9,20.4,71.4,83.9,1008.0,0.0,9.3,0,2
REC_00707,Visakhapatnam,Andhra Pradesh,17.6868,83.2185,coastal_cyclonic,2023-02-09,2023-02-17,8,0.5,0.0,21.6,23.8,48.7,43.8,1015.2,0.0,10.3,0,2
REC_01696,Krishna District,Andhra Pradesh,16.5062,80.648,coastal_humid,2023-02-09,2023-02-18,9,9.0,52.3,25.4,24.6,52.4,62.3,1008.7,0.0,16.1,0,2
REC_00249,Krishna District,Andhra Pradesh,16.5062,80.648,coastal_humid,2023-02-10,2023-02-12,2,0.4,0.3,22.0,22.4,62.0,63.1,1007.5,2.7,2.3,0,2
REC_01587,Krishna District,Andhra Pradesh,16.5062,80.648,coastal_humid,2023-02-10,2023-02-13,3,0.9,4.3,21.7,22.0,64.7,62.7,1000.3,5.7,4.8,0,2
REC_00073,Krishna District,Andhra Pradesh,16.5062,80.648,coastal_humid,2023-02-10,2023-02-14,4,0.7,0.0,23.0,23.7,52.4,50.6,1010.2,0.0,5.0,0,2
REC_02818,Delhi,NCR,28.6139,77.209,continental_subtropical,2023-02-10,2023-02-14,4,0.9,15.8,23.7,22.0,58.0,64.3,1003.3,4.8,3.9,0,2
REC_02341,Bengaluru,Karnataka,12.9716,77.5946,plateau_temperate,2023-02-10,2023-02-16,6,4.9,16.5,22.6,25.4,39.4,40.5,1006.0,0.0,13.8,0,2
REC_00119,Delhi,NCR,28.6139,77.209,continental_subtropical,2023-02-11,2023-02-13,2,1.3,0.5,22.6,20.3,56.0,59.2,1009.5,2.3,1.0,0,2
REC_00550,Hyderabad,Telangana,17.385,78.4867,semi_arid,2023-02-11,2023-02-13,2,0.2,0.0,22.2,20.5,67.1,66.2,1010.4,0.0,1.0,0,2
REC_01022,Mumbai,Maharashtra,19.076,72.8777,coastal_heavy_monsoon,2023-02-11,2023-02-20,9,0.1,0.0,21.4,25.4,43.4,53.8,1009.8,0.0,5.7,0,2
REC_00272,Mumbai,Maharashtra,19.076,72.8777,coastal_heavy_monsoon,2023-02-12,2023-02-13,1,1.9,7.3,24.0,24.6,55.2,57.5,1010.2,2.8,0.9,0,2
REC_01596,Visakhapatnam,Andhra Pradesh,17.6868,83.2185,coastal_cyclonic,2023-02-12,2023-02-13,1,2.6,0.0,25.2,25.0,53.2,52.8,1006.4,2.1,0.4,0,2
REC_02764,Krishna District,Andhra Pradesh,16.5062,80.648,coastal_humid,2023-02-12,2023-02-14,2,10.1,0.0,25.1,24.2,56.2,56.7,1003.1,9.5,0.6,0,2
REC_03056,Delhi,NCR,28.6139,77.209,continental_subtropical,2023-02-12,2023-02-16,4,3.1,24.0,22.6,23.1,47.5,54.4,1007.9,0.0,3.2,0,2
REC_01504,Hyderabad,Telangana,17.385,78.4867,semi_arid,2023-02-12,2023-02-21,9,2.4,0.0,23.4,21.3,60.2,76.0,1013.9,15.2,12.9,0,2
REC_01528,Delhi,NCR,28.6139,77.209,continental_subtropical,2023-02-13,2023-02-15,2,5.1,11.3,21.2,22.1,49.9,51.9,1014.6,3.2,1.9,0,2
REC_03493,Krishna District,Andhra Pradesh,16.5062,80.648,coastal_humid,2023-02-13,2023-02-16,3,0.4,0.0,28.7,29.4,62.4,64.2,1009.2,0.0,6.2,0,2
REC_00807,Hyderabad,Telangana,17.385,78.4867,semi_arid,2023-02-13,2023-02-17,4,0.7,7.0,26.0,27.2,46.8,56.6,1006.7,7.7,7.1,0,2
REC_02024,Bengaluru,Karnataka,12.9716,77.5946,plateau_temperate,2023-02-13,2023-02-19,6,1.6,0.0,22.8,22.9,55.6,47.7,1015.7,0.0,6.1,0,2
REC_01388,Mumbai,Maharashtra,19.076,72.8777,coastal_heavy_monsoon,2023-02-13,2023-02-20,7,3.2,17.3,22.1,21.5,52.7,48.7,1005.5,11.9,8.7,0,2
REC_02286,Mumbai,Maharashtra,19.076,72.8777,coastal_heavy_monsoon,2023-02-13,2023-02-21,8,0.9,0.0,22.5,21.7,57.1,47.8,1002.0,10.6,9.7,0,2
REC_01912,Hyderabad,Telangana,17.385,78.4867,semi_arid,2023-02-14,2023-02-17,3,7.0,10.2,26.8,27.7,54.5,53.8,1006.0,9.2,2.1,0,2
REC_02760,Visakhapatnam,Andhra Pradesh,17.6868,83.2185,coastal_cyclonic,2023-02-14,2023-02-18,4,1.4,2.0,22.9,24.7,58.8,69.0,1012.0,9.2,7.8,0,2
REC_00469,Hyderabad,Telangana,17.385,78.4867,semi_arid,2023-02-14,2023-02-24,10,1.2,28.4,23.9,21.6,49.2,43.9,1006.8,8.5,7.2,0,2
REC_01142,Visakhapatnam,Andhra Pradesh,17.6868,83.2185,coastal_cyclonic,2023-02-14,2023-02-24,10,9.1,32.6,26.0,22.4,54.5,39.4,1006.9,14.0,4.8,0,2
REC_00518,Hyderabad,Telangana,17.385,78.4867,semi_arid,2023-02-15,2023-02-16,1,0.3,0.0,21.6,20.7,67.8,58.7,1011.2,0.0,0.7,0,2
REC_03469,Bengaluru,Karnataka,12.9716,77.5946,plateau_temperate,2023-02-15,2023-02-21,6,0.7,27.6,24.6,23.6,70.1,83.4,1007.6,13.7,13.0,0,2
REC_03372,Mumbai,Maharashtra,19.076,72.8777,coastal_heavy_monsoon,2023-02-15,2023-02-25,10,1.2,0.0,27.0,28.3,47.1,58.4,1000.8,0.0,17.3,0,2
REC_00696,Bengaluru,Karnataka,12.9716,77.5946,plateau_temperate,2023-02-16,2023-02-17,1,0.7,0.0,21.7,21.7,51.9,48.1,1000.1,1.1,0.5,0,2
REC_02853,Visakhapatnam,Andhra Pradesh,17.6868,83.2185,coastal_cyclonic,2023-02-16,2023-02-20,4,3.4,0.0,25.6,25.6,45.8,40.9,1008.9,7.2,3.8,0,2
REC_02700,Hyderabad,Telangana,17.385,78.4867,semi_arid,2023-02-16,2023-02-25,9,3.2,49.8,24.5,21.2,57.2,33.4,1003.4,0.0,15.0,0,2
REC_02401,Hyderabad,Telangana,17.385,78.4867,semi_arid,2023-02-16,2023-02-26,10,2.1,68.3,21.8,17.4,59.7,53.0,1007.4,0.0,7.1,0,2
REC_00966,Visakhapatnam,Andhra Pradesh,17.6868,83.2185,coastal_cyclonic,2023-02-17,2023-02-19,2,2.3,5.3,20.3,22.3,56.7,55.6,1006.1,4.6,2.3,0,2
REC_02304,Bengaluru,Karnataka,12.9716,77.5946,plateau_temperate,2023-02-17,2023-02-22,5,6.1,63.9,29.9,29.0,49.3,51.8,1008.8,0.0,6.1,0,2
REC_00399,Delhi,NCR,28.6139,77.209,continental_subtropical,2023-02-17,2023-02-23,6,1.1,23.0,17.3,16.1,65.1,57.4,1006.7,3.9,2.8,0,2
REC_02846,Bengaluru,Karnataka,12.9716,77.5946,plateau_temperate,2023-02-17,2023-02-23,6,5.1,0.0,26.5,26.5,49.4,44.3,1006.7,8.0,2.9,0,2
REC_03253,Bengaluru,Karnataka,12.9716,77.5946,plateau_temperate,2023-02-18,2023-02-26,8,2.3,34.8,26.2,22.6,46.1,43.9,1005.2,19.8,17.5,0,2
REC_01425,Bengaluru,Karnataka,12.9716,77.5946,plateau_temperate,2023-02-19,2023-02-23,4,1.3,14.9,24.2,22.1,53.6,59.9,1013.8,7.5,6.2,0,2
REC_00350,Visakhapatnam,Andhra Pradesh,17.6868,83.2185,coastal_cyclonic,2023-02-19,2023-02-27,8,3.3,23.8,29.5,30.8,52.3,57.7,1009.4,0.0,18.6,0,2
REC_03136,Delhi,NCR,28.6139,77.209,continental_subtropical,2023-02-19,2023-03-01,10,1.3,0.0,33.7,34.8,54.3,32.9,1008.7,0.0,17.0,0,3
REC_01163,Delhi,NCR,28.6139,77.209,continental_subtropical,2023-02-20,2023-03-01,9,3.0,50.6,36.8,34.7,45.5,50.8,1003.9,0.0,9.3,0,3
REC_02916,Visakhapatnam,Andhra Pradesh,17.6868,83.2185,coastal_cyclonic,2023-02-21,2023-02-23,2,1.6,0.0,27.9,28.6,59.2,54.9,1015.7,0.0,1.7,0,2
REC_00959,Delhi,NCR,28.6139,77.209,continental_subtropical,2023-02-21,2023-02-24,3,3.6,0.0,20.9,21.7,46.5,45.1,1012.2,6.8,3.2,0,2
REC_03122,Mumbai,Maharashtra,19.076,72.8777,coastal_heavy_monsoon,2023-02-21,2023-02-26,5,14.4,18.1,21.0,22.6,68.0,77.8,1010.8,4.3,10.1,0,2
REC_02874,Visakhapatnam,Andhra Pradesh,17.6868,83.2185,coastal_cyclonic,2023-02-21,2023-02-28,7,1.8,7.7,20.5,24.6,53.2,46.4,1009.7,9.6,7.7,0,2
REC_01784,Hyderabad,Telangana,17.385,78.4867,semi_arid,2023-02-21,2023-03-02,9,0.3,1.2,35.0,32.7,43.6,48.2,1011.3,0.0,21.6,0,3
REC_02496,Hyderabad,Telangana,17.385,78.4867,semi_arid,2023-02-21,2023-03-02,9,0.4,4.0,31.2,27.7,78.4,68.2,1015.4,0.0,0.7,0,3
REC_02323,Visakhapatnam,Andhra Pradesh,17.6868,83.2185,coastal_cyclonic,2023-02-22,2023-02-25,3,0.2,0.0,24.4,22.1,45.8,45.8,1009.7,3.1,2.9,0,2
REC_02363,Bengaluru,Karnataka,12.9716,77.5946,plateau_temperate,2023-02-22,2023-02-25,3,5.1,11.9,27.6,28.5,46.6,43.3,1005.7,2.8,2.4,0,2
REC_00189,Krishna District,Andhra Pradesh,16.5062,80.648,coastal_humid,2023-02-22,2023-03-01,7,2.9,0.0,31.5,28.3,46.1,41.4,1009.1,0.0,14.6,0,3
REC_03332,Delhi,NCR,28.6139,77.209,continental_subtropical,2023-02-22,2023-03-03,9,0.8,0.0,32.4,29.9,59.2,54.9,1007.6,0.0,15.2,0,3
REC_01065,Hyderabad,Telangana,17.385,78.4867,semi_arid,2023-02-23,2023-02-25,2,3.7,18.0,22.2,21.3,52.1,62.6,1000.3,2.5,1.2,0,2
REC_00093,Hyderabad,Telangana,17.385,78.4867,semi_arid,2023-02-23,2023-02-27,4,6.1,35.2,26.9,28.1,54.8,50.5,1006.7,0.0,6.5,0,2
REC_01236,Krishna District,Andhra Pradesh,16.5062,80.648,coastal_humid,2023-02-23,2023-03-01,6,3.4,53.6,24.3,24.1,52.6,66.4,1005.2,4.0,0.6,0,3
REC_02449,Hyderabad,Telangana,17.385,78.4867,semi_arid,2023-02-23,2023-03-01,6,2.0,0.0,32.4,30.7,45.9,40.2,1006.9,0.0,13.4,0,3
REC_00744,Krishna District,Andhra Pradesh,16.5062,80.648,coastal_humid,2023-02-23,2023-03-04,9,8.5,0.0,32.2,34.0,52.7,44.4,1007.6,0.0,43.1,0,3
REC_01431,Hyderabad,Telangana,17.385,78.4867,semi_arid,2023-02-23,2023-03-04,9,4.5,0.0,31.9,31.0,61.1,70.8,1005.0,2.3,2.1,0,3
REC_02312,Delhi,NCR,28.6139,77.209,continental_subtropical,2023-02-23,2023-03-04,9,1.0,0.0,32.6,37.4,53.7,59.1,1006.5,0.0,2.5,0,3
REC_00111,Delhi,NCR,28.6139,77.209,continental_subtropical,2023-02-24,2023-02-27,3,0.8,0.0,31.1,31.9,62.5,65.5,1004.6,0.2,0.5,0,2
REC_02671,Visakhapatnam,Andhra Pradesh,17.6868,83.2185,coastal_cyclonic,2023-02-24,2023-02-27,3,10.6,0.0,22.1,18.8,57.5,58.7,1010.2,15.5,4.9,0,2
REC_00945,Krishna District,Andhra Pradesh,16.5062,80.648,coastal_humid,2023-02-24,2023-02-28,4,8.9,35.2,23.2,23.2,51.3,48.5,1012.8,9.0,0.1,0,2
REC_00553,Krishna District,Andhra Pradesh,16.5062,80.648,coastal_humid,2023-02-24,2023-03-01,5,0.2,1.4,29.6,29.8,47.9,59.0,1014.1,0.0,0.2,0,3
REC_01553,Visakhapatnam,Andhra Pradesh,17.6868,83.2185,coastal_cyclonic,2023-02-25,2023-02-27,2,4.0,11.2,21.1,21.2,45.8,50.6,1012.4,5.6,1.6,0,2
REC_00884,Bengaluru,Karnataka,12.9716,77.5946,plateau_temperate,2023-02-25,2023-03-03,6,4.2,16.4,32.9,29.5,50.8,46.6,1002.7,0.8,3.4,0,3
REC_00963,Krishna District,Andhra Pradesh,16.5062,80.648,coastal_humid,2023-02-25,2023-03-07,10,6.5,7.3,31.9,23.0,60.0,58.2,1011.3,30.6,24.1,0,3
REC_03318,Delhi,NCR,28.6139,77.209,continental_subtropical,2023-02-26,2023-03-03,5,1.5,6.8,29.8,31.0,61.5,52.8,1006.8,0.0,11.8,0,3
REC_01109,Bengaluru,Karnataka,12.9716,77.5946,plateau_temperate,2023-02-26,2023-03-05,7,1.7,0.0,33.1,29.5,53.5,49.3,1002.9,0.0,10.9,0,3
REC_01218,Hyderabad,Telangana,17.385,78.4867,semi_arid,2023-02-26,2023-03-06,8,0.7,93.7,36.5,34.9,43.1,46.2,1013.2,2.6,1.9,0,3
REC_01084,Delhi,NCR,28.6139,77.209,continental_subtropical,2023-02-27,2023-03-01,2,1.4,0.0,32.5,33.2,53.1,62.8,1002.8,1.0,0.4,0,3
REC_01646,Visakhapatnam,Andhra Pradesh,17.6868,83.2185,coastal_cyclonic,2023-02-27,2023-03-05,6,7.2,10.6,33.7,34.9,53.5,43.1,1009.2,4.6,2.7,0,3
REC_00054,Visakhapatnam,Andhra Pradesh,17.6868,83.2185,coastal_cyclonic,2023-02-27,2023-03-08,9,3.3,0.0,34.6,40.1,42.7,44.2,1013.1,0.0,4.6,0,3
REC_03445,Mumbai,Maharashtra,19.076,72.8777,coastal_heavy_monsoon,2023-02-28,2023-03-04,4,11.1,0.0,32.1,31.8,47.1,46.3,1015.8,16.1,5.0,0,3
REC_01669,Krishna District,Andhra Pradesh,16.5062,80.648,coastal_humid,2023-02-28,2023-03-07,7,4.3,4.0,39.2,37.2,60.0,48.9,1009.0,4.2,0.1,0,3
REC_00299,Mumbai,Maharashtra,19.076,72.8777,coastal_heavy_monsoon,2023-03-01,2023-03-02,1,1.5,2.4,32.8,33.8,58.6,64.5,1011.1,2.3,0.8,0,3
REC_02244,Bengaluru,Karnataka,12.9716,77.5946,plateau_temperate,2023-03-01,2023-03-02,1,3.8,3.8,34.1,34.7,52.4,55.6,1012.1,4.7,0.9,0,3
REC_00021,Delhi,NCR,28.6139,77.209,continental_subtropical,2023-03-01,2023-03-03,2,0.0,4.0,33.5,32.5,45.3,42.0,1012.2,0.0,2.6,0,3
REC_00533,Mumbai,Maharashtra,19.076,72.8777,coastal_heavy_monsoon,2023-03-01,2023-03-03,2,1.5,0.0,30.7,31.1,54.7,55.7,999.2,0.0,2.6,0,3
REC_02454,Mumbai,Maharashtra,19.076,72.8777,coastal_heavy_monsoon,2023-03-01,2023-03-04,3,1.3,0.0,28.5,25.3,48.4,56.6,1009.3,0.4,0.9,0,3
REC_00766,Hyderabad,Telangana,17.385,78.4867,semi_arid,2023-03-01,2023-03-08,7,2.1,75.9,32.3,33.3,65.9,59.8,1008.5,0.0,8.5,0,3
REC_00593,Krishna District,Andhra Pradesh,16.5062,80.648,coastal_humid,2023-03-01,2023-03-09,8,0.0,12.6,38.0,36.1,50.3,34.6,1014.7,4.9,4.9,0,3
REC_00286,Visakhapatnam,Andhra Pradesh,17.6868,83.2185,coastal_cyclonic,2023-03-01,2023-03-10,9,4.2,0.0,28.2,21.2,40.1,51.5,1012.0,13.7,9.5,0,3
REC_00907,Bengaluru,Karnataka,12.9716,77.5946,plateau_temperate,2023-03-02,2023-03-08,6,1.9,7.3,36.0,37.2,52.6,37.6,1007.2,0.0,3.6,0,3
REC_02559,Krishna District,Andhra Pradesh,16.5062,80.648,coastal_humid,2023-03-03,2023-03-04,1,1.5,2.6,34.9,35.7,61.4,60.1,1011.8,2.5,1.1,0,3
REC_00899,Delhi,NCR,28.6139,77.209,continental_subtropical,2023-03-03,2023-03-10,7,0.0,10.5,30.8,30.2,68.7,72.7,1015.8,0.0,8.6,0,3
REC_02562,Krishna District,Andhra Pradesh,16.5062,80.648,coastal_humid,2023-03-03,2023-03-12,9,9.8,82.5,27.3,35.2,44.3,46.9,1001.9,23.2,13.3,0,3
REC_01025,Bengaluru,Karnataka,12.9716,77.5946,plateau_temperate,2023-03-04,2023-03-07,3,4.2,7.1,30.9,31.3,49.4,56.9,1006.4,7.8,3.5,0,3
REC_00232,Bengaluru,Karnataka,12.9716,77.5946,plateau_temperate,2023-03-05,2023-03-10,5,3.6,0.0,36.2,36.8,49.3,53.4,1001.9,15.3,11.7,0,3
REC_01523,Bengaluru,Karnataka,12.9716,77.5946,plateau_temperate,2023-03-05,2023-03-13,8,4.9,0.0,33.8,40.6,46.8,64.8,1003.3,13.0,8.1,0,3
REC_01556,Delhi,NCR,28.6139,77.209,continental_subtropical,2023-03-06,2023-03-11,5,3.9,5.0,33.9,39.3,49.5,52.4,1007.7,4.4,0.5,0,3
REC_02830,Visakhapatnam,Andhra Pradesh,17.6868,83.2185,coastal_cyclonic,2023-03-06,2023-03-14,8,1.9,76.4,35.4,39.2,58.8,63.2,1001.9,13.1,11.1,0,3
REC_01538,Mumbai,Maharashtra,19.076,72.8777,coastal_heavy_monsoon,2023-03-06,2023-03-15,9,0.9,0.0,31.4,33.6,49.8,40.5,1011.4,0.6,0.3,0,3
REC_02772,Delhi,NCR,28.6139,77.209,continental_subtropical,2023-03-07,2023-03-10,3,2.8,0.0,37.3,37.5,63.3,62.2,1008.2,5.4,2.6,0,3
REC_03439,Bengaluru,Karnataka,12.9716,77.5946,plateau_temperate,2023-03-07,2023-03-13,6,1.2,64.0,35.0,31.9,56.9,63.1,1006.6,11.1,9.9,0,3
REC_01129,Visakhapatnam,Andhra Pradesh,17.6868,83.2185,coastal_cyclonic,2023-03-08,2023-03-14,6,2.5,0.0,31.5,36.6,48.0,56.3,1009.2,0.0,5.2,0,3
REC_03360,Hyderabad,Telangana,17.385,78.4867,semi_arid,2023-03-08,2023-03-16,8,4.1,13.3,33.6,30.8,56.8,62.9,1008.0,0.0,9.0,0,3
REC_02756,Visakhapatnam,Andhra Pradesh,17.6868,83.2185,coastal_cyclonic,2023-03-08,2023-03-17,9,4.8,4.0,31.2,36.4,44.4,54.4,1009.0,0.0,11.5,0,3
REC_00540,Bengaluru,Karnataka,12.9716,77.5946,plateau_temperate,2023-03-09,2023-03-10,1,1.1,0.0,33.2,33.3,52.9,54.7,1005.8,0.5,0.6,0,3
REC_00719,Hyderabad,Telangana,17.385,78.4867,semi_arid,2023-03-09,2023-03-10,1,0.1,0.0,34.5,35.0,52.4,52.6,1014.5,0.6,0.5,0,3
REC_00002,Delhi,NCR,28.6139,77.209,continental_subtropical,2023-03-09,2023-03-13,4,2.2,5.6,30.2,28.6,41.2,31.6,1005.8,7.1,4.9,0,3
REC_02541,Krishna District,Andhra Pradesh,16.5062,80.648,coastal_humid,2023-03-09,2023-03-13,4,2.2,0.0,33.0,35.7,52.7,48.4,1013.0,7.9,5.7,0,3
REC_00391,Visakhapatnam,Andhra Pradesh,17.6868,83.2185,coastal_cyclonic,2023-03-09,2023-03-19,10,3.3,16.0,32.4,34.0,50.0,28.1,999.3,0.0,18.3,0,3
REC_01600,Bengaluru,Karnataka,12.9716,77.5946,plateau_temperate,2023-03-09,2023-03-19,10,1.0,0.0,33.9,27.9,53.9,61.6,1012.7,1.1,0.1,0,3
REC_02085,Visakhapatnam,Andhra Pradesh,17.6868,83.2185,coastal_cyclonic,2023-03-10,2023-03-12,2,0.2,0.0,37.7,36.6,41.8,40.7,1011.1,1.2,0.9,0,3
REC_00371,Bengaluru,Karnataka,12.9716,77.5946,plateau_temperate,2023-03-10,2023-03-14,4,2.9,3.5,33.1,32.1,62.1,70.3,1005.4,2.9,0.0,0,3
REC_03099,Delhi,NCR,28.6139,77.209,continental_subtropical,2023-03-10,2023-03-14,4,4.6,0.0,27.8,27.2,48.9,60.3,1004.8,0.0,5.8,0,3
REC_03481,Bengaluru,Karnataka,12.9716,77.5946,plateau_temperate,2023-03-10,2023-03-15,5,0.8,0.2,38.9,38.7,57.0,50.0,1010.6,8.4,7.6,0,3
REC_01455,Krishna District,Andhra Pradesh,16.5062,80.648,coastal_humid,2023-03-10,2023-03-17,7,3.8,0.0,38.9,38.2,49.1,44.3,1002.9,15.4,11.5,0,3
REC_01954,Krishna District,Andhra Pradesh,16.5062,80.648,coastal_humid,2023-03-11,2023-03-12,1,2.3,0.0,36.1,35.9,58.3,58.4,1013.7,1.5,0.8,0,3
REC_02076,Bengaluru,Karnataka,12.9716,77.5946,plateau_temperate,2023-03-11,2023-03-12,1,6.5,13.9,28.5,29.3,45.3,45.7,1002.0,6.5,0.0,0,3
REC_00933,Visakhapatnam,Andhra Pradesh,17.6868,83.2185,coastal_cyclonic,2023-03-11,2023-03-13,2,1.7,7.7,30.2,31.2,53.2,55.1,1012.8,0.0,2.0,0,3
REC_01245,Hyderabad,Telangana,17.385,78.4867,semi_arid,2023-03-12,2023-03-13,1,1.3,1.0,36.4,36.7,45.9,41.6,1006.4,2.4,1.1,0,3
REC_02991,Hyderabad,Telangana,17.385,78.4867,semi_arid,2023-03-12,2023-03-15,3,1.0,0.0,31.6,32.8,48.8,46.3,1003.2,0.0,1.4,0,3
REC_00191,Bengaluru,Karnataka,12.9716,77.5946,plateau_temperate,2023-03-12,2023-03-19,7,3.6,49.8,36.5,35.7,50.4,51.7,1008.7,12.0,8.4,0,3
REC_00019,Bengaluru,Karnataka,12.9716,77.5946,plateau_temperate,2023-03-12,2023-03-20,8,5.1,0.0,37.1,40.9,75.3,90.4,1006.7,7.6,2.5,0,3
REC_00075,Visakhapatnam,Andhra Pradesh,17.6868,83.2185,coastal_cyclonic,2023-03-13,2023-03-21,8,0.8,0.0,32.3,33.2,61.6,63.5,1011.6,0.0,1.1,0,3
REC_01021,Krishna District,Andhra Pradesh,16.5062,80.648,coastal_humid,2023-03-14,2023-03-21,7,7.0,0.0,35.1,39.4,35.0,23.3,997.2,18.9,11.8,0,3
REC_01497,Bengaluru,Karnataka,12.9716,77.5946,plateau_temperate,2023-03-14,2023-03-22,8,4.8,35.0,31.3,30.2,64.8,75.4,1008.1,3.2,1.6,0,3
REC_03093,Bengaluru,Karnataka,12.9716,77.5946,plateau_temperate,2023-03-14,2023-03-24,10,11.9,0.0,36.5,31.2,67.0,100.0,1009.4,32.5,20.6,0,3
REC_01913,Mumbai,Maharashtra,19.076,72.8777,coastal_heavy_monsoon,2023-03-15,2023-03-20,5,1.7,0.0,34.8,36.7,68.1,66.9,1010.0,1.7,0.0,0,3
REC_00602,Krishna District,Andhra Pradesh,16.5062,80.648,coastal_humid,2023-03-16,2023-03-24,8,0.8,11.4,28.2,27.6,54.3,52.0,1009.0,0.0,11.4,0,3
REC_01337,Krishna District,Andhra Pradesh,16.5062,80.648,coastal_humid,2023-03-16,2023-03-24,8,5.3,13.3,36.2,32.3,62.6,83.0,1003.3,0.0,14.9,0,3
REC_00106,Hyderabad,Telangana,17.385,78.4867,semi_arid,2023-03-16,2023-03-26,10,4.8,0.0,33.1,31.4,50.9,71.2,1013.6,0.0,36.7,0,3
REC_00466,Hyderabad,Telangana,17.385,78.4867,semi_arid,2023-03-17,2023-03-24,7,0.4,6.2,34.3,28.6,64.6,65.0,1011.6,14.2,13.8,0,3
REC_02670,Visakhapatnam,Andhra Pradesh,17.6868,83.2185,coastal_cyclonic,2023-03-18,2023-03-21,3,6.9,9.3,37.3,39.8,48.5,48.4,1011.0,4.7,2.1,0,3
REC_02524,Hyderabad,Telangana,17.385,78.4867,semi_arid,2023-03-18,2023-03-22,4,1.6,0.0,31.6,34.9,61.9,64.3,1007.5,3.1,1.5,0,3
REC_02738,Bengaluru,Karnataka,12.9716,77.5946,plateau_temperate,2023-03-18,2023-03-22,4,1.8,5.6,29.9,30.2,72.4,79.1,1010.5,1.2,0.6,0,3
REC_01942,Delhi,NCR,28.6139,77.209,continental_subtropical,2023-03-18,2023-03-23,5,0.1,5.7,34.5,33.6,72.6,83.0,1010.5,0.0,0.8,0,3
REC_01424,Krishna District,Andhra Pradesh,16.5062,80.648,coastal_humid,2023-03-18,2023-03-28,10,0.9,0.0,27.7,24.0,57.9,41.4,1012.7,0.0,2.9,0,3
REC_00935,Mumbai,Maharashtra,19.076,72.8777,coastal_heavy_monsoon,2023-03-19,2023-03-20,1,8.1,14.0,33.0,33.1,48.5,47.5,1012.1,7.6,0.5,0,3
REC_00100,Hyderabad,Telangana,17.385,78.4867,semi_arid,2023-03-19,2023-03-22,3,1.7,9.5,32.9,33.8,60.7,51.9,1005.8,0.0,2.1,0,3
REC_02384,Bengaluru,Karnataka,12.9716,77.5946,plateau_temperate,2023-03-19,2023-03-22,3,0.4,0.0,35.3,37.1,40.4,40.7,1007.1,0.0,7.7,0,3
REC_00663,Hyderabad,Telangana,17.385,78.4867,semi_arid,2023-03-19,2023-03-27,8,1.8,4.4,29.3,26.7,58.4,44.8,1007.8,22.8,21.0,0,3
REC_01354,Krishna District,Andhra Pradesh,16.5062,80.648,coastal_humid,2023-03-19,2023-03-29,10,1.9,0.0,37.3,38.8,48.3,43.1,1002.9,0.0,13.2,0,3
REC_00172,Delhi,NCR,28.6139,77.209,continental_subtropical,2023-03-20,2023-03-24,4,17.1,0.0,30.8,26.2,58.5,64.8,1012.8,12.5,4.6,0,3
REC_01450,Mumbai,Maharashtra,19.076,72.8777,coastal_heavy_monsoon,2023-03-20,2023-03-24,4,0.5,10.7,35.1,32.6,57.8,51.2,1009.4,0.0,2.5,0,3
REC_00081,Bengaluru,Karnataka,12.9716,77.5946,plateau_temperate,2023-03-20,2023-03-27,7,2.6,0.8,29.0,31.2,70.1,96.5,1008.7,1.6,1.0,0,3
REC_01286,Mumbai,Maharashtra,19.076,72.8777,coastal_heavy_monsoon,2023-03-20,2023-03-27,7,4.8,0.0,33.5,35.3,39.2,59.8,1006.0,7.8,3.1,0,3
REC_00149,Hyderabad,Telangana,17.385,78.4867,semi_arid,2023-03-21,2023-03-25,4,2.2,17.5,31.6,28.4,54.8,70.7,1003.4,9.6,7.4,0,3
REC_03164,Delhi,NCR,28.6139,77.209,continental_subtropical,2023-03-21,2023-03-25,4,0.2,0.0,33.4,33.9,53.8,61.3,1007.4,5.8,5.6,0,3
REC_01829,Visakhapatnam,Andhra Pradesh,17.6868,83.2185,coastal_cyclonic,2023-03-21,2023-03-26,5,2.1,5.1,28.1,29.0,56.0,58.0,1007.3,7.7,5.6,0,3
REC_03022,Mumbai,Maharashtra,19.076,72.8777,coastal_heavy_monsoon,2023-03-21,2023-03-26,5,1.0,3.2,29.9,28.3,39.0,43.4,1009.3,0.0,1.7,0,3
REC_01783,Delhi,NCR,28.6139,77.209,continental_subtropical,2023-03-22,2023-03-29,7,2.2,5.5,32.0,29.2,55.4,74.3,1012.1,0.0,10.1,0,3
REC_02335,Hyderabad,Telangana,17.385,78.4867,semi_arid,2023-03-22,2023-03-30,8,4.0,30.5,40.0,41.2,47.9,67.4,1003.3,7.5,3.5,0,3
REC_02097,Hyderabad,Telangana,17.385,78.4867,semi_arid,2023-03-23,2023-03-24,1,3.5,1.7,34.8,36.4,74.4,73.7,1009.2,4.9,1.4,0,3
REC_03484,Hyderabad,Telangana,17.385,78.4867,semi_arid,2023-03-23,2023-03-25,2,0.4,10.5,36.4,35.8,46.7,51.4,1003.5,0.0,3.0,0,3
REC_01759,Bengaluru,Karnataka,12.9716,77.5946,plateau_temperate,2023-03-23,2023-03-26,3,1.6,6.6,29.4,29.9,71.4,69.1,1008.2,0.0,2.5,0,3
REC_00260,Visakhapatnam,Andhra Pradesh,17.6868,83.2185,coastal_cyclonic,2023-03-23,2023-03-28,5,2.9,0.0,29.1,30.2,56.7,60.7,1006.0,0.0,5.2,0,3
REC_02868,Delhi,NCR,28.6139,77.209,continental_subtropical,2023-03-23,2023-03-30,7,2.6,0.0,36.5,39.2,67.1,65.2,1004.9,7.8,5.1,0,3
REC_03113,Visakhapatnam,Andhra Pradesh,17.6868,83.2185,coastal_cyclonic,2023-03-24,2023-03-25,1,8.9,5.7,34.1,34.6,55.9,61.0,1012.2,9.4,0.4,0,3
REC_01905,Hyderabad,Telangana,17.385,78.4867,semi_arid,2023-03-24,2023-03-27,3,0.1,6.8,36.9,36.3,46.9,41.8,1015.0,4.2,4.1,0,3
REC_02571,Mumbai,Maharashtra,19.076,72.8777,coastal_heavy_monsoon,2023-03-24,2023-03-27,3,1.7,19.0,31.6,32.2,69.9,74.7,1005.0,2.1,0.4,0,3
REC_00585,Mumbai,Maharashtra,19.076,72.8777,coastal_heavy_monsoon,2023-03-24,2023-03-29,5,3.0,25.5,33.8,30.4,52.6,50.6,1010.8,10.8,7.9,0,3
REC_00431,Hyderabad,Telangana,17.385,78.4867,semi_arid,2023-03-24,2023-03-30,6,3.4,0.0,37.3,34.8,50.4,49.6,999.0,13.1,9.7,0,3
REC_02136,Bengaluru,Karnataka,12.9716,77.5946,plateau_temperate,2023-03-24,2023-04-02,9,0.3,0.0,34.2,37.4,63.5,71.2,1011.8,0.0,22.0,0,4
REC_00892,Hyderabad,Telangana,17.385,78.4867,semi_arid,2023-03-24,2023-04-03,10,2.1,27.1,32.2,33.1,54.5,54.3,1003.7,14.6,12.5,0,4
REC_03487,Mumbai,Maharashtra,19.076,72.8777,coastal_heavy_monsoon,2023-03-24,2023-04-03,10,0.6,0.0,34.4,34.2,53.1,31.3,1006.2,7.5,6.8,0,4
REC_00646,Visakhapatnam,Andhra Pradesh,17.6868,83.2185,coastal_cyclonic,2023-03-25,2023-03-26,1,0.5,6.0,36.1,36.7,65.3,67.0,1008.1,1.5,1.0,0,3
REC_03238,Krishna District,Andhra Pradesh,16.5062,80.648,coastal_humid,2023-03-25,2023-03-28,3,4.0,6.2,28.0,28.4,52.4,55.0,1013.0,2.5,1.5,0,3
REC_03498,Krishna District,Andhra Pradesh,16.5062,80.648,coastal_humid,2023-03-25,2023-03-29,4,3.7,13.7,33.5,34.5,66.7,61.1,1008.7,6.9,3.2,0,3
REC_02340,Krishna District,Andhra Pradesh,16.5062,80.648,coastal_humid,2023-03-25,2023-03-30,5,0.7,4.9,32.2,27.2,50.6,50.4,1007.7,8.9,8.2,0,3
REC_03244,Hyderabad,Telangana,17.385,78.4867,semi_arid,2023-03-25,2023-03-31,6,5.0,17.5,29.9,31.5,62.6,56.4,1004.6,9.2,4.2,0,3
REC_01190,Hyderabad,Telangana,17.385,78.4867,semi_arid,2023-03-25,2023-04-02,8,1.9,29.9,30.0,26.8,69.3,81.3,1006.3,0.0,17.9,0,4
REC_00259,Bengaluru,Karnataka,12.9716,77.5946,plateau_temperate,2023-03-26,2023-03-27,1,11.6,11.7,28.0,28.8,64.6,71.6,1004.6,11.3,0.3,0,3
REC_01081,Delhi,NCR,28.6139,77.209,continental_subtropical,2023-03-26,2023-03-28,2,6.4,1.1,39.4,38.7,44.4,46.4,1011.3,8.4,2.0,0,3
REC_00994,Visakhapatnam,Andhra Pradesh,17.6868,83.2185,coastal_cyclonic,2023-03-26,2023-03-31,5,16.0,0.0,26.8,27.6,68.1,69.4,1002.3,24.3,8.3,0,3
REC_00800,Krishna District,Andhra Pradesh,16.5062,80.648,coastal_humid,2023-03-26,2023-04-02,7,1.6,8.1,32.9,32.3,49.9,40.2,1008.2,9.2,7.6,0,4
REC_02739,Visakhapatnam,Andhra Pradesh,17.6868,83.2185,coastal_cyclonic,2023-03-26,2023-04-04,9,3.0,0.0,27.5,23.7,66.2,50.2,1008.8,0.0,19.6,0,4
REC_00875,Visakhapatnam,Andhra Pradesh,17.6868,83.2185,coastal_cyclonic,2023-03-27,2023-03-28,1,1.0,2.1,33.8,33.4,41.4,39.4,999.7,2.4,1.4,0,3
REC_01691,Krishna District,Andhra Pradesh,16.5062,80.648,coastal_humid,2023-03-27,2023-04-03,7,2.2,4.9,30.8,26.6,55.1,63.3,1013.6,0.9,1.3,0,4
REC_01778,Krishna District,Andhra Pradesh,16.5062,80.648,coastal_humid,2023-03-27,2023-04-04,8,2.5,42.3,27.3,29.8,55.7,79.2,1006.4,37.3,34.8,0,4
REC_02080,Mumbai,Maharashtra,19.076,72.8777,coastal_heavy_monsoon,2023-03-27,2023-04-04,8,6.5,4.0,22.8,24.7,67.8,79.0,1011.4,10.7,4.2,0,4
REC_02876,Krishna District,Andhra Pradesh,16.5062,80.648,coastal_humid,2023-03-28,2023-03-30,2,0.4,0.0,33.1,33.0,50.9,53.1,1006.2,5.2,4.8,0,3
REC_00536,Mumbai,Maharashtra,19.076,72.8777,coastal_heavy_monsoon,2023-03-28,2023-04-03,6,1.3,0.0,32.5,33.2,54.9,50.2,1009.2,0.0,14.9,0,4
REC_01064,Krishna District,Andhra Pradesh,16.5062,80.648,coastal_humid,2023-03-29,2023-03-30,1,2.7,9.7,29.2,29.8,48.1,38.7,1012.5,2.9,0.3,0,3
REC_02685,Mumbai,Maharashtra,19.076,72.8777,coastal_heavy_monsoon,2023-03-29,2023-04-01,3,4.3,2.4,36.6,35.4,57.2,58.9,1010.3,5.9,1.6,0,4
REC_00227,Krishna District,Andhra Pradesh,16.5062,80.648,coastal_humid,2023-03-29,2023-04-02,4,0.8,4.8,30.1,30.4,55.2,65.3,1007.0,12.5,11.7,0,4
REC_01950,Hyderabad,Telangana,17.385,78.4867,semi_arid,2023-03-29,2023-04-06,8,10.6,106.3,34.9,36.2,73.1,84.5,1008.6,17.2,6.6,0,4
REC_01742,Bengaluru,Karnataka,12.9716,77.5946,plateau_temperate,2023-03-29,2023-04-08,10,1.5,0.0,35.4,32.5,49.9,24.9,1013.6,0.0,7.1,0,4
REC_02424,Visakhapatnam,Andhra Pradesh,17.6868,83.2185,coastal_cyclonic,2023-03-29,2023-04-08,10,1.6,1.1,32.2,24.8,56.1,42.6,1006.3,0.0,9.4,0,4
REC_01340,Mumbai,Maharashtra,19.076,72.8777,coastal_heavy_monsoon,2023-03-30,2023-04-02,3,1.2,10.1,33.6,36.3,57.9,60.1,1003.3,4.5,3.3,0,4
REC_00681,Delhi,NCR,28.6139,77.209,continental_subtropical,2023-03-30,2023-04-05,6,3.2,0.0,35.3,34.9,47.2,33.4,1009.1,1.1,2.1,0,4
REC_01322,Krishna District,Andhra Pradesh,16.5062,80.648,coastal_humid,2023-03-31,2023-04-04,4,2.9,0.0,33.2,36.6,59.1,58.1,1012.3,6.7,3.8,0,4
REC_00641,Visakhapatnam,Andhra Pradesh,17.6868,83.2185,coastal_cyclonic,2023-04-01,2023-04-06,5,2.9,0.0,42.0,36.9,60.0,62.5,1005.3,4.3,1.5,0,4
REC_02404,Delhi,NCR,28.6139,77.209,continental_subtropical,2023-04-01,2023-04-07,6,0.2,0.0,32.5,34.8,57.6,52.2,1009.4,10.0,9.7,0,4
REC_00252,Bengaluru,Karnataka,12.9716,77.5946,plateau_temperate,2023-04-01,2023-04-11,10,2.1,0.0,36.0,40.4,60.2,73.5,1008.8,2.4,0.3,0,4
REC_03350,Visakhapatnam,Andhra Pradesh,17.6868,83.2185,coastal_cyclonic,2023-04-02,2023-04-03,1,0.0,0.0,30.5,31.7,48.7,54.9,1004.4,0.1,0.1,0,4
REC_01770,Mumbai,Maharashtra,19.076,72.8777,coastal_heavy_monsoon,2023-04-02,2023-04-08,6,3.8,23.9,33.6,31.3,54.8,52.9,1013.9,2.5,1.2,0,4
REC_02980,Mumbai,Maharashtra,19.076,72.8777,coastal_heavy_monsoon,2023-04-02,2023-04-08,6,5.0,0.0,33.3,36.7,45.4,42.5,1013.3,0.0,8.3,0,4
REC_00705,Krishna District,Andhra Pradesh,16.5062,80.648,coastal_humid,2023-04-02,2023-04-10,8,0.7,32.0,31.1,29.8,56.2,62.1,1012.8,27.5,26.8,0,4
REC_02385,Krishna District,Andhra Pradesh,16.5062,80.648,coastal_humid,2023-04-02,2023-04-10,8,0.8,2.4,36.7,37.7,50.8,51.5,998.3,0.0,8.3,0,4
REC_00045,Delhi,NCR,28.6139,77.209,continental_subtropical,2023-04-02,2023-04-11,9,0.3,25.9,31.7,30.0,56.6,48.1,1010.2,0.0,12.1,0,4
REC_00662,Krishna District,Andhra Pradesh,16.5062,80.648,coastal_humid,2023-04-02,2023-04-12,10,5.5,0.0,36.2,39.1,62.3,66.8,1008.5,7.5,2.0,0,4
REC_02498,Bengaluru,Karnataka,12.9716,77.5946,plateau_temperate,2023-04-02,2023-04-12,10,1.1,29.0,34.4,32.6,45.9,40.1,1006.3,0.0,15.3,0,4
REC_01548,Bengaluru,Karnataka,12.9716,77.5946,plateau_temperate,2023-04-03,2023-04-04,1,4.3,0.0,35.2,35.0,60.7,64.2,1008.6,5.7,1.3,0,4
REC_02989,Visakhapatnam,Andhra Pradesh,17.6868,83.2185,coastal_cyclonic,2023-04-03,2023-04-07,4,1.3,0.0,26.1,22.7,62.9,58.6,1015.2,0.0,8.4,0,4
REC_02250,Mumbai,Maharashtra,19.076,72.8777,coastal_heavy_monsoon,2023-04-03,2023-04-09,6,4.3,1.1,31.6,35.1,51.1,55.0,1009.2,13.1,8.7,0,4
REC_03045,Hyderabad,Telangana,17.385,78.4867,semi_arid,2023-04-03,2023-04-11,8,4.2,22.0,33.1,31.5,48.6,54.8,1006.5,12.3,8.1,0,4
REC_02982,Visakhapatnam,Andhra Pradesh,17.6868,83.2185,coastal_cyclonic,2023-04-04,2023-04-05,1,1.3,0.0,30.3,30.7,56.8,52.4,1002.1,1.1,0.2,0,4
REC_00726,Visakhapatnam,Andhra Pradesh,17.6868,83.2185,coastal_cyclonic,2023-04-04,2023-04-07,3,4.2,0.0,35.6,34.9,54.6,46.5,1004.3,4.1,0.0,0,4
REC_02107,Mumbai,Maharashtra,19.076,72.8777,coastal_heavy_monsoon,2023-04-05,2023-04-07,2,1.7,11.3,34.0,35.0,50.0,52.0,1008.0,2.4,0.7,0,4
REC_00804,Hyderabad,Telangana,17.385,78.4867,semi_arid,2023-04-05,2023-04-10,5,3.9,6.0,30.0,30.2,53.7,61.5,1009.2,7.8,3.9,0,4
REC_03470,Hyderabad,Telangana,17.385,78.4867,semi_arid,2023-04-05,2023-04-11,6,6.6,0.0,34.9,34.0,39.4,51.4,1005.0,9.0,2.4,0,4
REC_01045,Hyderabad,Telangana,17.385,78.4867,semi_arid,2023-04-06,2023-04-12,6,2.2,0.0,32.5,32.9,71.2,75.5,1006.3,3.3,1.1,0,4
REC_02351,Bengaluru,Karnataka,12.9716,77.5946,plateau_temperate,2023-04-06,2023-04-13,7,3.0,13.1,27.6,27.6,43.6,42.5,1012.4,0.0,8.7,0,4
REC_00734,Hyderabad,Telangana,17.385,78.4867,semi_arid,2023-04-07,2023-04-08,1,5.0,0.0,33.4,33.1,58.6,64.1,1007.0,4.6,0.4,0,4
REC_02130,Visakhapatnam,Andhra Pradesh,17.6868,83.2185,coastal_cyclonic,2023-04-07,2023-04-15,8,3.5,8.3,37.1,40.7,65.9,79.3,1005.9,0.0,5.0,0,4
REC_03488,Visakhapatnam,Andhra Pradesh,17.6868,83.2185,coastal_cyclonic,2023-04-07,2023-04-15,8,4.9,5.7,36.4,39.9,41.1,51.2,1013.6,2.7,2.2,0,4
REC_00577,Delhi,NCR,28.6139,77.209,continental_subtropical,2023-04-07,2023-04-17,10,4.2,0.0,31.5,27.4,40.1,52.3,1008.9,4.9,0.7,0,4
REC_02217,Visakhapatnam,Andhra Pradesh,17.6868,83.2185,coastal_cyclonic,2023-04-07,2023-04-17,10,1.4,27.2,37.1,33.8,57.4,51.0,1010.2,2.6,1.2,0,4
REC_00810,Visakhapatnam,Andhra Pradesh,17.6868,83.2185,coastal_cyclonic,2023-04-08,2023-04-09,1,1.4,1.5,35.3,35.2,48.5,52.4,1011.4,1.4,0.1,0,4
REC_03467,Krishna District,Andhra Pradesh,16.5062,80.648,coastal_humid,2023-04-08,2023-04-14,6,5.5,0.0,35.3,31.7,53.1,42.9,1007.3,12.2,6.6,0,4
REC_01873,Delhi,NCR,28.6139,77.209,continental_subtropical,2023-04-08,2023-04-15,7,1.9,0.0,36.4,35.9,53.4,71.1,1008.1,0.0,11.9,0,4
REC_00362,Krishna District,Andhra Pradesh,16.5062,80.648,coastal_humid,2023-04-08,2023-04-16,8,2.0,0.0,32.8,27.3,65.0,54.3,1007.8,0.0,11.4,0,4
REC_01002,Delhi,NCR,28.6139,77.209,continental_subtropical,2023-04-08,2023-04-18,10,10.8,109.5,33.2,33.6,55.8,44.7,1005.4,11.7,0.9,0,4
REC_02726,Visakhapatnam,Andhra Pradesh,17.6868,83.2185,coastal_cyclonic,2023-04-09,2023-04-10,1,0.7,2.6,31.3,32.0,47.5,50.1,1005.2,0.0,1.6,0,4
REC_02318,Delhi,NCR,28.6139,77.209,continental_subtropical,2023-04-09,2023-04-15,6,3.2,0.0,32.1,35.4,50.2,44.6,1009.5,10.6,7.4,0,4
REC_02521,Hyderabad,Telangana,17.385,78.4867,semi_arid,2023-04-09,2023-04-15,6,7.4,10.7,36.6,35.0,47.7,47.8,1008.8,2.1,5.3,0,4
REC_01681,Krishna District,Andhra Pradesh,16.5062,80.648,coastal_humid,2023-04-09,2023-04-17,8,6.1,14.3,29.3,31.0,60.2,72.1,1009.6,18.6,12.5,0,4
REC_03491,Bengaluru,Karnataka,12.9716,77.5946,plateau_temperate,2023-04-10,2023-04-11,1,9.6,10.7,35.5,36.0,56.3,53.9,1009.5,8.8,0.8,0,4
REC_03216,Mumbai,Maharashtra,19.076,72.8777,coastal_heavy_monsoon,2023-04-10,2023-04-14,4,3.5,0.0,31.1,32.5,56.8,55.7,1005.6,0.1,3.4,0,4
REC_00537,Hyderabad,Telangana,17.385,78.4867,semi_arid,2023-04-10,2023-04-18,8,1.0,0.0,32.7,35.7,46.1,26.3,1002.8,0.0,23.1,0,4
REC_00986,Delhi,NCR,28.6139,77.209,continental_subtropical,2023-04-11,2023-04-13,2,2.4,3.3,36.4,35.7,61.1,64.0,1004.6,0.0,2.7,0,4
REC_00678,Bengaluru,Karnataka,12.9716,77.5946,plateau_temperate,2023-04-11,2023-04-14,3,1.1,1.7,31.9,30.9,43.2,46.9,1002.9,3.7,2.6,0,4
REC_01050,Bengaluru,Karnataka,12.9716,77.5946,plateau_temperate,2023-04-11,2023-04-16,5,2.0,73.2,35.4,34.2,69.0,79.1,1010.9,6.9,4.9,0,4
REC_03157,Visakhapatnam,Andhra Pradesh,17.6868,83.2185,coastal_cyclonic,2023-04-11,2023-04-17,6,0.4,16.0,31.6,25.7,50.0,45.8,1010.0,8.2,7.8,0,4
REC_02551,Visakhapatnam,Andhra Pradesh,17.6868,83.2185,coastal_cyclonic,2023-04-11,2023-04-18,7,0.7,12.8,35.3,40.7,50.4,60.1,1005.5,11.7,11.0,0,4
REC_03431,Delhi,NCR,28.6139,77.209,continental_subtropical,2023-04-11,2023-04-21,10,3.7,40.4,33.5,30.5,57.8,60.3,1010.9,0.0,12.8,0,4
REC_00428,Delhi,NCR,28.6139,77.209,continental_subtropical,2023-04-12,2023-04-13,1,0.8,0.0,39.8,39.0,63.8,66.5,1009.9,0.8,0.0,0,4
REC_00740,Hyderabad,Telangana,17.385,78.4867,semi_arid,2023-04-12,2023-04-17,5,13.6,11.7,32.4,32.9,55.9,42.9,1006.7,9.6,4.1,0,4
REC_01758,Bengaluru,Karnataka,12.9716,77.5946,plateau_temperate,2023-04-12,2023-04-17,5,3.0,4.2,26.0,25.9,53.4,46.6,1007.8,5.7,2.7,0,4
REC_01795,Krishna District,Andhra Pradesh,16.5062,80.648,coastal_humid,2023-04-12,2023-04-17,5,0.8,7.0,31.2,30.6,52.3,33.6,1002.7,0.0,4.4,0,4
REC_00117,Krishna District,Andhra Pradesh,16.5062,80.648,coastal_humid,2023-04-12,2023-04-18,6,3.0,12.1,37.5,37.6,56.7,67.8,1009.1,6.3,3.3,0,4
REC_01000,Bengaluru,Karnataka,12.9716,77.5946,plateau_temperate,2023-04-12,2023-04-20,8,3.2,13.9,33.6,36.2,62.1,69.1,1007.2,6.7,3.5,0,4
REC_00566,Krishna District,Andhra Pradesh,16.5062,80.648,coastal_humid,2023-04-13,2023-04-20,7,0.2,10.0,38.5,39.3,46.5,26.3,998.0,0.0,2.0,0,4
REC_00485,Visakhapatnam,Andhra Pradesh,17.6868,83.2185,coastal_cyclonic,2023-04-13,2023-04-21,8,2.3,0.0,33.9,37.2,50.5,38.2,1002.3,8.5,6.2,0,4
REC_01709,Visakhapatnam,Andhra Pradesh,17.6868,83.2185,coastal_cyclonic,2023-04-13,2023-04-22,9,0.2,0.0,34.5,33.5,64.9,72.2,1004.4,7.1,6.9,0,4
REC_02535,Delhi,NCR,28.6139,77.209,continental_subtropical,2023-04-13,2023-04-22,9,2.8,35.3,31.3,31.7,50.0,50.7,1008.2,10.3,7.6,0,4
REC_01821,Mumbai,Maharashtra,19.076,72.8777,coastal_heavy_monsoon,2023-04-14,2023-04-20,6,1.8,24.5,34.7,37.0,58.6,65.6,1008.3,0.0,15.3,0,4
REC_00471,Hyderabad,Telangana,17.385,78.4867,semi_arid,2023-04-14,2023-04-21,7,1.2,52.5,39.7,37.9,55.1,53.7,1003.8,0.9,0.3,0,4
REC_01846,Bengaluru,Karnataka,12.9716,77.5946,plateau_temperate,2023-04-14,2023-04-22,8,1.3,24.8,34.3,33.8,54.6,56.3,1004.5,0.0,2.0,0,4
REC_02746,Mumbai,Maharashtra,19.076,72.8777,coastal_heavy_monsoon,2023-04-14,2023-04-24,10,10.1,25.7,26.8,24.7,55.0,51.9,1002.0,25.7,15.6,0,4
REC_00202,Visakhapatnam,Andhra Pradesh,17.6868,83.2185,coastal_cyclonic,2023-04-15,2023-04-17,2,11.9,0.0,30.2,30.8,61.4,61.2,1003.0,11.4,0.6,0,4
REC_02620,Hyderabad,Telangana,17.385,78.4867,semi_arid,2023-04-15,2023-04-17,2,8.3,0.0,33.4,32.2,60.1,56.5,1010.5,12.2,4.0,0,4
REC_01116,Hyderabad,Telangana,17.385,78.4867,semi_arid,2023-04-15,2023-04-20,5,1.1,17.8,29.9,34.2,62.0,63.1,1009.3,8.4,7.3,0,4
REC_01125,Krishna District,Andhra Pradesh,16.5062,80.648,coastal_humid,2023-04-15,2023-04-24,9,3.6,41.8,34.6,31.8,61.2,63.3,1009.3,0.0,6.5,0,4
REC_00842,Hyderabad,Telangana,17.385,78.4867,semi_arid,2023-04-16,2023-04-22,6,1.7,23.3,35.0,34.2,54.1,66.5,1012.4,0.0,5.6,0,4
REC_01177,Visakhapatnam,Andhra Pradesh,17.6868,83.2185,coastal_cyclonic,2023-04-17,2023-04-18,1,1.5,5.2,31.6,31.4,64.6,62.3,1005.6,0.5,0.9,0,4
REC_02630,Bengaluru,Karnataka,12.9716,77.5946,plateau_temperate,2023-04-17,2023-04-19,2,0.3,0.0,34.7,35.3,53.2,53.4,1008.7,0.0,2.0,0,4
REC_00597,Delhi,NCR,28.6139,77.209,continental_subtropical,2023-04-17,2023-04-21,4,1.9,24.7,33.8,34.8,53.6,46.3,1009.5,2.5,0.6,0,4
REC_00924,Krishna District,Andhra Pradesh,16.5062,80.648,coastal_humid,2023-04-17,2023-04-23,6,3.8,0.0,36.2,38.0,51.7,43.1,1005.1,1.2,2.6,0,4
REC_00743,Hyderabad,Telangana,17.385,78.4867,semi_arid,2023-04-17,2023-04-24,7,8.6,63.4,37.8,33.0,48.2,67.4,1019.3,32.7,24.0,0,4
REC_01298,Delhi,NCR,28.6139,77.209,continental_subtropical,2023-04-17,2023-04-26,9,2.8,39.1,33.5,29.3,48.2,24.7,1006.9,17.5,14.6,0,4
REC_00858,Delhi,NCR,28.6139,77.209,continental_subtropical,2023-04-17,2023-04-27,10,8.1,0.0,32.7,30.2,62.5,54.8,1011.1,7.6,0.5,0,4
REC_00932,Bengaluru,Karnataka,12.9716,77.5946,plateau_temperate,2023-04-19,2023-04-22,3,5.8,0.0,30.2,30.0,48.2,48.3,1005.4,3.5,2.3,0,4
REC_00029,Delhi,NCR,28.6139,77.209,continental_subtropical,2023-04-19,2023-04-23,4,1.4,0.0,33.5,34.1,48.2,45.3,1007.8,4.0,2.6,0,4
REC_02886,Hyderabad,Telangana,17.385,78.4867,semi_arid,2023-04-19,2023-04-23,4,0.5,0.0,36.3,35.4,52.9,53.4,1005.2,0.0,3.8,0,4
REC_00870,Visakhapatnam,Andhra Pradesh,17.6868,83.2185,coastal_cyclonic,2023-04-19,2023-04-27,8,0.0,31.4,34.3,27.5,61.6,66.4,1007.2,0.0,3.5,0,4
REC_01633,Hyderabad,Telangana,17.385,78.4867,semi_arid,2023-04-19,2023-04-28,9,1.1,44.3,33.8,34.9,60.1,62.1,1011.2,0.0,27.7,0,4
REC_00451,Delhi,NCR,28.6139,77.209,continental_subtropical,2023-04-20,2023-04-23,3,14.7,0.0,34.5,32.0,52.2,48.9,1006.0,12.7,2.0,0,4
REC_02360,Visakhapatnam,Andhra Pradesh,17.6868,83.2185,coastal_cyclonic,2023-04-20,2023-04-28,8,0.2,2.1,37.4,37.6,66.0,58.5,1006.5,0.0,1.5,0,4
REC_01930,Delhi,NCR,28.6139,77.209,continental_subtropical,2023-04-20,2023-04-29,9,0.6,27.5,32.2,31.8,64.5,74.2,1008.8,0.0,4.8,0,4
REC_02105,Delhi,NCR,28.6139,77.209,continental_subtropical,2023-04-21,2023-04-27,6,5.4,19.3,30.0,28.6,59.2,57.2,1007.4,3.3,2.1,0,4
REC_00165,Mumbai,Maharashtra,19.076,72.8777,coastal_heavy_monsoon,2023-04-21,2023-04-29,8,0.3,41.6,33.3,29.6,60.7,70.4,1004.6,19.4,19.1,0,4
REC_02103,Krishna District,Andhra Pradesh,16.5062,80.648,coastal_humid,2023-04-21,2023-05-01,10,37.7,54.1,25.8,25.0,85.9,90.8,1007.3,37.2,0.6,0,5
REC_01033,Mumbai,Maharashtra,19.076,72.8777,coastal_heavy_monsoon,2023-04-22,2023-04-28,6,2.1,0.0,36.8,35.3,32.5,50.2,1008.2,11.5,9.4,0,4
REC_03323,Mumbai,Maharashtra,19.076,72.8777,coastal_heavy_monsoon,2023-04-22,2023-04-28,6,1.9,0.0,32.8,37.5,54.3,48.5,1004.5,0.0,11.6,0,4
REC_03013,Visakhapatnam,Andhra Pradesh,17.6868,83.2185,coastal_cyclonic,2023-04-22,2023-04-29,7,0.7,10.2,35.3,26.5,51.7,48.5,1011.0,0.0,11.0,0,4
REC_02802,Delhi,NCR,28.6139,77.209,continental_subtropical,2023-04-22,2023-04-30,8,6.9,1.1,32.7,34.4,62.4,72.4,1010.2,2.1,4.7,0,4
REC_03329,Bengaluru,Karnataka,12.9716,77.5946,plateau_temperate,2023-04-22,2023-05-01,9,2.2,0.0,28.5,32.3,58.7,72.5,1008.4,0.0,11.0,0,5
REC_02269,Bengaluru,Karnataka,12.9716,77.5946,plateau_temperate,2023-04-23,2023-04-25,2,2.8,1.3,30.4,28.8,64.7,65.9,1010.0,2.4,0.5,0,4
REC_03412,Visakhapatnam,Andhra Pradesh,17.6868,83.2185,coastal_cyclonic,2023-04-23,2023-04-26,3,3.9,15.9,32.0,32.2,63.4,59.3,1008.5,3.5,0.4,0,4
REC_00816,Bengaluru,Karnataka,12.9716,77.5946,plateau_temperate,2023-04-23,2023-04-28,5,0.9,0.0,35.5,31.2,38.4,26.4,1007.1,0.0,13.9,0,4
REC_01026,Krishna District,Andhra Pradesh,16.5062,80.648,coastal_humid,2023-04-23,2023-05-03,10,44.7,83.1,22.7,18.9,79.8,89.9,1006.0,43.4,1.3,0,5
REC_02109,Bengaluru,Karnataka,12.9716,77.5946,plateau_temperate,2023-04-24,2023-04-27,3,0.1,0.0,35.5,34.4,43.6,49.8,1015.3,0.0,3.8,0,4
REC_02930,Mumbai,Maharashtra,19.076,72.8777,coastal_heavy_monsoon,2023-04-24,2023-04-29,5,3.2,6.2,28.6,30.5,73.2,53.8,1011.3,12.2,9.0,0,4
REC_03273,Visakhapatnam,Andhra Pradesh,17.6868,83.2185,coastal_cyclonic,2023-04-24,2023-05-04,10,35.5,157.4,33.3,27.2,95.4,85.1,1005.9,48.0,12.6,0,5
REC_02234,Hyderabad,Telangana,17.385,78.4867,semi_arid,2023-04-25,2023-04-26,1,4.1,0.0,32.2,32.3,52.5,54.1,1011.6,5.2,1.1,0,4
REC_00278,Hyderabad,Telangana,17.385,78.4867,semi_arid,2023-04-25,2023-04-27,2,1.0,1.9,32.3,31.4,62.9,72.1,1007.7,1.7,0.6,0,4
REC_01606,Visakhapatnam,Andhra Pradesh,17.6868,83.2185,coastal_cyclonic,2023-04-25,2023-04-27,2,7.9,7.8,33.7,32.5,51.5,45.1,1002.0,7.9,0.0,0,4
REC_01828,Visakhapatnam,Andhra Pradesh,17.6868,83.2185,coastal_cyclonic,2023-04-25,2023-04-29,4,0.1,0.0,33.7,31.6,66.8,64.9,1002.2,1.8,1.6,0,4
REC_00656,Hyderabad,Telangana,17.385,78.4867,semi_arid,2023-04-25,2023-04-30,5,0.9,6.9,33.4,33.9,48.9,49.5,1008.3,0.0,6.7,0,4
REC_01672,Visakhapatnam,Andhra Pradesh,17.6868,83.2185,coastal_cyclonic,2023-04-25,2023-05-01,6,7.1,17.0,24.4,24.4,87.3,81.4,1009.8,1.3,5.7,0,5
REC_00814,Hyderabad,Telangana,17.385,78.4867,semi_arid,2023-04-25,2023-05-05,10,5.8,1.6,31.5,31.0,56.1,53.8,1007.8,20.6,14.8,0,5
REC_02380,Hyderabad,Telangana,17.385,78.4867,semi_arid,2023-04-27,2023-04-28,1,7.4,6.2,30.0,30.4,53.5,55.6,1002.3,6.3,1.1,0,4
REC_01776,Hyderabad,Telangana,17.385,78.4867,semi_arid,2023-04-27,2023-05-03,6,3.2,0.0,36.3,36.2,55.2,47.8,1003.7,3.6,0.4,0,5
REC_02155,Mumbai,Maharashtra,19.076,72.8777,coastal_heavy_monsoon,2023-04-27,2023-05-03,6,3.1,3.2,33.0,32.6,98.0,100.0,1012.3,5.9,2.9,0,5
REC_01609,Hyderabad,Telangana,17.385,78.4867,semi_arid,2023-04-27,2023-05-04,7,0.8,0.0,32.7,31.4,71.2,77.3,1006.7,8.6,7.8,0,5
REC_02790,Hyderabad,Telangana,17.385,78.4867,semi_arid,2023-04-27,2023-05-06,9,1.0,13.3,33.5,36.7,50.1,67.3,1005.6,0.0,13.1,0,5
REC_01383,Delhi,NCR,28.6139,77.209,continental_subtropical,2023-04-28,2023-04-30,2,1.0,0.0,32.9,32.0,66.6,71.0,1009.7,3.2,2.1,0,4
REC_00048,Mumbai,Maharashtra,19.076,72.8777,coastal_heavy_monsoon,2023-04-28,2023-05-06,8,71.0,69.5,25.5,25.5,86.8,92.6,1008.1,69.9,1.2,0,5
REC_02944,Visakhapatnam,Andhra Pradesh,17.6868,83.2185,coastal_cyclonic,2023-04-28,2023-05-08,10,54.0,0.0,27.3,32.6,94.4,97.9,1003.1,62.6,8.6,0,5
REC_00323,Krishna District,Andhra Pradesh,16.5062,80.648,coastal_humid,2023-04-29,2023-04-30,1,0.5,1.0,30.0,31.3,59.3,58.4,1003.9,0.0,0.6,0,4
REC_03130,Hyderabad,Telangana,17.385,78.4867,semi_arid,2023-04-29,2023-05-01,2,1.7,1.0,35.0,35.5,61.1,67.7,1008.1,2.6,0.9,0,5
REC_01150,Delhi,NCR,28.6139,77.209,continental_subtropical,2023-04-29,2023-05-04,5,0.6,0.0,28.3,28.9,62.6,60.8,1006.8,0.0,3.0,0,5
REC_02800,Mumbai,Maharashtra,19.076,72.8777,coastal_heavy_monsoon,2023-04-29,2023-05-06,7,61.5,23.2,29.9,27.4,65.6,67.3,1008.3,57.9,3.6,0,5
REC_01650,Delhi,NCR,28.6139,77.209,continental_subtropical,2023-04-29,2023-05-07,8,1.4,17.9,31.7,29.6,54.7,53.5,1007.3,16.3,14.9,0,5
REC_02242,Mumbai,Maharashtra,19.076,72.8777,coastal_heavy_monsoon,2023-04-30,2023-05-01,1,4.7,5.6,31.9,32.0,85.6,87.9,1010.8,4.1,0.5,0,5
REC_02030,Krishna District,Andhra Pradesh,16.5062,80.648,coastal_humid,2023-04-30,2023-05-04,4,1.8,0.0,31.3,30.0,80.9,88.3,1011.6,5.3,3.5,0,5
REC_00190,Bengaluru,Karnataka,12.9716,77.5946,plateau_temperate,2023-05-01,2023-05-07,6,6.3,25.5,30.5,27.0,68.8,52.6,1006.4,4.4,1.8,0,5
REC_02909,Visakhapatnam,Andhra Pradesh,17.6868,83.2185,coastal_cyclonic,2023-05-01,2023-05-08,7,29.1,150.8,30.1,30.2,79.1,80.0,1003.7,33.3,4.2,0,5
REC_03391,Mumbai,Maharashtra,19.076,72.8777,coastal_heavy_monsoon,2023-05-01,2023-05-11,10,1.1,4.4,34.0,34.6,95.7,88.8,1009.2,17.8,16.7,0,5
REC_00976,Hyderabad,Telangana,17.385,78.4867,semi_arid,2023-05-02,2023-05-04,2,4.5,0.0,31.9,30.7,54.8,58.4,1013.5,3.2,1.3,0,5
REC_01866,Bengaluru,Karnataka,12.9716,77.5946,plateau_temperate,2023-05-02,2023-05-10,8,2.6,50.6,28.6,26.8,57.6,46.8,1010.0,28.0,25.5,0,5
REC_02196,Krishna District,Andhra Pradesh,16.5062,80.648,coastal_humid,2023-05-02,2023-05-10,8,8.7,38.1,26.7,27.3,83.9,74.1,1007.8,0.0,15.0,0,5
REC_02505,Krishna District,Andhra Pradesh,16.5062,80.648,coastal_humid,2023-05-02,2023-05-11,9,22.6,88.4,22.8,18.2,76.2,67.4,1008.4,35.7,13.1,0,5
REC_00377,Visakhapatnam,Andhra Pradesh,17.6868,83.2185,coastal_cyclonic,2023-05-03,2023-05-06,3,14.7,13.8,26.6,27.3,75.8,66.5,1003.6,13.7,1.0,0,5
REC_03380,Delhi,NCR,28.6139,77.209,continental_subtropical,2023-05-03,2023-05-07,4,1.2,0.0,28.5,27.8,51.6,51.3,1005.1,1.3,0.1,0,5
REC_00405,Mumbai,Maharashtra,19.076,72.8777,coastal_heavy_monsoon,2023-05-04,2023-05-06,2,3.1,0.0,30.0,29.3,78.8,81.8,1008.0,4.3,1.3,0,5
REC_00746,Visakhapatnam,Andhra Pradesh,17.6868,83.2185,coastal_cyclonic,2023-05-04,2023-05-08,4,30.3,3.4,21.0,16.6,93.8,98.5,1013.8,29.2,1.1,0,5
REC_00279,Visakhapatnam,Andhra Pradesh,17.6868,83.2185,coastal_cyclonic,2023-05-04,2023-05-11,7,5.0,0.0,28.1,28.8,89.7,98.4,1008.0,21.4,16.3,0,5
REC_01967,Delhi,NCR,28.6139,77.209,continental_subtropical,2023-05-04,2023-05-11,7,1.3,17.0,34.2,35.5,69.0,76.5,1014.8,0.0,8.5,0,5
REC_02288,Hyderabad,Telangana,17.385,78.4867,semi_arid,2023-05-04,2023-05-14,10,0.4,0.0,31.5,26.6,45.3,48.2,1007.5,24.4,24.0,0,5
REC_00729,Visakhapatnam,Andhra Pradesh,17.6868,83.2185,coastal_cyclonic,2023-05-05,2023-05-07,2,94.3,66.0,27.6,26.7,89.1,81.5,1008.2,96.5,2.2,0,5
REC_01569,Krishna District,Andhra Pradesh,16.5062,80.648,coastal_humid,2023-05-05,2023-05-07,2,10.9,21.9,28.3,28.1,72.4,76.8,1004.4,11.8,0.9,0,5
REC_00653,Bengaluru,Karnataka,12.9716,77.5946,plateau_temperate,2023-05-05,2023-05-13,8,6.4,30.2,37.6,38.3,55.7,56.7,1015.0,0.0,24.5,0,5
REC_00849,Visakhapatnam,Andhra Pradesh,17.6868,83.2185,coastal_cyclonic,2023-05-05,2023-05-14,9,32.6,125.3,30.8,30.2,90.5,90.5,1010.9,9.7,22.9,0,5
REC_00142,Delhi,NCR,28.6139,77.209,continental_subtropical,2023-05-05,2023-05-15,10,6.1,0.8,34.4,38.7,63.0,48.4,996.4,0.0,33.3,0,5
REC_03062,Delhi,NCR,28.6139,77.209,continental_subtropical,2023-05-06,2023-05-07,1,20.2,25.9,29.1,29.2,43.9,41.8,1005.4,19.2,1.0,0,5
REC_00529,Delhi,NCR,28.6139,77.209,continental_subtropical,2023-05-06,2023-05-11,5,1.8,0.0,30.5,30.3,61.0,51.7,1007.4,3.8,2.1,0,5
REC_01842,Hyderabad,Telangana,17.385,78.4867,semi_arid,2023-05-07,2023-05-11,4,1.1,0.0,32.3,32.5,41.1,34.9,1012.6,0.0,4.7,0,5
REC_00811,Bengaluru,Karnataka,12.9716,77.5946,plateau_temperate,2023-05-07,2023-05-17,10,3.0,0.0,35.1,43.7,46.3,46.2,1007.4,0.0,24.7,0,5
REC_03438,Mumbai,Maharashtra,19.076,72.8777,coastal_heavy_monsoon,2023-05-08,2023-05-09,1,4.1,4.2,32.4,32.4,91.2,93.3,1008.0,2.9,1.2,0,5
REC_03168,Mumbai,Maharashtra,19.076,72.8777,coastal_heavy_monsoon,2023-05-08,2023-05-10,2,75.1,105.3,31.3,31.4,76.6,80.4,1003.7,76.8,1.7,0,5
REC_00441,Visakhapatnam,Andhra Pradesh,17.6868,83.2185,coastal_cyclonic,2023-05-08,2023-05-11,3,32.0,40.6,27.3,29.0,91.5,97.9,1006.8,36.9,4.8,0,5
REC_02838,Krishna District,Andhra Pradesh,16.5062,80.648,coastal_humid,2023-05-08,2023-05-11,3,19.7,0.0,23.3,23.5,85.2,85.2,1003.8,23.8,4.1,0,5
REC_03185,Delhi,NCR,28.6139,77.209,continental_subtropical,2023-05-08,2023-05-11,3,1.1,1.6,31.6,30.9,47.0,43.3,1002.4,0.5,0.6,0,5
REC_02071,Visakhapatnam,Andhra Pradesh,17.6868,83.2185,coastal_cyclonic,2023-05-09,2023-05-13,4,0.6,7.0,30.2,31.4,95.4,96.2,1008.3,2.2,1.6,0,5
REC_02488,Mumbai,Maharashtra,19.076,72.8777,coastal_heavy_monsoon,2023-05-09,2023-05-16,7,135.3,0.0,25.1,30.6,89.9,89.9,1008.4,155.5,20.2,0,5
REC_02131,Mumbai,Maharashtra,19.076,72.8777,coastal_heavy_monsoon,2023-05-10,2023-05-12,2,8.9,12.0,35.3,34.2,95.9,93.8,1008.6,9.4,0.6,0,5
REC_00173,Hyderabad,Telangana,17.385,78.4867,semi_arid,2023-05-10,2023-05-16,6,0.4,17.2,32.6,31.8,62.9,71.0,1006.0,10.0,9.6,0,5
REC_03087,Visakhapatnam,Andhra Pradesh,17.6868,83.2185,coastal_cyclonic,2023-05-11,2023-05-18,7,6.0,0.0,22.9,25.5,71.3,76.7,1007.5,15.4,9.4,0,5
REC_01937,Mumbai,Maharashtra,19.076,72.8777,coastal_heavy_monsoon,2023-05-12,2023-05-15,3,81.8,148.1,29.9,31.3,89.5,89.7,1002.8,80.7,1.0,0,5
REC_00669,Delhi,NCR,28.6139,77.209,continental_subtropical,2023-05-12,2023-05-17,5,7.6,9.5,36.0,39.0,74.5,80.3,1001.2,0.0,8.0,0,5
REC_01999,Bengaluru,Karnataka,12.9716,77.5946,plateau_temperate,2023-05-12,2023-05-19,7,1.9,19.6,29.5,30.9,61.8,65.2,1010.0,3.9,2.0,0,5
REC_03210,Delhi,NCR,28.6139,77.209,continental_subtropical,2023-05-12,2023-05-20,8,6.5,0.0,32.7,40.4,32.4,39.4,1005.6,27.3,20.8,0,5
REC_00581,Mumbai,Maharashtra,19.076,72.8777,coastal_heavy_monsoon,2023-05-12,2023-05-22,10,34.7,175.8,30.9,35.6,84.1,68.8,1012.9,30.6,4.1,0,5
REC_02676,Krishna District,Andhra Pradesh,16.5062,80.648,coastal_humid,2023-05-13,2023-05-17,4,22.2,22.1,27.6,28.8,91.2,90.0,1010.7,26.6,4.5,0,5
REC_03043,Krishna District,Andhra Pradesh,16.5062,80.648,coastal_humid,2023-05-13,2023-05-17,4,50.8,75.9,30.8,30.3,80.6,83.8,1007.2,51.6,0.8,0,5
REC_02475,Krishna District,Andhra Pradesh,16.5062,80.648,coastal_humid,2023-05-13,2023-05-19,6,0.9,0.0,26.8,30.0,72.4,61.6,1003.6,0.0,3.6,0,5
REC_00531,Bengaluru,Karnataka,12.9716,77.5946,plateau_temperate,2023-05-14,2023-05-17,3,3.6,5.0,33.4,33.3,34.0,34.4,1006.9,3.3,0.3,0,5
REC_02249,Delhi,NCR,28.6139,77.209,continental_subtropical,2023-05-14,2023-05-17,3,11.7,0.0,32.1,33.3,62.3,52.6,1004.5,19.4,7.6,0,5
REC_02499,Bengaluru,Karnataka,12.9716,77.5946,plateau_temperate,2023-05-14,2023-05-18,4,0.2,15.0,32.6,31.4,56.8,55.4,1002.9,4.7,4.4,0,5
REC_00397,Bengaluru,Karnataka,12.9716,77.5946,plateau_temperate,2023-05-14,2023-05-22,8,2.6,32.4,32.3,28.6,54.3,69.9,1014.0,10.8,8.3,0,5
REC_02354,Bengaluru,Karnataka,12.9716,77.5946,plateau_temperate,2023-05-14,2023-05-22,8,1.0,0.0,38.6,40.4,57.3,47.2,1013.3,0.3,0.7,0,5
REC_02722,Bengaluru,Karnataka,12.9716,77.5946,plateau_temperate,2023-05-15,2023-05-17,2,0.1,0.0,35.6,36.9,58.5,58.2,1010.7,3.1,3.0,0,5
REC_01040,Visakhapatnam,Andhra Pradesh,17.6868,83.2185,coastal_cyclonic,2023-05-15,2023-05-18,3,22.5,45.8,26.8,26.0,87.9,92.2,1013.3,24.8,2.3,0,5
REC_03424,Krishna District,Andhra Pradesh,16.5062,80.648,coastal_humid,2023-05-15,2023-05-19,4,2.5,1.6,26.1,26.5,95.4,97.6,1012.6,0.0,9.6,0,5
REC_01820,Visakhapatnam,Andhra Pradesh,17.6868,83.2185,coastal_cyclonic,2023-05-15,2023-05-23,8,77.0,51.1,31.2,33.4,81.3,85.2,1007.3,97.9,20.9,0,5
REC_00785,Krishna District,Andhra Pradesh,16.5062,80.648,coastal_humid,2023-05-15,2023-05-25,10,6.0,0.0,25.7,29.2,88.1,94.6,1001.9,13.3,7.2,0,5
REC_02918,Krishna District,Andhra Pradesh,16.5062,80.648,coastal_humid,2023-05-15,2023-05-25,10,22.8,0.0,30.4,27.5,81.8,50.3,1007.6,7.0,15.8,0,5
REC_02406,Hyderabad,Telangana,17.385,78.4867,semi_arid,2023-05-16,2023-05-19,3,1.1,0.0,31.3,32.8,53.2,51.1,1003.8,1.9,0.8,0,5
REC_02582,Hyderabad,Telangana,17.385,78.4867,semi_arid,2023-05-16,2023-05-20,4,5.5,0.0,32.5,29.9,54.0,58.5,1007.8,4.1,1.4,0,5
REC_02655,Krishna District,Andhra Pradesh,16.5062,80.648,coastal_humid,2023-05-16,2023-05-20,4,13.5,0.0,30.1,31.0,81.6,82.4,1000.7,17.8,4.3,0,5
REC_02238,Delhi,NCR,28.6139,77.209,continental_subtropical,2023-05-16,2023-05-23,7,4.4,0.0,36.8,31.6,52.2,40.9,1011.8,14.7,10.3,0,5
REC_00475,Visakhapatnam,Andhra Pradesh,17.6868,83.2185,coastal_cyclonic,2023-05-16,2023-05-24,8,61.9,0.0,26.2,30.7,87.5,91.7,1009.9,50.7,11.2,0,5
REC_01066,Krishna District,Andhra Pradesh,16.5062,80.648,coastal_humid,2023-05-17,2023-05-20,3,27.5,36.4,27.7,27.4,92.1,97.8,1012.1,20.9,6.6,0,5
REC_01510,Hyderabad,Telangana,17.385,78.4867,semi_arid,2023-05-19,2023-05-20,1,4.5,0.0,30.5,30.5,40.1,40.2,1005.0,3.1,1.4,0,5
REC_02653,Bengaluru,Karnataka,12.9716,77.5946,plateau_temperate,2023-05-19,2023-05-23,4,1.7,3.7,31.4,31.5,52.2,57.6,1004.8,0.1,1.6,0,5
REC_01546,Visakhapatnam,Andhra Pradesh,17.6868,83.2185,coastal_cyclonic,2023-05-19,2023-05-24,5,42.0,39.1,30.0,28.3,95.1,100.0,1008.4,47.3,5.2,0,5
REC_00722,Krishna District,Andhra Pradesh,16.5062,80.648,coastal_humid,2023-05-19,2023-05-26,7,47.0,76.4,24.2,22.1,87.6,96.6,1011.8,55.1,8.1,0,5
REC_02437,Bengaluru,Karnataka,12.9716,77.5946,plateau_temperate,2023-05-19,2023-05-27,8,0.5,1.2,37.3,36.1,59.1,64.8,1011.4,22.1,21.6,0,5
REC_01024,Bengaluru,Karnataka,12.9716,77.5946,plateau_temperate,2023-05-19,2023-05-29,10,2.4,0.0,34.0,31.5,54.7,77.6,1016.6,1.0,1.5,0,5
REC_01281,Delhi,NCR,28.6139,77.209,continental_subtropical,2023-05-20,2023-05-23,3,1.8,3.2,36.0,34.8,51.3,50.5,1004.9,0.0,3.7,0,5
REC_03036,Delhi,NCR,28.6139,77.209,continental_subtropical,2023-05-20,2023-05-24,4,4.9,6.9,31.2,30.4,49.4,44.8,1008.4,6.6,1.8,0,5
REC_00984,Mumbai,Maharashtra,19.076,72.8777,coastal_heavy_monsoon,2023-05-21,2023-05-22,1,30.4,30.5,24.6,25.3,68.5,66.7,1008.4,30.7,0.4,0,5
REC_02257,Visakhapatnam,Andhra Pradesh,17.6868,83.2185,coastal_cyclonic,2023-05-22,2023-05-24,2,26.6,31.6,26.8,27.4,85.1,86.2,1007.4,26.7,0.1,0,5
REC_02752,Bengaluru,Karnataka,12.9716,77.5946,plateau_temperate,2023-05-22,2023-05-27,5,0.2,0.0,33.7,36.0,65.2,73.8,1008.8,0.0,6.2,0,5
REC_01054,Visakhapatnam,Andhra Pradesh,17.6868,83.2185,coastal_cyclonic,2023-05-22,2023-05-28,6,27.6,83.4,29.8,28.4,98.0,90.6,1008.3,59.1,31.5,0,5
REC_01698,Krishna District,Andhra Pradesh,16.5062,80.648,coastal_humid,2023-05-22,2023-05-28,6,2.9,0.0,24.9,23.9,81.6,82.3,1008.3,1.9,1.0,0,5
REC_03109,Mumbai,Maharashtra,19.076,72.8777,coastal_heavy_monsoon,2023-05-22,2023-05-28,6,24.4,58.6,28.6,31.0,82.3,89.2,1006.3,10.4,14.0,0,5
REC_02089,Bengaluru,Karnataka,12.9716,77.5946,plateau_temperate,2023-05-22,2023-05-29,7,2.4,0.0,31.7,32.6,42.2,55.5,1004.3,2.0,0.4,0,5
REC_03174,Hyderabad,Telangana,17.385,78.4867,semi_arid,2023-05-23,2023-05-25,2,2.1,2.6,32.2,30.5,65.5,65.4,1007.1,0.0,2.1,0,5
REC_03361,Krishna District,Andhra Pradesh,16.5062,80.648,coastal_humid,2023-05-23,2023-06-01,9,0.7,17.1,30.0,29.7,80.4,62.1,1010.4,0.0,7.4,1,6
REC_00495,Bengaluru,Karnataka,12.9716,77.5946,plateau_temperate,2023-05-24,2023-05-25,1,0.7,0.0,30.7,31.7,46.8,45.2,1012.7,0.0,1.3,0,5
REC_02367,Krishna District,Andhra Pradesh,16.5062,80.648,coastal_humid,2023-05-24,2023-05-26,2,49.8,87.8,28.9,29.0,84.7,91.3,1010.8,51.6,1.8,0,5
REC_03480,Delhi,NCR,28.6139,77.209,continental_subtropical,2023-05-24,2023-05-30,6,6.7,0.0,30.3,31.1,63.1,72.2,1010.6,14.8,8.1,0,5
REC_00129,Bengaluru,Karnataka,12.9716,77.5946,plateau_temperate,2023-05-25,2023-05-30,5,2.5,6.2,36.0,34.2,60.0,74.5,1006.0,5.4,2.9,0,5
REC_02502,Visakhapatnam,Andhra Pradesh,17.6868,83.2185,coastal_cyclonic,2023-05-25,2023-05-30,5,52.1,10.3,22.0,21.5,76.6,90.4,1006.3,57.3,5.2,0,5
REC_00410,Krishna District,Andhra Pradesh,16.5062,80.648,coastal_humid,2023-05-25,2023-06-03,9,137.3,334.6,28.4,36.5,89.1,81.2,1015.3,150.1,12.8,1,6
REC_02181,Delhi,NCR,28.6139,77.209,continental_subtropical,2023-05-26,2023-05-27,1,4.3,0.0,32.9,32.6,48.0,44.6,1005.4,3.9,0.4,0,5
REC_00444,Hyderabad,Telangana,17.385,78.4867,semi_arid,2023-05-26,2023-05-29,3,3.3,0.0,33.4,32.7,54.1,47.1,1004.8,4.6,1.3,0,5
REC_00890,Mumbai,Maharashtra,19.076,72.8777,coastal_heavy_monsoon,2023-05-26,2023-06-04,9,3.8,0.0,28.6,24.8,76.5,100.0,1012.7,0.0,33.5,1,6
REC_03468,Delhi,NCR,28.6139,77.209,continental_subtropical,2023-05-26,2023-06-04,9,28.2,0.0,30.3,27.3,89.2,98.7,1008.5,23.4,4.8,1,6
REC_03492,Bengaluru,Karnataka,12.9716,77.5946,plateau_temperate,2023-05-27,2023-05-28,1,2.4,0.0,30.9,30.5,66.0,64.2,1010.1,3.5,1.1,0,5
REC_02183,Hyderabad,Telangana,17.385,78.4867,semi_arid,2023-05-27,2023-05-30,3,0.3,4.0,37.6,39.1,53.5,46.8,1008.6,1.3,1.1,0,5
REC_02701,Mumbai,Maharashtra,19.076,72.8777,coastal_heavy_monsoon,2023-05-27,2023-05-31,4,32.0,19.9,33.4,32.1,86.6,80.1,1008.3,34.6,2.6,0,5
REC_00181,Krishna District,Andhra Pradesh,16.5062,80.648,coastal_humid,2023-05-27,2023-06-01,5,6.4,0.0,29.8,29.9,74.6,86.2,1010.6,0.0,17.9,1,6
REC_03436,Bengaluru,Karnataka,12.9716,77.5946,plateau_temperate,2023-05-27,2023-06-01,5,18.3,117.4,28.6,30.1,81.6,82.4,1013.1,47.6,29.4,1,6
REC_00860,Hyderabad,Telangana,17.385,78.4867,semi_arid,2023-05-27,2023-06-04,8,50.2,96.5,26.1,27.8,85.8,73.3,1005.2,56.6,6.4,1,6
REC_03461,Mumbai,Maharashtra,19.076,72.8777,coastal_heavy_monsoon,2023-05-27,2023-06-04,8,119.9,242.9,24.7,21.0,92.4,74.1,1008.0,129.7,9.9,1,6
REC_03041,Mumbai,Maharashtra,19.076,72.8777,coastal_heavy_monsoon,2023-05-28,2023-05-29,1,0.9,1.3,26.7,26.1,65.2,64.1,1010.3,1.7,0.8,0,5
REC_00511,Mumbai,Maharashtra,19.076,72.8777,coastal_heavy_monsoon,2023-05-28,2023-06-01,4,23.3,25.3,25.5,25.8,84.8,76.1,1013.8,39.6,16.3,1,6
REC_02075,Hyderabad,Telangana,17.385,78.4867,semi_arid,2023-05-28,2023-06-02,5,21.4,0.1,28.9,26.4,98.0,95.9,1011.3,13.3,8.1,1,6
REC_02098,Visakhapatnam,Andhra Pradesh,17.6868,83.2185,coastal_cyclonic,2023-05-28,2023-06-02,5,22.9,16.3,33.0,29.8,85.4,84.1,1004.8,50.7,27.8,1,6
REC_03183,Bengaluru,Karnataka,12.9716,77.5946,plateau_temperate,2023-05-28,2023-06-03,6,11.7,9.2,21.9,19.4,88.7,100.0,1006.3,0.0,40.7,1,6
REC_01785,Mumbai,Maharashtra,19.076,72.8777,coastal_heavy_monsoon,2023-05-29,2023-06-01,3,25.0,36.6,30.4,30.0,88.3,85.2,1005.0,18.0,7.0,1,6
REC_00406,Bengaluru,Karnataka,12.9716,77.5946,plateau_temperate,2023-05-29,2023-06-05,7,2.5,11.3,21.9,20.6,92.6,85.4,1009.3,16.2,13.7,1,6
REC_01165,Visakhapatnam,Andhra Pradesh,17.6868,83.2185,coastal_cyclonic,2023-05-30,2023-06-03,4,5.1,14.1,23.9,23.9,73.6,68.9,1013.7,11.0,5.9,1,6
REC_01258,Hyderabad,Telangana,17.385,78.4867,semi_arid,2023-05-30,2023-06-04,5,13.3,13.4,27.5,25.1,80.9,89.8,1008.8,11.7,1.7,1,6
REC_01514,Hyderabad,Telangana,17.385,78.4867,semi_arid,2023-05-30,2023-06-05,6,19.2,0.0,24.0,25.1,75.5,60.7,1008.5,29.4,10.2,1,6
REC_03049,Krishna District,Andhra Pradesh,16.5062,80.648,coastal_humid,2023-05-31,2023-06-01,1,2.8,0.0,27.4,27.3,85.8,89.8,1009.1,4.4,1.6,1,6
REC_01480,Mumbai,Maharashtra,19.076,72.8777,coastal_heavy_monsoon,2023-05-31,2023-06-03,3,57.7,71.3,33.3,32.5,78.6,81.3,1008.1,62.1,4.4,1,6
REC_01645,Bengaluru,Karnataka,12.9716,77.5946,plateau_temperate,2023-05-31,2023-06-03,3,0.5,0.0,26.8,28.0,77.1,82.4,996.8,0.0,0.7,1,6
REC_02888,Krishna District,Andhra Pradesh,16.5062,80.648,coastal_humid,2023-05-31,2023-06-06,6,18.3,50.9,33.3,32.8,79.4,82.0,1013.3,0.0,26.0,1,6
REC_00528,Hyderabad,Telangana,17.385,78.4867,semi_arid,2023-06-01,2023-06-02,1,8.0,2.5,27.5,28.7,80.4,75.5,1008.9,5.9,2.1,1,6
REC_02117,Bengaluru,Karnataka,12.9716,77.5946,plateau_temperate,2023-06-01,2023-06-03,2,1.9,5.2,28.5,28.0,85.7,83.9,1008.8,0.0,8.1,1,6
REC_01352,Hyderabad,Telangana,17.385,78.4867,semi_arid,2023-06-01,2023-06-04,3,2.5,0.0,29.4,27.6,78.2,80.5,1014.5,16.3,13.9,1,6
REC_02365,Bengaluru,Karnataka,12.9716,77.5946,plateau_temperate,2023-06-01,2023-06-10,9,29.4,21.4,22.1,19.3,85.6,100.0,1006.4,5.1,24.3,1,6
REC_02666,Krishna District,Andhra Pradesh,16.5062,80.648,coastal_humid,2023-06-02,2023-06-03,1,2.9,9.9,27.9,29.1,84.2,86.7,1011.8,2.7,0.2,1,6
REC_02773,Bengaluru,Karnataka,12.9716,77.5946,plateau_temperate,2023-06-02,2023-06-05,3,7.4,2.4,29.6,31.3,62.3,54.8,1008.4,14.7,7.3,1,6
REC_00118,Krishna District,Andhra Pradesh,16.5062,80.648,coastal_humid,2023-06-02,2023-06-06,4,75.3,7.3,24.7,24.9,78.4,73.7,1008.8,63.6,11.7,1,6
REC_00999,Mumbai,Maharashtra,19.076,72.8777,coastal_heavy_monsoon,2023-06-02,2023-06-06,4,28.3,24.6,31.4,34.0,91.1,100.0,1007.9,43.8,15.5,1,6
REC_02595,Delhi,NCR,28.6139,77.209,continental_subtropical,2023-06-02,2023-06-06,4,1.9,0.0,28.9,29.6,93.5,100.0,1002.2,0.0,12.4,1,6
REC_01211,Visakhapatnam,Andhra Pradesh,17.6868,83.2185,coastal_cyclonic,2023-06-02,2023-06-09,7,13.7,11.5,25.8,28.2,85.1,77.8,1007.4,0.0,25.1,1,6
REC_01223,Hyderabad,Telangana,17.385,78.4867,semi_arid,2023-06-02,2023-06-10,8,13.3,27.3,23.9,27.2,85.0,79.6,1005.7,23.9,10.7,1,6
REC_01336,Krishna District,Andhra Pradesh,16.5062,80.648,coastal_humid,2023-06-02,2023-06-11,9,7.5,43.6,31.8,31.5,94.9,87.5,1005.4,17.4,10.0,1,6
REC_00370,Delhi,NCR,28.6139,77.209,continental_subtropical,2023-06-03,2023-06-04,1,108.1,124.5,24.8,24.9,77.8,71.0,1013.6,108.8,0.7,1,6
REC_01193,Bengaluru,Karnataka,12.9716,77.5946,plateau_temperate,2023-06-03,2023-06-07,4,11.7,6.6,27.7,27.0,69.5,64.5,1002.6,3.6,8.1,1,6
REC_02036,Delhi,NCR,28.6139,77.209,continental_subtropical,2023-06-03,2023-06-08,5,0.6,14.3,26.1,28.6,83.1,79.1,1005.8,0.0,20.2,1,6
REC_02053,Visakhapatnam,Andhra Pradesh,17.6868,83.2185,coastal_cyclonic,2023-06-03,2023-06-08,5,76.9,191.2,28.6,27.7,82.0,66.5,1004.6,80.9,4.0,1,6
REC_00324,Hyderabad,Telangana,17.385,78.4867,semi_arid,2023-06-03,2023-06-09,6,6.1,15.0,30.3,26.8,80.3,75.1,1006.8,0.0,44.9,1,6
REC_01160,Delhi,NCR,28.6139,77.209,continental_subtropical,2023-06-03,2023-06-12,9,8.7,8.5,29.1,29.9,82.3,86.0,1013.4,0.0,24.2,1,6
REC_01690,Delhi,NCR,28.6139,77.209,continental_subtropical,2023-06-04,2023-06-06,2,13.3,29.8,27.5,28.5,81.0,80.3,1002.5,8.6,4.7,1,6
REC_01453,Krishna District,Andhra Pradesh,16.5062,80.648,coastal_humid,2023-06-04,2023-06-08,4,26.4,36.3,30.6,30.8,71.3,84.9,1013.6,18.1,8.3,1,6
REC_01219,Hyderabad,Telangana,17.385,78.4867,semi_arid,2023-06-04,2023-06-10,6,7.1,24.4,27.5,29.6,75.9,88.6,1012.7,31.7,24.6,1,6
REC_01638,Hyderabad,Telangana,17.385,78.4867,semi_arid,2023-06-04,2023-06-12,8,8.1,11.2,24.8,21.7,94.8,74.4,1003.9,14.2,6.1,1,6
REC_00514,Mumbai,Maharashtra,19.076,72.8777,coastal_heavy_monsoon,2023-06-05,2023-06-07,2,11.9,8.4,23.9,25.7,65.5,67.1,1008.1,21.1,9.2,1,6
REC_03195,Hyderabad,Telangana,17.385,78.4867,semi_arid,2023-06-05,2023-06-08,3,7.2,0.0,30.3,28.6,75.9,74.1,1008.6,8.1,0.8,1,6
REC_00941,Krishna District,Andhra Pradesh,16.5062,80.648,coastal_humid,2023-06-05,2023-06-11,6,16.9,71.2,34.9,34.7,82.6,75.9,1012.6,7.8,9.1,1,6
REC_01509,Hyderabad,Telangana,17.385,78.4867,semi_arid,2023-06-05,2023-06-11,6,30.8,52.7,30.1,30.9,91.0,88.7,1008.3,76.0,45.3,1,6
REC_03097,Hyderabad,Telangana,17.385,78.4867,semi_arid,2023-06-05,2023-06-11,6,41.5,0.0,30.5,27.8,89.4,85.5,1005.8,54.7,13.3,1,6
REC_02150,Hyderabad,Telangana,17.385,78.4867,semi_arid,2023-06-05,2023-06-12,7,15.1,0.0,35.4,41.5,82.4,96.1,1005.3,3.8,11.2,1,6
REC_02017,Mumbai,Maharashtra,19.076,72.8777,coastal_heavy_monsoon,2023-06-06,2023-06-15,9,4.1,6.4,25.6,26.9,71.7,61.9,1009.1,0.0,14.0,1,6
REC_01492,Hyderabad,Telangana,17.385,78.4867,semi_arid,2023-06-06,2023-06-16,10,2.9,0.0,31.4,34.7,94.4,86.8,1005.5,0.0,3.6,1,6
REC_02598,Bengaluru,Karnataka,12.9716,77.5946,plateau_temperate,2023-06-07,2023-06-08,1,12.9,21.8,27.5,26.3,75.5,71.7,999.9,13.8,0.9,1,6
REC_02665,Krishna District,Andhra Pradesh,16.5062,80.648,coastal_humid,2023-06-07,2023-06-08,1,8.9,0.0,26.4,25.8,75.3,67.0,1012.7,8.1,0.8,1,6
REC_02301,Delhi,NCR,28.6139,77.209,continental_subtropical,2023-06-07,2023-06-09,2,14.8,8.6,27.3,26.3,78.6,75.8,1004.7,5.4,9.4,1,6
REC_00474,Krishna District,Andhra Pradesh,16.5062,80.648,coastal_humid,2023-06-07,2023-06-12,5,22.3,30.8,28.0,30.7,86.8,85.6,1004.6,0.0,36.2,1,6
REC_03193,Krishna District,Andhra Pradesh,16.5062,80.648,coastal_humid,2023-06-07,2023-06-16,9,0.6,0.0,24.6,19.5,79.4,88.5,1007.9,15.6,15.0,1,6
REC_02066,Delhi,NCR,28.6139,77.209,continental_subtropical,2023-06-08,2023-06-09,1,19.5,11.8,25.2,24.9,76.6,76.4,1010.9,19.2,0.3,1,6
REC_02282,Bengaluru,Karnataka,12.9716,77.5946,plateau_temperate,2023-06-08,2023-06-10,2,29.8,0.0,26.7,26.4,78.2,66.9,1003.9,27.6,2.2,1,6
REC_03094,Bengaluru,Karnataka,12.9716,77.5946,plateau_temperate,2023-06-08,2023-06-14,6,5.6,33.4,29.9,30.6,80.8,72.6,1012.2,0.0,17.7,1,6
REC_00819,Bengaluru,Karnataka,12.9716,77.5946,plateau_temperate,2023-06-09,2023-06-11,2,12.3,26.3,29.1,29.5,85.5,79.9,1007.0,18.3,5.9,1,6
REC_01357,Mumbai,Maharashtra,19.076,72.8777,coastal_heavy_monsoon,2023-06-09,2023-06-15,6,11.4,20.3,30.5,31.0,85.2,77.9,1000.0,31.0,19.6,1,6
REC_00606,Bengaluru,Karnataka,12.9716,77.5946,plateau_temperate,2023-06-10,2023-06-11,1,37.7,32.3,28.2,28.1,90.1,79.9,1010.1,37.6,0.0,1,6
REC_00354,Mumbai,Maharashtra,19.076,72.8777,coastal_heavy_monsoon,2023-06-10,2023-06-12,2,45.4,57.5,32.0,31.4,84.0,83.2,1011.3,45.6,0.1,1,6
REC_02068,Krishna District,Andhra Pradesh,16.5062,80.648,coastal_humid,2023-06-10,2023-06-16,6,5.7,0.0,33.0,29.4,76.7,92.6,1004.9,0.0,9.4,1,6
REC_01197,Krishna District,Andhra Pradesh,16.5062,80.648,coastal_humid,2023-06-11,2023-06-12,1,7.7,11.2,37.2,37.0,86.9,84.4,1010.9,9.1,1.4,1,6
REC_00549,Mumbai,Maharashtra,19.076,72.8777,coastal_heavy_monsoon,2023-06-11,2023-06-18,7,16.5,45.8,29.9,34.2,82.4,85.1,1011.1,41.6,25.1,1,6
REC_03257,Bengaluru,Karnataka,12.9716,77.5946,plateau_temperate,2023-06-11,2023-06-20,9,24.9,52.5,33.5,33.8,94.7,85.9,1018.7,49.9,25.0,1,6
REC_02704,Bengaluru,Karnataka,12.9716,77.5946,plateau_temperate,2023-06-12,2023-06-20,8,3.2,0.0,34.5,34.8,77.1,56.1,1008.9,0.0,22.8,1,6
REC_00486,Visakhapatnam,Andhra Pradesh,17.6868,83.2185,coastal_cyclonic,2023-06-12,2023-06-22,10,7.4,0.0,26.6,18.5,67.8,66.6,1009.9,73.2,65.8,1,6
REC_02649,Hyderabad,Telangana,17.385,78.4867,semi_arid,2023-06-13,2023-06-14,1,4.4,4.1,25.4,24.6,83.1,88.0,1006.9,5.7,1.3,1,6
REC_00356,Bengaluru,Karnataka,12.9716,77.5946,plateau_temperate,2023-06-13,2023-06-18,5,1.5,7.5,28.3,30.2,80.0,74.8,1007.0,2.4,0.9,1,6
REC_00622,Krishna District,Andhra Pradesh,16.5062,80.648,coastal_humid,2023-06-13,2023-06-19,6,45.3,76.7,30.8,24.2,64.6,88.0,1005.9,55.7,10.4,1,6
REC_02891,Visakhapatnam,Andhra Pradesh,17.6868,83.2185,coastal_cyclonic,2023-06-13,2023-06-21,8,40.5,83.5,29.5,30.2,76.0,68.3,1016.7,13.9,26.6,1,6
REC_01086,Bengaluru,Karnataka,12.9716,77.5946,plateau_temperate,2023-06-14,2023-06-17,3,30.6,0.0,24.3,24.9,75.1,68.9,1014.4,36.3,5.6,1,6
REC_01379,Hyderabad,Telangana,17.385,78.4867,semi_arid,2023-06-14,2023-06-18,4,10.3,9.1,27.4,27.9,97.2,88.5,1016.2,0.0,14.9,1,6
REC_02510,Krishna District,Andhra Pradesh,16.5062,80.648,coastal_humid,2023-06-14,2023-06-23,9,13.0,41.9,28.6,27.3,81.0,70.2,1008.1,41.1,28.1,1,6
REC_02592,Bengaluru,Karnataka,12.9716,77.5946,plateau_temperate,2023-06-15,2023-06-19,4,10.8,34.7,26.1,27.6,93.4,77.8,1010.3,9.1,1.7,1,6
REC_00547,Bengaluru,Karnataka,12.9716,77.5946,plateau_temperate,2023-06-15,2023-06-21,6,47.6,111.6,23.3,21.1,77.2,62.8,1015.8,42.6,5.0,1,6
REC_00357,Delhi,NCR,28.6139,77.209,continental_subtropical,2023-06-16,2023-06-18,2,5.5,16.4,26.0,24.7,75.9,74.2,1006.5,8.1,2.6,1,6
REC_01167,Hyderabad,Telangana,17.385,78.4867,semi_arid,2023-06-16,2023-06-21,5,15.8,7.8,30.7,30.4,65.7,74.3,1006.2,29.9,14.1,1,6
REC_01568,Bengaluru,Karnataka,12.9716,77.5946,plateau_temperate,2023-06-16,2023-06-24,8,5.1,9.1,33.2,31.2,90.9,98.2,1005.8,45.6,40.5,1,6
REC_01010,Bengaluru,Karnataka,12.9716,77.5946,plateau_temperate,2023-06-17,2023-06-19,2,106.6,89.7,26.4,26.8,76.8,79.2,1006.7,97.7,8.9,1,6
REC_02077,Krishna District,Andhra Pradesh,16.5062,80.648,coastal_humid,2023-06-17,2023-06-23,6,18.9,37.6,27.3,27.2,84.0,84.7,1006.6,41.3,22.4,1,6
REC_02468,Hyderabad,Telangana,17.385,78.4867,semi_arid,2023-06-17,2023-06-24,7,7.0,0.0,28.1,32.5,88.9,80.0,1013.7,0.0,8.9,1,6
REC_02999,Delhi,NCR,28.6139,77.209,continental_subtropical,2023-06-17,2023-06-27,10,10.0,39.6,30.3,30.9,76.6,80.7,1008.5,15.1,5.1,1,6
REC_01184,Delhi,NCR,28.6139,77.209,continental_subtropical,2023-06-18,2023-06-19,1,3.4,3.6,35.8,35.8,78.1,80.2,1005.5,6.6,3.2,1,6
REC_03258,Hyderabad,Telangana,17.385,78.4867,semi_arid,2023-06-18,2023-06-20,2,0.8,0.0,27.0,26.4,87.0,82.6,1016.0,2.1,1.3,1,6
REC_03370,Hyderabad,Telangana,17.385,78.4867,semi_arid,2023-06-18,2023-06-20,2,2.5,5.8,27.4,27.8,77.9,79.7,1006.0,9.4,6.9,1,6
REC_00046,Visakhapatnam,Andhra Pradesh,17.6868,83.2185,coastal_cyclonic,2023-06-18,2023-06-21,3,2.4,1.1,33.1,33.1,84.5,78.9,1013.9,0.0,6.4,1,6
REC_01723,Delhi,NCR,28.6139,77.209,continental_subtropical,2023-06-18,2023-06-21,3,18.8,21.5,28.7,30.0,88.7,92.4,1004.9,16.7,2.1,1,6
REC_00611,Bengaluru,Karnataka,12.9716,77.5946,plateau_temperate,2023-06-18,2023-06-24,6,21.8,31.8,31.0,33.5,71.9,70.0,1011.1,39.6,17.9,1,6
REC_01044,Krishna District,Andhra Pradesh,16.5062,80.648,coastal_humid,2023-06-18,2023-06-25,7,15.8,9.8,32.2,29.3,67.9,71.5,1002.9,35.8,20.1,1,6
REC_02567,Visakhapatnam,Andhra Pradesh,17.6868,83.2185,coastal_cyclonic,2023-06-18,2023-06-27,9,13.1,0.0,29.8,35.8,81.4,60.8,1010.6,30.5,17.4,1,6
REC_02782,Visakhapatnam,Andhra Pradesh,17.6868,83.2185,coastal_cyclonic,2023-06-19,2023-06-23,4,37.8,102.5,30.7,30.5,89.9,93.2,1002.3,35.0,2.8,1,6
REC_00837,Bengaluru,Karnataka,12.9716,77.5946,plateau_temperate,2023-06-19,2023-06-26,7,1.0,0.0,30.8,26.7,98.0,100.0,1008.3,0.0,38.4,1,6
REC_02809,Visakhapatnam,Andhra Pradesh,17.6868,83.2185,coastal_cyclonic,2023-06-19,2023-06-27,8,95.1,178.6,29.6,31.2,84.0,71.3,1010.7,48.1,47.0,1,6
REC_02555,Hyderabad,Telangana,17.385,78.4867,semi_arid,2023-06-20,2023-06-22,2,0.6,9.0,26.5,26.2,87.8,91.2,1007.9,0.0,3.2,1,6
REC_02810,Visakhapatnam,Andhra Pradesh,17.6868,83.2185,coastal_cyclonic,2023-06-20,2023-06-24,4,0.7,0.5,35.1,35.2,75.4,68.7,1000.9,0.0,8.5,1,6
REC_01809,Hyderabad,Telangana,17.385,78.4867,semi_arid,2023-06-20,2023-06-29,9,1.6,3.9,27.3,29.7,72.1,56.7,1005.6,0.0,25.6,1,6
REC_02837,Hyderabad,Telangana,17.385,78.4867,semi_arid,2023-06-20,2023-06-29,9,4.4,18.7,29.6,32.3,85.6,94.8,1004.7,0.0,57.6,1,6
REC_00724,Hyderabad,Telangana,17.385,78.4867,semi_arid,2023-06-21,2023-06-24,3,24.2,0.0,30.6,29.7,59.3,68.1,1013.4,18.5,5.7,1,6
REC_00818,Hyderabad,Telangana,17.385,78.4867,semi_arid,2023-06-21,2023-06-26,5,2.1,18.8,28.6,28.2,79.9,88.7,1007.2,0.0,16.3,1,6
REC_00472,Mumbai,Maharashtra,19.076,72.8777,coastal_heavy_monsoon,2023-06-21,2023-06-27,6,30.4,46.8,30.0,32.6,87.9,95.9,1010.4,33.0,2.6,1,6
REC_03218,Mumbai,Maharashtra,19.076,72.8777,coastal_heavy_monsoon,2023-06-22,2023-06-25,3,18.4,35.5,37.7,37.1,92.6,94.1,1007.7,22.4,4.0,1,6
REC_03295,Mumbai,Maharashtra,19.076,72.8777,coastal_heavy_monsoon,2023-06-22,2023-06-26,4,5.9,23.9,29.7,26.6,77.4,85.2,1003.7,13.9,8.0,1,6
REC_02504,Delhi,NCR,28.6139,77.209,continental_subtropical,2023-06-22,2023-07-01,9,31.4,0.0,25.1,19.6,83.0,91.6,1005.5,74.6,43.1,1,7
REC_00731,Hyderabad,Telangana,17.385,78.4867,semi_arid,2023-06-22,2023-07-02,10,11.7,42.9,29.9,28.6,83.1,80.8,1005.8,25.2,13.5,1,7
REC_01465,Bengaluru,Karnataka,12.9716,77.5946,plateau_temperate,2023-06-22,2023-07-02,10,13.2,0.0,30.6,32.1,79.0,70.1,1003.2,56.6,43.4,1,7
REC_02233,Mumbai,Maharashtra,19.076,72.8777,coastal_heavy_monsoon,2023-06-22,2023-07-02,10,4.7,0.0,23.3,28.1,84.8,55.3,1001.8,6.9,2.2,1,7
REC_01411,Visakhapatnam,Andhra Pradesh,17.6868,83.2185,coastal_cyclonic,2023-06-23,2023-06-30,7,40.6,0.0,29.5,29.0,83.8,78.8,1009.7,69.2,28.6,1,6
REC_03085,Krishna District,Andhra Pradesh,16.5062,80.648,coastal_humid,2023-06-25,2023-07-02,7,75.0,0.0,31.6,29.7,84.6,84.0,1011.9,86.4,11.4,1,7
REC_00739,Hyderabad,Telangana,17.385,78.4867,semi_arid,2023-06-25,2023-07-03,8,1.9,0.0,24.0,24.9,77.9,71.1,1011.9,20.1,18.2,1,7
REC_02836,Hyderabad,Telangana,17.385,78.4867,semi_arid,2023-06-25,2023-07-03,8,7.3,11.6,35.1,28.6,78.4,93.1,1011.6,0.0,9.3,1,7
REC_02920,Hyderabad,Telangana,17.385,78.4867,semi_arid,2023-06-25,2023-07-05,10,20.7,0.0,31.3,33.1,64.3,88.3,1008.0,30.1,9.4,1,7
REC_02762,Bengaluru,Karnataka,12.9716,77.5946,plateau_temperate,2023-06-26,2023-07-02,6,7.2,12.8,30.3,32.4,82.5,82.4,1011.6,30.6,23.3,1,7
REC_01297,Krishna District,Andhra Pradesh,16.5062,80.648,coastal_humid,2023-06-26,2023-07-03,7,0.1,0.0,29.4,29.5,80.6,68.8,1007.7,0.0,11.6,1,7
REC_00925,Visakhapatnam,Andhra Pradesh,17.6868,83.2185,coastal_cyclonic,2023-06-27,2023-06-30,3,80.4,214.3,36.5,35.7,95.9,100.0,1000.1,83.7,3.3,1,6
REC_02216,Visakhapatnam,Andhra Pradesh,17.6868,83.2185,coastal_cyclonic,2023-06-27,2023-07-07,10,18.0,37.0,32.6,30.7,87.8,88.9,1009.0,0.0,49.0,1,7
REC_00175,Visakhapatnam,Andhra Pradesh,17.6868,83.2185,coastal_cyclonic,2023-06-28,2023-07-01,3,0.3,0.0,26.0,26.0,81.8,88.3,1000.2,0.0,15.5,1,7
REC_02067,Krishna District,Andhra Pradesh,16.5062,80.648,coastal_humid,2023-06-28,2023-07-04,6,25.9,0.0,27.4,26.1,68.2,76.7,1005.0,26.2,0.4,1,7
REC_00867,Mumbai,Maharashtra,19.076,72.8777,coastal_heavy_monsoon,2023-06-28,2023-07-05,7,70.4,0.0,28.6,26.4,89.4,96.2,1005.1,104.4,34.0,1,7
REC_02345,Delhi,NCR,28.6139,77.209,continental_subtropical,2023-06-28,2023-07-05,7,11.6,0.0,27.9,28.7,84.4,86.3,1010.2,0.0,34.0,1,7
REC_03369,Mumbai,Maharashtra,19.076,72.8777,coastal_heavy_monsoon,2023-06-28,2023-07-05,7,22.6,0.0,29.9,27.4,74.4,84.3,1010.4,6.1,16.5,1,7
REC_01188,Krishna District,Andhra Pradesh,16.5062,80.648,coastal_humid,2023-06-28,2023-07-07,9,14.4,0.0,27.8,37.6,83.8,80.5,1006.1,40.6,26.2,1,7
REC_03149,Bengaluru,Karnataka,12.9716,77.5946,plateau_temperate,2023-06-29,2023-06-30,1,1.4,0.0,28.8,29.3,71.3,70.3,1014.3,1.5,0.1,1,6
REC_03100,Mumbai,Maharashtra,19.076,72.8777,coastal_heavy_monsoon,2023-06-29,2023-07-01,2,8.9,14.9,29.5,29.7,83.5,78.2,1005.7,12.0,3.1,1,7
REC_03165,Delhi,NCR,28.6139,77.209,continental_subtropical,2023-06-29,2023-07-01,2,6.4,8.1,29.4,31.0,76.4,78.2,1009.3,8.8,2.3,1,7
REC_01890,Bengaluru,Karnataka,12.9716,77.5946,plateau_temperate,2023-06-29,2023-07-05,6,23.8,59.8,25.6,26.1,81.7,77.8,1010.0,13.7,10.1,1,7
REC_02848,Delhi,NCR,28.6139,77.209,continental_subtropical,2023-06-30,2023-07-07,7,13.0,0.0,26.6,27.2,96.2,81.2,1012.8,24.2,11.2,1,7
REC_03428,Hyderabad,Telangana,17.385,78.4867,semi_arid,2023-06-30,2023-07-08,8,7.0,0.0,28.6,30.0,74.9,88.3,1010.8,19.0,12.0,1,7
REC_00138,Krishna District,Andhra Pradesh,16.5062,80.648,coastal_humid,2023-06-30,2023-07-10,10,2.1,0.0,28.2,22.1,82.6,76.6,1002.9,0.0,35.8,1,7
REC_02845,Krishna District,Andhra Pradesh,16.5062,80.648,coastal_humid,2023-06-30,2023-07-10,10,21.7,0.9,34.4,34.4,95.7,86.2,1006.7,0.0,37.8,1,7
REC_00497,Visakhapatnam,Andhra Pradesh,17.6868,83.2185,coastal_cyclonic,2023-07-01,2023-07-03,2,26.4,7.7,27.2,27.1,70.9,73.0,1005.9,27.5,1.2,1,7
REC_01319,Krishna District,Andhra Pradesh,16.5062,80.648,coastal_humid,2023-07-01,2023-07-06,5,5.5,0.0,30.0,30.2,82.3,69.6,1011.2,5.0,0.5,1,7
REC_01059,Krishna District,Andhra Pradesh,16.5062,80.648,coastal_humid,2023-07-01,2023-07-09,8,33.1,13.5,30.8,37.2,85.4,66.5,1005.0,0.0,41.3,1,7
REC_02590,Hyderabad,Telangana,17.385,78.4867,semi_arid,2023-07-02,2023-07-05,3,23.7,7.0,28.8,27.6,68.9,58.7,1006.5,27.3,3.7,1,7
REC_01824,Bengaluru,Karnataka,12.9716,77.5946,plateau_temperate,2023-07-02,2023-07-11,9,7.8,0.0,30.0,32.1,70.9,57.2,999.6,0.0,47.2,1,7
REC_01271,Krishna District,Andhra Pradesh,16.5062,80.648,coastal_humid,2023-07-02,2023-07-12,10,13.6,10.5,31.2,31.4,89.2,92.6,1008.5,37.1,23.4,1,7
REC_02303,Bengaluru,Karnataka,12.9716,77.5946,plateau_temperate,2023-07-03,2023-07-04,1,15.8,26.4,32.2,33.0,89.4,89.9,1005.2,15.3,0.5,1,7
REC_01689,Krishna District,Andhra Pradesh,16.5062,80.648,coastal_humid,2023-07-03,2023-07-08,5,43.7,53.6,28.7,28.2,83.1,87.0,1012.9,42.4,1.3,1,7
REC_01955,Bengaluru,Karnataka,12.9716,77.5946,plateau_temperate,2023-07-03,2023-07-09,6,32.5,0.0,32.2,32.8,83.1,91.8,1007.4,13.9,18.6,1,7
REC_00866,Mumbai,Maharashtra,19.076,72.8777,coastal_heavy_monsoon,2023-07-03,2023-07-10,7,25.2,42.0,29.6,38.0,86.9,76.2,1010.0,6.9,18.3,1,7
REC_03264,Visakhapatnam,Andhra Pradesh,17.6868,83.2185,coastal_cyclonic,2023-07-03,2023-07-11,8,11.7,55.7,31.9,37.0,80.1,80.7,1015.9,33.7,22.0,1,7
REC_01102,Krishna District,Andhra Pradesh,16.5062,80.648,coastal_humid,2023-07-03,2023-07-12,9,12.9,41.6,33.9,33.0,83.4,90.5,1005.5,63.6,50.7,1,7
REC_02691,Mumbai,Maharashtra,19.076,72.8777,coastal_heavy_monsoon,2023-07-03,2023-07-12,9,9.2,22.4,32.8,37.5,92.2,71.6,1005.2,81.1,71.9,1,7
REC_01443,Visakhapatnam,Andhra Pradesh,17.6868,83.2185,coastal_cyclonic,2023-07-04,2023-07-05,1,2.5,0.0,28.7,28.3,71.3,68.9,1004.3,1.7,0.7,1,7
REC_03286,Mumbai,Maharashtra,19.076,72.8777,coastal_heavy_monsoon,2023-07-04,2023-07-05,1,33.6,55.0,28.5,28.5,74.3,69.7,1004.6,34.7,1.1,1,7
REC_01577,Bengaluru,Karnataka,12.9716,77.5946,plateau_temperate,2023-07-04,2023-07-09,5,53.2,37.7,26.4,29.8,95.6,100.0,1008.2,59.3,6.1,1,7
REC_00179,Bengaluru,Karnataka,12.9716,77.5946,plateau_temperate,2023-07-04,2023-07-14,10,0.6,0.0,29.7,24.5,78.4,87.9,1004.8,0.0,46.6,1,7
REC_03328,Delhi,NCR,28.6139,77.209,continental_subtropical,2023-07-05,2023-07-08,3,20.6,70.8,29.0,27.3,87.6,83.1,1008.5,12.4,8.3,1,7
REC_02246,Mumbai,Maharashtra,19.076,72.8777,coastal_heavy_monsoon,2023-07-05,2023-07-11,6,1.0,0.0,27.7,27.8,82.3,72.6,1008.6,0.0,36.4,1,7
REC_02440,Delhi,NCR,28.6139,77.209,continental_subtropical,2023-07-05,2023-07-12,7,14.6,9.3,30.5,30.2,95.8,100.0,1010.3,33.9,19.3,1,7
REC_03345,Visakhapatnam,Andhra Pradesh,17.6868,83.2185,coastal_cyclonic,2023-07-06,2023-07-08,2,47.2,8.8,32.2,31.6,82.9,82.2,1005.5,43.4,3.8,1,7
REC_02083,Krishna District,Andhra Pradesh,16.5062,80.648,coastal_humid,2023-07-06,2023-07-09,3,13.1,0.0,31.0,30.9,74.9,77.8,1006.7,11.0,2.1,1,7
REC_03325,Mumbai,Maharashtra,19.076,72.8777,coastal_heavy_monsoon,2023-07-06,2023-07-10,4,35.3,124.6,30.0,30.1,91.7,100.0,1008.2,23.4,11.9,1,7
REC_01051,Mumbai,Maharashtra,19.076,72.8777,coastal_heavy_monsoon,2023-07-06,2023-07-16,10,3.0,113.6,31.6,25.1,84.5,61.7,1012.6,18.6,15.7,1,7
REC_01839,Bengaluru,Karnataka,12.9716,77.5946,plateau_temperate,2023-07-07,2023-07-10,3,4.7,0.0,34.3,36.4,87.5,92.9,1012.1,16.4,11.8,1,7
REC_01848,Hyderabad,Telangana,17.385,78.4867,semi_arid,2023-07-07,2023-07-10,3,2.9,0.0,33.0,35.6,83.1,83.3,1007.5,0.0,13.7,1,7
REC_03220,Visakhapatnam,Andhra Pradesh,17.6868,83.2185,coastal_cyclonic,2023-07-07,2023-07-10,3,24.1,39.2,28.8,27.4,87.0,89.1,1007.6,23.3,0.8,1,7
REC_01371,Hyderabad,Telangana,17.385,78.4867,semi_arid,2023-07-07,2023-07-11,4,7.3,6.2,24.6,24.7,79.0,96.1,1010.4,7.9,0.6,1,7
REC_02616,Krishna District,Andhra Pradesh,16.5062,80.648,coastal_humid,2023-07-07,2023-07-11,4,27.2,0.0,28.7,29.6,71.8,74.0,1008.6,42.2,15.0,1,7
REC_00938,Delhi,NCR,28.6139,77.209,continental_subtropical,2023-07-07,2023-07-12,5,6.4,0.0,28.0,30.3,97.7,100.0,1007.8,0.0,18.2,1,7
REC_03448,Bengaluru,Karnataka,12.9716,77.5946,plateau_temperate,2023-07-07,2023-07-14,7,11.5,141.0,28.3,27.8,80.6,78.3,1004.4,0.0,34.0,1,7
REC_01697,Bengaluru,Karnataka,12.9716,77.5946,plateau_temperate,2023-07-08,2023-07-11,3,12.3,0.0,29.1,29.3,76.2,76.4,1005.9,8.1,4.2,1,7
REC_01702,Hyderabad,Telangana,17.385,78.4867,semi_arid,2023-07-08,2023-07-11,3,14.0,0.0,25.7,26.6,77.3,78.9,1011.6,9.2,4.9,1,7
REC_01958,Mumbai,Maharashtra,19.076,72.8777,coastal_heavy_monsoon,2023-07-08,2023-07-11,3,11.7,14.1,23.4,19.9,77.0,83.1,1008.4,29.0,17.3,1,7
REC_03400,Krishna District,Andhra Pradesh,16.5062,80.648,coastal_humid,2023-07-08,2023-07-13,5,3.7,10.6,26.3,26.1,85.4,84.3,1005.8,0.0,9.5,1,7
REC_00898,Delhi,NCR,28.6139,77.209,continental_subtropical,2023-07-08,2023-07-16,8,1.9,2.4,34.9,35.9,97.3,100.0,1012.7,0.0,36.3,1,7
REC_00600,Krishna District,Andhra Pradesh,16.5062,80.648,coastal_humid,2023-07-08,2023-07-17,9,94.5,0.0,29.6,32.1,85.8,100.0,1003.8,68.8,25.8,1,7
REC_00704,Mumbai,Maharashtra,19.076,72.8777,coastal_heavy_monsoon,2023-07-08,2023-07-17,9,28.8,173.2,28.6,27.3,76.3,100.0,1006.5,41.6,12.9,1,7
REC_01076,Krishna District,Andhra Pradesh,16.5062,80.648,coastal_humid,2023-07-08,2023-07-18,10,20.0,0.0,24.2,27.4,80.5,83.8,1007.2,69.1,49.0,1,7
REC_02925,Krishna District,Andhra Pradesh,16.5062,80.648,coastal_humid,2023-07-10,2023-07-11,1,28.1,23.8,34.0,34.0,94.1,95.7,1007.7,26.4,1.6,1,7
REC_03057,Bengaluru,Karnataka,12.9716,77.5946,plateau_temperate,2023-07-10,2023-07-16,6,11.9,0.0,24.5,23.2,63.0,54.1,1016.0,24.7,12.7,1,7
REC_00429,Visakhapatnam,Andhra Pradesh,17.6868,83.2185,coastal_cyclonic,2023-07-10,2023-07-20,10,10.3,0.0,31.5,36.8,83.9,76.6,1009.4,0.0,46.2,1,7
REC_01667,Bengaluru,Karnataka,12.9716,77.5946,plateau_temperate,2023-07-10,2023-07-20,10,11.3,0.0,26.2,30.2,98.0,93.7,1005.2,0.0,11.6,1,7
REC_00915,Krishna District,Andhra Pradesh,16.5062,80.648,coastal_humid,2023-07-11,2023-07-16,5,2.5,4.8,25.2,21.1,89.0,97.8,1007.8,0.0,15.9,1,7
REC_01004,Hyderabad,Telangana,17.385,78.4867,semi_arid,2023-07-11,2023-07-20,9,10.2,0.0,26.5,25.9,75.3,68.2,1005.3,35.1,24.9,1,7
REC_02763,Visakhapatnam,Andhra Pradesh,17.6868,83.2185,coastal_cyclonic,2023-07-12,2023-07-13,1,22.9,41.4,31.5,31.6,67.2,59.9,1008.5,23.8,0.9,1,7
REC_01130,Mumbai,Maharashtra,19.076,72.8777,coastal_heavy_monsoon,2023-07-12,2023-07-14,2,53.9,0.0,27.9,27.3,82.5,86.5,1006.9,59.1,5.1,1,7
REC_00204,Bengaluru,Karnataka,12.9716,77.5946,plateau_temperate,2023-07-12,2023-07-16,4,1.7,0.0,37.0,35.5,85.4,86.0,1010.8,0.0,1.9,1,7
REC_00786,Mumbai,Maharashtra,19.076,72.8777,coastal_heavy_monsoon,2023-07-12,2023-07-18,6,2.6,0.0,25.3,23.3,94.2,80.9,1004.9,0.0,21.7,1,7
REC_01146,Mumbai,Maharashtra,19.076,72.8777,coastal_heavy_monsoon,2023-07-12,2023-07-22,10,4.0,59.8,28.2,24.3,73.1,74.8,1010.6,52.5,48.5,1,7
REC_00315,Delhi,NCR,28.6139,77.209,continental_subtropical,2023-07-13,2023-07-15,2,19.0,21.2,29.5,30.3,95.7,88.1,1007.3,21.8,2.7,1,7
REC_01505,Krishna District,Andhra Pradesh,16.5062,80.648,coastal_humid,2023-07-13,2023-07-15,2,37.3,41.4,34.1,34.0,82.7,78.1,1012.0,23.7,13.6,1,7
REC_00905,Mumbai,Maharashtra,19.076,72.8777,coastal_heavy_monsoon,2023-07-13,2023-07-17,4,21.0,61.3,29.3,32.3,78.6,78.2,1006.7,17.5,3.5,1,7
REC_02865,Delhi,NCR,28.6139,77.209,continental_subtropical,2023-07-13,2023-07-18,5,1.3,0.0,29.3,30.5,75.2,69.9,1007.4,14.5,13.2,1,7
REC_01274,Hyderabad,Telangana,17.385,78.4867,semi_arid,2023-07-13,2023-07-19,6,0.4,25.9,28.6,28.1,77.5,61.1,1015.2,0.0,37.4,1,7
REC_00526,Mumbai,Maharashtra,19.076,72.8777,coastal_heavy_monsoon,2023-07-13,2023-07-22,9,49.5,74.8,31.3,35.7,73.2,60.0,1013.7,53.1,3.6,1,7
REC_03233,Hyderabad,Telangana,17.385,78.4867,semi_arid,2023-07-13,2023-07-22,9,22.7,64.6,25.9,29.7,74.7,86.2,1003.5,0.0,50.3,1,7
REC_00591,Hyderabad,Telangana,17.385,78.4867,semi_arid,2023-07-14,2023-07-17,3,30.5,11.9,34.2,33.2,70.2,65.3,1003.3,16.7,13.8,1,7
REC_01473,Krishna District,Andhra Pradesh,16.5062,80.648,coastal_humid,2023-07-14,2023-07-20,6,8.1,51.4,32.9,29.3,77.5,76.7,1012.0,8.5,0.3,1,7
REC_01926,Bengaluru,Karnataka,12.9716,77.5946,plateau_temperate,2023-07-14,2023-07-22,8,1.6,0.0,29.5,30.2,94.7,100.0,1008.2,0.0,15.2,1,7
REC_03398,Hyderabad,Telangana,17.385,78.4867,semi_arid,2023-07-15,2023-07-17,2,33.2,18.1,30.8,31.4,66.1,66.9,1004.5,41.3,8.1,1,7
REC_02210,Delhi,NCR,28.6139,77.209,continental_subtropical,2023-07-15,2023-07-21,6,15.3,21.9,31.7,28.7,91.0,93.7,1008.8,0.6,14.7,1,7
REC_01226,Bengaluru,Karnataka,12.9716,77.5946,plateau_temperate,2023-07-15,2023-07-23,8,22.7,0.0,26.6,27.7,87.4,88.2,1011.0,39.5,16.9,1,7
REC_00133,Mumbai,Maharashtra,19.076,72.8777,coastal_heavy_monsoon,2023-07-15,2023-07-24,9,2.1,0.0,32.3,29.1,81.1,61.1,1011.7,0.0,27.3,1,7
REC_03082,Visakhapatnam,Andhra Pradesh,17.6868,83.2185,coastal_cyclonic,2023-07-16,2023-07-17,1,16.5,17.2,31.3,31.2,64.7,62.2,1009.0,15.3,1.2,1,7
REC_00672,Krishna District,Andhra Pradesh,16.5062,80.648,coastal_humid,2023-07-16,2023-07-18,2,33.1,27.7,27.6,27.9,96.5,100.0,1010.0,37.7,4.7,1,7
REC_02317,Krishna District,Andhra Pradesh,16.5062,80.648,coastal_humid,2023-07-16,2023-07-20,4,133.2,221.3,23.5,22.3,83.8,74.5,1006.0,128.5,4.7,1,7
REC_00028,Hyderabad,Telangana,17.385,78.4867,semi_arid,2023-07-16,2023-07-21,5,9.7,78.4,31.6,30.9,86.6,92.6,1012.5,0.0,13.9,1,7
REC_00440,Mumbai,Maharashtra,19.076,72.8777,coastal_heavy_monsoon,2023-07-16,2023-07-25,9,18.4,63.6,30.4,28.5,76.6,74.7,1006.4,0.0,62.4,1,7
REC_02204,Bengaluru,Karnataka,12.9716,77.5946,plateau_temperate,2023-07-16,2023-07-26,10,8.0,19.5,30.1,34.9,92.4,100.0,1012.0,16.7,8.7,1,7
REC_02331,Krishna District,Andhra Pradesh,16.5062,80.648,coastal_humid,2023-07-16,2023-07-26,10,8.5,22.9,29.3,29.1,62.1,80.8,1002.3,0.0,13.8,1,7
REC_02695,Mumbai,Maharashtra,19.076,72.8777,coastal_heavy_monsoon,2023-07-16,2023-07-26,10,16.9,158.3,31.3,24.1,94.6,100.0,1008.3,1.9,14.9,1,7
REC_03118,Bengaluru,Karnataka,12.9716,77.5946,plateau_temperate,2023-07-16,2023-07-26,10,47.1,0.0,33.8,27.6,66.3,87.9,1010.1,43.6,3.5,1,7
REC_02260,Bengaluru,Karnataka,12.9716,77.5946,plateau_temperate,2023-07-17,2023-07-22,5,38.9,53.8,30.9,29.7,83.6,91.9,1008.3,20.7,18.2,1,7
REC_02794,Krishna District,Andhra Pradesh,16.5062,80.648,coastal_humid,2023-07-17,2023-07-23,6,18.6,0.0,26.6,29.8,86.7,99.7,1004.3,27.4,8.8,1,7
REC_03052,Visakhapatnam,Andhra Pradesh,17.6868,83.2185,coastal_cyclonic,2023-07-17,2023-07-23,6,1.1,0.0,29.9,28.6,89.6,97.3,1009.7,0.0,9.3,1,7
REC_01631,Mumbai,Maharashtra,19.076,72.8777,coastal_heavy_monsoon,2023-07-17,2023-07-26,9,18.1,70.4,28.9,30.4,84.1,91.4,1006.2,13.5,4.6,1,7
REC_02480,Bengaluru,Karnataka,12.9716,77.5946,plateau_temperate,2023-07-17,2023-07-26,9,0.6,0.0,32.2,32.7,91.8,94.1,1008.8,0.0,54.7,1,7
REC_00269,Delhi,NCR,28.6139,77.209,continental_subtropical,2023-07-18,2023-07-23,5,2.1,22.1,32.8,31.2,88.5,90.0,1012.3,22.0,20.0,1,7
REC_00072,Krishna District,Andhra Pradesh,16.5062,80.648,coastal_humid,2023-07-18,2023-07-24,6,5.6,10.6,29.3,30.1,82.7,78.9,1007.4,0.0,21.6,1,7
REC_01251,Krishna District,Andhra Pradesh,16.5062,80.648,coastal_humid,2023-07-19,2023-07-26,7,1.4,72.8,24.1,29.2,71.5,68.5,1009.9,7.1,5.7,1,7
REC_01461,Bengaluru,Karnataka,12.9716,77.5946,plateau_temperate,2023-07-19,2023-07-29,10,5.9,8.8,33.9,33.5,79.5,87.7,1005.9,5.0,1.0,1,7
REC_01731,Bengaluru,Karnataka,12.9716,77.5946,plateau_temperate,2023-07-20,2023-07-21,1,9.9,17.4,29.2,28.9,81.9,86.8,1013.2,9.0,0.9,1,7
REC_02486,Delhi,NCR,28.6139,77.209,continental_subtropical,2023-07-20,2023-07-24,4,12.6,18.1,26.7,25.2,90.1,92.0,1006.4,18.6,5.9,1,7
REC_03223,Delhi,NCR,28.6139,77.209,continental_subtropical,2023-07-20,2023-07-27,7,1.5,28.7,25.6,26.3,79.3,80.4,1005.9,0.0,5.2,1,7
REC_02108,Krishna District,Andhra Pradesh,16.5062,80.648,coastal_humid,2023-07-20,2023-07-28,8,7.1,0.0,34.2,32.6,83.2,82.0,1009.3,27.3,20.3,1,7
REC_02211,Mumbai,Maharashtra,19.076,72.8777,coastal_heavy_monsoon,2023-07-20,2023-07-28,8,68.6,219.6,32.5,34.1,90.5,89.9,1002.0,79.7,11.1,1,7
REC_02968,Visakhapatnam,Andhra Pradesh,17.6868,83.2185,coastal_cyclonic,2023-07-21,2023-07-22,1,20.0,0.5,29.1,29.2,93.2,92.6,1019.8,20.6,0.6,1,7
REC_02058,Delhi,NCR,28.6139,77.209,continental_subtropical,2023-07-21,2023-07-24,3,12.0,0.0,28.6,28.6,76.6,90.5,1014.7,6.5,5.5,1,7
REC_00586,Delhi,NCR,28.6139,77.209,continental_subtropical,2023-07-21,2023-07-26,5,24.0,24.5,30.3,29.0,88.8,86.4,1003.1,2.8,21.2,1,7
REC_00770,Krishna District,Andhra Pradesh,16.5062,80.648,coastal_humid,2023-07-21,2023-07-28,7,31.1,0.0,30.9,28.2,85.7,80.0,1003.3,56.2,25.2,1,7
REC_01456,Bengaluru,Karnataka,12.9716,77.5946,plateau_temperate,2023-07-21,2023-07-31,10,7.2,9.4,32.1,33.9,81.9,81.6,1011.9,0.0,21.0,1,7
REC_02307,Delhi,NCR,28.6139,77.209,continental_subtropical,2023-07-22,2023-07-23,1,21.5,20.2,34.1,34.6,75.4,77.9,1009.3,21.4,0.1,1,7
REC_03025,Hyderabad,Telangana,17.385,78.4867,semi_arid,2023-07-22,2023-07-28,6,0.9,0.5,25.6,25.8,71.2,65.9,1010.4,0.0,14.7,1,7
REC_00078,Visakhapatnam,Andhra Pradesh,17.6868,83.2185,coastal_cyclonic,2023-07-22,2023-07-30,8,4.5,39.9,27.7,29.0,88.1,100.0,1004.3,0.0,23.4,1,7
REC_00290,Mumbai,Maharashtra,19.076,72.8777,coastal_heavy_monsoon,2023-07-23,2023-07-25,2,2.1,4.6,30.3,31.7,61.2,56.5,1008.8,0.1,1.9,1,7
REC_00797,Mumbai,Maharashtra,19.076,72.8777,coastal_heavy_monsoon,2023-07-23,2023-07-25,2,1.6,0.0,35.5,34.5,67.1,62.3,1006.0,0.0,2.5,1,7
REC_00177,Bengaluru,Karnataka,12.9716,77.5946,plateau_temperate,2023-07-23,2023-07-29,6,16.3,61.6,24.2,27.2,78.7,81.3,1007.6,0.0,17.0,1,7
REC_01333,Hyderabad,Telangana,17.385,78.4867,semi_arid,2023-07-23,2023-07-30,7,1.1,51.9,34.1,35.5,97.9,98.1,999.4,0.0,2.6,1,7
REC_03236,Hyderabad,Telangana,17.385,78.4867,semi_arid,2023-07-23,2023-08-01,9,0.5,36.8,29.2,31.4,92.6,93.2,1003.1,11.8,11.3,1,8
REC_01725,Krishna District,Andhra Pradesh,16.5062,80.648,coastal_humid,2023-07-24,2023-07-25,1,11.4,18.2,30.1,30.8,90.1,90.8,1005.5,11.8,0.4,1,7
REC_00700,Hyderabad,Telangana,17.385,78.4867,semi_arid,2023-07-24,2023-07-27,3,14.7,10.3,27.6,26.1,89.8,88.7,1013.6,19.4,4.7,1,7
REC_00144,Delhi,NCR,28.6139,77.209,continental_subtropical,2023-07-24,2023-07-30,6,13.5,47.7,35.0,36.6,83.6,73.1,1012.2,0.0,20.4,1,7
REC_00258,Krishna District,Andhra Pradesh,16.5062,80.648,coastal_humid,2023-07-24,2023-08-01,8,74.2,0.0,27.1,29.1,88.6,74.3,1007.2,81.3,7.1,1,8
REC_01073,Visakhapatnam,Andhra Pradesh,17.6868,83.2185,coastal_cyclonic,2023-07-25,2023-08-03,9,42.0,85.6,25.2,31.7,96.0,85.9,1010.4,55.1,13.1,1,8
REC_03054,Visakhapatnam,Andhra Pradesh,17.6868,83.2185,coastal_cyclonic,2023-07-26,2023-07-28,2,2.0,7.0,30.2,30.6,65.7,73.5,1007.3,0.0,2.1,1,7
REC_02797,Visakhapatnam,Andhra Pradesh,17.6868,83.2185,coastal_cyclonic,2023-07-26,2023-07-31,5,11.1,1.5,22.6,21.8,96.3,97.9,1012.0,8.4,2.7,1,7
REC_01940,Krishna District,Andhra Pradesh,16.5062,80.648,coastal_humid,2023-07-27,2023-07-29,2,4.8,20.8,24.6,25.2,75.3,71.9,1006.0,21.0,16.1,1,7
REC_03309,Mumbai,Maharashtra,19.076,72.8777,coastal_heavy_monsoon,2023-07-27,2023-07-29,2,17.5,21.2,25.1,27.6,93.7,98.0,1013.5,13.7,3.8,1,7
REC_01716,Bengaluru,Karnataka,12.9716,77.5946,plateau_temperate,2023-07-27,2023-08-01,5,8.4,14.6,30.0,28.0,65.7,67.8,1003.8,6.0,2.4,1,8
REC_02159,Bengaluru,Karnataka,12.9716,77.5946,plateau_temperate,2023-07-27,2023-08-02,6,9.3,16.2,25.7,22.1,84.8,91.8,1005.1,0.0,18.4,1,8
REC_02239,Hyderabad,Telangana,17.385,78.4867,semi_arid,2023-07-27,2023-08-02,6,2.8,0.0,31.5,31.0,84.3,93.0,1009.7,11.1,8.3,1,8
REC_02042,Krishna District,Andhra Pradesh,16.5062,80.648,coastal_humid,2023-07-27,2023-08-05,9,13.5,0.0,27.9,28.9,77.9,100.0,1012.0,0.0,64.5,1,8
REC_02758,Bengaluru,Karnataka,12.9716,77.5946,plateau_temperate,2023-07-27,2023-08-05,9,19.4,0.0,30.5,33.0,83.4,83.9,1005.9,51.7,32.3,1,8
REC_00123,Visakhapatnam,Andhra Pradesh,17.6868,83.2185,coastal_cyclonic,2023-07-28,2023-07-29,1,55.9,73.1,30.5,31.1,81.8,83.2,1009.1,56.4,0.4,1,7
REC_00632,Visakhapatnam,Andhra Pradesh,17.6868,83.2185,coastal_cyclonic,2023-07-28,2023-08-01,4,29.5,73.8,32.0,32.8,95.3,91.9,1009.2,23.0,6.4,1,8
REC_01726,Hyderabad,Telangana,17.385,78.4867,semi_arid,2023-07-28,2023-08-01,4,24.7,20.3,30.2,28.2,87.7,99.1,1013.4,15.1,9.6,1,8
REC_00990,Mumbai,Maharashtra,19.076,72.8777,coastal_heavy_monsoon,2023-07-28,2023-08-03,6,42.8,0.0,34.0,35.1,86.9,94.8,1013.8,23.7,19.1,1,8
REC_01471,Hyderabad,Telangana,17.385,78.4867,semi_arid,2023-07-28,2023-08-03,6,38.5,61.7,27.9,29.2,80.3,82.6,1011.6,52.7,14.2,1,8
REC_01276,Visakhapatnam,Andhra Pradesh,17.6868,83.2185,coastal_cyclonic,2023-07-28,2023-08-07,10,29.3,66.5,28.2,24.1,85.1,74.2,1003.9,6.0,23.4,1,8
REC_01813,Hyderabad,Telangana,17.385,78.4867,semi_arid,2023-07-29,2023-07-31,2,20.0,8.5,26.7,28.0,82.4,82.3,1011.4,21.3,1.3,1,7
REC_01525,Bengaluru,Karnataka,12.9716,77.5946,plateau_temperate,2023-07-29,2023-08-01,3,28.2,38.1,34.2,34.6,68.5,71.4,1009.7,32.4,4.2,1,8
REC_01671,Delhi,NCR,28.6139,77.209,continental_subtropical,2023-07-29,2023-08-05,7,0.0,0.8,31.3,33.9,88.7,77.8,1011.7,0.0,0.5,1,8
REC_03300,Bengaluru,Karnataka,12.9716,77.5946,plateau_temperate,2023-07-29,2023-08-05,7,8.7,0.0,25.8,24.5,77.3,64.0,1013.8,11.7,3.0,1,8
REC_01060,Visakhapatnam,Andhra Pradesh,17.6868,83.2185,coastal_cyclonic,2023-07-29,2023-08-06,8,13.0,39.7,28.2,26.9,82.2,69.9,1006.4,0.0,90.8,1,8
REC_01779,Mumbai,Maharashtra,19.076,72.8777,coastal_heavy_monsoon,2023-07-29,2023-08-07,9,28.2,0.0,30.1,37.6,86.4,82.1,995.2,36.3,8.2,1,8
REC_02585,Visakhapatnam,Andhra Pradesh,17.6868,83.2185,coastal_cyclonic,2023-07-29,2023-08-07,9,6.0,0.0,30.1,32.3,78.4,41.3,1013.8,11.5,5.5,1,8
REC_03259,Delhi,NCR,28.6139,77.209,continental_subtropical,2023-07-29,2023-08-07,9,42.3,0.0,28.2,31.1,96.5,100.0,1013.6,39.7,2.6,1,8
REC_03320,Krishna District,Andhra Pradesh,16.5062,80.648,coastal_humid,2023-07-30,2023-07-31,1,3.6,0.0,31.7,31.8,66.7,67.4,1013.3,5.9,2.3,1,7
REC_02133,Hyderabad,Telangana,17.385,78.4867,semi_arid,2023-07-30,2023-08-02,3,63.2,17.7,26.9,25.3,95.2,95.4,1004.6,66.8,3.5,1,8
REC_00425,Bengaluru,Karnataka,12.9716,77.5946,plateau_temperate,2023-07-30,2023-08-04,5,16.0,61.4,26.6,28.1,78.8,87.1,1004.3,11.3,4.8,1,8
REC_01792,Mumbai,Maharashtra,19.076,72.8777,coastal_heavy_monsoon,2023-07-30,2023-08-06,7,15.0,34.3,23.9,27.1,79.3,84.5,1004.9,0.0,16.7,1,8
REC_02465,Bengaluru,Karnataka,12.9716,77.5946,plateau_temperate,2023-07-31,2023-08-01,1,18.1,0.0,30.6,30.7,71.7,71.5,1003.2,18.4,0.3,1,8
REC_00840,Hyderabad,Telangana,17.385,78.4867,semi_arid,2023-07-31,2023-08-02,2,5.8,4.3,27.5,27.6,84.2,82.6,997.3,13.5,7.8,1,8
REC_02753,Visakhapatnam,Andhra Pradesh,17.6868,83.2185,coastal_cyclonic,2023-07-31,2023-08-04,4,53.9,81.9,30.3,31.9,83.1,74.5,1010.2,54.4,0.5,1,8
REC_00294,Hyderabad,Telangana,17.385,78.4867,semi_arid,2023-07-31,2023-08-08,8,15.1,37.7,23.8,25.2,82.7,98.9,1004.8,37.5,22.3,1,8
REC_00588,Bengaluru,Karnataka,12.9716,77.5946,plateau_temperate,2023-07-31,2023-08-08,8,59.9,0.0,28.1,28.1,77.5,86.6,1011.3,54.3,5.6,1,8
REC_00873,Bengaluru,Karnataka,12.9716,77.5946,plateau_temperate,2023-07-31,2023-08-08,8,0.3,21.8,24.4,28.3,87.7,68.9,1006.3,0.0,19.0,1,8
REC_01654,Bengaluru,Karnataka,12.9716,77.5946,plateau_temperate,2023-08-01,2023-08-03,2,51.1,0.0,25.3,24.5,92.8,90.0,1009.5,57.6,6.6,1,8
REC_00512,Mumbai,Maharashtra,19.076,72.8777,coastal_heavy_monsoon,2023-08-01,2023-08-04,3,30.8,2.2,30.1,30.5,92.9,81.2,1014.6,7.1,23.7,1,8
REC_00972,Visakhapatnam,Andhra Pradesh,17.6868,83.2185,coastal_cyclonic,2023-08-01,2023-08-07,6,62.1,44.0,24.4,20.6,92.5,82.1,1007.9,78.1,16.0,1,8
REC_02088,Hyderabad,Telangana,17.385,78.4867,semi_arid,2023-08-01,2023-08-10,9,5.6,53.7,29.9,33.2,88.7,89.6,1007.2,14.4,8.8,1,8
REC_00659,Visakhapatnam,Andhra Pradesh,17.6868,83.2185,coastal_cyclonic,2023-08-02,2023-08-05,3,25.9,11.3,26.8,27.7,68.7,68.5,1006.7,33.0,7.0,1,8
REC_02526,Krishna District,Andhra Pradesh,16.5062,80.648,coastal_humid,2023-08-02,2023-08-10,8,28.4,14.0,25.9,25.4,98.0,100.0,1011.5,76.2,47.8,1,8
REC_02338,Visakhapatnam,Andhra Pradesh,17.6868,83.2185,coastal_cyclonic,2023-08-03,2023-08-06,3,65.4,35.5,31.2,28.7,98.0,100.0,1007.6,68.7,3.3,1,8
REC_00595,Mumbai,Maharashtra,19.076,72.8777,coastal_heavy_monsoon,2023-08-03,2023-08-07,4,16.6,16.5,24.7,25.0,81.5,100.0,1002.1,2.3,14.3,1,8
REC_01156,Hyderabad,Telangana,17.385,78.4867,semi_arid,2023-08-03,2023-08-10,7,16.3,0.0,26.7,26.1,86.0,96.2,1000.2,19.8,3.5,1,8
REC_00828,Delhi,NCR,28.6139,77.209,continental_subtropical,2023-08-03,2023-08-12,9,6.4,61.6,31.2,25.9,79.8,67.0,1011.9,40.8,34.4,1,8
REC_03283,Hyderabad,Telangana,17.385,78.4867,semi_arid,2023-08-04,2023-08-12,8,12.4,9.1,27.9,25.1,81.9,100.0,1014.2,46.9,34.5,1,8
REC_01205,Hyderabad,Telangana,17.385,78.4867,semi_arid,2023-08-05,2023-08-07,2,21.2,26.3,21.1,21.5,75.3,74.0,1002.9,19.2,2.0,1,8
REC_01567,Hyderabad,Telangana,17.385,78.4867,semi_arid,2023-08-05,2023-08-10,5,7.5,28.5,28.4,31.3,81.3,81.0,1011.4,0.0,12.4,1,8
REC_00146,Visakhapatnam,Andhra Pradesh,17.6868,83.2185,coastal_cyclonic,2023-08-05,2023-08-12,7,14.5,39.6,30.1,29.2,91.5,100.0,1003.1,1.0,13.5,1,8
REC_02615,Hyderabad,Telangana,17.385,78.4867,semi_arid,2023-08-05,2023-08-14,9,6.5,57.2,33.1,35.7,64.2,43.2,1004.2,16.6,10.1,1,8
REC_03294,Visakhapatnam,Andhra Pradesh,17.6868,83.2185,coastal_cyclonic,2023-08-05,2023-08-14,9,7.9,0.0,26.3,24.2,77.3,98.7,995.8,0.0,77.2,1,8
REC_03389,Hyderabad,Telangana,17.385,78.4867,semi_arid,2023-08-06,2023-08-08,2,2.5,2.7,23.6,22.7,82.9,76.3,1014.5,0.7,1.8,1,8
REC_02470,Mumbai,Maharashtra,19.076,72.8777,coastal_heavy_monsoon,2023-08-06,2023-08-10,4,14.3,0.0,33.1,33.9,81.1,78.7,1008.7,22.5,8.2,1,8
REC_03197,Mumbai,Maharashtra,19.076,72.8777,coastal_heavy_monsoon,2023-08-06,2023-08-10,4,0.5,4.5,26.6,27.2,79.4,81.1,1003.0,3.6,3.2,1,8
REC_01502,Visakhapatnam,Andhra Pradesh,17.6868,83.2185,coastal_cyclonic,2023-08-06,2023-08-14,8,2.2,63.6,31.9,31.8,79.3,77.9,1015.8,35.1,32.9,1,8
REC_02276,Bengaluru,Karnataka,12.9716,77.5946,plateau_temperate,2023-08-07,2023-08-08,1,52.1,52.9,33.2,32.0,71.3,71.4,1009.6,48.8,3.3,1,8
REC_00010,Delhi,NCR,28.6139,77.209,continental_subtropical,2023-08-07,2023-08-13,6,1.6,0.0,28.8,28.3,82.7,86.0,1006.8,0.0,1.7,1,8
REC_00038,Delhi,NCR,28.6139,77.209,continental_subtropical,2023-08-07,2023-08-17,10,6.8,0.0,29.2,26.9,84.2,96.1,1005.5,14.3,7.5,1,8
REC_02981,Visakhapatnam,Andhra Pradesh,17.6868,83.2185,coastal_cyclonic,2023-08-08,2023-08-09,1,40.0,56.6,32.4,32.2,73.6,69.2,999.8,40.1,0.1,1,8
REC_03430,Hyderabad,Telangana,17.385,78.4867,semi_arid,2023-08-08,2023-08-11,3,16.1,15.0,22.2,20.6,87.1,78.7,1008.0,15.7,0.3,1,8
REC_02922,Bengaluru,Karnataka,12.9716,77.5946,plateau_temperate,2023-08-08,2023-08-14,6,5.1,0.8,35.0,33.5,94.9,95.9,1011.3,0.0,29.7,1,8
REC_03367,Bengaluru,Karnataka,12.9716,77.5946,plateau_temperate,2023-08-08,2023-08-18,10,1.6,46.7,26.4,30.3,95.4,100.0,1002.7,0.0,14.3,1,8
REC_00534,Delhi,NCR,28.6139,77.209,continental_subtropical,2023-08-09,2023-08-11,2,0.8,0.0,32.8,32.3,82.1,85.6,1009.9,2.0,1.2,1,8
REC_01327,Delhi,NCR,28.6139,77.209,continental_subtropical,2023-08-09,2023-08-11,2,17.0,40.5,30.8,29.7,73.4,69.9,1009.7,22.3,5.2,1,8
REC_01495,Bengaluru,Karnataka,12.9716,77.5946,plateau_temperate,2023-08-09,2023-08-13,4,13.9,47.7,28.3,27.2,93.0,79.7,1013.5,13.0,0.9,1,8
REC_03202,Delhi,NCR,28.6139,77.209,continental_subtropical,2023-08-09,2023-08-15,6,31.6,0.0,25.4,27.6,76.7,71.6,1002.4,63.3,31.8,1,8
REC_02129,Delhi,NCR,28.6139,77.209,continental_subtropical,2023-08-09,2023-08-16,7,41.5,33.9,28.9,30.0,79.7,99.4,1013.4,19.3,22.2,1,8
REC_00706,Mumbai,Maharashtra,19.076,72.8777,coastal_heavy_monsoon,2023-08-09,2023-08-18,9,1.1,21.1,30.9,27.1,83.3,50.9,1002.5,16.3,15.1,1,8
REC_00263,Visakhapatnam,Andhra Pradesh,17.6868,83.2185,coastal_cyclonic,2023-08-10,2023-08-12,2,51.2,72.4,26.4,25.9,91.0,95.5,1006.9,54.6,3.4,1,8
REC_02173,Krishna District,Andhra Pradesh,16.5062,80.648,coastal_humid,2023-08-10,2023-08-12,2,4.2,2.6,33.3,33.6,94.6,91.8,1007.5,10.7,6.6,1,8
REC_03172,Delhi,NCR,28.6139,77.209,continental_subtropical,2023-08-10,2023-08-13,3,45.1,39.4,26.4,26.0,89.6,89.6,1010.5,51.6,6.5,1,8
REC_02728,Bengaluru,Karnataka,12.9716,77.5946,plateau_temperate,2023-08-10,2023-08-17,7,0.9,0.0,28.4,33.5,79.3,76.1,1002.9,54.0,53.1,1,8
REC_03146,Krishna District,Andhra Pradesh,16.5062,80.648,coastal_humid,2023-08-11,2023-08-15,4,5.5,6.2,29.9,26.8,75.7,74.8,1006.8,7.3,1.8,1,8
REC_02062,Hyderabad,Telangana,17.385,78.4867,semi_arid,2023-08-11,2023-08-16,5,15.8,45.5,31.0,34.1,88.6,100.0,1008.1,0.0,19.5,1,8
REC_02703,Hyderabad,Telangana,17.385,78.4867,semi_arid,2023-08-11,2023-08-19,8,8.6,0.0,30.4,30.3,77.5,91.9,1012.1,13.9,5.3,1,8
REC_03301,Mumbai,Maharashtra,19.076,72.8777,coastal_heavy_monsoon,2023-08-11,2023-08-20,9,73.6,0.0,27.9,27.4,77.6,67.5,1009.9,123.8,50.2,1,8
REC_03088,Mumbai,Maharashtra,19.076,72.8777,coastal_heavy_monsoon,2023-08-12,2023-08-13,1,0.9,5.2,28.8,28.6,94.1,94.4,1010.3,0.0,1.4,1,8
REC_02951,Bengaluru,Karnataka,12.9716,77.5946,plateau_temperate,2023-08-12,2023-08-15,3,12.4,5.4,29.3,25.7,86.4,86.4,1008.3,21.6,9.3,1,8
REC_02397,Mumbai,Maharashtra,19.076,72.8777,coastal_heavy_monsoon,2023-08-12,2023-08-17,5,17.0,0.0,34.6,36.2,86.6,77.0,1010.5,24.2,7.2,1,8
REC_03163,Visakhapatnam,Andhra Pradesh,17.6868,83.2185,coastal_cyclonic,2023-08-12,2023-08-19,7,26.4,67.8,32.8,36.6,81.8,79.2,1007.7,5.3,21.1,1,8
REC_03303,Bengaluru,Karnataka,12.9716,77.5946,plateau_temperate,2023-08-13,2023-08-19,6,12.7,34.3,28.5,33.0,82.3,89.7,1006.6,21.6,8.9,1,8
REC_02898,Hyderabad,Telangana,17.385,78.4867,semi_arid,2023-08-13,2023-08-21,8,23.0,99.7,27.3,31.3,68.4,60.1,996.5,46.5,23.5,1,8
REC_00034,Mumbai,Maharashtra,19.076,72.8777,coastal_heavy_monsoon,2023-08-13,2023-08-23,10,8.0,40.3,34.5,30.9,92.1,91.3,1005.2,0.0,15.9,1,8
REC_00916,Visakhapatnam,Andhra Pradesh,17.6868,83.2185,coastal_cyclonic,2023-08-14,2023-08-16,2,3.4,0.4,23.0,24.9,92.5,90.9,1004.2,0.0,4.7,1,8
REC_03327,Mumbai,Maharashtra,19.076,72.8777,coastal_heavy_monsoon,2023-08-14,2023-08-17,3,39.1,67.3,28.5,29.6,82.4,82.9,1011.6,33.5,5.6,1,8
REC_03375,Hyderabad,Telangana,17.385,78.4867,semi_arid,2023-08-14,2023-08-17,3,16.1,0.0,28.0,28.1,89.9,91.6,1015.2,21.8,5.8,1,8
REC_02885,Mumbai,Maharashtra,19.076,72.8777,coastal_heavy_monsoon,2023-08-14,2023-08-20,6,51.1,105.2,25.9,26.9,91.8,96.9,1007.8,27.3,23.7,1,8
REC_01182,Bengaluru,Karnataka,12.9716,77.5946,plateau_temperate,2023-08-14,2023-08-22,8,93.6,183.7,29.4,27.4,70.4,84.3,1004.3,61.0,32.6,1,8
REC_00394,Mumbai,Maharashtra,19.076,72.8777,coastal_heavy_monsoon,2023-08-15,2023-08-17,2,36.8,75.1,24.3,24.5,83.8,91.0,1010.8,42.4,5.6,1,8
REC_02222,Krishna District,Andhra Pradesh,16.5062,80.648,coastal_humid,2023-08-15,2023-08-17,2,13.3,24.3,36.0,36.5,87.7,89.3,1003.8,17.7,4.3,1,8
REC_00116,Visakhapatnam,Andhra Pradesh,17.6868,83.2185,coastal_cyclonic,2023-08-15,2023-08-18,3,47.7,49.4,30.5,28.5,82.2,86.4,1013.1,46.3,1.4,1,8
REC_00763,Delhi,NCR,28.6139,77.209,continental_subtropical,2023-08-15,2023-08-18,3,14.3,33.7,28.0,28.0,80.4,85.8,1006.8,17.4,3.0,1,8
REC_03324,Mumbai,Maharashtra,19.076,72.8777,coastal_heavy_monsoon,2023-08-15,2023-08-19,4,17.2,18.9,27.6,26.0,81.0,94.7,1008.6,11.5,5.7,1,8
REC_01635,Delhi,NCR,28.6139,77.209,continental_subtropical,2023-08-15,2023-08-21,6,48.1,0.0,29.0,29.9,74.4,77.8,1000.7,62.0,14.0,1,8
REC_00396,Visakhapatnam,Andhra Pradesh,17.6868,83.2185,coastal_cyclonic,2023-08-15,2023-08-23,8,13.3,62.3,32.5,26.3,80.5,82.2,1009.2,14.9,1.5,1,8
REC_00141,Hyderabad,Telangana,17.385,78.4867,semi_arid,2023-08-16,2023-08-18,2,0.6,0.0,28.6,28.6,73.7,74.3,1007.2,0.0,2.0,1,8
REC_02227,Bengaluru,Karnataka,12.9716,77.5946,plateau_temperate,2023-08-16,2023-08-19,3,1.2,0.0,27.2,25.6,80.6,80.1,1016.6,0.0,2.3,1,8
REC_00069,Delhi,NCR,28.6139,77.209,continental_subtropical,2023-08-16,2023-08-22,6,5.5,0.0,29.8,31.8,60.1,49.6,1006.2,11.1,5.7,1,8
REC_00796,Visakhapatnam,Andhra Pradesh,17.6868,83.2185,coastal_cyclonic,2023-08-16,2023-08-24,8,0.2,30.5,24.9,23.6,98.0,99.5,1015.5,31.5,31.2,1,8
REC_00402,Krishna District,Andhra Pradesh,16.5062,80.648,coastal_humid,2023-08-17,2023-08-19,2,43.3,81.5,29.1,29.1,81.3,83.2,1007.8,51.0,7.7,1,8
REC_01500,Mumbai,Maharashtra,19.076,72.8777,coastal_heavy_monsoon,2023-08-17,2023-08-24,7,15.2,0.0,28.3,29.8,79.1,93.2,1002.8,0.0,32.4,1,8
REC_02611,Hyderabad,Telangana,17.385,78.4867,semi_arid,2023-08-17,2023-08-24,7,4.9,10.9,26.7,21.6,79.0,76.6,1008.9,5.8,0.8,1,8
REC_02745,Hyderabad,Telangana,17.385,78.4867,semi_arid,2023-08-17,2023-08-25,8,1.0,10.4,28.9,32.1,78.7,80.9,1006.0,0.0,11.7,1,8
REC_01878,Visakhapatnam,Andhra Pradesh,17.6868,83.2185,coastal_cyclonic,2023-08-17,2023-08-27,10,72.7,0.0,31.5,32.5,73.4,62.6,1011.9,52.6,20.1,1,8
REC_02355,Mumbai,Maharashtra,19.076,72.8777,coastal_heavy_monsoon,2023-08-18,2023-08-21,3,4.7,12.6,26.5,26.7,82.6,82.6,1009.8,0.0,10.9,1,8
REC_01334,Bengaluru,Karnataka,12.9716,77.5946,plateau_temperate,2023-08-18,2023-08-24,6,34.8,88.1,32.9,30.6,90.5,95.1,1009.6,34.5,0.2,1,8
REC_01015,Mumbai,Maharashtra,19.076,72.8777,coastal_heavy_monsoon,2023-08-18,2023-08-25,7,84.2,0.0,24.8,26.5,92.4,90.2,1001.6,64.2,20.0,1,8
REC_03483,Krishna District,Andhra Pradesh,16.5062,80.648,coastal_humid,2023-08-18,2023-08-26,8,4.7,3.3,21.4,22.5,77.9,85.1,1004.1,6.3,1.5,1,8
REC_00571,Visakhapatnam,Andhra Pradesh,17.6868,83.2185,coastal_cyclonic,2023-08-18,2023-08-27,9,5.7,0.0,29.4,32.9,77.0,91.0,1008.4,24.3,18.6,1,8
REC_02259,Hyderabad,Telangana,17.385,78.4867,semi_arid,2023-08-18,2023-08-27,9,52.8,103.0,26.5,28.4,89.8,69.5,1000.6,92.9,40.1,1,8
REC_01267,Mumbai,Maharashtra,19.076,72.8777,coastal_heavy_monsoon,2023-08-18,2023-08-28,10,6.0,73.8,27.6,31.1,83.3,69.9,1004.6,22.2,16.2,1,8
REC_02476,Visakhapatnam,Andhra Pradesh,17.6868,83.2185,coastal_cyclonic,2023-08-19,2023-08-20,1,44.4,63.5,32.1,31.6,95.5,95.4,1004.0,46.8,2.4,1,8
REC_00954,Krishna District,Andhra Pradesh,16.5062,80.648,coastal_humid,2023-08-19,2023-08-21,2,58.6,1.2,22.3,23.1,80.2,76.2,1009.6,48.4,10.1,1,8
REC_01071,Mumbai,Maharashtra,19.076,72.8777,coastal_heavy_monsoon,2023-08-19,2023-08-22,3,73.9,111.0,34.3,33.9,91.8,89.9,1006.1,67.8,6.1,1,8
REC_00136,Mumbai,Maharashtra,19.076,72.8777,coastal_heavy_monsoon,2023-08-19,2023-08-25,6,19.0,0.0,28.1,31.0,86.3,70.3,1006.5,4.7,14.3,1,8
REC_02409,Krishna District,Andhra Pradesh,16.5062,80.648,coastal_humid,2023-08-19,2023-08-28,9,47.3,176.3,34.6,29.0,75.9,87.6,1004.0,68.1,20.8,1,8
REC_02908,Krishna District,Andhra Pradesh,16.5062,80.648,coastal_humid,2023-08-20,2023-08-21,1,16.8,1.8,32.2,33.2,88.0,84.2,1007.2,16.0,0.8,1,8
REC_02144,Mumbai,Maharashtra,19.076,72.8777,coastal_heavy_monsoon,2023-08-21,2023-08-26,5,52.3,140.8,33.6,33.1,86.1,82.9,1007.0,61.5,9.2,1,8
REC_00184,Hyderabad,Telangana,17.385,78.4867,semi_arid,2023-08-21,2023-08-29,8,23.7,80.0,31.7,33.3,80.7,89.2,1009.1,30.4,6.7,1,8
REC_00137,Hyderabad,Telangana,17.385,78.4867,semi_arid,2023-08-21,2023-08-31,10,2.5,35.9,30.1,27.4,81.3,59.5,1011.2,47.2,44.7,1,8
REC_00215,Bengaluru,Karnataka,12.9716,77.5946,plateau_temperate,2023-08-21,2023-08-31,10,9.5,0.0,27.5,25.9,89.9,80.7,1010.2,39.7,30.2,1,8
REC_02545,Hyderabad,Telangana,17.385,78.4867,semi_arid,2023-08-22,2023-08-25,3,17.2,0.0,26.5,26.8,80.5,84.5,1005.4,27.3,10.1,1,8
REC_03285,Delhi,NCR,28.6139,77.209,continental_subtropical,2023-08-22,2023-08-28,6,16.7,1.2,27.9,30.6,82.3,74.3,1005.0,5.6,11.1,1,8
REC_01551,Mumbai,Maharashtra,19.076,72.8777,coastal_heavy_monsoon,2023-08-22,2023-08-29,7,7.4,0.0,28.3,25.4,68.8,70.2,1005.8,0.0,19.3,1,8
REC_01564,Delhi,NCR,28.6139,77.209,continental_subtropical,2023-08-23,2023-08-24,1,21.1,20.2,26.3,26.2,84.5,82.7,1010.2,22.6,1.5,1,8
REC_00270,Bengaluru,Karnataka,12.9716,77.5946,plateau_temperate,2023-08-23,2023-08-25,2,4.7,0.0,28.6,29.4,77.6,75.4,1007.3,4.6,0.2,1,8
REC_01980,Delhi,NCR,28.6139,77.209,continental_subtropical,2023-08-23,2023-08-27,4,2.0,0.0,30.1,27.3,70.8,90.3,1006.1,0.0,4.7,1,8
REC_00822,Visakhapatnam,Andhra Pradesh,17.6868,83.2185,coastal_cyclonic,2023-08-23,2023-08-28,5,0.0,14.8,31.8,31.6,79.1,81.5,1010.0,0.0,7.6,1,8
REC_00844,Krishna District,Andhra Pradesh,16.5062,80.648,coastal_humid,2023-08-23,2023-08-31,8,17.7,72.1,29.7,27.7,98.0,86.3,1006.1,13.4,4.3,1,8
REC_02202,Bengaluru,Karnataka,12.9716,77.5946,plateau_temperate,2023-08-23,2023-09-01,9,1.7,22.2,29.8,26.5,71.3,70.4,1007.5,0.0,51.2,1,9
REC_03117,Visakhapatnam,Andhra Pradesh,17.6868,83.2185,coastal_cyclonic,2023-08-23,2023-09-01,9,31.6,63.7,30.6,29.8,94.4,93.8,1008.3,87.7,56.1,1,9
REC_00885,Krishna District,Andhra Pradesh,16.5062,80.648,coastal_humid,2023-08-24,2023-08-26,2,12.3,0.0,26.5,25.5,77.6,77.4,1004.6,8.6,3.7,1,8
REC_00713,Bengaluru,Karnataka,12.9716,77.5946,plateau_temperate,2023-08-24,2023-08-28,4,18.3,0.0,32.2,26.5,81.7,83.1,1011.1,17.8,0.5,1,8
REC_03021,Visakhapatnam,Andhra Pradesh,17.6868,83.2185,coastal_cyclonic,2023-08-24,2023-08-30,6,9.3,37.9,30.6,28.9,73.9,75.7,1015.3,0.0,18.3,1,8
REC_03059,Krishna District,Andhra Pradesh,16.5062,80.648,coastal_humid,2023-08-24,2023-09-01,8,12.0,61.2,27.5,26.7,87.6,78.1,1001.6,0.0,24.2,1,9
REC_00171,Hyderabad,Telangana,17.385,78.4867,semi_arid,2023-08-25,2023-08-27,2,0.8,2.6,27.3,26.6,78.7,78.8,1006.5,4.0,3.1,1,8
REC_02668,Hyderabad,Telangana,17.385,78.4867,semi_arid,2023-08-25,2023-08-29,4,13.7,0.0,27.4,27.1,80.0,79.9,1005.4,10.2,3.5,1,8
REC_00812,Hyderabad,Telangana,17.385,78.4867,semi_arid,2023-08-25,2023-08-31,6,25.8,0.0,31.9,30.6,78.9,84.6,1013.2,34.9,9.1,1,8
REC_01740,Hyderabad,Telangana,17.385,78.4867,semi_arid,2023-08-25,2023-09-01,7,42.9,0.0,27.6,34.6,82.6,84.0,1004.7,66.8,23.8,1,9
REC_02292,Hyderabad,Telangana,17.385,78.4867,semi_arid,2023-08-25,2023-09-01,7,8.0,26.1,28.2,19.7,64.4,64.1,1003.7,13.1,5.1,1,9
REC_01235,Bengaluru,Karnataka,12.9716,77.5946,plateau_temperate,2023-08-26,2023-08-27,1,1.0,2.2,23.5,23.5,90.0,88.6,1010.4,3.4,2.4,1,8
REC_00881,Delhi,NCR,28.6139,77.209,continental_subtropical,2023-08-26,2023-09-04,9,46.1,0.0,26.6,30.0,98.0,87.9,1011.0,42.1,4.0,1,9
REC_02820,Visakhapatnam,Andhra Pradesh,17.6868,83.2185,coastal_cyclonic,2023-08-27,2023-08-28,1,8.9,22.8,23.9,22.9,71.0,70.6,1006.6,10.8,1.9,1,8
REC_01121,Visakhapatnam,Andhra Pradesh,17.6868,83.2185,coastal_cyclonic,2023-08-27,2023-08-31,4,14.6,33.8,30.1,31.6,75.0,75.8,1012.4,33.0,18.4,1,8
REC_00648,Hyderabad,Telangana,17.385,78.4867,semi_arid,2023-08-27,2023-09-01,5,19.0,0.0,35.2,37.0,86.0,94.6,1001.2,21.5,2.5,1,9
REC_01544,Krishna District,Andhra Pradesh,16.5062,80.648,coastal_humid,2023-08-27,2023-09-01,5,75.0,196.4,26.8,28.4,84.8,91.3,1006.7,67.7,7.2,1,9
REC_00332,Krishna District,Andhra Pradesh,16.5062,80.648,coastal_humid,2023-08-27,2023-09-02,6,45.6,0.0,27.0,25.4,67.0,65.3,1010.5,57.3,11.7,1,9
REC_02485,Delhi,NCR,28.6139,77.209,continental_subtropical,2023-08-27,2023-09-02,6,6.8,33.2,28.2,27.9,77.4,72.8,1002.6,7.0,0.2,1,9
REC_00112,Delhi,NCR,28.6139,77.209,continental_subtropical,2023-08-27,2023-09-05,9,11.2,0.0,32.3,32.1,80.6,100.0,1004.8,54.4,43.2,1,9
REC_00424,Hyderabad,Telangana,17.385,78.4867,semi_arid,2023-08-28,2023-09-04,7,10.6,0.0,29.8,34.6,92.2,82.4,1009.4,37.9,27.3,1,9
REC_00076,Krishna District,Andhra Pradesh,16.5062,80.648,coastal_humid,2023-08-28,2023-09-06,9,11.4,163.2,30.7,31.4,84.7,87.9,1006.3,0.0,19.8,1,9
REC_02316,Delhi,NCR,28.6139,77.209,continental_subtropical,2023-08-29,2023-09-01,3,10.2,7.5,26.5,27.4,78.5,77.9,1009.0,6.9,3.2,1,9
REC_01202,Bengaluru,Karnataka,12.9716,77.5946,plateau_temperate,2023-08-29,2023-09-05,7,13.7,0.0,26.0,21.7,79.4,78.9,1013.3,0.0,22.0,1,9
REC_00794,Hyderabad,Telangana,17.385,78.4867,semi_arid,2023-08-30,2023-09-05,6,13.3,0.0,28.6,26.9,81.8,90.6,1013.1,0.0,20.0,1,9
REC_02961,Delhi,NCR,28.6139,77.209,continental_subtropical,2023-08-30,2023-09-05,6,15.2,0.0,25.3,24.0,69.3,78.5,1012.0,34.4,19.3,1,9
REC_00692,Mumbai,Maharashtra,19.076,72.8777,coastal_heavy_monsoon,2023-08-31,2023-09-01,1,14.5,0.4,25.8,24.8,88.7,81.8,1008.1,12.1,2.4,1,9
REC_00167,Mumbai,Maharashtra,19.076,72.8777,coastal_heavy_monsoon,2023-08-31,2023-09-03,3,43.7,9.3,27.5,29.4,80.1,80.4,1003.2,46.4,2.7,1,9
REC_01361,Bengaluru,Karnataka,12.9716,77.5946,plateau_temperate,2023-08-31,2023-09-06,6,8.9,11.9,26.9,26.5,96.3,96.5,1009.6,0.0,14.2,1,9
REC_02389,Bengaluru,Karnataka,12.9716,77.5946,plateau_temperate,2023-08-31,2023-09-07,7,27.4,11.9,30.0,25.8,80.8,80.8,1009.4,31.6,4.2,1,9
REC_02127,Hyderabad,Telangana,17.385,78.4867,semi_arid,2023-08-31,2023-09-09,9,0.1,50.0,28.3,34.5,73.0,74.0,1005.5,0.0,27.5,1,9
REC_01871,Mumbai,Maharashtra,19.076,72.8777,coastal_heavy_monsoon,2023-09-01,2023-09-05,4,7.3,3.9,29.3,26.6,70.9,79.3,1006.8,6.0,1.2,1,9
REC_01916,Delhi,NCR,28.6139,77.209,continental_subtropical,2023-09-01,2023-09-07,6,29.8,41.3,33.1,32.4,92.8,84.4,1011.7,25.9,3.9,1,9
REC_00226,Bengaluru,Karnataka,12.9716,77.5946,plateau_temperate,2023-09-02,2023-09-03,1,12.9,24.4,27.9,29.2,80.9,83.3,1011.8,10.0,2.9,1,9
REC_03243,Hyderabad,Telangana,17.385,78.4867,semi_arid,2023-09-02,2023-09-05,3,1.1,2.1,24.7,23.4,79.0,86.2,1002.7,6.9,5.8,1,9
REC_00702,Bengaluru,Karnataka,12.9716,77.5946,plateau_temperate,2023-09-03,2023-09-10,7,0.7,0.0,31.5,31.0,94.1,100.0,1009.5,9.1,8.4,1,9
REC_02803,Mumbai,Maharashtra,19.076,72.8777,coastal_heavy_monsoon,2023-09-03,2023-09-10,7,2.6,0.0,27.0,23.6,86.4,80.9,1005.8,34.1,31.6,1,9
REC_00826,Krishna District,Andhra Pradesh,16.5062,80.648,coastal_humid,2023-09-03,2023-09-13,10,12.6,0.0,27.9,29.9,83.1,90.5,1006.7,61.0,48.3,1,9
REC_01404,Visakhapatnam,Andhra Pradesh,17.6868,83.2185,coastal_cyclonic,2023-09-03,2023-09-13,10,74.9,120.6,31.4,34.4,96.6,88.4,1010.0,109.7,34.8,1,9
REC_02223,Bengaluru,Karnataka,12.9716,77.5946,plateau_temperate,2023-09-04,2023-09-10,6,35.5,0.0,27.5,23.1,75.1,85.9,1006.7,28.4,7.1,1,9
REC_00493,Hyderabad,Telangana,17.385,78.4867,semi_arid,2023-09-04,2023-09-13,9,20.9,37.8,32.6,35.7,70.2,54.2,1006.5,31.3,10.4,1,9
REC_03293,Delhi,NCR,28.6139,77.209,continental_subtropical,2023-09-04,2023-09-14,10,14.7,0.0,28.7,33.3,89.5,95.5,1009.0,0.0,72.8,1,9
REC_00461,Krishna District,Andhra Pradesh,16.5062,80.648,coastal_humid,2023-09-05,2023-09-07,2,7.9,1.4,30.6,30.8,67.3,60.8,1001.8,0.0,8.3,1,9
REC_00217,Hyderabad,Telangana,17.385,78.4867,semi_arid,2023-09-05,2023-09-09,4,14.1,6.2,30.1,31.1,75.7,72.2,1012.8,26.3,12.2,1,9
REC_01355,Bengaluru,Karnataka,12.9716,77.5946,plateau_temperate,2023-09-05,2023-09-11,6,1.8,13.6,26.6,27.6,81.4,76.0,1010.2,10.5,8.6,1,9
REC_02569,Mumbai,Maharashtra,19.076,72.8777,coastal_heavy_monsoon,2023-09-06,2023-09-07,1,40.0,61.2,33.6,33.7,84.9,82.6,1006.1,39.2,0.7,1,9
REC_00058,Mumbai,Maharashtra,19.076,72.8777,coastal_heavy_monsoon,2023-09-06,2023-09-08,2,109.6,147.2,24.0,24.4,65.5,61.3,1007.6,115.4,5.8,1,9
REC_01063,Visakhapatnam,Andhra Pradesh,17.6868,83.2185,coastal_cyclonic,2023-09-06,2023-09-08,2,41.1,48.7,29.5,28.4,86.7,87.2,1003.5,44.6,3.5,1,9
REC_01178,Krishna District,Andhra Pradesh,16.5062,80.648,coastal_humid,2023-09-06,2023-09-11,5,98.0,138.6,27.0,26.8,80.6,93.5,1007.7,122.9,24.9,1,9
REC_01815,Hyderabad,Telangana,17.385,78.4867,semi_arid,2023-09-06,2023-09-11,5,0.7,2.8,27.3,24.3,83.5,81.5,1009.1,0.0,24.9,1,9
REC_02322,Hyderabad,Telangana,17.385,78.4867,semi_arid,2023-09-06,2023-09-14,8,11.7,52.3,28.2,31.9,78.9,62.0,1006.8,0.0,75.8,1,9
REC_03390,Krishna District,Andhra Pradesh,16.5062,80.648,coastal_humid,2023-09-07,2023-09-10,3,85.6,29.1,31.6,29.9,71.3,68.6,1008.3,84.8,0.8,1,9
REC_02581,Delhi,NCR,28.6139,77.209,continental_subtropical,2023-09-07,2023-09-12,5,1.3,13.9,31.4,31.6,80.6,71.2,1010.9,0.0,13.2,1,9
REC_02527,Mumbai,Maharashtra,19.076,72.8777,coastal_heavy_monsoon,2023-09-07,2023-09-13,6,20.1,0.0,33.8,30.0,78.3,63.5,1009.8,50.8,30.7,1,9
REC_00419,Bengaluru,Karnataka,12.9716,77.5946,plateau_temperate,2023-09-08,2023-09-14,6,22.0,47.2,32.5,29.7,91.3,100.0,1007.5,17.3,4.7,1,9
REC_01850,Hyderabad,Telangana,17.385,78.4867,semi_arid,2023-09-08,2023-09-16,8,3.8,0.0,31.1,32.1,75.1,67.2,1003.7,35.5,31.7,1,9
REC_01903,Bengaluru,Karnataka,12.9716,77.5946,plateau_temperate,2023-09-08,2023-09-17,9,56.4,0.0,22.5,20.6,74.7,66.4,1005.8,42.3,14.1,1,9
REC_02638,Krishna District,Andhra Pradesh,16.5062,80.648,coastal_humid,2023-09-08,2023-09-17,9,12.4,0.0,33.2,32.4,79.7,85.0,1015.7,49.7,37.3,1,9
REC_02506,Hyderabad,Telangana,17.385,78.4867,semi_arid,2023-09-09,2023-09-11,2,0.8,0.0,23.5,23.9,82.0,84.1,1009.0,0.6,0.2,1,9
REC_00902,Hyderabad,Telangana,17.385,78.4867,semi_arid,2023-09-09,2023-09-17,8,25.0,0.0,27.5,29.8,82.0,79.2,1009.6,3.9,21.1,1,9
REC_00158,Krishna District,Andhra Pradesh,16.5062,80.648,coastal_humid,2023-09-10,2023-09-17,7,13.9,71.2,29.8,34.6,81.3,75.5,1018.3,32.0,18.2,1,9
REC_00964,Bengaluru,Karnataka,12.9716,77.5946,plateau_temperate,2023-09-10,2023-09-19,9,2.8,0.0,27.9,34.0,77.9,79.4,1016.5,89.6,86.9,1,9
REC_03121,Mumbai,Maharashtra,19.076,72.8777,coastal_heavy_monsoon,2023-09-10,2023-09-19,9,3.0,6.8,32.3,31.2,94.8,75.0,1009.1,0.0,46.6,1,9
REC_00977,Mumbai,Maharashtra,19.076,72.8777,coastal_heavy_monsoon,2023-09-11,2023-09-12,1,65.4,58.6,30.3,29.3,88.5,87.9,1008.5,65.0,0.4,1,9
REC_02994,Bengaluru,Karnataka,12.9716,77.5946,plateau_temperate,2023-09-11,2023-09-13,2,4.3,9.1,31.5,32.3,86.1,83.8,1008.1,5.3,1.0,1,9
REC_00163,Krishna District,Andhra Pradesh,16.5062,80.648,coastal_humid,2023-09-11,2023-09-14,3,73.4,77.2,27.4,29.2,70.7,66.5,1008.3,67.5,5.9,1,9
REC_00616,Mumbai,Maharashtra,19.076,72.8777,coastal_heavy_monsoon,2023-09-11,2023-09-14,3,12.3,2.1,34.5,34.1,86.1,77.1,1007.8,22.8,10.5,1,9
REC_02677,Hyderabad,Telangana,17.385,78.4867,semi_arid,2023-09-11,2023-09-15,4,3.7,7.3,32.4,28.0,75.4,80.7,1009.6,1.2,2.5,1,9
REC_02889,Krishna District,Andhra Pradesh,16.5062,80.648,coastal_humid,2023-09-11,2023-09-18,7,26.0,84.1,23.0,21.9,72.9,75.1,1010.0,10.7,15.2,1,9
REC_00295,Visakhapatnam,Andhra Pradesh,17.6868,83.2185,coastal_cyclonic,2023-09-11,2023-09-20,9,85.2,91.2,24.2,20.8,88.3,58.8,1011.9,60.0,25.2,1,9
REC_00809,Visakhapatnam,Andhra Pradesh,17.6868,83.2185,coastal_cyclonic,2023-09-12,2023-09-14,2,6.6,1.4,31.6,32.0,81.2,81.8,1009.2,9.0,2.4,1,9
REC_02082,Visakhapatnam,Andhra Pradesh,17.6868,83.2185,coastal_cyclonic,2023-09-12,2023-09-14,2,12.1,8.1,27.0,28.7,85.6,91.1,1006.4,12.8,0.7,1,9
REC_01174,Mumbai,Maharashtra,19.076,72.8777,coastal_heavy_monsoon,2023-09-12,2023-09-15,3,4.6,10.2,26.9,26.4,87.3,84.7,1008.9,0.0,7.5,1,9
REC_02095,Bengaluru,Karnataka,12.9716,77.5946,plateau_temperate,2023-09-12,2023-09-17,5,25.9,26.1,34.4,32.0,78.9,73.4,1011.2,10.1,15.8,1,9
REC_02342,Delhi,NCR,28.6139,77.209,continental_subtropical,2023-09-13,2023-09-15,2,47.8,11.3,21.1,20.8,87.5,90.2,1009.1,48.2,0.3,1,9
REC_00031,Delhi,NCR,28.6139,77.209,continental_subtropical,2023-09-13,2023-09-16,3,13.7,13.9,36.2,36.8,96.7,100.0,1013.5,7.4,6.2,1,9
REC_00904,Delhi,NCR,28.6139,77.209,continental_subtropical,2023-09-13,2023-09-19,6,3.4,4.4,30.0,35.1,81.7,66.8,1004.6,0.0,23.9,1,9
REC_02038,Bengaluru,Karnataka,12.9716,77.5946,plateau_temperate,2023-09-13,2023-09-20,7,3.0,24.4,34.0,33.0,76.2,92.5,1003.1,12.7,9.7,1,9
REC_02472,Bengaluru,Karnataka,12.9716,77.5946,plateau_temperate,2023-09-13,2023-09-22,9,16.5,37.1,29.9,30.7,84.4,97.7,1007.1,0.0,26.7,1,9
REC_02224,Bengaluru,Karnataka,12.9716,77.5946,plateau_temperate,2023-09-14,2023-09-15,1,5.8,7.7,28.5,28.9,84.0,79.7,1011.4,9.4,3.6,1,9
REC_00435,Krishna District,Andhra Pradesh,16.5062,80.648,coastal_humid,2023-09-14,2023-09-16,2,3.8,4.4,25.6,24.9,79.1,83.5,1004.6,0.8,3.0,1,9
REC_01330,Krishna District,Andhra Pradesh,16.5062,80.648,coastal_humid,2023-09-14,2023-09-20,6,1.5,0.0,27.0,20.8,72.2,83.4,1006.4,0.0,33.5,1,9
REC_01248,Krishna District,Andhra Pradesh,16.5062,80.648,coastal_humid,2023-09-14,2023-09-22,8,46.8,84.9,35.2,32.6,85.3,71.8,1006.0,22.0,24.8,1,9
REC_03342,Krishna District,Andhra Pradesh,16.5062,80.648,coastal_humid,2023-09-14,2023-09-24,10,22.5,0.0,30.2,31.5,73.1,74.2,1004.8,38.8,16.3,1,9
REC_02165,Bengaluru,Karnataka,12.9716,77.5946,plateau_temperate,2023-09-15,2023-09-17,2,0.3,1.2,27.9,28.5,68.3,69.8,1010.3,0.0,1.4,1,9
REC_03196,Hyderabad,Telangana,17.385,78.4867,semi_arid,2023-09-15,2023-09-18,3,16.9,19.9,25.1,23.9,92.8,100.0,1012.7,3.6,13.3,1,9
REC_03434,Krishna District,Andhra Pradesh,16.5062,80.648,coastal_humid,2023-09-15,2023-09-18,3,7.8,6.2,26.3,27.3,76.6,78.8,1009.9,6.6,1.2,1,9
REC_00439,Mumbai,Maharashtra,19.076,72.8777,coastal_heavy_monsoon,2023-09-15,2023-09-21,6,3.7,91.2,30.7,32.0,75.5,77.2,1007.6,12.8,9.1,1,9
REC_03050,Mumbai,Maharashtra,19.076,72.8777,coastal_heavy_monsoon,2023-09-15,2023-09-21,6,26.7,39.4,27.0,29.8,72.8,77.6,1006.0,11.1,15.7,1,9
REC_02376,Krishna District,Andhra Pradesh,16.5062,80.648,coastal_humid,2023-09-15,2023-09-23,8,141.9,195.0,29.1,31.6,78.9,78.8,1014.3,162.1,20.2,1,9
REC_02529,Delhi,NCR,28.6139,77.209,continental_subtropical,2023-09-15,2023-09-23,8,11.6,100.7,30.7,35.3,85.3,81.8,1017.5,19.0,7.4,1,9
REC_02750,Bengaluru,Karnataka,12.9716,77.5946,plateau_temperate,2023-09-15,2023-09-23,8,2.6,0.0,32.7,31.5,93.1,91.1,1009.9,0.0,18.0,1,9
REC_03432,Visakhapatnam,Andhra Pradesh,17.6868,83.2185,coastal_cyclonic,2023-09-16,2023-09-18,2,21.5,12.6,33.4,32.8,87.5,90.5,1010.3,16.8,4.8,1,9
REC_01741,Hyderabad,Telangana,17.385,78.4867,semi_arid,2023-09-16,2023-09-19,3,0.1,5.5,30.8,28.1,86.2,90.8,1002.1,0.0,14.2,1,9
REC_02148,Hyderabad,Telangana,17.385,78.4867,semi_arid,2023-09-16,2023-09-19,3,5.9,4.9,27.1,27.5,78.8,89.3,1004.8,3.5,2.4,1,9
REC_03393,Krishna District,Andhra Pradesh,16.5062,80.648,coastal_humid,2023-09-16,2023-09-21,5,17.0,31.7,36.6,35.2,66.7,51.1,1008.3,39.0,22.1,1,9
REC_00455,Hyderabad,Telangana,17.385,78.4867,semi_arid,2023-09-16,2023-09-24,8,12.6,0.0,25.5,26.5,84.1,98.1,1018.3,49.1,36.5,1,9
REC_01350,Mumbai,Maharashtra,19.076,72.8777,coastal_heavy_monsoon,2023-09-16,2023-09-25,9,27.2,166.9,25.9,24.3,84.2,92.0,1006.9,30.4,3.2,1,9
REC_02402,Delhi,NCR,28.6139,77.209,continental_subtropical,2023-09-17,2023-09-20,3,19.2,40.1,32.6,31.6,84.4,83.7,1009.7,14.0,5.2,1,9
REC_02329,Krishna District,Andhra Pradesh,16.5062,80.648,coastal_humid,2023-09-17,2023-09-21,4,41.2,83.7,25.7,23.1,78.2,74.2,1005.2,44.0,2.8,1,9
REC_00024,Visakhapatnam,Andhra Pradesh,17.6868,83.2185,coastal_cyclonic,2023-09-17,2023-09-24,7,35.9,82.4,28.9,30.2,73.4,72.7,1009.9,40.9,5.0,1,9
REC_02134,Mumbai,Maharashtra,19.076,72.8777,coastal_heavy_monsoon,2023-09-17,2023-09-27,10,0.3,0.0,25.3,35.4,85.1,69.3,1007.3,37.3,37.0,1,9
REC_02057,Bengaluru,Karnataka,12.9716,77.5946,plateau_temperate,2023-09-18,2023-09-21,3,25.6,11.5,33.2,35.7,87.8,92.3,1009.9,26.8,1.2,1,9
REC_03048,Krishna District,Andhra Pradesh,16.5062,80.648,coastal_humid,2023-09-18,2023-09-28,10,12.3,0.0,31.1,25.6,67.9,100.0,1004.4,0.0,18.8,1,9
REC_02692,Mumbai,Maharashtra,19.076,72.8777,coastal_heavy_monsoon,2023-09-19,2023-09-22,3,3.8,0.9,27.9,26.3,72.6,66.1,1010.7,4.2,0.4,1,9
REC_00523,Delhi,NCR,28.6139,77.209,continental_subtropical,2023-09-19,2023-09-27,8,15.8,40.6,26.3,22.0,77.4,76.3,1007.3,0.0,43.5,1,9
REC_02275,Hyderabad,Telangana,17.385,78.4867,semi_arid,2023-09-19,2023-09-27,8,9.4,54.9,29.1,35.0,69.8,74.6,1010.3,0.0,21.8,1,9
REC_02560,Hyderabad,Telangana,17.385,78.4867,semi_arid,2023-09-19,2023-09-28,9,12.5,38.5,33.1,27.8,84.8,76.4,1009.1,41.8,29.3,1,9
REC_02400,Krishna District,Andhra Pradesh,16.5062,80.648,coastal_humid,2023-09-19,2023-09-29,10,36.2,0.0,31.9,33.3,73.2,39.2,1009.0,73.5,37.3,1,9
REC_00151,Hyderabad,Telangana,17.385,78.4867,semi_arid,2023-09-20,2023-09-28,8,0.9,0.0,28.4,25.3,86.4,97.7,1007.9,26.4,25.5,1,9
REC_01898,Hyderabad,Telangana,17.385,78.4867,semi_arid,2023-09-20,2023-09-29,9,48.1,118.8,31.6,36.1,83.6,84.2,1004.2,27.1,21.0,1,9
REC_00741,Bengaluru,Karnataka,12.9716,77.5946,plateau_temperate,2023-09-21,2023-09-23,2,9.2,1.6,27.8,28.5,83.5,77.3,1005.7,12.0,2.7,1,9
REC_01306,Hyderabad,Telangana,17.385,78.4867,semi_arid,2023-09-21,2023-09-24,3,29.0,54.1,26.1,27.9,79.3,81.0,1010.3,27.0,2.0,1,9
REC_01145,Visakhapatnam,Andhra Pradesh,17.6868,83.2185,coastal_cyclonic,2023-09-21,2023-09-26,5,8.5,19.2,26.8,22.7,66.4,66.2,1010.8,0.0,24.0,1,9
REC_00998,Bengaluru,Karnataka,12.9716,77.5946,plateau_temperate,2023-09-21,2023-09-27,6,21.0,108.1,31.1,27.6,82.4,70.5,1008.5,38.7,17.7,1,9
REC_03265,Hyderabad,Telangana,17.385,78.4867,semi_arid,2023-09-21,2023-09-29,8,19.5,0.0,33.6,33.3,86.6,76.8,1006.5,46.7,27.3,1,9
REC_00569,Bengaluru,Karnataka,12.9716,77.5946,plateau_temperate,2023-09-21,2023-09-30,9,1.1,8.5,32.0,26.4,86.2,83.5,1006.1,48.5,47.4,1,9
REC_01826,Hyderabad,Telangana,17.385,78.4867,semi_arid,2023-09-22,2023-09-23,1,34.0,24.2,28.0,27.3,80.4,79.6,1013.1,36.5,2.5,1,9
REC_02364,Delhi,NCR,28.6139,77.209,continental_subtropical,2023-09-22,2023-09-29,7,0.9,61.9,27.2,33.2,75.9,68.5,1013.8,8.3,7.3,1,9
REC_01618,Krishna District,Andhra Pradesh,16.5062,80.648,coastal_humid,2023-09-23,2023-09-24,1,15.1,10.8,28.0,26.7,84.5,88.9,1014.4,13.0,2.2,1,9
REC_01845,Delhi,NCR,28.6139,77.209,continental_subtropical,2023-09-23,2023-09-25,2,1.3,5.5,26.0,27.2,85.3,81.4,1015.2,6.6,5.3,1,9
REC_03222,Delhi,NCR,28.6139,77.209,continental_subtropical,2023-09-23,2023-10-01,8,0.9,0.0,20.7,19.7,51.8,39.7,1007.7,16.5,15.5,0,10
REC_02343,Krishna District,Andhra Pradesh,16.5062,80.648,coastal_humid,2023-09-24,2023-09-27,3,96.1,89.8,26.7,25.2,81.2,84.4,1006.6,92.2,3.9,1,9
REC_02839,Delhi,NCR,28.6139,77.209,continental_subtropical,2023-09-24,2023-09-28,4,7.3,0.0,30.3,27.1,72.6,76.3,1006.5,10.1,2.8,1,9
REC_00314,Krishna District,Andhra Pradesh,16.5062,80.648,coastal_humid,2023-09-24,2023-09-29,5,2.4,12.2,32.0,33.0,86.0,76.1,1009.9,1.3,1.1,1,9
REC_02648,Visakhapatnam,Andhra Pradesh,17.6868,83.2185,coastal_cyclonic,2023-09-24,2023-09-29,5,14.3,0.0,24.6,20.8,86.0,89.0,1009.5,0.0,18.5,1,9
REC_00742,Delhi,NCR,28.6139,77.209,continental_subtropical,2023-09-24,2023-09-30,6,27.7,0.0,30.1,31.2,82.2,100.0,1010.8,50.5,22.8,1,9
REC_00243,Hyderabad,Telangana,17.385,78.4867,semi_arid,2023-09-24,2023-10-02,8,0.1,0.0,20.7,21.4,52.1,54.9,1000.8,4.3,4.2,0,10
REC_00502,Delhi,NCR,28.6139,77.209,continental_subtropical,2023-09-24,2023-10-02,8,1.7,17.0,27.2,28.6,51.9,56.3,1012.0,0.0,16.6,0,10
REC_02245,Delhi,NCR,28.6139,77.209,continental_subtropical,2023-09-24,2023-10-04,10,0.7,0.0,22.6,28.2,61.0,74.8,1007.8,0.0,23.3,0,10
REC_00192,Krishna District,Andhra Pradesh,16.5062,80.648,coastal_humid,2023-09-25,2023-09-26,1,23.1,30.4,26.9,27.5,98.0,96.2,1012.8,21.2,1.8,1,9
REC_03396,Krishna District,Andhra Pradesh,16.5062,80.648,coastal_humid,2023-09-25,2023-09-27,2,28.6,24.2,30.3,32.3,76.2,73.6,1011.1,33.6,5.1,1,9
REC_03208,Visakhapatnam,Andhra Pradesh,17.6868,83.2185,coastal_cyclonic,2023-09-25,2023-09-28,3,18.1,27.1,25.9,26.7,74.8,75.1,1011.9,25.9,7.7,1,9
REC_00275,Visakhapatnam,Andhra Pradesh,17.6868,83.2185,coastal_cyclonic,2023-09-25,2023-10-04,9,2.4,0.0,25.8,25.6,78.6,85.5,1014.7,3.9,1.5,0,10
REC_02048,Krishna District,Andhra Pradesh,16.5062,80.648,coastal_humid,2023-09-25,2023-10-04,9,10.2,162.3,30.8,33.7,90.6,87.5,1012.0,9.9,0.2,0,10
REC_01162,Krishna District,Andhra Pradesh,16.5062,80.648,coastal_humid,2023-09-26,2023-09-29,3,27.2,11.1,29.7,29.5,81.4,80.8,1006.7,40.3,13.1,1,9
REC_02309,Bengaluru,Karnataka,12.9716,77.5946,plateau_temperate,2023-09-26,2023-10-03,7,3.3,0.0,30.3,31.0,54.7,37.0,1008.6,0.0,6.0,0,10
REC_02831,Visakhapatnam,Andhra Pradesh,17.6868,83.2185,coastal_cyclonic,2023-09-26,2023-10-04,8,3.5,18.7,25.0,23.3,94.5,100.0,1008.5,15.9,12.4,0,10
REC_00684,Mumbai,Maharashtra,19.076,72.8777,coastal_heavy_monsoon,2023-09-26,2023-10-05,9,69.3,102.0,25.1,26.8,86.6,64.2,1008.0,76.5,7.2,0,10
REC_00699,Krishna District,Andhra Pradesh,16.5062,80.648,coastal_humid,2023-09-27,2023-09-28,1,13.4,31.3,29.6,30.5,88.1,87.8,1010.7,13.6,0.2,1,9
REC_01370,Mumbai,Maharashtra,19.076,72.8777,coastal_heavy_monsoon,2023-09-27,2023-09-30,3,39.8,22.7,27.8,29.5,82.3,94.1,1004.4,41.2,1.4,1,9
REC_00969,Krishna District,Andhra Pradesh,16.5062,80.648,coastal_humid,2023-09-27,2023-10-03,6,1.2,0.0,24.2,23.3,88.0,87.7,1002.9,11.9,10.7,0,10
REC_02517,Bengaluru,Karnataka,12.9716,77.5946,plateau_temperate,2023-09-28,2023-09-29,1,0.5,0.9,28.7,29.0,66.6,65.1,1014.1,2.5,2.0,1,9
REC_00198,Visakhapatnam,Andhra Pradesh,17.6868,83.2185,coastal_cyclonic,2023-09-28,2023-09-30,2,19.2,25.9,27.9,26.8,95.3,96.6,1006.2,21.9,2.7,1,9
REC_02433,Bengaluru,Karnataka,12.9716,77.5946,plateau_temperate,2023-09-28,2023-09-30,2,3.3,12.5,30.9,32.5,82.6,77.7,1001.7,0.0,3.8,1,9
REC_00725,Mumbai,Maharashtra,19.076,72.8777,coastal_heavy_monsoon,2023-09-28,2023-10-02,4,34.7,31.0,31.2,28.3,93.1,91.2,1001.3,36.2,1.4,0,10
REC_02940,Delhi,NCR,28.6139,77.209,continental_subtropical,2023-09-28,2023-10-04,6,8.4,30.0,25.7,24.5,47.9,52.9,1005.1,4.8,3.6,0,10
REC_03499,Krishna District,Andhra Pradesh,16.5062,80.648,coastal_humid,2023-09-28,2023-10-04,6,6.7,14.9,28.6,29.7,75.4,92.4,1005.9,0.6,6.1,0,10
REC_01908,Delhi,NCR,28.6139,77.209,continental_subtropical,2023-09-28,2023-10-08,10,1.7,4.3,24.0,33.5,59.2,40.5,1010.4,28.2,26.5,0,10
REC_00400,Delhi,NCR,28.6139,77.209,continental_subtropical,2023-09-29,2023-10-01,2,0.1,0.0,23.3,23.9,63.4,61.8,1014.6,1.0,1.0,0,10
REC_03105,Delhi,NCR,28.6139,77.209,continental_subtropical,2023-09-29,2023-10-03,4,2.9,4.4,22.6,23.0,38.1,38.0,1009.2,0.0,13.5,0,10
REC_00625,Mumbai,Maharashtra,19.076,72.8777,coastal_heavy_monsoon,2023-09-29,2023-10-04,5,2.0,35.6,26.4,28.8,86.2,82.6,1008.2,0.0,8.1,0,10
REC_02297,Hyderabad,Telangana,17.385,78.4867,semi_arid,2023-09-30,2023-10-06,6,1.9,14.7,22.8,27.0,72.0,66.1,1008.1,11.4,9.6,0,10
REC_01094,Visakhapatnam,Andhra Pradesh,17.6868,83.2185,coastal_cyclonic,2023-10-01,2023-10-06,5,4.9,62.1,26.4,25.7,81.0,82.7,1003.9,16.2,11.3,0,10
REC_02656,Delhi,NCR,28.6139,77.209,continental_subtropical,2023-10-01,2023-10-09,8,1.6,3.5,19.3,17.9,53.0,59.7,1007.5,0.0,16.1,0,10
REC_01414,Visakhapatnam,Andhra Pradesh,17.6868,83.2185,coastal_cyclonic,2023-10-01,2023-10-11,10,23.4,23.4,25.9,29.2,96.6,86.1,1001.3,17.2,6.2,0,10
REC_00918,Visakhapatnam,Andhra Pradesh,17.6868,83.2185,coastal_cyclonic,2023-10-02,2023-10-04,2,29.6,54.7,26.8,26.8,85.2,84.4,1010.5,29.3,0.4,0,10
REC_00655,Bengaluru,Karnataka,12.9716,77.5946,plateau_temperate,2023-10-02,2023-10-06,4,7.1,0.0,25.4,23.9,45.3,47.5,1006.0,7.6,0.5,0,10
REC_03454,Mumbai,Maharashtra,19.076,72.8777,coastal_heavy_monsoon,2023-10-02,2023-10-07,5,1.6,0.9,27.3,27.8,92.2,100.0,1011.8,2.2,0.6,0,10
REC_03015,Bengaluru,Karnataka,12.9716,77.5946,plateau_temperate,2023-10-02,2023-10-12,10,0.4,0.0,21.8,20.1,48.2,26.2,1007.2,8.2,7.9,0,10
REC_02849,Visakhapatnam,Andhra Pradesh,17.6868,83.2185,coastal_cyclonic,2023-10-03,2023-10-04,1,21.6,32.9,31.3,31.0,79.8,79.2,1009.1,22.0,0.3,0,10
REC_02878,Visakhapatnam,Andhra Pradesh,17.6868,83.2185,coastal_cyclonic,2023-10-03,2023-10-11,8,8.1,18.1,30.9,28.3,85.9,98.6,1004.0,32.2,24.2,0,10
REC_03415,Mumbai,Maharashtra,19.076,72.8777,coastal_heavy_monsoon,2023-10-03,2023-10-11,8,18.4,0.0,28.5,27.3,78.1,81.5,1006.4,11.0,7.4,0,10
REC_01020,Mumbai,Maharashtra,19.076,72.8777,coastal_heavy_monsoon,2023-10-04,2023-10-05,1,3.7,11.1,22.8,22.6,87.5,91.9,1002.1,3.2,0.5,0,10
REC_00815,Visakhapatnam,Andhra Pradesh,17.6868,83.2185,coastal_cyclonic,2023-10-04,2023-10-10,6,112.9,96.4,30.9,27.0,90.0,100.0,1001.4,121.4,8.5,0,10
REC_01800,Delhi,NCR,28.6139,77.209,continental_subtropical,2023-10-04,2023-10-12,8,0.6,0.0,26.1,25.8,54.9,47.6,1006.9,18.4,17.8,0,10
REC_01851,Hyderabad,Telangana,17.385,78.4867,semi_arid,2023-10-04,2023-10-12,8,4.5,0.0,17.2,13.1,55.1,80.9,1000.1,18.9,14.4,0,10
REC_00567,Delhi,NCR,28.6139,77.209,continental_subtropical,2023-10-04,2023-10-13,9,0.2,25.0,23.8,28.3,56.8,44.2,999.2,4.9,4.7,0,10
REC_03072,Bengaluru,Karnataka,12.9716,77.5946,plateau_temperate,2023-10-05,2023-10-10,5,2.6,9.8,19.8,21.3,47.6,54.7,1005.3,0.0,7.4,0,10
REC_02167,Krishna District,Andhra Pradesh,16.5062,80.648,coastal_humid,2023-10-05,2023-10-11,6,61.3,15.5,29.6,29.2,82.3,78.9,1012.3,51.1,10.2,0,10
REC_02622,Krishna District,Andhra Pradesh,16.5062,80.648,coastal_humid,2023-10-05,2023-10-12,7,16.1,4.4,23.7,24.2,96.1,84.2,1006.2,4.6,11.4,0,10
REC_03032,Visakhapatnam,Andhra Pradesh,17.6868,83.2185,coastal_cyclonic,2023-10-05,2023-10-13,8,12.0,0.0,25.8,25.4,84.3,100.0,1010.4,0.0,21.7,0,10
REC_00490,Delhi,NCR,28.6139,77.209,continental_subtropical,2023-10-06,2023-10-12,6,0.5,0.0,17.3,18.9,47.9,55.3,1010.1,0.2,0.3,0,10
REC_01213,Delhi,NCR,28.6139,77.209,continental_subtropical,2023-10-06,2023-10-12,6,4.5,2.1,25.1,24.6,53.7,55.2,1012.4,15.3,10.8,0,10
REC_02663,Visakhapatnam,Andhra Pradesh,17.6868,83.2185,coastal_cyclonic,2023-10-06,2023-10-12,6,24.1,52.2,32.4,36.3,66.5,75.9,1009.2,17.2,6.9,0,10
REC_02643,Bengaluru,Karnataka,12.9716,77.5946,plateau_temperate,2023-10-06,2023-10-16,10,4.2,0.0,30.2,32.0,48.5,62.4,1016.8,19.2,15.1,0,10
REC_01468,Krishna District,Andhra Pradesh,16.5062,80.648,coastal_humid,2023-10-07,2023-10-09,2,61.5,109.8,25.8,27.1,75.7,76.2,1007.4,62.5,0.9,0,10
REC_01416,Krishna District,Andhra Pradesh,16.5062,80.648,coastal_humid,2023-10-07,2023-10-10,3,0.6,3.9,24.2,26.3,95.2,97.5,1006.7,1.5,1.0,0,10
REC_01858,Visakhapatnam,Andhra Pradesh,17.6868,83.2185,coastal_cyclonic,2023-10-07,2023-10-14,7,0.3,0.0,26.6,30.0,87.6,71.5,1013.4,0.0,0.4,0,10
REC_01543,Hyderabad,Telangana,17.385,78.4867,semi_arid,2023-10-07,2023-10-16,9,6.9,60.2,25.7,21.5,44.8,47.1,1001.8,8.6,1.7,0,10
REC_01069,Mumbai,Maharashtra,19.076,72.8777,coastal_heavy_monsoon,2023-10-08,2023-10-09,1,107.1,168.4,26.8,25.4,90.9,95.8,1007.1,108.0,1.0,0,10
REC_00839,Krishna District,Andhra Pradesh,16.5062,80.648,coastal_humid,2023-10-08,2023-10-10,2,33.7,52.1,27.3,26.2,85.5,83.2,1009.9,32.6,1.1,0,10
REC_02444,Delhi,NCR,28.6139,77.209,continental_subtropical,2023-10-08,2023-10-11,3,3.5,0.0,21.1,21.8,51.6,51.0,1002.9,4.9,1.4,0,10
REC_00806,Hyderabad,Telangana,17.385,78.4867,semi_arid,2023-10-09,2023-10-11,2,6.8,8.4,22.6,23.6,45.3,49.8,1008.2,6.5,0.2,0,10
REC_00287,Delhi,NCR,28.6139,77.209,continental_subtropical,2023-10-10,2023-10-12,2,3.2,4.7,21.9,21.7,50.2,43.4,1001.9,3.1,0.1,0,10
REC_00170,Mumbai,Maharashtra,19.076,72.8777,coastal_heavy_monsoon,2023-10-10,2023-10-14,4,3.9,18.4,28.9,28.5,75.3,85.5,1010.4,0.0,7.4,0,10
REC_02766,Bengaluru,Karnataka,12.9716,77.5946,plateau_temperate,2023-10-10,2023-10-18,8,1.2,49.3,24.5,25.1,58.5,80.0,1010.2,0.0,10.6,0,10
REC_02027,Krishna District,Andhra Pradesh,16.5062,80.648,coastal_humid,2023-10-10,2023-10-19,9,74.9,137.0,29.4,34.0,93.3,100.0,1011.0,75.9,1.0,0,10
REC_01693,Hyderabad,Telangana,17.385,78.4867,semi_arid,2023-10-10,2023-10-20,10,1.6,0.0,21.2,16.8,42.5,17.6,1005.0,3.5,1.8,0,10
REC_00065,Delhi,NCR,28.6139,77.209,continental_subtropical,2023-10-11,2023-10-15,4,0.3,0.0,31.1,29.9,63.1,72.6,1006.2,0.0,7.7,0,10
REC_03270,Mumbai,Maharashtra,19.076,72.8777,coastal_heavy_monsoon,2023-10-11,2023-10-15,4,41.1,58.2,28.6,30.6,96.6,94.9,1009.3,40.9,0.2,0,10
REC_02884,Hyderabad,Telangana,17.385,78.4867,semi_arid,2023-10-11,2023-10-19,8,1.4,46.2,27.5,23.1,46.2,58.1,1017.8,7.2,5.8,0,10
REC_02870,Visakhapatnam,Andhra Pradesh,17.6868,83.2185,coastal_cyclonic,2023-10-12,2023-10-15,3,16.9,10.3,28.4,26.6,98.0,100.0,1007.7,20.5,3.6,0,10
REC_01390,Hyderabad,Telangana,17.385,78.4867,semi_arid,2023-10-12,2023-10-20,8,2.0,0.0,23.9,21.7,54.6,61.5,1013.9,0.0,2.1,0,10
REC_00759,Delhi,NCR,28.6139,77.209,continental_subtropical,2023-10-13,2023-10-14,1,0.3,0.0,19.0,19.4,46.7,48.3,1012.4,0.2,0.2,0,10
REC_01234,Bengaluru,Karnataka,12.9716,77.5946,plateau_temperate,2023-10-13,2023-10-15,2,0.5,0.0,23.3,23.7,63.1,60.9,1003.3,0.0,2.0,0,10
REC_00183,Visakhapatnam,Andhra Pradesh,17.6868,83.2185,coastal_cyclonic,2023-10-13,2023-10-17,4,20.3,25.4,29.7,29.4,86.2,77.1,1006.1,21.9,1.6,0,10
REC_00220,Visakhapatnam,Andhra Pradesh,17.6868,83.2185,coastal_cyclonic,2023-10-13,2023-10-17,4,20.7,41.7,28.5,27.5,93.9,93.2,1007.5,31.3,10.5,0,10
REC_01592,Visakhapatnam,Andhra Pradesh,17.6868,83.2185,coastal_cyclonic,2023-10-13,2023-10-17,4,20.1,17.4,24.4,24.1,78.7,88.2,1003.2,18.5,1.6,0,10
REC_01176,Krishna District,Andhra Pradesh,16.5062,80.648,coastal_humid,2023-10-13,2023-10-19,6,12.2,13.4,30.1,31.7,87.2,76.6,1009.4,21.2,9.0,0,10
REC_02428,Krishna District,Andhra Pradesh,16.5062,80.648,coastal_humid,2023-10-13,2023-10-20,7,24.5,34.8,27.5,25.9,79.2,71.5,1007.9,31.3,6.8,0,10
REC_02970,Mumbai,Maharashtra,19.076,72.8777,coastal_heavy_monsoon,2023-10-14,2023-10-16,2,72.6,84.9,34.5,32.6,84.2,87.7,1005.6,74.1,1.6,0,10
REC_02586,Delhi,NCR,28.6139,77.209,continental_subtropical,2023-10-14,2023-10-21,7,1.7,0.0,25.6,31.3,57.9,49.3,1008.1,3.8,2.1,0,10
REC_02962,Krishna District,Andhra Pradesh,16.5062,80.648,coastal_humid,2023-10-14,2023-10-23,9,46.9,0.0,26.9,32.8,90.3,100.0,1006.9,43.4,3.5,0,10
REC_01132,Hyderabad,Telangana,17.385,78.4867,semi_arid,2023-10-14,2023-10-24,10,2.3,25.1,27.4,28.0,48.1,52.7,1007.9,0.0,7.8,0,10
REC_02513,Delhi,NCR,28.6139,77.209,continental_subtropical,2023-10-15,2023-10-22,7,16.7,24.7,23.8,22.5,41.6,66.5,1010.5,30.1,13.4,0,10
REC_00787,Bengaluru,Karnataka,12.9716,77.5946,plateau_temperate,2023-10-16,2023-10-20,4,0.3,0.0,24.1,21.9,69.5,69.7,1004.0,0.0,4.0,0,10
REC_00389,Krishna District,Andhra Pradesh,16.5062,80.648,coastal_humid,2023-10-16,2023-10-24,8,94.4,0.0,29.0,28.0,98.0,99.9,1007.9,100.5,6.1,0,10
REC_00817,Delhi,NCR,28.6139,77.209,continental_subtropical,2023-10-16,2023-10-26,10,4.0,0.0,26.7,31.3,59.1,31.3,1010.5,26.7,22.7,0,10
REC_00988,Bengaluru,Karnataka,12.9716,77.5946,plateau_temperate,2023-10-17,2023-10-18,1,0.8,0.0,25.9,26.3,53.3,50.7,993.6,1.3,0.6,0,10
REC_02544,Krishna District,Andhra Pradesh,16.5062,80.648,coastal_humid,2023-10-17,2023-10-18,1,19.4,35.8,26.9,26.7,85.0,81.9,1010.8,18.3,1.1,0,10
REC_00246,Bengaluru,Karnataka,12.9716,77.5946,plateau_temperate,2023-10-17,2023-10-19,2,10.2,12.6,21.4,23.7,39.2,35.1,1011.0,12.3,2.1,0,10
REC_01959,Delhi,NCR,28.6139,77.209,continental_subtropical,2023-10-17,2023-10-19,2,1.0,0.9,25.6,24.4,56.8,55.8,1012.2,0.8,0.2,0,10
REC_02201,Delhi,NCR,28.6139,77.209,continental_subtropical,2023-10-17,2023-10-19,2,2.2,2.4,24.9,25.8,48.6,48.7,1009.4,0.0,4.8,0,10
REC_02446,Mumbai,Maharashtra,19.076,72.8777,coastal_heavy_monsoon,2023-10-17,2023-10-19,2,26.3,10.7,23.9,24.5,97.7,98.1,1008.7,23.6,2.7,0,10
REC_01957,Krishna District,Andhra Pradesh,16.5062,80.648,coastal_humid,2023-10-17,2023-10-21,4,45.1,14.9,36.4,35.6,85.0,85.5,1011.8,41.5,3.5,0,10
REC_02141,Visakhapatnam,Andhra Pradesh,17.6868,83.2185,coastal_cyclonic,2023-10-17,2023-10-21,4,15.6,10.1,28.3,30.0,70.8,67.1,1010.5,16.5,0.9,0,10
REC_02842,Hyderabad,Telangana,17.385,78.4867,semi_arid,2023-10-17,2023-10-24,7,0.5,0.0,22.4,24.5,58.9,47.0,1008.5,8.9,8.5,0,10
REC_01724,Bengaluru,Karnataka,12.9716,77.5946,plateau_temperate,2023-10-17,2023-10-25,8,0.9,0.0,25.9,23.2,59.5,68.3,1008.1,0.0,3.2,0,10
REC_01484,Hyderabad,Telangana,17.385,78.4867,semi_arid,2023-10-18,2023-10-28,10,0.4,6.2,18.3,13.3,50.6,40.2,1003.7,13.3,12.8,0,10
REC_02599,Hyderabad,Telangana,17.385,78.4867,semi_arid,2023-10-18,2023-10-28,10,0.7,46.7,23.4,19.6,57.1,77.5,1011.5,0.0,5.0,0,10
REC_03401,Bengaluru,Karnataka,12.9716,77.5946,plateau_temperate,2023-10-19,2023-10-21,2,5.4,20.6,26.6,27.6,60.0,65.0,1000.2,5.0,0.4,0,10
REC_02601,Mumbai,Maharashtra,19.076,72.8777,coastal_heavy_monsoon,2023-10-19,2023-10-22,3,16.0,0.0,24.3,23.4,95.2,98.2,1013.1,18.7,2.8,0,10
REC_01566,Krishna District,Andhra Pradesh,16.5062,80.648,coastal_humid,2023-10-19,2023-10-23,4,37.3,0.0,28.1,32.4,88.6,94.4,1006.9,32.8,4.5,0,10
REC_01763,Mumbai,Maharashtra,19.076,72.8777,coastal_heavy_monsoon,2023-10-19,2023-10-23,4,22.6,31.2,23.2,24.4,76.0,77.9,1007.9,23.1,0.6,0,10
REC_02447,Bengaluru,Karnataka,12.9716,77.5946,plateau_temperate,2023-10-19,2023-10-24,5,1.5,0.0,28.2,24.2,65.0,71.3,1008.6,7.6,6.1,0,10
REC_02933,Visakhapatnam,Andhra Pradesh,17.6868,83.2185,coastal_cyclonic,2023-10-20,2023-10-25,5,21.4,0.0,27.4,27.0,75.8,76.6,1006.2,29.5,8.2,0,10
REC_03344,Krishna District,Andhra Pradesh,16.5062,80.648,coastal_humid,2023-10-20,2023-10-26,6,31.8,0.0,27.0,27.3,86.3,78.2,1007.0,30.7,1.2,0,10
REC_00939,Visakhapatnam,Andhra Pradesh,17.6868,83.2185,coastal_cyclonic,2023-10-20,2023-10-27,7,23.7,0.0,27.9,27.7,91.9,78.1,1002.4,26.0,2.3,0,10
REC_01449,Delhi,NCR,28.6139,77.209,continental_subtropical,2023-10-20,2023-10-28,8,4.3,71.9,26.4,29.8,55.4,36.0,1009.4,0.4,3.9,0,10
REC_02050,Bengaluru,Karnataka,12.9716,77.5946,plateau_temperate,2023-10-21,2023-10-25,4,1.3,1.8,26.1,24.8,50.5,49.9,1012.5,0.0,2.3,0,10
REC_02660,Krishna District,Andhra Pradesh,16.5062,80.648,coastal_humid,2023-10-21,2023-10-25,4,7.2,14.2,22.2,23.5,82.6,77.4,1003.0,4.1,3.1,0,10
REC_03449,Hyderabad,Telangana,17.385,78.4867,semi_arid,2023-10-21,2023-10-25,4,0.9,0.0,29.3,28.9,54.3,49.7,1003.8,1.4,0.5,0,10
REC_02194,Visakhapatnam,Andhra Pradesh,17.6868,83.2185,coastal_cyclonic,2023-10-21,2023-10-27,6,19.0,1.0,29.0,29.3,78.7,87.1,1009.4,13.0,6.0,0,10
REC_03042,Bengaluru,Karnataka,12.9716,77.5946,plateau_temperate,2023-10-21,2023-10-28,7,1.5,3.7,22.8,23.6,44.4,47.6,1003.3,3.6,2.1,0,10
REC_02251,Visakhapatnam,Andhra Pradesh,17.6868,83.2185,coastal_cyclonic,2023-10-22,2023-10-24,2,88.7,62.6,30.3,30.4,94.2,94.1,1017.3,90.2,1.5,0,10
REC_00958,Visakhapatnam,Andhra Pradesh,17.6868,83.2185,coastal_cyclonic,2023-10-22,2023-10-28,6,18.0,9.3,31.9,30.8,91.2,95.6,1006.1,7.8,10.2,0,10
REC_02248,Hyderabad,Telangana,17.385,78.4867,semi_arid,2023-10-22,2023-10-31,9,2.5,13.0,29.7,34.7,55.4,49.5,1017.7,8.1,5.6,0,10
REC_00599,Hyderabad,Telangana,17.385,78.4867,semi_arid,2023-10-23,2023-10-24,1,1.6,0.0,24.6,25.3,58.2,55.2,1010.2,3.7,2.1,0,10
REC_01250,Krishna District,Andhra Pradesh,16.5062,80.648,coastal_humid,2023-10-23,2023-10-24,1,1.8,6.8,23.7,24.3,76.4,74.8,1009.3,2.2,0.4,0,10
REC_02903,Visakhapatnam,Andhra Pradesh,17.6868,83.2185,coastal_cyclonic,2023-10-23,2023-10-25,2,28.5,35.5,27.1,28.4,80.8,82.9,1006.8,29.5,1.0,0,10
REC_01964,Krishna District,Andhra Pradesh,16.5062,80.648,coastal_humid,2023-10-23,2023-10-26,3,11.6,0.0,29.0,28.4,83.1,78.1,1011.7,16.8,5.2,0,10
REC_01209,Krishna District,Andhra Pradesh,16.5062,80.648,coastal_humid,2023-10-23,2023-10-27,4,175.6,177.7,30.6,31.8,89.1,86.0,1009.8,171.3,4.3,0,10
REC_01787,Delhi,NCR,28.6139,77.209,continental_subtropical,2023-10-23,2023-10-31,8,1.4,0.0,22.7,23.7,66.4,51.0,1010.5,0.0,4.9,0,10
REC_01608,Delhi,NCR,28.6139,77.209,continental_subtropical,2023-10-23,2023-11-01,9,6.3,15.2,21.9,23.0,41.6,20.4,1006.1,21.2,14.9,0,11
REC_00328,Visakhapatnam,Andhra Pradesh,17.6868,83.2185,coastal_cyclonic,2023-10-23,2023-11-02,10,24.8,0.0,28.5,34.2,82.6,96.6,1007.8,0.0,41.8,0,11
REC_01997,Krishna District,Andhra Pradesh,16.5062,80.648,coastal_humid,2023-10-23,2023-11-02,10,34.5,69.9,28.1,21.0,83.3,98.2,1002.4,35.1,0.6,0,11
REC_02215,Krishna District,Andhra Pradesh,16.5062,80.648,coastal_humid,2023-10-24,2023-10-25,1,40.6,40.4,30.5,30.3,90.8,92.5,1013.3,41.1,0.5,0,10
REC_02462,Mumbai,Maharashtra,19.076,72.8777,coastal_heavy_monsoon,2023-10-24,2023-10-26,2,0.2,0.0,26.4,24.8,83.5,81.2,1003.6,0.0,1.4,0,10
REC_03485,Krishna District,Andhra Pradesh,16.5062,80.648,coastal_humid,2023-10-24,2023-10-27,3,8.5,9.4,33.3,34.1,90.4,97.1,1012.2,9.6,1.2,0,10
REC_01892,Mumbai,Maharashtra,19.076,72.8777,coastal_heavy_monsoon,2023-10-24,2023-10-28,4,76.9,127.1,30.4,26.6,71.1,71.4,1006.6,77.9,1.0,0,10
REC_02512,Mumbai,Maharashtra,19.076,72.8777,coastal_heavy_monsoon,2023-10-24,2023-10-31,7,18.0,52.8,28.8,29.5,98.0,100.0,1015.9,11.4,6.5,0,10
REC_00598,Visakhapatnam,Andhra Pradesh,17.6868,83.2185,coastal_cyclonic,2023-10-24,2023-11-02,9,16.5,1.7,28.4,26.4,87.0,80.9,1004.8,0.0,20.6,0,11
REC_02263,Mumbai,Maharashtra,19.076,72.8777,coastal_heavy_monsoon,2023-10-25,2023-10-29,4,55.6,102.2,28.2,29.4,83.2,85.1,1010.0,54.7,0.8,0,10
REC_03175,Hyderabad,Telangana,17.385,78.4867,semi_arid,2023-10-25,2023-10-31,6,4.9,0.0,25.0,25.0,53.7,53.6,1005.2,9.2,4.2,0,10
REC_00030,Delhi,NCR,28.6139,77.209,continental_subtropical,2023-10-25,2023-11-01,7,0.1,0.0,24.2,22.2,51.2,58.3,1012.4,0.0,0.6,0,11
REC_01819,Bengaluru,Karnataka,12.9716,77.5946,plateau_temperate,2023-10-26,2023-10-29,3,1.3,0.0,24.4,25.4,60.7,61.1,1010.1,4.7,3.4,0,10
REC_02566,Delhi,NCR,28.6139,77.209,continental_subtropical,2023-10-26,2023-10-30,4,1.0,0.0,22.9,19.2,49.3,46.9,1004.7,0.0,4.0,0,10
REC_02859,Hyderabad,Telangana,17.385,78.4867,semi_arid,2023-10-26,2023-11-04,9,0.4,0.0,24.6,24.4,76.0,59.2,1003.6,0.0,15.2,0,11
REC_01391,Krishna District,Andhra Pradesh,16.5062,80.648,coastal_humid,2023-10-27,2023-10-30,3,29.4,25.9,29.7,30.6,90.3,98.1,1009.1,28.7,0.7,0,10
REC_01893,Delhi,NCR,28.6139,77.209,continental_subtropical,2023-10-27,2023-11-01,5,3.3,8.4,20.8,19.7,51.5,46.1,1000.8,0.2,3.0,0,11
REC_01664,Bengaluru,Karnataka,12.9716,77.5946,plateau_temperate,2023-10-27,2023-11-03,7,6.5,54.5,21.9,20.1,63.6,50.0,1004.0,19.1,12.6,0,11
REC_00633,Bengaluru,Karnataka,12.9716,77.5946,plateau_temperate,2023-10-27,2023-11-06,10,3.8,2.1,23.8,22.8,48.1,78.2,1006.0,19.9,16.1,0,11
REC_01373,Hyderabad,Telangana,17.385,78.4867,semi_arid,2023-10-28,2023-10-29,1,1.1,0.5,21.7,22.5,48.9,53.1,1011.1,1.2,0.1,0,10
REC_02539,Bengaluru,Karnataka,12.9716,77.5946,plateau_temperate,2023-10-28,2023-10-29,1,3.4,6.5,21.5,20.7,65.7,64.5,1011.4,3.3,0.1,0,10
REC_01415,Mumbai,Maharashtra,19.076,72.8777,coastal_heavy_monsoon,2023-10-29,2023-10-31,2,10.8,15.2,28.9,27.4,82.3,88.0,1004.5,13.4,2.6,0,10
REC_03465,Mumbai,Maharashtra,19.076,72.8777,coastal_heavy_monsoon,2023-10-29,2023-11-01,3,7.2,3.0,26.3,26.4,86.9,95.1,1004.7,7.7,0.5,0,11
REC_02161,Visakhapatnam,Andhra Pradesh,17.6868,83.2185,coastal_cyclonic,2023-10-29,2023-11-02,4,13.0,0.0,27.7,34.1,74.0,77.9,1008.8,15.0,2.0,0,11
REC_00715,Visakhapatnam,Andhra Pradesh,17.6868,83.2185,coastal_cyclonic,2023-10-29,2023-11-03,5,1.2,25.3,24.3,22.0,84.9,85.0,1006.1,8.5,7.3,0,11
REC_02902,Delhi,NCR,28.6139,77.209,continental_subtropical,2023-10-30,2023-10-31,1,0.7,0.0,23.3,22.6,55.5,51.6,1008.4,1.5,0.8,0,10
REC_01196,Mumbai,Maharashtra,19.076,72.8777,coastal_heavy_monsoon,2023-10-30,2023-11-02,3,22.7,0.0,29.3,28.7,82.7,80.4,1004.0,24.2,1.5,0,11
REC_01265,Mumbai,Maharashtra,19.076,72.8777,coastal_heavy_monsoon,2023-10-30,2023-11-02,3,7.9,0.0,26.8,23.2,91.6,91.4,1013.8,7.6,0.3,0,11
REC_02220,Bengaluru,Karnataka,12.9716,77.5946,plateau_temperate,2023-10-30,2023-11-04,5,1.7,0.0,26.6,25.3,49.5,55.1,1009.8,3.7,2.0,0,11
REC_02759,Krishna District,Andhra Pradesh,16.5062,80.648,coastal_humid,2023-10-30,2023-11-05,6,33.8,11.3,25.2,24.9,92.9,100.0,1003.7,31.6,2.2,0,11
REC_00166,Delhi,NCR,28.6139,77.209,continental_subtropical,2023-10-30,2023-11-06,7,2.1,0.0,24.1,24.9,55.7,59.0,1007.6,0.0,9.2,0,11
REC_01272,Hyderabad,Telangana,17.385,78.4867,semi_arid,2023-10-30,2023-11-06,7,1.3,0.0,21.1,23.1,55.4,61.1,1005.9,9.6,8.4,0,11
REC_01911,Visakhapatnam,Andhra Pradesh,17.6868,83.2185,coastal_cyclonic,2023-10-31,2023-11-02,2,1.0,0.0,24.0,24.8,98.0,100.0,1008.0,0.0,1.6,0,11
REC_02514,Visakhapatnam,Andhra Pradesh,17.6868,83.2185,coastal_cyclonic,2023-10-31,2023-11-03,3,74.0,91.1,27.6,27.7,82.9,80.6,1014.7,74.1,0.1,0,11
REC_00006,Visakhapatnam,Andhra Pradesh,17.6868,83.2185,coastal_cyclonic,2023-10-31,2023-11-10,10,15.4,0.0,26.4,23.7,87.7,96.3,1000.9,10.3,5.2,0,11
REC_00210,Krishna District,Andhra Pradesh,16.5062,80.648,coastal_humid,2023-11-01,2023-11-07,6,26.7,37.0,27.4,26.6,88.9,85.2,1004.6,31.9,5.3,0,11
REC_01604,Delhi,NCR,28.6139,77.209,continental_subtropical,2023-11-01,2023-11-08,7,0.8,0.0,22.5,20.6,48.1,40.2,1005.1,4.0,3.2,0,11
REC_00044,Visakhapatnam,Andhra Pradesh,17.6868,83.2185,coastal_cyclonic,2023-11-02,2023-11-04,2,76.5,53.5,33.3,32.4,78.4,79.5,1006.7,75.7,0.8,0,11
REC_00454,Hyderabad,Telangana,17.385,78.4867,semi_arid,2023-11-02,2023-11-04,2,0.5,12.2,23.1,21.1,50.3,45.7,1003.3,0.9,0.4,0,11
REC_02825,Visakhapatnam,Andhra Pradesh,17.6868,83.2185,coastal_cyclonic,2023-11-02,2023-11-04,2,14.8,9.0,20.6,19.4,79.9,85.3,1007.4,14.1,0.7,0,11
REC_03317,Visakhapatnam,Andhra Pradesh,17.6868,83.2185,coastal_cyclonic,2023-11-02,2023-11-07,5,14.3,26.8,23.6,16.6,82.1,80.3,1012.0,13.3,1.0,0,11
REC_01692,Bengaluru,Karnataka,12.9716,77.5946,plateau_temperate,2023-11-03,2023-11-05,2,2.5,8.5,21.6,22.4,65.5,66.6,1011.5,6.8,4.3,0,11
REC_01853,Visakhapatnam,Andhra Pradesh,17.6868,83.2185,coastal_cyclonic,2023-11-03,2023-11-05,2,109.6,53.6,25.3,25.7,77.7,72.3,1009.0,108.9,0.7,0,11
REC_00562,Hyderabad,Telangana,17.385,78.4867,semi_arid,2023-11-03,2023-11-07,4,5.3,0.1,25.1,23.8,49.7,39.9,1008.8,8.2,2.9,0,11
REC_02558,Bengaluru,Karnataka,12.9716,77.5946,plateau_temperate,2023-11-03,2023-11-12,9,0.2,0.0,27.8,35.1,56.0,50.7,1004.3,15.6,15.4,0,11
REC_00937,Mumbai,Maharashtra,19.076,72.8777,coastal_heavy_monsoon,2023-11-04,2023-11-08,4,80.4,68.2,27.5,30.6,90.7,100.0,1007.0,76.2,4.2,0,11
REC_01889,Bengaluru,Karnataka,12.9716,77.5946,plateau_temperate,2023-11-04,2023-11-11,7,0.9,0.0,21.7,21.9,65.5,49.2,1006.2,0.0,9.1,0,11
REC_00442,Krishna District,Andhra Pradesh,16.5062,80.648,coastal_humid,2023-11-05,2023-11-07,2,28.3,53.3,26.3,26.9,88.6,88.1,1012.4,27.4,0.9,0,11
REC_00443,Mumbai,Maharashtra,19.076,72.8777,coastal_heavy_monsoon,2023-11-05,2023-11-09,4,27.3,68.8,24.0,25.0,89.0,78.5,1012.4,17.9,9.4,0,11
REC_00835,Visakhapatnam,Andhra Pradesh,17.6868,83.2185,coastal_cyclonic,2023-11-05,2023-11-14,9,85.5,94.5,24.2,24.9,98.0,100.0,1006.3,77.1,8.4,0,11
REC_00152,Visakhapatnam,Andhra Pradesh,17.6868,83.2185,coastal_cyclonic,2023-11-06,2023-11-14,8,27.1,85.7,26.1,23.0,92.3,89.7,1001.7,38.9,11.8,0,11
REC_01208,Krishna District,Andhra Pradesh,16.5062,80.648,coastal_humid,2023-11-06,2023-11-16,10,4.8,0.0,27.9,34.7,89.5,94.8,1006.4,24.4,19.5,0,11
REC_02789,Bengaluru,Karnataka,12.9716,77.5946,plateau_temperate,2023-11-07,2023-11-09,2,8.2,4.8,19.0,18.5,60.1,58.0,1004.4,5.3,2.9,0,11
REC_02388,Hyderabad,Telangana,17.385,78.4867,semi_arid,2023-11-07,2023-11-11,4,10.9,25.6,19.8,19.5,54.3,55.8,1015.7,7.4,3.5,0,11
REC_01277,Delhi,NCR,28.6139,77.209,continental_subtropical,2023-11-07,2023-11-12,5,1.3,23.2,24.4,25.1,61.5,67.1,1007.7,0.0,11.1,0,11
REC_02122,Krishna District,Andhra Pradesh,16.5062,80.648,coastal_humid,2023-11-07,2023-11-14,7,30.4,0.0,23.0,21.9,73.8,67.7,1013.2,20.8,9.6,0,11
REC_02146,Hyderabad,Telangana,17.385,78.4867,semi_arid,2023-11-07,2023-11-17,10,1.6,0.0,18.1,18.3,65.9,64.8,1008.1,0.0,8.0,0,11
REC_00385,Hyderabad,Telangana,17.385,78.4867,semi_arid,2023-11-08,2023-11-18,10,1.1,77.1,23.8,22.6,58.6,37.3,1006.3,3.4,2.3,0,11
REC_01323,Hyderabad,Telangana,17.385,78.4867,semi_arid,2023-11-09,2023-11-11,2,0.8,0.0,20.2,19.8,51.8,45.5,1003.8,1.7,0.9,0,11
REC_01393,Krishna District,Andhra Pradesh,16.5062,80.648,coastal_humid,2023-11-09,2023-11-14,5,47.4,74.2,24.8,25.5,91.7,98.4,1010.8,56.2,8.8,0,11
REC_01321,Hyderabad,Telangana,17.385,78.4867,semi_arid,2023-11-09,2023-11-18,9,2.8,0.0,26.5,27.5,56.0,64.0,1004.3,0.0,23.4,0,11
REC_00617,Mumbai,Maharashtra,19.076,72.8777,coastal_heavy_monsoon,2023-11-10,2023-11-13,3,49.9,24.9,30.0,31.7,77.6,69.8,1007.8,51.0,1.1,0,11
REC_00901,Bengaluru,Karnataka,12.9716,77.5946,plateau_temperate,2023-11-10,2023-11-15,5,0.1,0.0,27.0,29.4,50.4,48.1,1012.5,0.0,6.1,0,11
REC_00592,Hyderabad,Telangana,17.385,78.4867,semi_arid,2023-11-10,2023-11-19,9,2.1,0.0,27.4,31.5,66.5,30.2,1006.0,1.3,0.8,0,11
REC_00154,Hyderabad,Telangana,17.385,78.4867,semi_arid,2023-11-10,2023-11-20,10,2.4,18.6,23.8,24.0,56.0,56.6,1006.3,0.4,2.0,0,11
REC_01389,Visakhapatnam,Andhra Pradesh,17.6868,83.2185,coastal_cyclonic,2023-11-11,2023-11-18,7,10.0,0.0,25.9,27.2,80.2,76.9,1000.7,2.1,7.9,0,11
REC_01743,Delhi,NCR,28.6139,77.209,continental_subtropical,2023-11-12,2023-11-15,3,2.0,5.7,24.2,20.5,64.3,61.3,1002.8,4.4,2.4,0,11
REC_02359,Hyderabad,Telangana,17.385,78.4867,semi_arid,2023-11-12,2023-11-18,6,7.2,6.9,24.5,25.9,61.7,43.1,1011.1,3.5,3.7,0,11
REC_00552,Bengaluru,Karnataka,12.9716,77.5946,plateau_temperate,2023-11-13,2023-11-20,7,1.6,0.0,22.0,20.2,47.2,54.8,1010.8,14.7,13.1,0,11
REC_00162,Delhi,NCR,28.6139,77.209,continental_subtropical,2023-11-13,2023-11-21,8,2.3,0.0,25.9,29.4,54.1,61.2,1004.4,11.1,8.8,0,11
REC_02612,Delhi,NCR,28.6139,77.209,continental_subtropical,2023-11-13,2023-11-21,8,6.1,16.0,26.5,28.1,45.9,52.9,1002.8,16.9,10.8,0,11
REC_00575,Hyderabad,Telangana,17.385,78.4867,semi_arid,2023-11-14,2023-11-19,5,3.7,0.0,22.4,21.6,49.8,49.8,1011.5,3.8,0.1,0,11
REC_02511,Mumbai,Maharashtra,19.076,72.8777,coastal_heavy_monsoon,2023-11-14,2023-11-21,7,51.6,0.0,27.3,28.4,82.2,71.6,1014.3,44.9,6.7,0,11
REC_03442,Bengaluru,Karnataka,12.9716,77.5946,plateau_temperate,2023-11-14,2023-11-21,7,2.7,0.0,16.7,18.1,58.8,53.9,1009.6,1.3,1.4,0,11
REC_02626,Hyderabad,Telangana,17.385,78.4867,semi_arid,2023-11-15,2023-11-19,4,0.4,0.0,21.3,25.5,61.6,73.3,1003.5,0.0,7.5,0,11
REC_01206,Delhi,NCR,28.6139,77.209,continental_subtropical,2023-11-15,2023-11-20,5,11.7,7.1,23.4,24.7,60.7,75.2,1006.4,21.9,10.3,0,11
REC_03482,Mumbai,Maharashtra,19.076,72.8777,coastal_heavy_monsoon,2023-11-15,2023-11-21,6,8.8,8.7,29.3,31.5,87.8,70.8,1011.1,21.0,12.2,0,11
REC_02087,Visakhapatnam,Andhra Pradesh,17.6868,83.2185,coastal_cyclonic,2023-11-16,2023-11-17,1,24.9,5.9,30.8,30.2,80.9,83.7,1000.1,24.5,0.4,0,11
REC_01310,Visakhapatnam,Andhra Pradesh,17.6868,83.2185,coastal_cyclonic,2023-11-16,2023-11-18,2,2.0,0.0,33.2,32.2,80.7,75.9,1004.7,0.2,1.9,0,11
REC_01576,Krishna District,Andhra Pradesh,16.5062,80.648,coastal_humid,2023-11-16,2023-11-20,4,46.0,58.0,29.3,27.2,69.2,52.6,1006.3,41.4,4.6,0,11
REC_01384,Delhi,NCR,28.6139,77.209,continental_subtropical,2023-11-16,2023-11-21,5,2.1,6.9,26.6,24.2,47.1,44.8,1007.7,12.3,10.2,0,11
REC_01827,Krishna District,Andhra Pradesh,16.5062,80.648,coastal_humid,2023-11-16,2023-11-21,5,124.0,114.5,24.9,25.0,86.6,78.1,1010.6,137.4,13.4,0,11
REC_02814,Krishna District,Andhra Pradesh,16.5062,80.648,coastal_humid,2023-11-16,2023-11-23,7,48.1,0.0,31.0,31.8,82.1,82.4,1006.4,51.3,3.2,0,11
REC_00843,Visakhapatnam,Andhra Pradesh,17.6868,83.2185,coastal_cyclonic,2023-11-16,2023-11-24,8,53.9,115.3,30.1,31.7,84.5,69.5,996.0,66.9,13.0,0,11
REC_03354,Visakhapatnam,Andhra Pradesh,17.6868,83.2185,coastal_cyclonic,2023-11-17,2023-11-22,5,0.4,0.0,29.9,27.2,98.0,96.1,1008.3,0.0,8.2,0,11
REC_02285,Krishna District,Andhra Pradesh,16.5062,80.648,coastal_humid,2023-11-17,2023-11-27,10,48.2,177.5,27.5,19.4,90.5,74.0,1012.0,33.8,14.4,0,11
REC_01427,Mumbai,Maharashtra,19.076,72.8777,coastal_heavy_monsoon,2023-11-18,2023-11-20,2,42.7,0.0,24.7,25.6,75.9,77.3,1008.7,43.5,0.8,0,11
REC_01683,Mumbai,Maharashtra,19.076,72.8777,coastal_heavy_monsoon,2023-11-18,2023-11-23,5,93.3,13.0,25.9,23.7,86.7,97.3,1006.6,89.7,3.6,0,11
REC_02169,Mumbai,Maharashtra,19.076,72.8777,coastal_heavy_monsoon,2023-11-18,2023-11-24,6,30.1,13.6,28.5,27.6,79.1,80.3,1006.2,19.7,10.4,0,11
REC_02985,Hyderabad,Telangana,17.385,78.4867,semi_arid,2023-11-18,2023-11-24,6,9.4,43.8,22.0,17.7,56.1,52.6,1009.0,9.4,0.0,0,11
REC_00465,Mumbai,Maharashtra,19.076,72.8777,coastal_heavy_monsoon,2023-11-18,2023-11-28,10,18.5,67.3,29.7,33.8,86.5,85.2,1012.0,29.7,11.2,0,11
REC_01191,Mumbai,Maharashtra,19.076,72.8777,coastal_heavy_monsoon,2023-11-19,2023-11-25,6,13.6,26.1,22.6,24.2,80.3,76.0,1008.3,21.9,8.3,0,11
REC_01752,Krishna District,Andhra Pradesh,16.5062,80.648,coastal_humid,2023-11-19,2023-11-26,7,17.5,63.5,25.9,21.7,77.6,81.2,1005.0,12.2,5.2,0,11
REC_00664,Mumbai,Maharashtra,19.076,72.8777,coastal_heavy_monsoon,2023-11-19,2023-11-27,8,20.4,21.2,28.0,30.6,87.2,98.5,999.7,21.5,1.1,0,11
REC_01625,Visakhapatnam,Andhra Pradesh,17.6868,83.2185,coastal_cyclonic,2023-11-21,2023-11-25,4,27.3,6.5,27.0,24.9,68.8,60.1,1006.7,32.8,5.4,0,11
REC_02749,Visakhapatnam,Andhra Pradesh,17.6868,83.2185,coastal_cyclonic,2023-11-21,2023-11-27,6,6.1,13.0,28.3,27.0,80.9,65.6,1003.8,20.3,14.1,0,11
REC_00687,Krishna District,Andhra Pradesh,16.5062,80.648,coastal_humid,2023-11-21,2023-11-29,8,46.7,104.9,28.8,17.3,84.8,98.0,1007.4,52.5,5.8,0,11
REC_02371,Krishna District,Andhra Pradesh,16.5062,80.648,coastal_humid,2023-11-21,2023-12-01,10,0.0,0.0,21.7,27.2,48.9,75.4,1011.6,0.0,5.5,0,12
REC_02078,Mumbai,Maharashtra,19.076,72.8777,coastal_heavy_monsoon,2023-11-22,2023-11-24,2,40.9,66.4,27.9,27.9,97.5,87.5,1004.7,40.0,0.9,0,11
REC_02119,Mumbai,Maharashtra,19.076,72.8777,coastal_heavy_monsoon,2023-11-22,2023-11-26,4,24.8,31.6,29.9,30.0,79.2,75.1,1011.2,29.7,4.9,0,11
REC_03383,Visakhapatnam,Andhra Pradesh,17.6868,83.2185,coastal_cyclonic,2023-11-22,2023-11-26,4,78.2,63.9,24.6,23.0,79.6,84.9,1009.3,75.0,3.2,0,11
REC_01039,Krishna District,Andhra Pradesh,16.5062,80.648,coastal_humid,2023-11-22,2023-11-30,8,117.4,175.3,33.4,27.9,88.2,98.2,1005.6,110.6,6.8,0,11
REC_02394,Bengaluru,Karnataka,12.9716,77.5946,plateau_temperate,2023-11-22,2023-12-01,9,0.5,0.0,24.0,21.3,53.5,42.2,1007.7,5.7,5.2,0,12
REC_03394,Mumbai,Maharashtra,19.076,72.8777,coastal_heavy_monsoon,2023-11-23,2023-11-24,1,80.1,40.5,31.7,32.3,88.8,88.8,1010.0,79.1,1.0,0,11
REC_03209,Delhi,NCR,28.6139,77.209,continental_subtropical,2023-11-23,2023-11-28,5,3.0,0.0,25.5,24.5,48.9,41.2,1000.6,1.1,1.9,0,11
REC_00488,Mumbai,Maharashtra,19.076,72.8777,coastal_heavy_monsoon,2023-11-23,2023-11-30,7,2.6,0.0,29.0,29.7,86.4,83.9,1013.2,0.0,5.9,0,11
REC_00039,Bengaluru,Karnataka,12.9716,77.5946,plateau_temperate,2023-11-24,2023-11-29,5,0.4,0.0,26.9,28.7,66.6,71.0,1009.4,0.0,3.8,0,11
REC_03098,Mumbai,Maharashtra,19.076,72.8777,coastal_heavy_monsoon,2023-11-24,2023-12-04,10,1.4,11.0,24.2,16.8,59.8,44.8,1002.3,1.2,0.2,0,12
REC_00987,Visakhapatnam,Andhra Pradesh,17.6868,83.2185,coastal_cyclonic,2023-11-25,2023-11-29,4,44.0,0.0,26.3,26.7,93.9,91.1,999.8,47.3,3.3,0,11
REC_00761,Krishna District,Andhra Pradesh,16.5062,80.648,coastal_humid,2023-11-25,2023-11-30,5,63.5,116.5,28.8,27.3,77.8,76.6,1005.7,58.0,5.5,0,11
REC_01420,Delhi,NCR,28.6139,77.209,continental_subtropical,2023-11-25,2023-12-02,7,0.6,0.0,19.7,16.9,59.5,62.0,1007.2,0.0,3.7,0,12
REC_00393,Mumbai,Maharashtra,19.076,72.8777,coastal_heavy_monsoon,2023-11-26,2023-12-01,5,1.5,3.4,22.9,25.1,52.2,52.3,1003.2,3.4,1.9,0,12
REC_00230,Mumbai,Maharashtra,19.076,72.8777,coastal_heavy_monsoon,2023-11-26,2023-12-02,6,0.0,18.0,24.0,19.3,52.5,53.6,1005.0,0.0,2.6,0,12
REC_03171,Bengaluru,Karnataka,12.9716,77.5946,plateau_temperate,2023-11-26,2023-12-02,6,4.6,3.3,23.2,24.7,47.1,50.7,1014.3,0.0,6.3,0,12
REC_00325,Visakhapatnam,Andhra Pradesh,17.6868,83.2185,coastal_cyclonic,2023-11-26,2023-12-03,7,0.7,23.5,24.3,17.7,58.6,69.9,999.6,0.0,14.2,0,12
REC_01929,Visakhapatnam,Andhra Pradesh,17.6868,83.2185,coastal_cyclonic,2023-11-26,2023-12-03,7,1.3,50.2,24.0,20.3,73.8,55.6,1011.0,23.8,22.5,0,12
REC_00349,Hyderabad,Telangana,17.385,78.4867,semi_arid,2023-11-26,2023-12-05,9,3.6,0.0,20.1,21.4,61.9,56.9,1009.6,17.8,14.2,0,12
REC_00927,Krishna District,Andhra Pradesh,16.5062,80.648,coastal_humid,2023-11-26,2023-12-06,10,0.8,103.3,24.4,26.9,68.4,65.4,1011.5,12.6,11.7,0,12
REC_03446,Krishna District,Andhra Pradesh,16.5062,80.648,coastal_humid,2023-11-27,2023-11-29,2,14.7,8.8,29.8,31.8,73.3,68.1,1006.9,15.5,0.9,0,11
REC_01870,Bengaluru,Karnataka,12.9716,77.5946,plateau_temperate,2023-11-27,2023-12-02,5,1.3,0.6,22.4,23.7,53.3,51.0,1005.9,0.0,3.9,0,12
REC_00760,Krishna District,Andhra Pradesh,16.5062,80.648,coastal_humid,2023-11-27,2023-12-06,9,5.4,0.0,30.0,32.4,60.2,62.3,1008.3,29.8,24.4,0,12
REC_03033,Delhi,NCR,28.6139,77.209,continental_subtropical,2023-11-28,2023-11-30,2,0.7,1.4,21.9,21.8,63.7,63.5,1009.8,2.9,2.2,0,11
REC_00433,Bengaluru,Karnataka,12.9716,77.5946,plateau_temperate,2023-11-28,2023-12-02,4,0.4,18.6,23.4,22.0,62.7,63.9,1014.3,5.8,5.4,0,12
REC_02775,Delhi,NCR,28.6139,77.209,continental_subtropical,2023-11-28,2023-12-02,4,1.6,2.7,23.3,24.3,57.5,50.4,1004.4,0.0,1.8,0,12
REC_00209,Hyderabad,Telangana,17.385,78.4867,semi_arid,2023-11-28,2023-12-05,7,4.5,30.8,18.5,20.0,56.6,64.6,1009.5,0.0,13.7,0,12
REC_02682,Visakhapatnam,Andhra Pradesh,17.6868,83.2185,coastal_cyclonic,2023-11-28,2023-12-05,7,3.9,18.2,21.6,21.4,33.5,41.0,1006.9,6.2,2.3,0,12
REC_01856,Hyderabad,Telangana,17.385,78.4867,semi_arid,2023-11-28,2023-12-06,8,0.7,0.0,24.5,23.5,55.3,55.5,1010.2,0.0,16.0,0,12
REC_02265,Delhi,NCR,28.6139,77.209,continental_subtropical,2023-11-28,2023-12-08,10,1.6,44.9,23.1,27.4,51.4,42.9,1006.8,0.0,13.6,0,12
REC_01030,Hyderabad,Telangana,17.385,78.4867,semi_arid,2023-11-29,2023-11-30,1,1.9,4.7,24.2,24.2,53.6,58.4,1010.9,0.9,1.0,0,11
REC_01183,Krishna District,Andhra Pradesh,16.5062,80.648,coastal_humid,2023-11-29,2023-12-03,4,2.6,0.0,25.5,23.7,62.2,66.7,1006.4,5.2,2.7,0,12
REC_01984,Bengaluru,Karnataka,12.9716,77.5946,plateau_temperate,2023-11-29,2023-12-07,8,2.3,6.6,22.1,22.1,51.2,40.5,1010.7,0.0,8.3,0,12
REC_01632,Visakhapatnam,Andhra Pradesh,17.6868,83.2185,coastal_cyclonic,2023-11-29,2023-12-09,10,1.8,0.0,19.0,20.7,45.5,34.0,1008.9,29.6,27.8,0,12
REC_02576,Delhi,NCR,28.6139,77.209,continental_subtropical,2023-11-29,2023-12-09,10,3.5,0.0,25.0,26.2,63.0,60.4,1015.1,10.2,6.7,0,12
REC_01562,Krishna District,Andhra Pradesh,16.5062,80.648,coastal_humid,2023-11-30,2023-12-01,1,1.6,1.2,20.0,20.0,64.8,65.2,1006.3,1.9,0.3,0,12
REC_01902,Hyderabad,Telangana,17.385,78.4867,semi_arid,2023-11-30,2023-12-01,1,0.9,2.4,23.6,24.1,56.3,60.4,1012.0,0.2,0.7,0,12
REC_03128,Visakhapatnam,Andhra Pradesh,17.6868,83.2185,coastal_cyclonic,2023-11-30,2023-12-02,2,0.9,6.2,22.0,23.4,45.6,43.0,1007.3,0.0,2.3,0,12
REC_01974,Hyderabad,Telangana,17.385,78.4867,semi_arid,2023-11-30,2023-12-06,6,0.8,0.0,22.2,22.7,54.3,50.8,1015.3,0.0,0.8,0,12
REC_01159,Delhi,NCR,28.6139,77.209,continental_subtropical,2023-11-30,2023-12-08,8,3.7,0.0,27.8,27.5,55.9,57.9,1004.9,6.8,3.1,0,12
REC_00827,Bengaluru,Karnataka,12.9716,77.5946,plateau_temperate,2023-11-30,2023-12-09,9,2.0,0.0,26.9,24.8,43.8,44.3,1004.1,12.9,10.9,0,12
REC_02996,Visakhapatnam,Andhra Pradesh,17.6868,83.2185,coastal_cyclonic,2023-12-01,2023-12-05,4,2.6,4.8,19.2,22.5,48.9,49.5,1008.6,1.0,1.6,0,12
REC_02100,Delhi,NCR,28.6139,77.209,continental_subtropical,2023-12-01,2023-12-06,5,1.6,20.0,26.0,24.8,45.3,50.3,1002.8,0.0,3.1,0,12
REC_01093,Bengaluru,Karnataka,12.9716,77.5946,plateau_temperate,2023-12-01,2023-12-09,8,9.6,48.8,26.6,24.6,55.0,67.0,1012.1,0.0,11.5,0,12
REC_01591,Delhi,NCR,28.6139,77.209,continental_subtropical,2023-12-02,2023-12-04,2,11.7,0.0,26.0,26.9,56.9,64.0,1006.8,11.5,0.2,0,12
REC_00041,Delhi,NCR,28.6139,77.209,continental_subtropical,2023-12-02,2023-12-07,5,5.9,6.1,28.7,30.7,51.5,47.3,1006.4,4.2,1.7,0,12
REC_00950,Visakhapatnam,Andhra Pradesh,17.6868,83.2185,coastal_cyclonic,2023-12-02,2023-12-08,6,4.3,11.6,24.4,23.7,59.6,52.3,1009.6,0.0,7.7,0,12
REC_00074,Visakhapatnam,Andhra Pradesh,17.6868,83.2185,coastal_cyclonic,2023-12-02,2023-12-10,8,5.1,0.0,26.8,26.9,38.7,58.1,1004.0,27.4,22.3,0,12
REC_00868,Delhi,NCR,28.6139,77.209,continental_subtropical,2023-12-03,2023-12-06,3,0.2,0.0,22.7,24.0,47.4,43.1,1010.1,1.9,1.7,0,12
REC_02729,Delhi,NCR,28.6139,77.209,continental_subtropical,2023-12-03,2023-12-08,5,1.4,23.5,18.5,18.3,58.6,69.5,1012.9,11.6,10.2,0,12
REC_01328,Visakhapatnam,Andhra Pradesh,17.6868,83.2185,coastal_cyclonic,2023-12-03,2023-12-10,7,0.3,9.7,19.6,22.3,57.6,65.9,1005.7,0.0,1.4,0,12
REC_01737,Mumbai,Maharashtra,19.076,72.8777,coastal_heavy_monsoon,2023-12-03,2023-12-10,7,2.9,9.2,24.7,27.6,51.0,48.3,1004.1,6.0,3.1,0,12
REC_02568,Visakhapatnam,Andhra Pradesh,17.6868,83.2185,coastal_cyclonic,2023-12-03,2023-12-10,7,0.1,9.1,25.1,20.2,58.6,40.4,1005.9,7.6,7.5,0,12
REC_03135,Krishna District,Andhra Pradesh,16.5062,80.648,coastal_humid,2023-12-03,2023-12-13,10,10.5,59.8,20.7,17.9,59.6,40.9,1005.2,1.9,8.6,0,12
REC_01513,Delhi,NCR,28.6139,77.209,continental_subtropical,2023-12-04,2023-12-07,3,0.8,1.8,28.3,27.8,50.5,50.5,1003.8,0.0,1.7,0,12
REC_01364,Visakhapatnam,Andhra Pradesh,17.6868,83.2185,coastal_cyclonic,2023-12-04,2023-12-08,4,0.2,0.0,25.4,26.6,66.2,66.2,1009.0,0.0,4.6,0,12
REC_01607,Delhi,NCR,28.6139,77.209,continental_subtropical,2023-12-04,2023-12-11,7,0.1,0.0,26.2,25.3,52.4,46.8,1007.7,3.7,3.6,0,12
REC_00302,Bengaluru,Karnataka,12.9716,77.5946,plateau_temperate,2023-12-04,2023-12-12,8,1.0,23.7,22.1,20.1,46.8,64.6,1002.6,19.2,18.2,0,12
REC_02121,Krishna District,Andhra Pradesh,16.5062,80.648,coastal_humid,2023-12-04,2023-12-12,8,9.7,0.0,27.5,26.8,56.4,72.3,1005.4,31.9,22.2,0,12
REC_00182,Bengaluru,Karnataka,12.9716,77.5946,plateau_temperate,2023-12-04,2023-12-13,9,4.1,0.0,29.4,25.7,59.3,34.1,1012.3,9.2,5.1,0,12
REC_03187,Bengaluru,Karnataka,12.9716,77.5946,plateau_temperate,2023-12-04,2023-12-13,9,6.0,2.7,20.5,19.7,67.6,45.8,1016.5,0.1,5.9,0,12
REC_00193,Delhi,NCR,28.6139,77.209,continental_subtropical,2023-12-05,2023-12-06,1,2.1,0.0,27.3,27.9,49.8,48.4,1011.8,1.5,0.5,0,12
REC_01417,Mumbai,Maharashtra,19.076,72.8777,coastal_heavy_monsoon,2023-12-05,2023-12-06,1,1.0,0.0,26.0,25.8,35.0,40.0,1009.5,1.8,0.8,0,12
REC_02817,Visakhapatnam,Andhra Pradesh,17.6868,83.2185,coastal_cyclonic,2023-12-05,2023-12-06,1,8.0,4.9,23.3,23.9,40.5,40.7,1008.4,9.1,1.1,0,12
REC_01539,Delhi,NCR,28.6139,77.209,continental_subtropical,2023-12-05,2023-12-08,3,3.1,5.5,25.5,27.2,50.8,63.0,1013.5,0.0,3.9,0,12
REC_02106,Bengaluru,Karnataka,12.9716,77.5946,plateau_temperate,2023-12-05,2023-12-08,3,2.1,5.4,23.1,24.0,52.8,59.4,1009.0,0.0,6.0,0,12
REC_02230,Delhi,NCR,28.6139,77.209,continental_subtropical,2023-12-05,2023-12-15,10,7.6,0.0,20.8,20.5,39.8,42.5,1008.3,2.5,5.1,0,12
REC_01074,Delhi,NCR,28.6139,77.209,continental_subtropical,2023-12-06,2023-12-11,5,1.9,5.2,24.6,21.8,50.5,47.0,1005.6,0.0,4.2,0,12
REC_02490,Mumbai,Maharashtra,19.076,72.8777,coastal_heavy_monsoon,2023-12-06,2023-12-11,5,4.0,0.0,26.2,28.7,51.3,50.0,1010.7,7.9,3.9,0,12
REC_01960,Visakhapatnam,Andhra Pradesh,17.6868,83.2185,coastal_cyclonic,2023-12-06,2023-12-13,7,1.8,0.0,23.9,28.2,66.7,64.1,1003.5,8.0,6.2,0,12
REC_01836,Hyderabad,Telangana,17.385,78.4867,semi_arid,2023-12-06,2023-12-14,8,1.4,0.0,25.3,29.9,44.8,31.8,1012.8,8.7,7.3,0,12
REC_02548,Krishna District,Andhra Pradesh,16.5062,80.648,coastal_humid,2023-12-07,2023-12-10,3,0.6,0.0,22.6,24.6,57.7,50.4,1004.0,2.5,1.9,0,12
REC_01708,Mumbai,Maharashtra,19.076,72.8777,coastal_heavy_monsoon,2023-12-07,2023-12-11,4,0.5,0.0,27.1,26.1,62.3,57.2,1011.8,0.0,3.7,0,12
REC_01603,Hyderabad,Telangana,17.385,78.4867,semi_arid,2023-12-07,2023-12-13,6,0.1,22.2,27.5,25.2,55.0,53.1,1001.6,0.0,5.2,0,12
REC_00880,Hyderabad,Telangana,17.385,78.4867,semi_arid,2023-12-08,2023-12-09,1,0.3,0.0,26.4,28.2,49.9,51.3,1005.7,0.0,1.5,0,12
REC_01036,Bengaluru,Karnataka,12.9716,77.5946,plateau_temperate,2023-12-08,2023-12-13,5,4.3,5.6,25.0,22.7,50.0,40.5,1005.2,12.7,8.4,0,12
REC_01283,Mumbai,Maharashtra,19.076,72.8777,coastal_heavy_monsoon,2023-12-08,2023-12-14,6,1.5,9.5,24.3,22.0,43.2,60.6,1008.9,0.0,5.4,0,12
REC_03154,Krishna District,Andhra Pradesh,16.5062,80.648,coastal_humid,2023-12-08,2023-12-14,6,0.8,0.0,23.4,23.1,48.4,54.7,1009.7,11.9,11.2,0,12
REC_02063,Mumbai,Maharashtra,19.076,72.8777,coastal_heavy_monsoon,2023-12-08,2023-12-18,10,0.5,0.0,17.3,13.8,61.8,57.0,1012.4,43.1,42.6,0,12
REC_01762,Bengaluru,Karnataka,12.9716,77.5946,plateau_temperate,2023-12-09,2023-12-10,1,0.2,0.0,20.0,19.5,73.5,77.0,1005.0,0.5,0.3,0,12
REC_03159,Delhi,NCR,28.6139,77.209,continental_subtropical,2023-12-09,2023-12-11,2,2.1,3.8,19.2,17.0,52.4,54.6,1008.4,3.9,1.8,0,12
REC_01599,Visakhapatnam,Andhra Pradesh,17.6868,83.2185,coastal_cyclonic,2023-12-09,2023-12-15,6,3.8,0.0,22.4,23.5,58.4,56.6,1002.9,5.7,1.8,0,12
REC_01571,Krishna District,Andhra Pradesh,16.5062,80.648,coastal_humid,2023-12-09,2023-12-17,8,8.6,0.0,20.1,17.9,51.4,40.9,1004.1,7.0,1.5,0,12
REC_03161,Krishna District,Andhra Pradesh,16.5062,80.648,coastal_humid,2023-12-10,2023-12-15,5,3.7,55.6,21.6,18.4,60.3,58.4,1007.0,0.0,7.3,0,12
REC_01085,Delhi,NCR,28.6139,77.209,continental_subtropical,2023-12-10,2023-12-17,7,3.3,19.2,24.4,21.2,47.0,47.6,1009.1,4.6,1.3,0,12
REC_00515,Mumbai,Maharashtra,19.076,72.8777,coastal_heavy_monsoon,2023-12-10,2023-12-19,9,2.0,0.0,31.2,30.7,58.0,48.9,1007.6,24.2,22.2,0,12
REC_02484,Visakhapatnam,Andhra Pradesh,17.6868,83.2185,coastal_cyclonic,2023-12-10,2023-12-20,10,1.7,0.0,23.4,26.2,60.3,58.2,1007.0,23.6,21.9,0,12
REC_01636,Mumbai,Maharashtra,19.076,72.8777,coastal_heavy_monsoon,2023-12-11,2023-12-15,4,1.3,11.0,24.9,25.7,56.6,68.5,999.9,6.1,4.7,0,12
REC_01880,Bengaluru,Karnataka,12.9716,77.5946,plateau_temperate,2023-12-11,2023-12-15,4,2.8,0.0,22.5,25.4,62.0,71.4,1008.0,9.0,6.2,0,12
REC_02221,Mumbai,Maharashtra,19.076,72.8777,coastal_heavy_monsoon,2023-12-12,2023-12-13,1,1.9,1.2,24.5,25.1,61.3,57.9,1005.3,2.6,0.7,0,12
REC_02708,Mumbai,Maharashtra,19.076,72.8777,coastal_heavy_monsoon,2023-12-12,2023-12-14,2,0.0,1.2,25.5,26.9,59.1,60.5,1009.9,0.9,0.9,0,12
REC_00331,Delhi,NCR,28.6139,77.209,continental_subtropical,2023-12-12,2023-12-15,3,0.2,1.6,23.2,22.4,62.5,61.4,1010.0,0.1,0.1,0,12
REC_00942,Hyderabad,Telangana,17.385,78.4867,semi_arid,2023-12-12,2023-12-15,3,1.0,12.7,22.6,21.3,56.8,63.8,1000.2,4.8,3.7,0,12
REC_00638,Hyderabad,Telangana,17.385,78.4867,semi_arid,2023-12-12,2023-12-18,6,0.3,20.2,26.5,30.3,47.5,46.7,1012.5,2.7,2.4,0,12
REC_01061,Hyderabad,Telangana,17.385,78.4867,semi_arid,2023-12-12,2023-12-19,7,1.7,0.0,27.5,28.6,50.6,54.8,1018.4,0.0,8.7,0,12
REC_00751,Delhi,NCR,28.6139,77.209,continental_subtropical,2023-12-12,2023-12-20,8,0.3,0.0,21.3,13.5,60.0,50.9,1004.4,0.0,18.8,0,12
REC_03104,Krishna District,Andhra Pradesh,16.5062,80.648,coastal_humid,2023-12-12,2023-12-22,10,1.1,0.0,26.6,20.6,60.1,61.9,1002.0,0.0,8.6,0,12
REC_01938,Hyderabad,Telangana,17.385,78.4867,semi_arid,2023-12-13,2023-12-14,1,0.9,1.7,25.0,26.1,50.8,49.5,1004.1,2.0,1.0,0,12
REC_01344,Mumbai,Maharashtra,19.076,72.8777,coastal_heavy_monsoon,2023-12-13,2023-12-15,2,1.8,1.8,24.4,24.3,58.9,52.7,1003.5,3.7,1.9,0,12
REC_03248,Hyderabad,Telangana,17.385,78.4867,semi_arid,2023-12-13,2023-12-15,2,2.2,5.4,23.1,22.0,63.4,65.3,1004.1,0.0,2.4,0,12
REC_01766,Visakhapatnam,Andhra Pradesh,17.6868,83.2185,coastal_cyclonic,2023-12-13,2023-12-18,5,3.4,0.0,21.9,21.3,70.5,62.2,1008.2,1.6,1.9,0,12
REC_00908,Hyderabad,Telangana,17.385,78.4867,semi_arid,2023-12-13,2023-12-23,10,5.2,65.5,25.7,29.4,55.1,60.7,1007.6,25.5,20.3,0,12
REC_01530,Bengaluru,Karnataka,12.9716,77.5946,plateau_temperate,2023-12-14,2023-12-15,1,2.3,0.0,18.2,19.3,51.8,53.1,996.0,2.9,0.7,0,12
REC_01493,Visakhapatnam,Andhra Pradesh,17.6868,83.2185,coastal_cyclonic,2023-12-14,2023-12-19,5,3.3,0.0,25.0,20.7,25.0,15.0,1010.0,12.8,9.4,0,12
REC_01550,Krishna District,Andhra Pradesh,16.5062,80.648,coastal_humid,2023-12-14,2023-12-20,6,3.8,16.6,25.3,25.8,51.4,55.8,1010.0,6.5,2.7,0,12
REC_01663,Krishna District,Andhra Pradesh,16.5062,80.648,coastal_humid,2023-12-14,2023-12-21,7,13.0,0.0,22.9,20.7,45.9,42.0,1005.5,15.9,2.9,0,12
REC_02939,Krishna District,Andhra Pradesh,16.5062,80.648,coastal_humid,2023-12-14,2023-12-21,7,0.6,14.7,22.6,24.0,48.8,47.3,1005.7,4.3,3.6,0,12
REC_01212,Krishna District,Andhra Pradesh,16.5062,80.648,coastal_humid,2023-12-14,2023-12-22,8,0.0,0.0,22.7,20.1,47.2,40.8,1008.3,0.0,17.1,0,12
REC_00504,Visakhapatnam,Andhra Pradesh,17.6868,83.2185,coastal_cyclonic,2023-12-14,2023-12-24,10,4.2,0.0,25.5,19.6,43.7,42.4,1008.9,0.0,16.1,0,12
REC_02824,Mumbai,Maharashtra,19.076,72.8777,coastal_heavy_monsoon,2023-12-15,2023-12-19,4,0.7,9.1,23.0,25.4,50.2,57.1,1011.5,4.9,4.2,0,12
REC_01458,Krishna District,Andhra Pradesh,16.5062,80.648,coastal_humid,2023-12-15,2023-12-20,5,7.1,0.0,20.7,18.9,44.0,38.4,1009.6,3.7,3.4,0,12
REC_03131,Delhi,NCR,28.6139,77.209,continental_subtropical,2023-12-15,2023-12-20,5,5.1,0.0,24.6,22.1,49.6,42.0,1009.5,6.6,1.5,0,12
REC_01579,Delhi,NCR,28.6139,77.209,continental_subtropical,2023-12-15,2023-12-24,9,3.9,0.0,22.2,18.6,43.4,62.6,1002.1,16.7,12.8,0,12
REC_03108,Bengaluru,Karnataka,12.9716,77.5946,plateau_temperate,2023-12-16,2023-12-21,5,4.3,0.0,22.3,23.2,44.1,40.6,1010.5,0.7,3.6,0,12
REC_00231,Delhi,NCR,28.6139,77.209,continental_subtropical,2023-12-16,2023-12-22,6,8.1,10.4,21.7,16.3,53.4,53.3,1004.5,5.8,2.2,0,12
REC_00748,Bengaluru,Karnataka,12.9716,77.5946,plateau_temperate,2023-12-16,2023-12-22,6,0.1,0.0,21.2,18.4,56.3,63.8,1013.4,2.0,1.9,0,12
REC_01309,Mumbai,Maharashtra,19.076,72.8777,coastal_heavy_monsoon,2023-12-16,2023-12-22,6,3.0,77.6,23.3,20.1,66.1,70.4,1008.6,0.0,10.9,0,12
REC_01754,Bengaluru,Karnataka,12.9716,77.5946,plateau_temperate,2023-12-16,2023-12-23,7,2.0,0.0,27.3,30.8,62.6,55.6,1011.3,1.9,0.1,0,12
REC_01362,Bengaluru,Karnataka,12.9716,77.5946,plateau_temperate,2023-12-17,2023-12-19,2,3.4,5.1,24.7,24.3,52.1,44.8,1001.9,3.9,0.4,0,12
REC_03096,Delhi,NCR,28.6139,77.209,continental_subtropical,2023-12-18,2023-12-21,3,1.0,0.0,28.1,27.1,46.8,48.9,1005.4,5.5,4.4,0,12
REC_02491,Mumbai,Maharashtra,19.076,72.8777,coastal_heavy_monsoon,2023-12-18,2023-12-23,5,4.5,9.5,22.6,21.1,60.7,64.0,1001.6,0.1,4.4,0,12
REC_02300,Hyderabad,Telangana,17.385,78.4867,semi_arid,2023-12-18,2023-12-25,7,0.6,0.0,22.6,26.1,66.2,59.5,999.7,0.0,8.0,0,12
REC_01434,Bengaluru,Karnataka,12.9716,77.5946,plateau_temperate,2023-12-18,2023-12-27,9,5.0,1.1,25.2,27.5,59.1,54.1,1012.4,0.0,15.4,0,12
REC_00105,Delhi,NCR,28.6139,77.209,continental_subtropical,2023-12-19,2023-12-22,3,2.3,0.0,22.0,22.9,63.3,67.3,1011.5,1.4,0.9,0,12
REC_02004,Hyderabad,Telangana,17.385,78.4867,semi_arid,2023-12-19,2023-12-22,3,0.2,17.1,17.1,18.8,48.8,50.2,1010.2,0.0,2.3,0,12
REC_02835,Visakhapatnam,Andhra Pradesh,17.6868,83.2185,coastal_cyclonic,2023-12-19,2023-12-22,3,2.6,0.0,21.1,21.5,52.2,46.3,998.8,0.2,2.4,0,12
REC_02041,Mumbai,Maharashtra,19.076,72.8777,coastal_heavy_monsoon,2023-12-19,2023-12-23,4,1.0,7.6,25.5,24.5,65.8,73.4,1008.6,8.8,7.8,0,12
REC_00241,Krishna District,Andhra Pradesh,16.5062,80.648,coastal_humid,2023-12-19,2023-12-24,5,1.2,0.0,23.5,26.3,49.3,64.4,1012.4,8.9,7.7,0,12
REC_00608,Hyderabad,Telangana,17.385,78.4867,semi_arid,2023-12-19,2023-12-24,5,2.8,76.9,23.6,24.8,48.7,52.6,1008.1,11.7,8.8,0,12
REC_00788,Hyderabad,Telangana,17.385,78.4867,semi_arid,2023-12-19,2023-12-26,7,2.2,15.2,24.1,25.7,51.1,48.8,1007.8,2.4,0.2,0,12
REC_01342,Krishna District,Andhra Pradesh,16.5062,80.648,coastal_humid,2023-12-19,2023-12-28,9,0.8,0.0,21.8,19.3,46.9,43.6,1008.3,15.9,15.1,0,12
REC_00934,Visakhapatnam,Andhra Pradesh,17.6868,83.2185,coastal_cyclonic,2023-12-19,2023-12-29,10,0.3,16.8,25.2,22.9,60.8,95.1,1015.3,1.6,1.3,0,12
REC_00458,Mumbai,Maharashtra,19.076,72.8777,coastal_heavy_monsoon,2023-12-20,2023-12-21,1,1.0,0.0,23.3,23.5,60.1,57.7,1008.5,1.1,0.1,0,12
REC_00516,Mumbai,Maharashtra,19.076,72.8777,coastal_heavy_monsoon,2023-12-20,2023-12-21,1,2.1,0.0,22.2,21.8,47.1,49.3,1008.8,2.2,0.1,0,12
REC_01976,Visakhapatnam,Andhra Pradesh,17.6868,83.2185,coastal_cyclonic,2023-12-20,2023-12-21,1,1.9,4.0,22.5,22.3,62.5,65.2,1012.4,0.5,1.5,0,12
REC_00145,Hyderabad,Telangana,17.385,78.4867,semi_arid,2023-12-20,2023-12-23,3,1.5,4.2,21.7,23.8,57.4,60.5,1012.0,2.3,0.8,0,12
REC_03215,Bengaluru,Karnataka,12.9716,77.5946,plateau_temperate,2023-12-20,2023-12-25,5,4.0,4.9,21.3,18.4,42.1,39.3,1010.9,2.0,2.0,0,12
REC_01701,Krishna District,Andhra Pradesh,16.5062,80.648,coastal_humid,2023-12-21,2023-12-26,5,6.8,0.0,24.1,22.1,55.5,39.8,1006.2,18.2,11.3,0,12
REC_02975,Krishna District,Andhra Pradesh,16.5062,80.648,coastal_humid,2023-12-21,2023-12-29,8,2.4,28.5,22.9,22.2,56.2,62.6,1009.2,0.0,12.3,0,12
REC_01855,Hyderabad,Telangana,17.385,78.4867,semi_arid,2023-12-22,2023-12-24,2,1.2,11.7,25.3,26.4,63.0,60.8,1011.6,0.0,2.8,0,12
REC_01305,Hyderabad,Telangana,17.385,78.4867,semi_arid,2023-12-22,2023-12-27,5,9.2,49.7,25.9,26.4,64.1,64.0,1002.9,8.8,0.4,0,12
REC_02578,Delhi,NCR,28.6139,77.209,continental_subtropical,2023-12-22,2023-12-27,5,0.2,0.0,25.6,24.7,45.8,31.9,1003.4,0.0,0.2,0,12
REC_02361,Visakhapatnam,Andhra Pradesh,17.6868,83.2185,coastal_cyclonic,2023-12-22,2023-12-30,8,0.3,0.0,24.1,21.9,54.8,45.2,1014.5,0.6,0.2,0,12
REC_02969,Bengaluru,Karnataka,12.9716,77.5946,plateau_temperate,2023-12-22,2023-12-31,9,2.5,0.0,18.9,19.9,59.6,85.3,1012.9,20.2,17.7,0,12
REC_01643,Mumbai,Maharashtra,19.076,72.8777,coastal_heavy_monsoon,2023-12-22,2024-01-01,10,0.8,0.0,24.0,30.1,62.2,79.0,1004.1,0.0,28.6,0,1
REC_00728,Bengaluru,Karnataka,12.9716,77.5946,plateau_temperate,2023-12-23,2024-01-01,9,2.0,1.2,30.2,31.5,44.4,38.1,1008.1,0.0,2.5,0,1
REC_02051,Krishna District,Andhra Pradesh,16.5062,80.648,coastal_humid,2023-12-24,2023-12-25,1,6.2,0.0,18.1,17.4,64.4,66.6,1000.8,6.0,0.2,0,12
REC_02015,Krishna District,Andhra Pradesh,16.5062,80.648,coastal_humid,2023-12-24,2023-12-28,4,0.3,5.2,26.8,25.4,54.9,51.3,1005.9,9.1,8.8,0,12
REC_03418,Hyderabad,Telangana,17.385,78.4867,semi_arid,2023-12-24,2023-12-28,4,4.7,0.0,24.1,26.6,45.4,60.4,1009.9,8.1,3.4,0,12
REC_01593,Hyderabad,Telangana,17.385,78.4867,semi_arid,2023-12-24,2023-12-30,6,0.7,0.4,22.8,20.1,58.0,62.7,1005.7,10.7,10.0,0,12
REC_01619,Hyderabad,Telangana,17.385,78.4867,semi_arid,2023-12-24,2023-12-31,7,0.3,4.0,22.9,19.6,62.5,70.5,1010.6,0.0,2.2,0,12
REC_01738,Krishna District,Andhra Pradesh,16.5062,80.648,coastal_humid,2023-12-24,2023-12-31,7,2.3,8.3,23.8,21.2,56.3,56.9,1010.9,0.0,13.7,0,12
REC_02328,Krishna District,Andhra Pradesh,16.5062,80.648,coastal_humid,2023-12-24,2024-01-03,10,1.3,15.8,26.7,30.3,52.7,71.7,1006.5,0.0,33.7,0,1
REC_02352,Visakhapatnam,Andhra Pradesh,17.6868,83.2185,coastal_cyclonic,2023-12-25,2023-12-26,1,5.2,1.3,25.6,25.7,61.5,62.3,1020.0,5.1,0.1,0,12
REC_02536,Delhi,NCR,28.6139,77.209,continental_subtropical,2023-12-25,2023-12-27,2,8.0,12.9,25.9,27.8,47.4,43.8,1011.6,7.6,0.4,0,12
REC_01666,Bengaluru,Karnataka,12.9716,77.5946,plateau_temperate,2023-12-25,2023-12-29,4,7.8,0.0,32.4,32.7,50.3,58.7,1009.3,5.3,2.5,0,12
REC_00434,Mumbai,Maharashtra,19.076,72.8777,coastal_heavy_monsoon,2023-12-25,2023-12-31,6,9.3,84.6,25.5,21.3,54.4,45.0,1003.2,0.0,11.9,0,12
REC_01435,Hyderabad,Telangana,17.385,78.4867,semi_arid,2023-12-25,2024-01-03,9,1.5,0.6,22.6,23.6,49.8,83.1,1015.6,3.0,1.5,0,1
REC_03221,Delhi,NCR,28.6139,77.209,continental_subtropical,2023-12-25,2024-01-04,10,0.8,0.0,24.9,27.0,59.8,26.7,1009.2,21.7,20.9,0,1
REC_00643,Hyderabad,Telangana,17.385,78.4867,semi_arid,2023-12-26,2023-12-31,5,0.9,0.0,28.0,27.3,65.3,65.8,1006.8,0.0,8.0,0,12
REC_02609,Delhi,NCR,28.6139,77.209,continental_subtropical,2023-12-26,2024-01-03,8,0.8,0.0,25.3,23.1,54.9,59.8,1010.2,0.0,9.3,0,1
REC_01833,Mumbai,Maharashtra,19.076,72.8777,coastal_heavy_monsoon,2023-12-26,2024-01-04,9,3.8,54.7,27.3,30.5,43.3,36.9,1013.0,0.0,11.9,0,1
REC_03384,Krishna District,Andhra Pradesh,16.5062,80.648,coastal_humid,2023-12-27,2024-01-01,5,2.9,0.0,29.4,28.0,66.0,72.1,1009.2,0.0,7.6,0,1
REC_00033,Delhi,NCR,28.6139,77.209,continental_subtropical,2023-12-27,2024-01-05,9,0.5,9.1,25.0,30.8,42.1,25.1,1011.8,0.0,17.6,0,1
REC_01147,Hyderabad,Telangana,17.385,78.4867,semi_arid,2023-12-27,2024-01-06,10,0.1,12.4,25.3,30.6,49.0,19.7,995.4,0.0,12.7,0,1
REC_02978,Krishna District,Andhra Pradesh,16.5062,80.648,coastal_humid,2023-12-28,2024-01-02,5,0.0,1.3,25.6,26.3,67.2,75.9,1009.8,12.0,11.9,0,1
REC_01284,Hyderabad,Telangana,17.385,78.4867,semi_arid,2023-12-28,2024-01-05,8,4.0,41.1,19.5,20.3,65.9,62.9,1008.3,0.0,9.1,0,1
REC_00621,Delhi,NCR,28.6139,77.209,continental_subtropical,2023-12-29,2024-01-03,5,0.5,0.0,21.5,19.6,43.4,44.9,1009.0,0.0,10.4,0,1
REC_01786,Mumbai,Maharashtra,19.076,72.8777,coastal_heavy_monsoon,2023-12-29,2024-01-06,8,2.8,10.5,23.5,22.5,57.1,59.8,1006.7,0.0,10.5,0,1
REC_01402,Mumbai,Maharashtra,19.076,72.8777,coastal_heavy_monsoon,2023-12-30,2023-12-31,1,0.2,0.8,26.8,24.6,37.8,33.7,1008.9,0.0,0.3,0,12
REC_00874,Krishna District,Andhra Pradesh,16.5062,80.648,coastal_humid,2023-12-31,2024-01-01,1,5.0,14.3,21.9,21.7,53.4,57.3,1013.6,3.7,1.2,0,1
REC_01711,Delhi,NCR,28.6139,77.209,continental_subtropical,2023-12-31,2024-01-03,3,9.5,12.3,24.7,24.4,49.6,50.8,1003.0,9.9,0.4,0,1
REC_02603,Mumbai,Maharashtra,19.076,72.8777,coastal_heavy_monsoon,2023-12-31,2024-01-03,3,3.5,17.6,23.0,21.8,61.4,63.8,1010.8,5.0,1.5,0,1
REC_02266,Bengaluru,Karnataka,12.9716,77.5946,plateau_temperate,2024-01-01,2024-01-02,1,1.1,0.8,25.6,26.5,38.4,36.4,1004.8,0.3,0.8,0,1
REC_00774,Hyderabad,Telangana,17.385,78.4867,semi_arid,2024-01-01,2024-01-03,2,1.2,0.0,22.8,21.2,41.9,42.2,1006.3,0.2,1.0,0,1
REC_01376,Mumbai,Maharashtra,19.076,72.8777,coastal_heavy_monsoon,2024-01-01,2024-01-04,3,1.7,10.4,24.9,21.6,39.8,33.5,1007.4,0.6,1.1,0,1
REC_01755,Hyderabad,Telangana,17.385,78.4867,semi_arid,2024-01-01,2024-01-04,3,2.9,0.0,28.5,30.5,54.0,53.7,1011.1,5.6,2.7,0,1
REC_01948,Delhi,NCR,28.6139,77.209,continental_subtropical,2024-01-01,2024-01-04,3,2.4,1.7,25.1,25.8,49.7,49.6,1003.4,1.3,1.0,0,1
REC_00417,Visakhapatnam,Andhra Pradesh,17.6868,83.2185,coastal_cyclonic,2024-01-01,2024-01-08,7,10.1,89.6,28.9,26.6,70.6,77.1,1004.9,10.1,0.0,0,1
REC_00877,Bengaluru,Karnataka,12.9716,77.5946,plateau_temperate,2024-01-01,2024-01-09,8,0.5,58.8,23.5,23.1,63.0,83.5,1006.1,1.6,1.1,0,1
REC_03464,Krishna District,Andhra Pradesh,16.5062,80.648,coastal_humid,2024-01-02,2024-01-07,5,3.1,14.3,27.2,26.2,30.6,39.3,1006.9,6.2,3.0,0,1
REC_01860,Bengaluru,Karnataka,12.9716,77.5946,plateau_temperate,2024-01-02,2024-01-08,6,3.5,26.4,21.7,19.3,50.9,47.9,1002.6,17.3,13.8,0,1
REC_03247,Visakhapatnam,Andhra Pradesh,17.6868,83.2185,coastal_cyclonic,2024-01-02,2024-01-10,8,0.9,0.0,21.8,19.7,64.5,75.6,1005.3,4.2,3.3,0,1
REC_02256,Krishna District,Andhra Pradesh,16.5062,80.648,coastal_humid,2024-01-02,2024-01-11,9,8.4,63.9,24.0,17.1,49.3,49.2,1009.0,0.0,21.6,0,1
REC_01720,Mumbai,Maharashtra,19.076,72.8777,coastal_heavy_monsoon,2024-01-02,2024-01-12,10,7.4,13.5,29.4,26.1,46.0,46.4,1008.3,20.9,13.6,0,1
REC_02730,Krishna District,Andhra Pradesh,16.5062,80.648,coastal_humid,2024-01-03,2024-01-04,1,1.8,0.0,24.8,24.6,71.6,71.8,1007.6,2.2,0.4,0,1
REC_03018,Bengaluru,Karnataka,12.9716,77.5946,plateau_temperate,2024-01-03,2024-01-08,5,1.9,87.3,22.4,25.6,50.2,48.8,1012.4,1.3,0.6,0,1
REC_03381,Bengaluru,Karnataka,12.9716,77.5946,plateau_temperate,2024-01-03,2024-01-09,6,4.4,11.8,28.1,21.7,62.8,64.7,1011.6,4.9,0.5,0,1
REC_02565,Hyderabad,Telangana,17.385,78.4867,semi_arid,2024-01-03,2024-01-10,7,2.5,2.1,23.5,22.2,51.2,67.5,1002.6,0.0,16.9,0,1
REC_02229,Krishna District,Andhra Pradesh,16.5062,80.648,coastal_humid,2024-01-04,2024-01-12,8,5.5,0.0,23.5,21.4,48.5,53.8,1002.0,20.3,14.8,0,1
REC_00253,Hyderabad,Telangana,17.385,78.4867,semi_arid,2024-01-04,2024-01-14,10,3.5,34.5,22.8,20.1,49.0,41.5,1012.6,12.0,8.5,0,1
REC_01798,Delhi,NCR,28.6139,77.209,continental_subtropical,2024-01-04,2024-01-14,10,0.4,14.7,19.5,17.3,73.1,82.5,1006.0,7.3,6.9,0,1
REC_00747,Bengaluru,Karnataka,12.9716,77.5946,plateau_temperate,2024-01-05,2024-01-09,4,2.7,0.0,23.6,23.1,48.3,60.9,1015.3,0.0,2.9,0,1
REC_02606,Hyderabad,Telangana,17.385,78.4867,semi_arid,2024-01-05,2024-01-09,4,1.2,2.0,22.6,22.1,56.0,56.4,1012.8,0.0,7.7,0,1
REC_03263,Visakhapatnam,Andhra Pradesh,17.6868,83.2185,coastal_cyclonic,2024-01-05,2024-01-12,7,2.8,0.3,27.0,30.8,57.1,47.1,1008.5,0.0,10.9,0,1
REC_03142,Visakhapatnam,Andhra Pradesh,17.6868,83.2185,coastal_cyclonic,2024-01-05,2024-01-13,8,7.9,15.3,26.6,28.1,54.7,50.5,1009.4,0.0,14.5,0,1
REC_02538,Krishna District,Andhra Pradesh,16.5062,80.648,coastal_humid,2024-01-05,2024-01-14,9,3.9,47.0,28.1,30.1,54.0,23.9,1012.8,5.1,1.3,0,1
REC_00218,Bengaluru,Karnataka,12.9716,77.5946,plateau_temperate,2024-01-05,2024-01-15,10,3.1,0.0,26.3,28.3,56.0,58.5,1015.8,19.1,16.0,0,1
REC_01614,Krishna District,Andhra Pradesh,16.5062,80.648,coastal_humid,2024-01-06,2024-01-13,7,2.5,7.3,23.7,22.3,68.4,68.1,1010.2,0.0,4.0,0,1
REC_01648,Krishna District,Andhra Pradesh,16.5062,80.648,coastal_humid,2024-01-06,2024-01-13,7,4.1,7.8,26.5,26.9,57.5,55.1,999.5,14.4,10.3,0,1
REC_01095,Mumbai,Maharashtra,19.076,72.8777,coastal_heavy_monsoon,2024-01-06,2024-01-15,9,1.3,42.6,23.2,27.3,51.0,44.9,1013.1,9.5,8.2,0,1
REC_02699,Bengaluru,Karnataka,12.9716,77.5946,plateau_temperate,2024-01-07,2024-01-10,3,6.1,0.0,23.0,24.7,61.6,64.3,1011.8,12.8,6.6,0,1
REC_01963,Krishna District,Andhra Pradesh,16.5062,80.648,coastal_humid,2024-01-07,2024-01-12,5,2.5,12.5,23.4,25.5,54.1,62.5,1006.9,6.8,4.3,0,1
REC_00973,Krishna District,Andhra Pradesh,16.5062,80.648,coastal_humid,2024-01-07,2024-01-13,6,3.8,32.4,21.8,23.0,47.8,31.9,1003.4,2.5,1.3,0,1
REC_01519,Mumbai,Maharashtra,19.076,72.8777,coastal_heavy_monsoon,2024-01-07,2024-01-14,7,1.3,0.0,27.3,30.1,54.9,48.5,1007.7,0.9,0.5,0,1
REC_03336,Krishna District,Andhra Pradesh,16.5062,80.648,coastal_humid,2024-01-07,2024-01-14,7,1.3,92.0,27.2,27.7,52.0,64.4,1007.7,0.0,10.7,0,1
REC_00802,Visakhapatnam,Andhra Pradesh,17.6868,83.2185,coastal_cyclonic,2024-01-07,2024-01-16,9,4.4,0.0,22.8,32.2,41.4,45.3,1012.0,12.3,7.9,0,1
REC_01781,Krishna District,Andhra Pradesh,16.5062,80.648,coastal_humid,2024-01-07,2024-01-16,9,9.5,0.0,21.3,22.9,65.4,61.5,1009.6,30.7,21.2,0,1
REC_00630,Krishna District,Andhra Pradesh,16.5062,80.648,coastal_humid,2024-01-08,2024-01-10,2,0.5,0.0,19.6,19.9,60.2,56.5,1011.7,1.5,1.0,0,1
REC_00878,Krishna District,Andhra Pradesh,16.5062,80.648,coastal_humid,2024-01-08,2024-01-10,2,0.6,0.5,25.5,25.3,61.0,59.1,1005.6,3.5,2.9,0,1
REC_02503,Delhi,NCR,28.6139,77.209,continental_subtropical,2024-01-08,2024-01-11,3,3.7,5.8,26.8,29.0,53.4,49.0,1008.1,0.0,3.8,0,1
REC_00689,Visakhapatnam,Andhra Pradesh,17.6868,83.2185,coastal_cyclonic,2024-01-08,2024-01-17,9,1.9,0.0,22.1,21.0,52.7,21.6,1005.2,1.3,0.6,0,1
REC_02963,Mumbai,Maharashtra,19.076,72.8777,coastal_heavy_monsoon,2024-01-08,2024-01-18,10,3.5,9.0,21.7,19.8,60.3,47.9,1012.9,0.0,29.6,0,1
REC_00548,Krishna District,Andhra Pradesh,16.5062,80.648,coastal_humid,2024-01-09,2024-01-12,3,1.1,0.0,20.3,20.2,38.8,40.9,1007.6,3.1,2.0,0,1
REC_00411,Hyderabad,Telangana,17.385,78.4867,semi_arid,2024-01-09,2024-01-13,4,1.6,11.0,18.5,19.5,48.7,58.7,1012.6,0.6,1.0,0,1
REC_02253,Hyderabad,Telangana,17.385,78.4867,semi_arid,2024-01-09,2024-01-16,7,3.2,22.0,13.4,12.8,66.6,55.8,1007.9,15.9,12.6,0,1
REC_02932,Delhi,NCR,28.6139,77.209,continental_subtropical,2024-01-09,2024-01-17,8,6.3,8.1,20.5,23.7,50.7,43.7,1010.0,11.7,5.4,0,1
REC_00336,Hyderabad,Telangana,17.385,78.4867,semi_arid,2024-01-10,2024-01-15,5,4.3,18.4,24.7,22.4,68.6,71.8,1012.3,3.0,1.2,0,1
REC_03028,Visakhapatnam,Andhra Pradesh,17.6868,83.2185,coastal_cyclonic,2024-01-11,2024-01-12,1,3.0,6.4,26.4,26.6,50.7,47.2,1002.7,2.6,0.3,0,1
REC_00836,Delhi,NCR,28.6139,77.209,continental_subtropical,2024-01-11,2024-01-15,4,0.1,8.0,21.9,20.5,45.2,43.1,1013.7,0.0,7.5,0,1
REC_01498,Visakhapatnam,Andhra Pradesh,17.6868,83.2185,coastal_cyclonic,2024-01-11,2024-01-15,4,0.7,1.1,26.5,28.6,64.0,66.0,1007.6,0.0,9.7,0,1
REC_00716,Delhi,NCR,28.6139,77.209,continental_subtropical,2024-01-11,2024-01-17,6,0.6,6.1,21.6,24.5,70.2,63.5,1012.1,0.0,13.5,0,1
REC_00436,Hyderabad,Telangana,17.385,78.4867,semi_arid,2024-01-11,2024-01-18,7,2.6,4.1,24.8,27.2,63.8,65.3,1005.7,10.8,8.2,0,1
REC_01031,Visakhapatnam,Andhra Pradesh,17.6868,83.2185,coastal_cyclonic,2024-01-11,2024-01-18,7,5.9,0.0,26.7,25.4,53.0,56.2,1004.8,15.4,9.5,0,1
REC_01660,Mumbai,Maharashtra,19.076,72.8777,coastal_heavy_monsoon,2024-01-11,2024-01-20,9,3.4,0.0,26.4,23.2,59.2,69.3,1004.5,21.2,17.8,0,1
REC_02000,Delhi,NCR,28.6139,77.209,continental_subtropical,2024-01-11,2024-01-20,9,10.7,86.1,18.9,18.9,47.8,50.2,1006.1,44.5,33.8,0,1
REC_03297,Delhi,NCR,28.6139,77.209,continental_subtropical,2024-01-12,2024-01-13,1,1.5,9.9,23.1,23.1,57.2,55.7,1010.9,1.6,0.1,0,1
REC_01179,Visakhapatnam,Andhra Pradesh,17.6868,83.2185,coastal_cyclonic,2024-01-12,2024-01-15,3,1.3,0.0,26.2,27.2,53.9,62.1,1009.0,0.0,1.6,0,1
REC_01894,Mumbai,Maharashtra,19.076,72.8777,coastal_heavy_monsoon,2024-01-12,2024-01-18,6,1.0,0.0,21.9,22.5,69.1,72.1,1011.8,16.3,15.3,0,1
REC_03251,Hyderabad,Telangana,17.385,78.4867,semi_arid,2024-01-12,2024-01-18,6,6.6,7.9,22.2,26.2,49.8,70.7,1007.1,9.9,3.3,0,1
REC_02829,Hyderabad,Telangana,17.385,78.4867,semi_arid,2024-01-12,2024-01-20,8,2.0,0.0,21.9,20.6,68.0,57.4,1011.9,0.0,14.2,0,1
REC_01237,Delhi,NCR,28.6139,77.209,continental_subtropical,2024-01-12,2024-01-22,10,1.2,0.0,24.3,18.6,48.4,44.3,1010.9,24.6,23.3,0,1
REC_02946,Visakhapatnam,Andhra Pradesh,17.6868,83.2185,coastal_cyclonic,2024-01-13,2024-01-16,3,3.3,18.8,20.9,22.9,47.3,46.4,1009.5,7.4,4.1,0,1
REC_00626,Mumbai,Maharashtra,19.076,72.8777,coastal_heavy_monsoon,2024-01-13,2024-01-17,4,1.2,10.6,22.5,24.3,44.3,53.6,1009.7,4.5,3.3,0,1
REC_03190,Mumbai,Maharashtra,19.076,72.8777,coastal_heavy_monsoon,2024-01-13,2024-01-17,4,4.7,11.8,29.5,30.0,63.3,66.2,1009.0,0.0,5.4,0,1
REC_01436,Hyderabad,Telangana,17.385,78.4867,semi_arid,2024-01-13,2024-01-19,6,2.3,0.0,30.5,31.0,52.9,51.6,1008.0,0.0,2.5,0,1
REC_03180,Krishna District,Andhra Pradesh,16.5062,80.648,coastal_humid,2024-01-13,2024-01-20,7,10.0,38.1,19.3,16.2,59.1,61.9,1008.6,0.3,9.7,0,1
REC_03475,Visakhapatnam,Andhra Pradesh,17.6868,83.2185,coastal_cyclonic,2024-01-13,2024-01-20,7,1.2,0.0,20.7,18.8,40.1,37.2,1010.4,20.2,19.0,0,1
REC_01269,Delhi,NCR,28.6139,77.209,continental_subtropical,2024-01-14,2024-01-17,3,3.1,12.8,23.9,26.2,64.1,75.1,1006.4,5.5,2.4,0,1
REC_02854,Mumbai,Maharashtra,19.076,72.8777,coastal_heavy_monsoon,2024-01-14,2024-01-17,3,0.7,2.9,30.1,29.3,54.0,59.5,999.2,3.1,2.4,0,1
REC_01368,Mumbai,Maharashtra,19.076,72.8777,coastal_heavy_monsoon,2024-01-14,2024-01-21,7,1.1,0.0,25.3,29.2,63.5,85.9,1007.6,0.0,6.9,0,1
REC_01385,Hyderabad,Telangana,17.385,78.4867,semi_arid,2024-01-14,2024-01-23,9,4.6,0.0,23.4,27.1,53.2,52.2,1009.1,24.5,19.9,0,1
REC_02028,Mumbai,Maharashtra,19.076,72.8777,coastal_heavy_monsoon,2024-01-15,2024-01-21,6,2.7,0.0,29.3,29.8,51.4,52.2,1000.0,4.5,1.8,0,1
REC_01868,Visakhapatnam,Andhra Pradesh,17.6868,83.2185,coastal_cyclonic,2024-01-16,2024-01-17,1,1.4,4.3,21.6,23.0,50.0,57.2,1014.1,0.4,1.0,0,1
REC_00579,Mumbai,Maharashtra,19.076,72.8777,coastal_heavy_monsoon,2024-01-16,2024-01-19,3,3.4,15.7,21.2,20.7,50.3,43.9,1005.7,4.3,0.9,0,1
REC_02500,Delhi,NCR,28.6139,77.209,continental_subtropical,2024-01-17,2024-01-27,10,3.5,0.0,24.7,23.6,45.4,69.4,1008.2,2.5,1.0,0,1
REC_02881,Delhi,NCR,28.6139,77.209,continental_subtropical,2024-01-18,2024-01-19,1,0.6,11.6,24.7,24.7,46.0,43.3,1011.5,2.2,1.6,0,1
REC_01459,Mumbai,Maharashtra,19.076,72.8777,coastal_heavy_monsoon,2024-01-18,2024-01-24,6,0.3,0.0,23.2,22.9,55.3,51.1,1005.1,1.5,1.2,0,1
REC_01686,Bengaluru,Karnataka,12.9716,77.5946,plateau_temperate,2024-01-18,2024-01-27,9,1.2,0.0,23.6,21.8,61.9,39.0,1007.9,13.2,12.0,0,1
REC_00676,Hyderabad,Telangana,17.385,78.4867,semi_arid,2024-01-18,2024-01-28,10,4.1,61.2,21.8,26.0,57.2,49.5,1009.7,0.0,19.0,0,1
REC_02056,Delhi,NCR,28.6139,77.209,continental_subtropical,2024-01-19,2024-01-20,1,0.1,0.0,22.9,22.7,60.4,57.3,1006.3,0.1,0.1,0,1
REC_02237,Delhi,NCR,28.6139,77.209,continental_subtropical,2024-01-19,2024-01-20,1,2.0,6.3,21.6,22.3,51.7,47.1,1010.2,1.7,0.3,0,1
REC_00623,Bengaluru,Karnataka,12.9716,77.5946,plateau_temperate,2024-01-19,2024-01-24,5,2.9,0.0,24.3,25.2,59.9,57.7,1005.5,2.6,0.4,0,1
REC_01157,Krishna District,Andhra Pradesh,16.5062,80.648,coastal_humid,2024-01-19,2024-01-29,10,5.5,0.0,20.2,19.2,58.0,47.8,1008.8,0.0,42.9,0,1
REC_03365,Krishna District,Andhra Pradesh,16.5062,80.648,coastal_humid,2024-01-19,2024-01-29,10,2.3,1.1,29.6,26.6,59.3,58.9,1012.1,0.0,10.6,0,1
REC_00086,Krishna District,Andhra Pradesh,16.5062,80.648,coastal_humid,2024-01-20,2024-01-28,8,0.6,2.7,24.5,23.6,54.7,72.2,1005.8,9.1,8.5,0,1
REC_02688,Mumbai,Maharashtra,19.076,72.8777,coastal_heavy_monsoon,2024-01-20,2024-01-28,8,1.9,13.0,27.6,30.9,56.8,66.9,1007.3,13.2,11.2,0,1
REC_02669,Delhi,NCR,28.6139,77.209,continental_subtropical,2024-01-21,2024-01-27,6,11.2,2.4,20.2,19.5,48.7,36.5,1005.8,14.9,3.7,0,1
REC_00789,Delhi,NCR,28.6139,77.209,continental_subtropical,2024-01-21,2024-01-28,7,0.1,86.7,28.0,30.4,72.7,67.6,1006.5,14.5,14.4,0,1
REC_02033,Bengaluru,Karnataka,12.9716,77.5946,plateau_temperate,2024-01-21,2024-01-29,8,0.9,0.0,26.6,30.6,42.7,38.7,1008.6,0.0,4.6,0,1
REC_01042,Visakhapatnam,Andhra Pradesh,17.6868,83.2185,coastal_cyclonic,2024-01-22,2024-01-25,3,2.1,3.5,23.5,20.0,64.2,60.4,1012.7,0.6,1.5,0,1
REC_02650,Mumbai,Maharashtra,19.076,72.8777,coastal_heavy_monsoon,2024-01-22,2024-01-25,3,9.2,17.2,21.9,18.2,49.4,44.7,1010.2,9.7,0.5,0,1
REC_02557,Mumbai,Maharashtra,19.076,72.8777,coastal_heavy_monsoon,2024-01-22,2024-01-26,4,3.4,7.1,22.0,23.3,49.3,50.5,1012.3,9.1,5.7,0,1
REC_01011,Mumbai,Maharashtra,19.076,72.8777,coastal_heavy_monsoon,2024-01-22,2024-01-27,5,8.4,10.0,20.2,16.4,62.7,67.5,1004.8,16.0,7.7,0,1
REC_02860,Bengaluru,Karnataka,12.9716,77.5946,plateau_temperate,2024-01-22,2024-01-27,5,7.6,2.9,29.6,30.0,45.5,49.2,1014.7,4.7,2.8,0,1
REC_01133,Bengaluru,Karnataka,12.9716,77.5946,plateau_temperate,2024-01-22,2024-01-31,9,8.5,74.4,30.4,33.5,64.3,48.6,1008.2,6.6,1.8,0,1
REC_00859,Bengaluru,Karnataka,12.9716,77.5946,plateau_temperate,2024-01-23,2024-01-25,2,5.0,0.0,23.7,21.8,46.1,41.2,1003.0,4.6,0.4,0,1
REC_00944,Krishna District,Andhra Pradesh,16.5062,80.648,coastal_humid,2024-01-23,2024-01-25,2,5.1,10.8,28.4,31.0,44.0,50.1,1006.1,0.0,5.8,0,1
REC_02438,Visakhapatnam,Andhra Pradesh,17.6868,83.2185,coastal_cyclonic,2024-01-23,2024-01-29,6,2.2,5.2,31.2,33.9,49.9,52.5,998.7,0.0,4.9,0,1
REC_02604,Krishna District,Andhra Pradesh,16.5062,80.648,coastal_humid,2024-01-24,2024-01-27,3,2.4,20.4,22.2,23.2,54.7,50.3,1001.0,0.2,2.2,0,1
REC_00382,Visakhapatnam,Andhra Pradesh,17.6868,83.2185,coastal_cyclonic,2024-01-24,2024-01-30,6,8.0,0.0,27.8,23.6,57.1,48.3,1013.1,2.0,6.0,0,1
REC_01764,Visakhapatnam,Andhra Pradesh,17.6868,83.2185,coastal_cyclonic,2024-01-24,2024-02-01,8,6.7,28.6,20.8,25.5,48.6,18.4,1009.8,11.5,4.8,0,2
REC_03010,Hyderabad,Telangana,17.385,78.4867,semi_arid,2024-01-24,2024-02-01,8,0.7,0.0,20.3,18.8,58.3,44.6,1010.4,0.0,16.2,0,2
REC_00838,Delhi,NCR,28.6139,77.209,continental_subtropical,2024-01-24,2024-02-02,9,5.6,0.0,18.8,20.8,52.3,58.2,1007.8,5.4,0.3,0,2
REC_01106,Mumbai,Maharashtra,19.076,72.8777,coastal_heavy_monsoon,2024-01-24,2024-02-03,10,1.6,18.0,28.8,29.7,34.9,32.6,1004.9,8.9,7.3,0,2
REC_00008,Bengaluru,Karnataka,12.9716,77.5946,plateau_temperate,2024-01-25,2024-01-30,5,0.2,15.4,27.3,27.1,46.1,54.2,1003.2,0.0,5.3,0,1
REC_00931,Krishna District,Andhra Pradesh,16.5062,80.648,coastal_humid,2024-01-25,2024-02-01,7,4.4,0.0,25.2,23.0,54.1,43.7,1009.3,1.5,2.9,0,2
REC_02235,Krishna District,Andhra Pradesh,16.5062,80.648,coastal_humid,2024-01-26,2024-01-27,1,0.9,0.0,22.3,22.6,49.7,54.7,1004.5,1.5,0.6,0,1
REC_01410,Mumbai,Maharashtra,19.076,72.8777,coastal_heavy_monsoon,2024-01-26,2024-01-28,2,2.6,13.1,21.4,21.7,61.1,54.9,1011.7,2.3,0.2,0,1
REC_01747,Bengaluru,Karnataka,12.9716,77.5946,plateau_temperate,2024-01-26,2024-01-30,4,0.2,30.0,25.9,29.6,42.0,41.9,1013.5,0.0,2.3,0,1
REC_00310,Mumbai,Maharashtra,19.076,72.8777,coastal_heavy_monsoon,2024-01-26,2024-02-01,6,0.9,0.0,23.2,24.6,59.6,50.2,1007.8,0.0,9.2,0,2
REC_00720,Mumbai,Maharashtra,19.076,72.8777,coastal_heavy_monsoon,2024-01-27,2024-01-30,3,7.2,8.2,19.8,19.1,60.3,46.0,1015.1,3.7,3.5,0,1
REC_02046,Visakhapatnam,Andhra Pradesh,17.6868,83.2185,coastal_cyclonic,2024-01-27,2024-01-30,3,7.3,27.9,28.1,27.4,47.7,52.2,1006.2,6.1,1.1,0,1
REC_01859,Delhi,NCR,28.6139,77.209,continental_subtropical,2024-01-27,2024-02-03,7,2.0,3.5,23.8,25.2,55.9,57.8,1010.1,0.0,8.4,0,2
REC_00980,Hyderabad,Telangana,17.385,78.4867,semi_arid,2024-01-27,2024-02-04,8,2.1,0.0,22.7,23.3,48.5,65.9,1006.4,0.0,18.0,0,2
REC_02043,Visakhapatnam,Andhra Pradesh,17.6868,83.2185,coastal_cyclonic,2024-01-27,2024-02-04,8,5.5,0.0,24.2,17.4,63.9,53.0,1008.9,16.5,11.0,0,2
REC_01399,Mumbai,Maharashtra,19.076,72.8777,coastal_heavy_monsoon,2024-01-28,2024-01-31,3,3.6,1.0,29.2,28.4,35.5,35.9,1009.0,3.5,0.1,0,1
REC_00205,Krishna District,Andhra Pradesh,16.5062,80.648,coastal_humid,2024-01-28,2024-02-01,4,1.8,20.1,20.2,18.3,54.5,49.7,1006.2,0.0,9.7,0,2
REC_00853,Bengaluru,Karnataka,12.9716,77.5946,plateau_temperate,2024-01-28,2024-02-04,7,0.2,0.0,23.1,21.4,42.2,48.4,1008.1,1.4,1.2,0,2
REC_00187,Bengaluru,Karnataka,12.9716,77.5946,plateau_temperate,2024-01-28,2024-02-07,10,1.1,0.0,29.4,31.3,60.0,56.5,1009.3,0.0,14.4,0,2
REC_01863,Krishna District,Andhra Pradesh,16.5062,80.648,coastal_humid,2024-01-28,2024-02-07,10,3.3,0.0,22.3,22.3,49.9,56.4,1006.4,0.0,33.1,0,2
REC_02001,Krishna District,Andhra Pradesh,16.5062,80.648,coastal_humid,2024-01-29,2024-02-01,3,4.5,0.0,25.3,25.6,61.2,66.7,1004.5,9.7,5.3,0,2
REC_00919,Visakhapatnam,Andhra Pradesh,17.6868,83.2185,coastal_cyclonic,2024-01-29,2024-02-02,4,2.6,3.7,21.9,17.4,49.4,38.2,1009.6,0.0,2.6,0,2
REC_02324,Delhi,NCR,28.6139,77.209,continental_subtropical,2024-01-29,2024-02-04,6,3.9,28.9,28.8,32.0,75.7,80.4,1008.6,0.0,4.7,0,2
REC_02377,Hyderabad,Telangana,17.385,78.4867,semi_arid,2024-01-30,2024-01-31,1,6.8,6.9,25.2,24.6,38.5,38.3,1003.9,5.8,1.0,0,1
REC_00829,Mumbai,Maharashtra,19.076,72.8777,coastal_heavy_monsoon,2024-01-30,2024-02-01,2,3.4,13.9,25.9,24.6,41.5,39.1,1010.6,3.7,0.3,0,2
REC_00813,Delhi,NCR,28.6139,77.209,continental_subtropical,2024-01-30,2024-02-02,3,2.2,3.7,22.4,22.0,64.0,62.4,1002.9,0.0,2.4,0,2
REC_01944,Krishna District,Andhra Pradesh,16.5062,80.648,coastal_humid,2024-01-30,2024-02-03,4,4.4,0.0,27.7,27.9,57.1,62.5,1008.0,9.5,5.1,0,2
REC_03441,Visakhapatnam,Andhra Pradesh,17.6868,83.2185,coastal_cyclonic,2024-01-30,2024-02-04,5,0.5,7.2,17.3,18.5,55.4,52.8,1012.7,0.5,0.0,0,2
REC_00457,Mumbai,Maharashtra,19.076,72.8777,coastal_heavy_monsoon,2024-01-30,2024-02-08,9,2.0,0.0,22.8,23.2,50.1,50.1,1015.2,22.5,20.5,0,2
REC_00089,Krishna District,Andhra Pradesh,16.5062,80.648,coastal_humid,2024-01-31,2024-02-02,2,0.1,0.0,24.3,24.0,54.0,57.5,1010.0,2.1,2.1,0,2
REC_02640,Krishna District,Andhra Pradesh,16.5062,80.648,coastal_humid,2024-01-31,2024-02-02,2,0.6,10.2,26.9,25.9,67.9,72.0,1009.7,0.0,2.5,0,2
REC_01652,Krishna District,Andhra Pradesh,16.5062,80.648,coastal_humid,2024-01-31,2024-02-05,5,8.9,111.5,18.8,18.2,56.3,59.1,1005.2,0.0,11.3,0,2
REC_00267,Hyderabad,Telangana,17.385,78.4867,semi_arid,2024-01-31,2024-02-10,10,1.7,36.8,19.7,18.4,53.3,47.8,1002.4,24.3,22.6,0,2
REC_01640,Hyderabad,Telangana,17.385,78.4867,semi_arid,2024-02-01,2024-02-02,1,4.0,6.7,19.4,19.5,56.5,51.9,1010.6,4.4,0.4,0,2
REC_00421,Mumbai,Maharashtra,19.076,72.8777,coastal_heavy_monsoon,2024-02-01,2024-02-03,2,0.3,0.0,21.7,22.0,57.3,51.6,1014.1,1.6,1.3,0,2
REC_02957,Delhi,NCR,28.6139,77.209,continental_subtropical,2024-02-01,2024-02-04,3,1.6,0.0,23.1,22.9,47.7,39.0,1004.9,6.1,4.4,0,2
REC_01840,Delhi,NCR,28.6139,77.209,continental_subtropical,2024-02-01,2024-02-11,10,5.7,33.3,25.5,22.9,54.6,64.5,1002.8,0.0,13.9,0,2
REC_00373,Delhi,NCR,28.6139,77.209,continental_subtropical,2024-02-02,2024-02-03,1,0.6,2.0,27.7,27.3,51.1,53.5,1013.7,1.1,0.5,0,2
REC_03228,Visakhapatnam,Andhra Pradesh,17.6868,83.2185,coastal_cyclonic,2024-02-02,2024-02-03,1,0.3,2.1,23.6,22.9,55.9,55.7,1004.3,1.1,0.8,0,2
REC_01540,Mumbai,Maharashtra,19.076,72.8777,coastal_heavy_monsoon,2024-02-02,2024-02-10,8,1.1,0.0,22.4,26.5,58.5,50.2,1003.3,2.5,1.5,0,2
REC_00799,Mumbai,Maharashtra,19.076,72.8777,coastal_heavy_monsoon,2024-02-03,2024-02-09,6,0.9,0.0,24.6,27.8,62.7,72.3,1005.1,8.1,7.2,0,2
REC_02812,Delhi,NCR,28.6139,77.209,continental_subtropical,2024-02-03,2024-02-11,8,1.1,0.0,26.6,29.9,53.6,63.3,1006.6,1.1,0.0,0,2
REC_03112,Visakhapatnam,Andhra Pradesh,17.6868,83.2185,coastal_cyclonic,2024-02-04,2024-02-09,5,3.3,1.6,25.6,31.8,35.6,38.6,1007.4,1.6,1.7,0,2
REC_02143,Krishna District,Andhra Pradesh,16.5062,80.648,coastal_humid,2024-02-04,2024-02-10,6,3.2,0.0,24.1,21.9,51.5,58.6,1002.7,0.0,3.5,0,2
REC_02583,Bengaluru,Karnataka,12.9716,77.5946,plateau_temperate,2024-02-04,2024-02-10,6,3.9,59.1,28.2,23.3,58.4,49.4,1004.7,0.0,7.1,0,2
REC_02683,Hyderabad,Telangana,17.385,78.4867,semi_arid,2024-02-04,2024-02-11,7,10.0,0.0,26.2,24.0,59.3,74.1,1008.8,19.0,9.0,0,2
REC_00296,Visakhapatnam,Andhra Pradesh,17.6868,83.2185,coastal_cyclonic,2024-02-04,2024-02-13,9,8.1,74.1,24.5,25.3,59.3,65.6,1011.6,12.6,4.5,0,2
REC_02287,Visakhapatnam,Andhra Pradesh,17.6868,83.2185,coastal_cyclonic,2024-02-05,2024-02-07,2,2.7,0.0,27.8,29.0,73.3,72.3,1013.1,4.6,2.0,0,2
REC_01445,Bengaluru,Karnataka,12.9716,77.5946,plateau_temperate,2024-02-05,2024-02-12,7,13.0,0.0,23.4,20.3,62.5,63.4,1002.2,22.2,9.2,0,2
REC_02390,Mumbai,Maharashtra,19.076,72.8777,coastal_heavy_monsoon,2024-02-05,2024-02-12,7,2.4,0.0,24.7,21.6,49.6,54.7,1010.8,8.4,6.0,0,2
REC_01256,Mumbai,Maharashtra,19.076,72.8777,coastal_heavy_monsoon,2024-02-05,2024-02-13,8,1.9,0.0,23.4,26.0,62.5,47.3,1010.0,0.0,27.5,0,2
REC_01406,Bengaluru,Karnataka,12.9716,77.5946,plateau_temperate,2024-02-06,2024-02-09,3,6.6,15.4,20.8,20.6,68.3,72.7,1007.3,4.5,2.1,0,2
REC_00535,Bengaluru,Karnataka,12.9716,77.5946,plateau_temperate,2024-02-07,2024-02-10,3,0.6,0.0,22.8,22.1,49.2,51.8,1007.4,0.0,5.0,0,2
REC_01038,Visakhapatnam,Andhra Pradesh,17.6868,83.2185,coastal_cyclonic,2024-02-07,2024-02-11,4,4.6,5.7,24.4,26.5,43.0,49.3,1012.0,8.9,4.3,0,2
REC_02179,Krishna District,Andhra Pradesh,16.5062,80.648,coastal_humid,2024-02-07,2024-02-11,4,2.2,0.0,26.8,27.7,62.3,51.9,1006.8,4.8,2.5,0,2
REC_02281,Hyderabad,Telangana,17.385,78.4867,semi_arid,2024-02-07,2024-02-12,5,0.4,10.2,25.0,26.0,54.8,60.3,1014.8,0.0,0.7,0,2
REC_02519,Krishna District,Andhra Pradesh,16.5062,80.648,coastal_humid,2024-02-07,2024-02-14,7,1.4,15.4,20.8,19.9,48.2,58.2,1008.4,0.0,28.9,0,2
REC_00613,Visakhapatnam,Andhra Pradesh,17.6868,83.2185,coastal_cyclonic,2024-02-07,2024-02-16,9,2.3,33.7,27.2,27.1,52.4,48.0,994.9,13.7,11.4,0,2
REC_02990,Visakhapatnam,Andhra Pradesh,17.6868,83.2185,coastal_cyclonic,2024-02-07,2024-02-16,9,6.2,50.6,26.6,28.5,57.3,57.7,1011.0,0.0,7.7,0,2
REC_03148,Krishna District,Andhra Pradesh,16.5062,80.648,coastal_humid,2024-02-08,2024-02-10,2,3.3,3.7,22.4,21.3,54.2,60.7,1006.5,0.0,3.5,0,2
REC_03226,Hyderabad,Telangana,17.385,78.4867,semi_arid,2024-02-08,2024-02-14,6,0.4,0.0,30.8,33.6,65.6,65.4,1007.0,5.1,4.7,0,2
REC_02737,Delhi,NCR,28.6139,77.209,continental_subtropical,2024-02-08,2024-02-16,8,0.7,0.0,24.6,18.0,58.7,57.3,1006.5,0.0,24.1,0,2
REC_02883,Bengaluru,Karnataka,12.9716,77.5946,plateau_temperate,2024-02-08,2024-02-17,9,1.5,0.0,26.2,29.2,66.3,71.6,1002.7,2.3,0.9,0,2
REC_02123,Hyderabad,Telangana,17.385,78.4867,semi_arid,2024-02-08,2024-02-18,10,0.1,21.1,23.8,23.3,54.3,45.0,1006.0,0.0,2.8,0,2
REC_00737,Delhi,NCR,28.6139,77.209,continental_subtropical,2024-02-09,2024-02-13,4,2.5,3.8,20.3,20.2,59.2,62.5,1020.4,1.2,1.4,0,2
REC_02408,Delhi,NCR,28.6139,77.209,continental_subtropical,2024-02-09,2024-02-14,5,3.4,0.0,28.5,24.9,62.7,73.5,1006.8,8.9,5.4,0,2
REC_01888,Delhi,NCR,28.6139,77.209,continental_subtropical,2024-02-09,2024-02-16,7,3.7,0.0,17.8,16.7,56.3,65.3,1015.9,27.1,23.5,0,2
REC_01891,Bengaluru,Karnataka,12.9716,77.5946,plateau_temperate,2024-02-10,2024-02-11,1,2.3,3.9,23.6,24.4,53.5,53.5,1012.8,2.3,0.0,0,2
REC_01120,Bengaluru,Karnataka,12.9716,77.5946,plateau_temperate,2024-02-10,2024-02-12,2,3.6,0.0,28.3,28.2,56.6,54.6,1009.6,0.8,2.8,0,2
REC_03000,Mumbai,Maharashtra,19.076,72.8777,coastal_heavy_monsoon,2024-02-10,2024-02-13,3,2.2,2.9,20.9,21.3,54.1,55.7,1007.6,4.2,2.0,0,2
REC_01706,Hyderabad,Telangana,17.385,78.4867,semi_arid,2024-02-10,2024-02-16,6,1.3,0.0,24.6,23.2,48.8,47.1,1006.0,18.2,16.9,0,2
REC_00460,Hyderabad,Telangana,17.385,78.4867,semi_arid,2024-02-10,2024-02-18,8,1.7,7.8,25.2,22.5,57.6,50.2,1008.8,16.9,15.2,0,2
REC_02852,Hyderabad,Telangana,17.385,78.4867,semi_arid,2024-02-10,2024-02-18,8,1.3,11.2,21.8,18.7,40.2,30.8,1007.1,0.0,10.0,0,2
REC_03355,Visakhapatnam,Andhra Pradesh,17.6868,83.2185,coastal_cyclonic,2024-02-11,2024-02-12,1,0.3,0.0,21.5,20.6,67.1,67.9,1008.3,0.0,0.7,0,2
REC_01413,Visakhapatnam,Andhra Pradesh,17.6868,83.2185,coastal_cyclonic,2024-02-11,2024-02-13,2,5.9,4.5,26.4,26.5,53.8,54.9,997.9,6.0,0.1,0,2
REC_00683,Delhi,NCR,28.6139,77.209,continental_subtropical,2024-02-11,2024-02-17,6,9.8,25.9,23.5,23.7,66.0,67.6,1004.1,13.5,3.7,0,2
REC_01810,Mumbai,Maharashtra,19.076,72.8777,coastal_heavy_monsoon,2024-02-11,2024-02-18,7,4.6,40.9,28.3,25.4,63.5,65.6,1006.7,3.5,1.1,0,2
REC_03246,Mumbai,Maharashtra,19.076,72.8777,coastal_heavy_monsoon,2024-02-12,2024-02-14,2,3.1,0.0,19.5,19.5,73.4,76.2,1002.2,1.7,1.5,0,2
REC_00589,Hyderabad,Telangana,17.385,78.4867,semi_arid,2024-02-12,2024-02-15,3,5.6,19.6,29.3,27.3,51.3,50.2,1004.9,3.7,1.8,0,2
REC_02543,Mumbai,Maharashtra,19.076,72.8777,coastal_heavy_monsoon,2024-02-12,2024-02-18,6,2.7,26.6,23.9,23.9,58.5,53.3,1010.9,0.0,6.0,0,2
REC_02896,Visakhapatnam,Andhra Pradesh,17.6868,83.2185,coastal_cyclonic,2024-02-12,2024-02-20,8,14.9,0.0,21.9,24.2,56.7,65.8,1002.3,10.2,4.7,0,2
REC_03038,Krishna District,Andhra Pradesh,16.5062,80.648,coastal_humid,2024-02-12,2024-02-20,8,1.2,1.5,19.5,21.4,52.1,69.3,1014.2,14.0,12.8,0,2
REC_02732,Mumbai,Maharashtra,19.076,72.8777,coastal_heavy_monsoon,2024-02-13,2024-02-23,10,0.4,15.3,21.8,22.0,59.1,44.4,1010.4,0.0,6.3,0,2
REC_03020,Delhi,NCR,28.6139,77.209,continental_subtropical,2024-02-14,2024-02-21,7,0.9,0.0,25.9,23.7,52.6,44.8,1012.9,5.8,4.9,0,2
REC_01110,Mumbai,Maharashtra,19.076,72.8777,coastal_heavy_monsoon,2024-02-14,2024-02-22,8,7.9,0.0,24.5,28.1,59.1,61.2,1005.5,0.0,19.3,0,2
REC_02584,Krishna District,Andhra Pradesh,16.5062,80.648,coastal_humid,2024-02-14,2024-02-22,8,0.4,0.0,23.8,16.3,68.8,62.8,1006.9,0.0,2.1,0,2
REC_03242,Delhi,NCR,28.6139,77.209,continental_subtropical,2024-02-14,2024-02-23,9,1.7,0.0,21.2,17.2,64.0,69.3,1007.6,5.4,3.7,0,2
REC_00327,Krishna District,Andhra Pradesh,16.5062,80.648,coastal_humid,2024-02-15,2024-02-22,7,2.8,0.0,23.0,19.3,48.7,47.3,1009.7,10.9,8.1,0,2
REC_00887,Delhi,NCR,28.6139,77.209,continental_subtropical,2024-02-15,2024-02-22,7,2.2,0.0,20.4,18.3,55.1,50.8,1008.9,10.6,8.4,0,2
REC_02034,Visakhapatnam,Andhra Pradesh,17.6868,83.2185,coastal_cyclonic,2024-02-15,2024-02-23,8,4.9,0.0,18.8,15.8,64.5,57.9,1007.4,16.5,11.6,0,2
REC_01995,Bengaluru,Karnataka,12.9716,77.5946,plateau_temperate,2024-02-16,2024-02-19,3,1.7,2.9,21.3,20.4,57.1,60.5,1004.2,0.0,12.6,0,2
REC_01932,Bengaluru,Karnataka,12.9716,77.5946,plateau_temperate,2024-02-16,2024-02-21,5,0.2,0.0,26.3,27.6,59.8,57.2,1015.4,1.5,1.4,0,2
REC_01232,Visakhapatnam,Andhra Pradesh,17.6868,83.2185,coastal_cyclonic,2024-02-16,2024-02-23,7,0.3,21.2,31.4,31.9,59.6,55.6,1006.7,22.4,22.1,0,2
REC_02579,Visakhapatnam,Andhra Pradesh,17.6868,83.2185,coastal_cyclonic,2024-02-16,2024-02-25,9,1.4,0.0,26.0,24.1,66.9,68.9,1003.4,0.0,8.5,0,2
REC_01780,Visakhapatnam,Andhra Pradesh,17.6868,83.2185,coastal_cyclonic,2024-02-17,2024-02-18,1,0.6,0.0,23.9,23.3,65.6,64.6,1007.8,0.4,0.1,0,2
REC_01753,Mumbai,Maharashtra,19.076,72.8777,coastal_heavy_monsoon,2024-02-17,2024-02-20,3,7.5,0.0,25.6,27.0,50.4,47.6,1005.4,9.6,2.1,0,2
REC_02040,Delhi,NCR,28.6139,77.209,continental_subtropical,2024-02-17,2024-02-20,3,13.9,23.6,21.7,21.0,48.2,52.8,1012.7,12.2,1.7,0,2
REC_00554,Visakhapatnam,Andhra Pradesh,17.6868,83.2185,coastal_cyclonic,2024-02-17,2024-02-22,5,1.1,0.0,20.9,23.5,56.2,47.6,1006.7,1.3,0.1,0,2
REC_01432,Hyderabad,Telangana,17.385,78.4867,semi_arid,2024-02-17,2024-02-22,5,1.3,0.8,22.9,24.8,39.7,28.1,1015.1,0.0,3.1,0,2
REC_03132,Bengaluru,Karnataka,12.9716,77.5946,plateau_temperate,2024-02-17,2024-02-22,5,1.7,0.0,25.0,26.5,58.4,60.3,1006.6,2.6,0.8,0,2
REC_00955,Bengaluru,Karnataka,12.9716,77.5946,plateau_temperate,2024-02-17,2024-02-27,10,1.4,59.6,21.3,19.3,30.8,15.0,1010.1,29.6,28.2,0,2
REC_01733,Bengaluru,Karnataka,12.9716,77.5946,plateau_temperate,2024-02-17,2024-02-27,10,1.7,0.0,22.3,30.6,68.3,54.0,1012.3,14.0,12.3,0,2
REC_01241,Mumbai,Maharashtra,19.076,72.8777,coastal_heavy_monsoon,2024-02-18,2024-02-19,1,4.1,0.0,29.0,28.5,62.8,65.2,1006.9,6.0,1.9,0,2
REC_01901,Hyderabad,Telangana,17.385,78.4867,semi_arid,2024-02-18,2024-02-19,1,3.7,4.3,26.4,27.2,57.4,59.2,1000.9,3.4,0.2,0,2
REC_01704,Delhi,NCR,28.6139,77.209,continental_subtropical,2024-02-18,2024-02-22,4,5.0,21.3,18.9,19.0,59.5,62.5,1014.1,16.5,11.4,0,2
REC_00618,Hyderabad,Telangana,17.385,78.4867,semi_arid,2024-02-18,2024-02-24,6,4.1,0.0,24.9,26.5,57.5,54.9,1007.0,0.0,10.8,0,2
REC_01494,Bengaluru,Karnataka,12.9716,77.5946,plateau_temperate,2024-02-18,2024-02-24,6,0.0,0.0,24.8,29.7,46.2,46.9,1004.2,8.1,8.1,0,2
REC_02006,Delhi,NCR,28.6139,77.209,continental_subtropical,2024-02-18,2024-02-25,7,3.7,5.2,21.9,19.3,57.5,72.0,1009.7,13.2,9.5,0,2
REC_02391,Hyderabad,Telangana,17.385,78.4867,semi_arid,2024-02-19,2024-02-22,3,0.9,0.0,23.0,22.1,60.9,65.9,1000.0,0.0,4.3,0,2
REC_00852,Delhi,NCR,28.6139,77.209,continental_subtropical,2024-02-19,2024-02-23,4,0.0,0.0,21.8,22.4,51.9,42.9,1005.0,3.7,3.7,0,2
REC_01516,Bengaluru,Karnataka,12.9716,77.5946,plateau_temperate,2024-02-19,2024-02-24,5,5.4,0.0,26.8,21.9,55.6,53.9,1007.6,0.0,6.7,0,2
REC_00413,Mumbai,Maharashtra,19.076,72.8777,coastal_heavy_monsoon,2024-02-19,2024-02-28,9,1.2,67.3,26.7,33.2,68.5,80.3,1014.5,0.0,12.8,0,2
REC_01447,Bengaluru,Karnataka,12.9716,77.5946,plateau_temperate,2024-02-19,2024-02-28,9,0.6,0.0,21.3,20.3,52.3,56.2,1001.1,5.2,4.6,0,2
REC_01317,Delhi,NCR,28.6139,77.209,continental_subtropical,2024-02-19,2024-02-29,10,2.4,0.0,22.4,15.1,50.8,56.8,1004.6,19.5,17.1,0,2
REC_03353,Bengaluru,Karnataka,12.9716,77.5946,plateau_temperate,2024-02-19,2024-02-29,10,4.7,0.0,23.3,25.9,60.4,52.5,1007.5,11.3,6.6,0,2
REC_02552,Krishna District,Andhra Pradesh,16.5062,80.648,coastal_humid,2024-02-20,2024-02-26,6,0.7,5.0,23.7,28.1,49.5,46.5,1010.0,0.0,7.9,0,2
REC_01181,Visakhapatnam,Andhra Pradesh,17.6868,83.2185,coastal_cyclonic,2024-02-20,2024-02-27,7,1.3,0.0,23.3,23.7,54.6,60.2,1006.0,0.0,11.2,0,2
REC_01308,Delhi,NCR,28.6139,77.209,continental_subtropical,2024-02-21,2024-02-26,5,0.7,0.0,24.1,26.0,60.4,38.4,1007.6,13.1,12.4,0,2
REC_02658,Hyderabad,Telangana,17.385,78.4867,semi_arid,2024-02-21,2024-02-26,5,2.5,0.0,22.3,22.5,67.7,45.3,1002.7,11.7,9.2,0,2
REC_00367,Bengaluru,Karnataka,12.9716,77.5946,plateau_temperate,2024-02-21,2024-02-28,7,3.4,9.4,22.0,23.0,49.6,63.7,1006.6,0.0,5.4,0,2
REC_00929,Bengaluru,Karnataka,12.9716,77.5946,plateau_temperate,2024-02-21,2024-02-29,8,1.3,0.0,19.1,19.1,41.7,26.8,1016.1,0.0,24.6,0,2
REC_00214,Hyderabad,Telangana,17.385,78.4867,semi_arid,2024-02-21,2024-03-01,9,2.3,0.0,33.9,26.4,46.9,39.2,1012.6,0.0,18.3,0,3
REC_01294,Krishna District,Andhra Pradesh,16.5062,80.648,coastal_humid,2024-02-21,2024-03-01,9,4.8,0.0,28.1,30.1,38.2,36.8,1005.3,16.8,11.9,0,3
REC_00147,Visakhapatnam,Andhra Pradesh,17.6868,83.2185,coastal_cyclonic,2024-02-21,2024-03-02,10,5.1,0.0,33.4,39.4,46.8,25.0,1002.9,31.3,26.2,0,3
REC_01674,Hyderabad,Telangana,17.385,78.4867,semi_arid,2024-02-22,2024-03-01,8,4.9,9.0,28.5,29.9,48.6,35.4,1015.8,10.3,5.4,0,3
REC_00318,Krishna District,Andhra Pradesh,16.5062,80.648,coastal_humid,2024-02-23,2024-02-25,2,2.0,7.2,24.0,23.7,51.1,49.8,1013.8,4.5,2.5,0,2
REC_03402,Hyderabad,Telangana,17.385,78.4867,semi_arid,2024-02-23,2024-02-25,2,0.3,0.0,21.9,22.3,64.1,66.7,1008.0,0.2,0.1,0,2
REC_02754,Visakhapatnam,Andhra Pradesh,17.6868,83.2185,coastal_cyclonic,2024-02-23,2024-03-01,7,4.7,22.4,36.3,33.2,45.8,56.4,1007.8,8.0,3.3,0,3
REC_00758,Krishna District,Andhra Pradesh,16.5062,80.648,coastal_humid,2024-02-23,2024-03-04,10,2.1,0.0,29.7,34.6,68.4,74.1,1004.4,0.0,8.1,0,3
REC_01991,Bengaluru,Karnataka,12.9716,77.5946,plateau_temperate,2024-02-24,2024-02-25,1,2.3,4.1,26.9,27.0,54.1,55.0,1010.5,2.1,0.2,0,2
REC_02099,Visakhapatnam,Andhra Pradesh,17.6868,83.2185,coastal_cyclonic,2024-02-24,2024-02-27,3,7.8,10.8,31.1,31.2,56.8,51.4,1010.6,13.1,5.4,0,2
REC_01252,Mumbai,Maharashtra,19.076,72.8777,coastal_heavy_monsoon,2024-02-24,2024-02-29,5,2.6,0.0,25.9,25.3,25.0,37.7,1009.1,11.8,9.2,0,2
REC_00015,Delhi,NCR,28.6139,77.209,continental_subtropical,2024-02-24,2024-03-01,6,0.2,4.8,34.4,34.4,52.9,60.0,1005.7,3.6,3.5,0,3
REC_02537,Visakhapatnam,Andhra Pradesh,17.6868,83.2185,coastal_cyclonic,2024-02-24,2024-03-04,9,1.5,43.7,34.0,29.4,50.2,48.4,1010.2,0.0,10.9,0,3
REC_01111,Visakhapatnam,Andhra Pradesh,17.6868,83.2185,coastal_cyclonic,2024-02-24,2024-03-05,10,1.1,0.0,27.6,26.7,78.1,100.0,1011.2,5.9,4.7,0,3
REC_02412,Hyderabad,Telangana,17.385,78.4867,semi_arid,2024-02-24,2024-03-05,10,0.1,7.2,35.7,32.5,62.1,50.8,1007.0,34.4,34.4,0,3
REC_01943,Krishna District,Andhra Pradesh,16.5062,80.648,coastal_humid,2024-02-25,2024-02-27,2,1.2,0.0,20.5,19.4,54.0,57.4,1011.8,1.9,0.7,0,2
REC_01605,Krishna District,Andhra Pradesh,16.5062,80.648,coastal_humid,2024-02-25,2024-03-02,6,8.1,36.5,35.3,36.0,60.4,63.5,1001.9,13.0,4.9,0,3
REC_00765,Visakhapatnam,Andhra Pradesh,17.6868,83.2185,coastal_cyclonic,2024-02-25,2024-03-05,9,5.3,75.0,33.8,31.7,55.9,38.8,1014.9,18.9,13.6,0,3
REC_03306,Delhi,NCR,28.6139,77.209,continental_subtropical,2024-02-26,2024-02-28,2,4.9,10.1,27.9,28.3,56.3,59.8,1008.9,4.5,0.4,0,2
REC_00121,Bengaluru,Karnataka,12.9716,77.5946,plateau_temperate,2024-02-26,2024-02-29,3,0.3,0.0,27.4,28.3,65.5,58.6,1007.1,4.1,3.8,0,2
REC_01096,Delhi,NCR,28.6139,77.209,continental_subtropical,2024-02-26,2024-02-29,3,5.4,12.0,25.0,24.5,60.1,52.5,1014.8,4.3,1.1,0,2
REC_01679,Visakhapatnam,Andhra Pradesh,17.6868,83.2185,coastal_cyclonic,2024-02-26,2024-02-29,3,3.1,0.0,26.4,25.8,51.2,50.8,1004.0,16.5,13.4,0,2
REC_00342,Visakhapatnam,Andhra Pradesh,17.6868,83.2185,coastal_cyclonic,2024-02-26,2024-03-02,5,3.3,13.7,33.2,33.9,60.4,63.0,1006.8,5.4,2.1,0,3
REC_02637,Bengaluru,Karnataka,12.9716,77.5946,plateau_temperate,2024-02-26,2024-03-07,10,10.9,100.1,28.9,26.2,51.1,89.0,1006.5,16.9,6.0,0,3
REC_02442,Visakhapatnam,Andhra Pradesh,17.6868,83.2185,coastal_cyclonic,2024-02-27,2024-03-02,4,2.4,11.3,33.3,33.6,63.4,69.9,1008.6,6.9,4.5,0,3
REC_03368,Hyderabad,Telangana,17.385,78.4867,semi_arid,2024-02-28,2024-03-01,2,0.0,0.5,38.0,38.2,56.6,54.9,1007.7,0.0,1.4,0,3
REC_01761,Krishna District,Andhra Pradesh,16.5062,80.648,coastal_humid,2024-02-28,2024-03-04,5,1.2,0.0,35.0,34.3,55.3,60.0,1005.4,2.2,1.0,0,3
REC_02434,Bengaluru,Karnataka,12.9716,77.5946,plateau_temperate,2024-02-28,2024-03-05,6,3.0,3.4,34.0,34.7,52.4,51.5,1007.8,0.8,2.2,0,3
REC_02992,Delhi,NCR,28.6139,77.209,continental_subtropical,2024-02-28,2024-03-06,7,1.1,0.0,34.9,33.2,60.4,59.4,1007.9,0.0,16.0,0,3
REC_01615,Mumbai,Maharashtra,19.076,72.8777,coastal_heavy_monsoon,2024-02-29,2024-03-10,10,11.0,0.0,32.6,32.1,42.8,28.0,1008.1,22.5,11.5,0,3
REC_03133,Krishna District,Andhra Pradesh,16.5062,80.648,coastal_humid,2024-03-02,2024-03-03,1,6.1,4.9,34.3,34.9,59.4,56.0,1006.8,5.6,0.5,0,3
REC_01790,Bengaluru,Karnataka,12.9716,77.5946,plateau_temperate,2024-03-02,2024-03-04,2,1.7,0.0,32.2,31.8,50.8,50.5,1015.7,4.1,2.4,0,3
REC_02621,Delhi,NCR,28.6139,77.209,continental_subtropical,2024-03-02,2024-03-04,2,13.4,25.5,29.9,30.8,40.3,40.2,1009.7,13.7,0.3,0,3
REC_01626,Mumbai,Maharashtra,19.076,72.8777,coastal_heavy_monsoon,2024-03-02,2024-03-05,3,0.8,0.0,30.0,34.7,59.1,63.5,1011.8,2.9,2.1,0,3
REC_00254,Visakhapatnam,Andhra Pradesh,17.6868,83.2185,coastal_cyclonic,2024-03-02,2024-03-06,4,0.0,3.9,35.6,37.0,60.8,65.9,1010.1,3.2,3.1,0,3
REC_01554,Bengaluru,Karnataka,12.9716,77.5946,plateau_temperate,2024-03-02,2024-03-06,4,4.2,1.0,29.7,31.8,52.5,44.9,1003.6,14.9,10.7,0,3
REC_01700,Krishna District,Andhra Pradesh,16.5062,80.648,coastal_humid,2024-03-02,2024-03-07,5,4.1,20.0,33.9,31.6,66.5,54.5,1012.3,0.4,3.7,0,3
REC_00285,Bengaluru,Karnataka,12.9716,77.5946,plateau_temperate,2024-03-02,2024-03-10,8,1.7,0.0,32.9,27.9,51.1,35.5,1004.8,0.0,4.0,0,3
REC_00808,Delhi,NCR,28.6139,77.209,continental_subtropical,2024-03-02,2024-03-10,8,5.5,0.0,32.3,31.2,45.5,38.7,1010.7,16.6,11.1,0,3
REC_02628,Krishna District,Andhra Pradesh,16.5062,80.648,coastal_humid,2024-03-02,2024-03-10,8,3.2,13.4,26.7,29.5,58.5,61.6,1008.6,0.0,4.2,0,3
REC_00317,Hyderabad,Telangana,17.385,78.4867,semi_arid,2024-03-03,2024-03-11,8,3.7,0.0,28.2,22.5,38.7,30.7,1010.2,1.5,2.2,0,3
REC_02059,Hyderabad,Telangana,17.385,78.4867,semi_arid,2024-03-03,2024-03-11,8,2.9,12.1,34.8,38.9,50.1,59.1,1004.5,23.1,20.1,0,3
REC_00037,Visakhapatnam,Andhra Pradesh,17.6868,83.2185,coastal_cyclonic,2024-03-04,2024-03-07,3,0.1,0.0,34.9,38.0,56.0,59.9,1000.4,0.0,4.3,0,3
REC_02014,Krishna District,Andhra Pradesh,16.5062,80.648,coastal_humid,2024-03-04,2024-03-09,5,1.2,0.0,32.7,35.9,60.9,64.4,1006.8,0.0,9.0,0,3
REC_02955,Visakhapatnam,Andhra Pradesh,17.6868,83.2185,coastal_cyclonic,2024-03-04,2024-03-11,7,0.9,12.0,36.4,35.2,65.9,78.3,1002.2,0.0,7.3,0,3
REC_02262,Krishna District,Andhra Pradesh,16.5062,80.648,coastal_humid,2024-03-04,2024-03-13,9,1.1,14.6,34.2,30.8,52.0,72.6,1002.1,15.0,13.9,0,3
REC_00247,Mumbai,Maharashtra,19.076,72.8777,coastal_heavy_monsoon,2024-03-06,2024-03-07,1,2.0,0.0,33.9,32.9,62.2,62.1,1015.8,1.1,0.9,0,3
REC_01578,Visakhapatnam,Andhra Pradesh,17.6868,83.2185,coastal_cyclonic,2024-03-06,2024-03-07,1,1.0,0.0,32.5,32.0,58.9,61.4,1009.9,1.3,0.3,0,3
REC_01326,Delhi,NCR,28.6139,77.209,continental_subtropical,2024-03-06,2024-03-10,4,2.3,0.0,33.8,34.2,52.1,43.7,1008.5,1.9,0.4,0,3
REC_02997,Krishna District,Andhra Pradesh,16.5062,80.648,coastal_humid,2024-03-06,2024-03-11,5,7.4,28.1,37.1,37.7,64.0,68.8,1004.2,1.6,5.8,0,3
REC_03138,Mumbai,Maharashtra,19.076,72.8777,coastal_heavy_monsoon,2024-03-06,2024-03-13,7,1.5,5.2,36.9,38.2,57.0,57.4,1003.3,15.1,13.5,0,3
REC_01400,Visakhapatnam,Andhra Pradesh,17.6868,83.2185,coastal_cyclonic,2024-03-06,2024-03-15,9,1.6,32.5,36.2,39.4,46.1,61.6,1003.8,0.0,9.6,0,3
REC_00628,Mumbai,Maharashtra,19.076,72.8777,coastal_heavy_monsoon,2024-03-06,2024-03-16,10,1.5,0.0,31.7,29.5,56.8,55.1,1010.5,14.7,13.1,0,3
REC_01899,Bengaluru,Karnataka,12.9716,77.5946,plateau_temperate,2024-03-07,2024-03-09,2,1.7,1.6,28.4,27.5,51.1,50.2,1009.8,0.0,2.3,0,3
REC_02392,Bengaluru,Karnataka,12.9716,77.5946,plateau_temperate,2024-03-07,2024-03-14,7,1.2,86.2,32.4,35.9,65.3,61.6,1005.8,0.0,7.4,0,3
REC_00288,Krishna District,Andhra Pradesh,16.5062,80.648,coastal_humid,2024-03-07,2024-03-17,10,2.6,0.0,39.0,38.2,67.9,80.8,1008.4,16.9,14.3,0,3
REC_01367,Mumbai,Maharashtra,19.076,72.8777,coastal_heavy_monsoon,2024-03-08,2024-03-09,1,7.4,2.7,28.0,27.0,43.0,44.6,1006.5,8.9,1.5,0,3
REC_02850,Hyderabad,Telangana,17.385,78.4867,semi_arid,2024-03-08,2024-03-09,1,1.2,1.8,31.0,30.2,58.9,58.5,1003.4,2.2,1.0,0,3
REC_00319,Visakhapatnam,Andhra Pradesh,17.6868,83.2185,coastal_cyclonic,2024-03-08,2024-03-13,5,0.2,0.0,34.6,35.3,46.7,38.6,1008.5,0.0,1.1,0,3
REC_02306,Bengaluru,Karnataka,12.9716,77.5946,plateau_temperate,2024-03-08,2024-03-14,6,10.4,3.5,33.7,29.3,60.5,51.5,1005.6,4.3,6.2,0,3
REC_03337,Delhi,NCR,28.6139,77.209,continental_subtropical,2024-03-08,2024-03-14,6,3.9,0.0,36.2,33.9,48.2,62.4,1010.8,6.1,2.3,0,3
REC_01279,Mumbai,Maharashtra,19.076,72.8777,coastal_heavy_monsoon,2024-03-09,2024-03-13,4,0.5,0.0,34.9,33.4,47.1,34.9,1007.2,0.0,3.6,0,3
REC_00509,Krishna District,Andhra Pradesh,16.5062,80.648,coastal_humid,2024-03-09,2024-03-18,9,0.5,14.8,33.9,27.3,69.7,75.0,1003.3,0.0,7.2,0,3
REC_00900,Krishna District,Andhra Pradesh,16.5062,80.648,coastal_humid,2024-03-10,2024-03-12,2,0.0,0.0,30.5,29.0,52.8,62.0,1005.3,2.5,2.5,0,3
REC_03086,Delhi,NCR,28.6139,77.209,continental_subtropical,2024-03-10,2024-03-14,4,14.7,9.9,35.0,36.6,67.8,72.6,1009.0,14.7,0.0,0,3
REC_00824,Visakhapatnam,Andhra Pradesh,17.6868,83.2185,coastal_cyclonic,2024-03-10,2024-03-15,5,1.4,0.0,37.1,39.9,58.9,60.0,1007.1,8.8,7.4,0,3
REC_01582,Visakhapatnam,Andhra Pradesh,17.6868,83.2185,coastal_cyclonic,2024-03-10,2024-03-17,7,4.7,0.0,35.3,32.9,57.4,58.0,1007.2,0.0,5.4,0,3
REC_02912,Mumbai,Maharashtra,19.076,72.8777,coastal_heavy_monsoon,2024-03-10,2024-03-18,8,3.7,69.2,30.7,29.2,48.8,46.0,1015.9,23.5,19.8,0,3
REC_03311,Krishna District,Andhra Pradesh,16.5062,80.648,coastal_humid,2024-03-10,2024-03-18,8,1.4,0.0,27.4,24.0,52.5,46.1,1005.3,3.9,2.5,0,3
REC_03349,Hyderabad,Telangana,17.385,78.4867,semi_arid,2024-03-10,2024-03-18,8,2.3,14.2,34.0,42.1,66.5,73.9,1006.0,6.3,4.1,0,3
REC_01900,Delhi,NCR,28.6139,77.209,continental_subtropical,2024-03-10,2024-03-19,9,0.4,0.0,31.9,35.5,52.4,72.1,1007.1,0.0,12.8,0,3
REC_00109,Krishna District,Andhra Pradesh,16.5062,80.648,coastal_humid,2024-03-11,2024-03-18,7,14.2,0.0,36.5,34.8,68.0,73.7,1001.7,13.4,0.7,0,3
REC_03024,Hyderabad,Telangana,17.385,78.4867,semi_arid,2024-03-12,2024-03-14,2,1.5,3.5,33.4,33.4,57.2,60.5,1012.8,0.9,0.6,0,3
REC_00022,Mumbai,Maharashtra,19.076,72.8777,coastal_heavy_monsoon,2024-03-12,2024-03-15,3,4.1,22.1,29.6,29.3,62.7,58.5,1009.7,1.4,2.7,0,3
REC_02847,Bengaluru,Karnataka,12.9716,77.5946,plateau_temperate,2024-03-12,2024-03-18,6,0.7,0.0,29.6,28.0,55.5,45.9,1015.8,12.1,11.4,0,3
REC_02862,Krishna District,Andhra Pradesh,16.5062,80.648,coastal_humid,2024-03-13,2024-03-23,10,3.0,0.0,34.6,30.7,28.6,15.3,1012.6,4.2,1.2,0,3
REC_03451,Hyderabad,Telangana,17.385,78.4867,semi_arid,2024-03-14,2024-03-19,5,4.2,18.6,32.6,35.4,38.5,33.1,1007.8,0.0,5.0,0,3
REC_03500,Delhi,NCR,28.6139,77.209,continental_subtropical,2024-03-14,2024-03-21,7,0.1,0.0,36.0,39.8,44.1,35.4,1004.9,3.5,3.4,0,3
REC_01945,Mumbai,Maharashtra,19.076,72.8777,coastal_heavy_monsoon,2024-03-15,2024-03-17,2,0.1,7.8,28.2,29.2,41.0,43.8,1008.4,0.0,0.9,0,3
REC_00329,Bengaluru,Karnataka,12.9716,77.5946,plateau_temperate,2024-03-15,2024-03-20,5,0.9,0.0,36.7,36.3,56.1,54.1,1009.4,0.0,2.2,0,3
REC_00242,Visakhapatnam,Andhra Pradesh,17.6868,83.2185,coastal_cyclonic,2024-03-15,2024-03-23,8,0.5,0.0,31.6,30.2,51.2,49.9,1007.9,0.0,6.5,0,3
REC_03341,Krishna District,Andhra Pradesh,16.5062,80.648,coastal_humid,2024-03-15,2024-03-25,10,0.4,33.9,37.0,35.4,62.7,60.0,1017.1,0.0,9.5,0,3
REC_03477,Bengaluru,Karnataka,12.9716,77.5946,plateau_temperate,2024-03-16,2024-03-18,2,2.0,10.2,32.0,34.4,57.2,59.3,1006.7,0.0,4.2,0,3
REC_02661,Krishna District,Andhra Pradesh,16.5062,80.648,coastal_humid,2024-03-16,2024-03-20,4,2.3,0.0,29.8,31.9,50.0,55.8,1005.8,10.5,8.1,0,3
REC_02735,Bengaluru,Karnataka,12.9716,77.5946,plateau_temperate,2024-03-16,2024-03-21,5,5.9,0.0,32.0,33.6,64.4,85.8,1006.2,12.0,6.1,0,3
REC_00333,Hyderabad,Telangana,17.385,78.4867,semi_arid,2024-03-16,2024-03-23,7,1.4,0.0,38.3,44.3,52.7,55.5,1013.2,0.0,9.7,0,3
REC_01951,Krishna District,Andhra Pradesh,16.5062,80.648,coastal_humid,2024-03-16,2024-03-24,8,4.8,51.3,31.2,33.8,59.5,73.4,1003.5,0.0,6.7,0,3
REC_01542,Delhi,NCR,28.6139,77.209,continental_subtropical,2024-03-16,2024-03-25,9,6.6,44.4,36.2,40.0,63.1,54.7,1006.1,0.0,15.0,0,3
REC_00507,Bengaluru,Karnataka,12.9716,77.5946,plateau_temperate,2024-03-16,2024-03-26,10,3.9,37.4,27.4,25.3,61.9,38.9,1005.7,0.8,3.1,0,3
REC_01965,Delhi,NCR,28.6139,77.209,continental_subtropical,2024-03-17,2024-03-18,1,1.2,1.4,31.9,30.9,61.9,59.1,1009.3,1.8,0.7,0,3
REC_02654,Visakhapatnam,Andhra Pradesh,17.6868,83.2185,coastal_cyclonic,2024-03-17,2024-03-21,4,18.1,28.4,31.6,31.3,41.5,32.9,1011.1,13.7,4.4,0,3
REC_00437,Delhi,NCR,28.6139,77.209,continental_subtropical,2024-03-17,2024-03-24,7,1.5,0.0,30.7,31.2,51.5,64.0,1007.1,13.1,11.5,0,3
REC_00851,Visakhapatnam,Andhra Pradesh,17.6868,83.2185,coastal_cyclonic,2024-03-17,2024-03-24,7,1.8,6.1,29.7,26.5,53.9,45.3,1014.1,0.0,4.1,0,3
REC_00570,Mumbai,Maharashtra,19.076,72.8777,coastal_heavy_monsoon,2024-03-17,2024-03-27,10,1.3,42.4,36.5,34.6,48.0,41.0,1008.4,0.0,7.7,0,3
REC_01734,Mumbai,Maharashtra,19.076,72.8777,coastal_heavy_monsoon,2024-03-18,2024-03-19,1,0.7,0.0,30.9,30.6,59.8,56.3,1004.6,1.2,0.5,0,3
REC_00578,Mumbai,Maharashtra,19.076,72.8777,coastal_heavy_monsoon,2024-03-18,2024-03-21,3,0.9,2.9,27.1,28.1,53.3,52.9,1009.5,0.0,2.3,0,3
REC_02315,Krishna District,Andhra Pradesh,16.5062,80.648,coastal_humid,2024-03-18,2024-03-21,3,0.4,1.5,32.1,29.7,48.7,45.4,1009.6,0.0,1.9,0,3
REC_02478,Delhi,NCR,28.6139,77.209,continental_subtropical,2024-03-18,2024-03-21,3,0.7,0.0,34.3,35.5,54.0,55.3,1007.0,4.7,4.0,0,3
REC_02844,Hyderabad,Telangana,17.385,78.4867,semi_arid,2024-03-18,2024-03-28,10,2.8,74.7,31.6,24.3,75.5,78.0,1009.5,3.7,0.8,0,3
REC_00752,Mumbai,Maharashtra,19.076,72.8777,coastal_heavy_monsoon,2024-03-19,2024-03-20,1,1.1,0.0,32.2,31.8,64.9,63.0,1012.9,1.4,0.3,0,3
REC_03127,Krishna District,Andhra Pradesh,16.5062,80.648,coastal_humid,2024-03-19,2024-03-23,4,6.2,0.0,36.1,35.4,64.1,68.1,1005.7,3.0,3.3,0,3
REC_01242,Krishna District,Andhra Pradesh,16.5062,80.648,coastal_humid,2024-03-20,2024-03-23,3,1.0,3.3,35.3,36.0,39.9,38.2,1001.9,1.1,0.1,0,3
REC_00188,Krishna District,Andhra Pradesh,16.5062,80.648,coastal_humid,2024-03-20,2024-03-27,7,0.8,0.0,32.9,37.7,53.3,57.4,1004.6,6.7,5.8,0,3
REC_03047,Hyderabad,Telangana,17.385,78.4867,semi_arid,2024-03-20,2024-03-29,9,9.2,35.2,33.7,32.6,45.8,45.7,1009.2,4.6,4.6,0,3
REC_00450,Mumbai,Maharashtra,19.076,72.8777,coastal_heavy_monsoon,2024-03-20,2024-03-30,10,2.4,0.0,36.1,40.7,61.5,52.7,1007.8,5.3,2.9,0,3
REC_03326,Mumbai,Maharashtra,19.076,72.8777,coastal_heavy_monsoon,2024-03-21,2024-03-28,7,5.2,0.0,34.5,38.3,60.6,64.1,1011.9,0.0,13.0,0,3
REC_03395,Hyderabad,Telangana,17.385,78.4867,semi_arid,2024-03-22,2024-03-23,1,0.2,4.6,31.7,32.5,58.4,64.3,1003.1,0.5,0.3,0,3
REC_01590,Hyderabad,Telangana,17.385,78.4867,semi_arid,2024-03-22,2024-03-25,3,2.9,0.7,29.6,30.1,42.1,40.9,1009.3,5.5,2.6,0,3
REC_02023,Krishna District,Andhra Pradesh,16.5062,80.648,coastal_humid,2024-03-22,2024-03-28,6,1.6,0.0,32.7,32.6,45.4,58.1,1011.9,0.0,5.2,0,3
REC_02092,Mumbai,Maharashtra,19.076,72.8777,coastal_heavy_monsoon,2024-03-22,2024-03-28,6,2.7,0.0,32.0,32.4,47.3,55.9,1005.7,8.7,6.0,0,3
REC_03147,Bengaluru,Karnataka,12.9716,77.5946,plateau_temperate,2024-03-22,2024-03-29,7,1.9,80.0,33.1,34.0,54.1,62.3,1001.9,0.0,3.4,0,3
REC_02298,Krishna District,Andhra Pradesh,16.5062,80.648,coastal_humid,2024-03-22,2024-04-01,10,8.5,66.0,34.4,32.4,63.4,82.2,1009.5,0.0,13.2,0,4
REC_00463,Mumbai,Maharashtra,19.076,72.8777,coastal_heavy_monsoon,2024-03-23,2024-03-26,3,3.3,0.8,34.4,35.1,56.6,53.9,1010.6,4.5,1.2,0,3
REC_02271,Hyderabad,Telangana,17.385,78.4867,semi_arid,2024-03-23,2024-03-26,3,4.1,16.5,37.1,36.8,55.1,60.6,1004.1,0.0,6.7,0,3
REC_02998,Delhi,NCR,28.6139,77.209,continental_subtropical,2024-03-23,2024-03-27,4,2.9,0.0,32.1,33.8,70.1,69.8,1003.3,0.0,5.5,0,3
REC_01013,Visakhapatnam,Andhra Pradesh,17.6868,83.2185,coastal_cyclonic,2024-03-23,2024-03-31,8,3.3,0.0,34.4,44.0,43.4,63.3,1005.6,0.0,32.4,0,3
REC_01363,Visakhapatnam,Andhra Pradesh,17.6868,83.2185,coastal_cyclonic,2024-03-23,2024-04-02,10,3.7,0.0,35.0,37.8,53.5,39.6,1007.0,15.9,12.2,0,4
REC_01973,Delhi,NCR,28.6139,77.209,continental_subtropical,2024-03-24,2024-03-26,2,0.3,1.8,31.5,30.0,75.4,74.4,1014.0,0.7,0.5,0,3
REC_01222,Delhi,NCR,28.6139,77.209,continental_subtropical,2024-03-24,2024-03-27,3,2.4,0.0,33.7,35.2,69.8,80.9,1012.8,3.1,0.7,0,3
REC_01137,Visakhapatnam,Andhra Pradesh,17.6868,83.2185,coastal_cyclonic,2024-03-24,2024-03-28,4,5.4,0.0,31.7,31.6,42.5,52.1,1004.9,0.0,9.0,0,3
REC_03419,Delhi,NCR,28.6139,77.209,continental_subtropical,2024-03-24,2024-03-28,4,1.0,16.2,35.0,38.1,57.7,58.4,1007.6,3.6,2.6,0,3
REC_01019,Visakhapatnam,Andhra Pradesh,17.6868,83.2185,coastal_cyclonic,2024-03-24,2024-03-29,5,7.3,20.9,33.9,33.3,61.1,65.3,1009.2,2.5,4.8,0,3
REC_02111,Hyderabad,Telangana,17.385,78.4867,semi_arid,2024-03-24,2024-03-29,5,11.1,30.4,34.1,33.2,73.3,79.7,1007.4,8.8,2.4,0,3
REC_02463,Visakhapatnam,Andhra Pradesh,17.6868,83.2185,coastal_cyclonic,2024-03-24,2024-03-30,6,4.3,5.4,35.8,31.3,50.1,56.2,1013.8,2.9,1.4,0,3
REC_00833,Delhi,NCR,28.6139,77.209,continental_subtropical,2024-03-24,2024-03-31,7,4.8,16.9,30.4,33.9,56.5,61.4,1015.3,0.5,4.3,0,3
REC_03224,Hyderabad,Telangana,17.385,78.4867,semi_arid,2024-03-24,2024-03-31,7,0.3,0.0,33.7,37.7,56.9,64.0,1006.3,3.0,2.7,0,3
REC_01295,Delhi,NCR,28.6139,77.209,continental_subtropical,2024-03-24,2024-04-02,9,5.2,9.9,39.1,37.9,53.2,46.4,1015.1,32.5,27.3,0,4
REC_01975,Hyderabad,Telangana,17.385,78.4867,semi_arid,2024-03-25,2024-03-29,4,5.4,1.8,33.5,33.0,62.0,60.6,1011.3,1.4,4.0,0,3
REC_02240,Visakhapatnam,Andhra Pradesh,17.6868,83.2185,coastal_cyclonic,2024-03-25,2024-03-30,5,0.3,10.5,35.1,34.0,64.9,75.3,1009.3,0.0,10.0,0,3
REC_03143,Visakhapatnam,Andhra Pradesh,17.6868,83.2185,coastal_cyclonic,2024-03-25,2024-03-30,5,2.7,0.0,31.8,34.9,56.6,67.9,1005.0,0.0,6.9,0,3
REC_03129,Krishna District,Andhra Pradesh,16.5062,80.648,coastal_humid,2024-03-26,2024-04-01,6,0.8,0.0,36.3,31.9,62.3,69.4,1007.0,4.3,3.5,0,4
REC_00361,Hyderabad,Telangana,17.385,78.4867,semi_arid,2024-03-26,2024-04-02,7,4.5,0.0,31.8,30.3,61.4,79.2,1012.9,3.1,1.4,0,4
REC_01418,Delhi,NCR,28.6139,77.209,continental_subtropical,2024-03-26,2024-04-02,7,2.7,2.0,29.9,30.5,59.3,58.9,1006.3,0.0,13.3,0,4
REC_02610,Delhi,NCR,28.6139,77.209,continental_subtropical,2024-03-27,2024-03-28,1,2.8,3.9,26.6,28.2,66.9,65.3,1010.9,3.2,0.4,0,3
REC_03308,Krishna District,Andhra Pradesh,16.5062,80.648,coastal_humid,2024-03-27,2024-03-28,1,6.9,12.0,33.9,34.3,57.7,57.5,1010.1,6.8,0.1,0,3
REC_01282,Delhi,NCR,28.6139,77.209,continental_subtropical,2024-03-27,2024-03-30,3,4.2,12.0,31.8,33.1,63.0,67.8,1004.9,7.0,2.8,0,3
REC_02993,Bengaluru,Karnataka,12.9716,77.5946,plateau_temperate,2024-03-27,2024-03-30,3,2.1,9.4,31.0,31.8,66.0,62.8,1004.7,1.1,1.0,0,3
REC_00057,Delhi,NCR,28.6139,77.209,continental_subtropical,2024-03-27,2024-04-02,6,2.2,1.9,31.5,33.5,65.7,63.1,1011.9,0.0,2.7,0,4
REC_02954,Mumbai,Maharashtra,19.076,72.8777,coastal_heavy_monsoon,2024-03-27,2024-04-02,6,4.7,0.3,27.3,28.1,32.7,28.3,1007.2,4.4,0.3,0,4
REC_02587,Delhi,NCR,28.6139,77.209,continental_subtropical,2024-03-28,2024-03-30,2,2.1,1.2,33.7,33.8,53.3,54.8,996.7,4.3,2.2,0,3
REC_01062,Mumbai,Maharashtra,19.076,72.8777,coastal_heavy_monsoon,2024-03-28,2024-04-01,4,1.7,0.0,30.9,32.4,53.5,46.2,1007.7,12.5,10.7,0,4
REC_02564,Mumbai,Maharashtra,19.076,72.8777,coastal_heavy_monsoon,2024-03-29,2024-04-01,3,1.6,5.3,33.2,34.3,51.6,50.8,1012.7,6.0,4.4,0,4
REC_01151,Delhi,NCR,28.6139,77.209,continental_subtropical,2024-03-29,2024-04-03,5,1.5,19.3,36.9,37.9,58.4,70.6,1008.5,0.0,1.5,0,4
REC_02646,Mumbai,Maharashtra,19.076,72.8777,coastal_heavy_monsoon,2024-03-29,2024-04-04,6,11.0,0.0,33.7,35.1,61.0,69.5,1002.0,12.8,1.8,0,4
REC_00657,Krishna District,Andhra Pradesh,16.5062,80.648,coastal_humid,2024-03-29,2024-04-08,10,3.8,11.8,33.1,29.2,61.4,94.2,1008.3,20.1,16.4,0,4
REC_01769,Krishna District,Andhra Pradesh,16.5062,80.648,coastal_humid,2024-03-30,2024-04-05,6,3.1,68.6,30.9,34.5,36.2,36.0,1009.2,21.5,18.4,0,4
REC_02441,Delhi,NCR,28.6139,77.209,continental_subtropical,2024-03-30,2024-04-05,6,3.3,0.0,31.0,31.6,55.4,48.3,1007.2,0.0,14.0,0,4
REC_00872,Mumbai,Maharashtra,19.076,72.8777,coastal_heavy_monsoon,2024-03-30,2024-04-07,8,0.9,0.0,30.5,34.4,62.0,62.1,1009.3,0.0,9.8,0,4
REC_01990,Bengaluru,Karnataka,12.9716,77.5946,plateau_temperate,2024-03-31,2024-04-01,1,2.1,9.3,29.4,28.1,70.4,66.5,1009.1,2.8,0.7,0,4
REC_00071,Delhi,NCR,28.6139,77.209,continental_subtropical,2024-03-31,2024-04-02,2,0.9,0.0,36.3,35.2,61.2,61.9,1005.1,0.0,4.8,0,4
REC_01070,Bengaluru,Karnataka,12.9716,77.5946,plateau_temperate,2024-03-31,2024-04-03,3,2.1,1.1,34.5,34.2,53.7,60.1,1007.0,2.0,0.2,0,4
REC_01386,Bengaluru,Karnataka,12.9716,77.5946,plateau_temperate,2024-03-31,2024-04-07,7,4.1,0.0,30.5,26.8,49.5,37.8,1005.3,9.6,5.5,0,4
REC_02717,Bengaluru,Karnataka,12.9716,77.5946,plateau_temperate,2024-03-31,2024-04-09,9,0.5,9.1,31.3,27.5,51.9,59.1,1005.5,0.0,9.6,0,4
REC_01688,Bengaluru,Karnataka,12.9716,77.5946,plateau_temperate,2024-04-01,2024-04-02,1,7.5,16.1,34.1,34.8,79.8,79.9,1008.1,7.4,0.1,0,4
REC_00366,Bengaluru,Karnataka,12.9716,77.5946,plateau_temperate,2024-04-01,2024-04-03,2,4.8,6.3,30.0,29.4,49.3,51.4,1007.1,2.5,2.3,0,4
REC_01533,Krishna District,Andhra Pradesh,16.5062,80.648,coastal_humid,2024-04-01,2024-04-08,7,11.6,48.5,32.4,31.2,52.0,74.2,1004.8,19.9,8.2,0,4
REC_01934,Hyderabad,Telangana,17.385,78.4867,semi_arid,2024-04-01,2024-04-11,10,0.8,4.7,32.2,34.5,49.7,58.6,1016.4,17.2,16.4,0,4
REC_01353,Delhi,NCR,28.6139,77.209,continental_subtropical,2024-04-02,2024-04-06,4,3.0,0.0,29.6,29.5,49.3,41.0,1008.8,9.2,6.3,0,4
REC_02093,Hyderabad,Telangana,17.385,78.4867,semi_arid,2024-04-02,2024-04-08,6,1.0,0.0,33.1,36.3,68.6,68.0,1009.1,10.7,9.7,0,4
REC_01909,Krishna District,Andhra Pradesh,16.5062,80.648,coastal_humid,2024-04-03,2024-04-08,5,26.9,26.1,37.1,40.0,63.1,63.0,999.1,27.7,0.8,0,4
REC_03377,Visakhapatnam,Andhra Pradesh,17.6868,83.2185,coastal_cyclonic,2024-04-03,2024-04-09,6,0.3,17.9,31.8,26.2,50.4,45.6,1012.0,0.0,1.6,0,4
REC_00409,Visakhapatnam,Andhra Pradesh,17.6868,83.2185,coastal_cyclonic,2024-04-03,2024-04-11,8,3.4,37.2,31.9,28.2,64.5,60.1,1009.9,11.7,8.3,0,4
REC_02439,Delhi,NCR,28.6139,77.209,continental_subtropical,2024-04-03,2024-04-11,8,6.0,0.0,26.5,24.3,57.1,67.0,1004.8,0.0,24.5,0,4
REC_00778,Mumbai,Maharashtra,19.076,72.8777,coastal_heavy_monsoon,2024-04-04,2024-04-05,1,2.6,14.8,41.4,41.5,55.4,54.5,1010.9,2.9,0.3,0,4
REC_02243,Bengaluru,Karnataka,12.9716,77.5946,plateau_temperate,2024-04-04,2024-04-11,7,1.1,24.0,37.0,36.8,38.5,42.1,1011.7,3.1,2.0,0,4
REC_00283,Krishna District,Andhra Pradesh,16.5062,80.648,coastal_humid,2024-04-04,2024-04-13,9,0.9,0.7,37.2,42.7,64.4,72.3,1008.9,17.6,16.7,0,4
REC_02959,Delhi,NCR,28.6139,77.209,continental_subtropical,2024-04-05,2024-04-07,2,3.1,17.9,32.8,32.9,52.7,50.8,1006.4,3.0,0.1,0,4
REC_02278,Hyderabad,Telangana,17.385,78.4867,semi_arid,2024-04-05,2024-04-14,9,0.2,0.0,29.7,27.6,57.3,62.3,1009.3,16.5,16.3,0,4
REC_02540,Krishna District,Andhra Pradesh,16.5062,80.648,coastal_humid,2024-04-05,2024-04-14,9,1.3,0.0,32.8,27.8,59.4,64.5,1010.3,47.7,46.4,0,4
REC_00580,Visakhapatnam,Andhra Pradesh,17.6868,83.2185,coastal_cyclonic,2024-04-05,2024-04-15,10,0.3,53.1,34.6,39.2,51.1,67.1,1012.3,0.0,7.9,0,4
REC_02778,Delhi,NCR,28.6139,77.209,continental_subtropical,2024-04-06,2024-04-08,2,2.5,7.6,29.1,28.5,69.1,70.4,1010.0,4.3,1.9,0,4
REC_00053,Visakhapatnam,Andhra Pradesh,17.6868,83.2185,coastal_cyclonic,2024-04-06,2024-04-14,8,0.2,0.0,33.8,28.7,57.4,41.5,1014.1,0.0,3.7,0,4
REC_00301,Mumbai,Maharashtra,19.076,72.8777,coastal_heavy_monsoon,2024-04-06,2024-04-14,8,1.0,23.7,34.1,40.3,61.5,62.3,1005.4,0.0,9.2,0,4
REC_01408,Mumbai,Maharashtra,19.076,72.8777,coastal_heavy_monsoon,2024-04-06,2024-04-15,9,4.3,0.0,30.1,29.9,63.7,62.7,1007.2,10.8,6.5,0,4
REC_03351,Visakhapatnam,Andhra Pradesh,17.6868,83.2185,coastal_cyclonic,2024-04-06,2024-04-16,10,0.7,0.0,30.0,35.3,53.1,55.0,1005.0,0.0,18.4,0,4
REC_00255,Hyderabad,Telangana,17.385,78.4867,semi_arid,2024-04-07,2024-04-09,2,3.2,0.0,34.8,34.7,58.6,51.4,1004.9,2.8,0.4,0,4
REC_01869,Visakhapatnam,Andhra Pradesh,17.6868,83.2185,coastal_cyclonic,2024-04-07,2024-04-10,3,0.3,10.6,36.5,35.3,37.0,29.2,1011.7,0.6,0.3,0,4
REC_01395,Krishna District,Andhra Pradesh,16.5062,80.648,coastal_humid,2024-04-07,2024-04-11,4,1.0,0.0,33.7,32.1,52.8,67.6,1009.3,6.9,5.9,0,4
REC_01977,Bengaluru,Karnataka,12.9716,77.5946,plateau_temperate,2024-04-07,2024-04-11,4,3.5,7.9,31.3,29.2,56.0,62.3,1013.4,7.0,3.5,0,4
REC_01922,Visakhapatnam,Andhra Pradesh,17.6868,83.2185,coastal_cyclonic,2024-04-07,2024-04-15,8,1.5,27.5,29.4,29.6,59.5,44.0,1015.0,13.4,11.9,0,4
REC_00718,Visakhapatnam,Andhra Pradesh,17.6868,83.2185,coastal_cyclonic,2024-04-07,2024-04-16,9,2.7,14.9,30.3,29.7,58.3,56.9,1006.9,1.1,1.6,0,4
REC_02218,Krishna District,Andhra Pradesh,16.5062,80.648,coastal_humid,2024-04-07,2024-04-16,9,4.9,62.5,25.1,25.5,50.5,42.7,1006.9,0.0,37.1,0,4
REC_00703,Delhi,NCR,28.6139,77.209,continental_subtropical,2024-04-08,2024-04-17,9,1.8,38.1,34.9,37.0,38.0,44.7,1012.7,0.0,14.4,0,4
REC_03037,Delhi,NCR,28.6139,77.209,continental_subtropical,2024-04-08,2024-04-17,9,3.0,20.5,31.9,25.3,47.2,39.2,1007.5,0.0,17.3,0,4
REC_00993,Bengaluru,Karnataka,12.9716,77.5946,plateau_temperate,2024-04-09,2024-04-12,3,12.8,32.8,34.6,34.1,49.7,62.0,1003.9,14.5,1.7,0,4
REC_00280,Hyderabad,Telangana,17.385,78.4867,semi_arid,2024-04-09,2024-04-16,7,1.8,0.0,31.1,29.9,37.3,43.4,1014.1,16.1,14.3,0,4
REC_00636,Hyderabad,Telangana,17.385,78.4867,semi_arid,2024-04-09,2024-04-17,8,2.5,0.0,31.6,31.0,61.3,73.6,1011.9,0.0,3.9,0,4
REC_02906,Bengaluru,Karnataka,12.9716,77.5946,plateau_temperate,2024-04-09,2024-04-18,9,0.8,0.0,37.1,39.6,54.7,65.1,1005.6,27.0,26.3,0,4
REC_01313,Visakhapatnam,Andhra Pradesh,17.6868,83.2185,coastal_cyclonic,2024-04-10,2024-04-16,6,2.1,0.0,32.0,32.1,56.2,54.1,1004.8,0.0,4.8,0,4
REC_01240,Hyderabad,Telangana,17.385,78.4867,semi_arid,2024-04-10,2024-04-17,7,1.4,8.3,32.7,29.7,47.6,30.9,1009.1,0.0,1.9,0,4
REC_01482,Delhi,NCR,28.6139,77.209,continental_subtropical,2024-04-10,2024-04-18,8,1.4,28.8,31.8,31.8,59.5,69.6,1003.4,0.0,27.9,0,4
REC_00229,Hyderabad,Telangana,17.385,78.4867,semi_arid,2024-04-10,2024-04-20,10,0.5,0.0,32.3,29.7,38.5,35.6,1009.8,20.2,19.8,0,4
REC_02370,Mumbai,Maharashtra,19.076,72.8777,coastal_heavy_monsoon,2024-04-10,2024-04-20,10,5.8,74.9,35.8,40.2,54.6,35.1,1004.3,30.7,24.9,0,4
REC_02924,Mumbai,Maharashtra,19.076,72.8777,coastal_heavy_monsoon,2024-04-10,2024-04-20,10,2.5,0.0,35.0,36.7,56.7,48.6,1008.2,0.0,3.4,0,4
REC_00914,Hyderabad,Telangana,17.385,78.4867,semi_arid,2024-04-11,2024-04-14,3,1.2,0.8,30.1,28.8,60.4,52.5,1001.1,0.0,9.0,0,4
REC_00831,Delhi,NCR,28.6139,77.209,continental_subtropical,2024-04-11,2024-04-17,6,1.4,10.7,41.6,42.5,57.4,54.8,1003.5,9.9,8.5,0,4
REC_03289,Hyderabad,Telangana,17.385,78.4867,semi_arid,2024-04-11,2024-04-17,6,5.1,112.9,29.8,30.4,56.7,61.9,1008.8,6.6,1.6,0,4
REC_01966,Krishna District,Andhra Pradesh,16.5062,80.648,coastal_humid,2024-04-11,2024-04-18,7,0.8,0.0,28.0,24.2,69.5,85.6,1004.2,3.2,2.4,0,4
REC_02851,Delhi,NCR,28.6139,77.209,continental_subtropical,2024-04-12,2024-04-15,3,0.7,0.0,33.2,31.9,41.0,44.5,1005.8,7.4,6.7,0,4
REC_03064,Bengaluru,Karnataka,12.9716,77.5946,plateau_temperate,2024-04-12,2024-04-17,5,0.0,0.0,34.5,31.5,58.5,49.6,1007.0,3.1,3.1,0,4
REC_01849,Delhi,NCR,28.6139,77.209,continental_subtropical,2024-04-12,2024-04-18,6,2.0,0.0,30.3,28.8,43.9,53.3,1007.6,0.0,9.4,0,4
REC_02887,Hyderabad,Telangana,17.385,78.4867,semi_arid,2024-04-12,2024-04-19,7,2.3,0.0,31.1,34.5,61.8,63.4,1007.0,0.0,3.6,0,4
REC_02501,Delhi,NCR,28.6139,77.209,continental_subtropical,2024-04-12,2024-04-21,9,3.4,0.0,39.6,36.6,60.2,37.1,1014.8,0.0,13.7,0,4
REC_03495,Mumbai,Maharashtra,19.076,72.8777,coastal_heavy_monsoon,2024-04-12,2024-04-21,9,7.8,48.3,38.1,37.4,62.4,53.6,1012.5,23.5,15.7,0,4
REC_03063,Visakhapatnam,Andhra Pradesh,17.6868,83.2185,coastal_cyclonic,2024-04-13,2024-04-17,4,0.1,1.9,28.0,28.7,56.5,57.7,1006.7,9.4,9.3,0,4
REC_02124,Krishna District,Andhra Pradesh,16.5062,80.648,coastal_humid,2024-04-13,2024-04-19,6,7.8,0.0,36.0,33.4,50.7,56.1,1007.1,0.0,16.7,0,4
REC_00677,Krishna District,Andhra Pradesh,16.5062,80.648,coastal_humid,2024-04-14,2024-04-16,2,0.8,13.1,34.1,34.5,62.7,65.0,1009.4,4.0,3.2,0,4
REC_03312,Krishna District,Andhra Pradesh,16.5062,80.648,coastal_humid,2024-04-14,2024-04-19,5,1.3,5.0,34.5,33.3,55.8,62.6,1005.1,0.0,6.4,0,4
REC_00164,Bengaluru,Karnataka,12.9716,77.5946,plateau_temperate,2024-04-14,2024-04-23,9,4.2,32.5,33.7,30.9,56.1,39.0,1007.4,0.0,9.9,0,4
REC_03288,Delhi,NCR,28.6139,77.209,continental_subtropical,2024-04-14,2024-04-24,10,8.2,1.9,30.7,30.5,47.7,33.0,1008.0,5.1,3.0,0,4
REC_00513,Delhi,NCR,28.6139,77.209,continental_subtropical,2024-04-15,2024-04-17,2,0.7,0.0,31.4,33.6,59.1,61.0,1007.5,2.3,1.6,0,4
REC_01380,Krishna District,Andhra Pradesh,16.5062,80.648,coastal_humid,2024-04-15,2024-04-19,4,0.2,8.5,31.6,33.5,49.1,48.5,1011.2,0.0,7.7,0,4
REC_01090,Krishna District,Andhra Pradesh,16.5062,80.648,coastal_humid,2024-04-15,2024-04-21,6,3.1,0.0,34.3,34.0,59.6,54.5,1005.1,0.0,10.4,0,4
REC_01316,Krishna District,Andhra Pradesh,16.5062,80.648,coastal_humid,2024-04-15,2024-04-21,6,2.3,6.1,34.2,34.5,57.8,60.7,1007.8,0.0,8.6,0,4
REC_03095,Krishna District,Andhra Pradesh,16.5062,80.648,coastal_humid,2024-04-16,2024-04-17,1,2.4,0.0,37.8,37.7,64.6,58.4,1005.3,3.0,0.6,0,4
REC_02786,Delhi,NCR,28.6139,77.209,continental_subtropical,2024-04-16,2024-04-18,2,3.7,5.2,27.8,28.0,54.1,54.9,1009.7,0.3,3.4,0,4
REC_02022,Visakhapatnam,Andhra Pradesh,17.6868,83.2185,coastal_cyclonic,2024-04-17,2024-04-18,1,4.4,0.0,34.4,35.7,53.9,48.9,1011.1,3.7,0.7,0,4
REC_03422,Krishna District,Andhra Pradesh,16.5062,80.648,coastal_humid,2024-04-17,2024-04-21,4,4.5,0.0,33.4,35.2,56.4,64.5,1013.0,0.0,5.2,0,4
REC_02532,Krishna District,Andhra Pradesh,16.5062,80.648,coastal_humid,2024-04-17,2024-04-25,8,3.0,0.0,31.9,35.2,36.1,36.8,1008.3,0.0,10.7,0,4
REC_02349,Mumbai,Maharashtra,19.076,72.8777,coastal_heavy_monsoon,2024-04-17,2024-04-27,10,0.3,18.3,32.6,40.3,53.9,65.9,1008.8,0.0,7.7,0,4
REC_01214,Krishna District,Andhra Pradesh,16.5062,80.648,coastal_humid,2024-04-18,2024-04-20,2,7.9,7.5,37.6,37.5,63.4,64.5,1007.2,7.1,0.8,0,4
REC_01830,Bengaluru,Karnataka,12.9716,77.5946,plateau_temperate,2024-04-18,2024-04-20,2,10.8,5.9,33.6,35.6,59.6,58.4,1013.6,13.0,2.2,0,4
REC_01727,Delhi,NCR,28.6139,77.209,continental_subtropical,2024-04-18,2024-04-22,4,0.3,0.0,34.1,34.3,40.6,40.1,1004.4,3.8,3.5,0,4
REC_00541,Krishna District,Andhra Pradesh,16.5062,80.648,coastal_humid,2024-04-18,2024-04-25,7,0.0,31.9,32.0,38.5,41.9,29.6,1012.4,0.0,9.1,0,4
REC_02261,Bengaluru,Karnataka,12.9716,77.5946,plateau_temperate,2024-04-18,2024-04-27,9,10.0,31.2,32.8,34.1,56.8,72.4,1011.3,0.0,27.3,0,4
REC_00155,Visakhapatnam,Andhra Pradesh,17.6868,83.2185,coastal_cyclonic,2024-04-19,2024-04-24,5,0.8,0.0,34.5,36.1,44.6,50.6,1012.6,2.7,2.0,0,4
REC_01772,Visakhapatnam,Andhra Pradesh,17.6868,83.2185,coastal_cyclonic,2024-04-19,2024-04-24,5,2.9,23.7,34.1,35.7,48.2,50.5,1008.4,0.0,4.4,0,4
REC_00603,Delhi,NCR,28.6139,77.209,continental_subtropical,2024-04-19,2024-04-27,8,4.7,38.4,31.5,29.5,56.0,51.4,1002.0,0.0,11.5,0,4
REC_01936,Delhi,NCR,28.6139,77.209,continental_subtropical,2024-04-19,2024-04-29,10,1.4,50.8,32.4,30.4,49.7,60.5,1008.1,0.0,5.7,0,4
REC_03319,Bengaluru,Karnataka,12.9716,77.5946,plateau_temperate,2024-04-20,2024-04-24,4,6.4,15.3,30.4,28.4,51.0,53.6,1009.3,9.9,3.5,0,4
REC_00967,Mumbai,Maharashtra,19.076,72.8777,coastal_heavy_monsoon,2024-04-21,2024-04-23,2,2.3,0.0,28.1,28.4,47.4,51.7,1010.4,2.0,0.3,0,4
REC_03235,Delhi,NCR,28.6139,77.209,continental_subtropical,2024-04-21,2024-04-23,2,3.1,16.9,31.7,31.2,42.2,48.1,1012.2,2.6,0.5,0,4
REC_02711,Visakhapatnam,Andhra Pradesh,17.6868,83.2185,coastal_cyclonic,2024-04-22,2024-04-28,6,2.3,0.0,32.2,32.5,41.5,35.6,1007.4,0.0,6.9,0,4
REC_01397,Bengaluru,Karnataka,12.9716,77.5946,plateau_temperate,2024-04-22,2024-04-30,8,2.0,10.7,25.9,26.2,49.1,47.5,1009.6,11.6,9.5,0,4
REC_02995,Hyderabad,Telangana,17.385,78.4867,semi_arid,2024-04-23,2024-04-30,7,0.9,0.0,29.7,29.9,50.4,54.6,1012.9,0.7,0.3,0,4
REC_00644,Mumbai,Maharashtra,19.076,72.8777,coastal_heavy_monsoon,2024-04-23,2024-05-02,9,43.3,0.0,28.9,21.4,85.1,100.0,1007.0,42.2,1.1,0,5
REC_02632,Krishna District,Andhra Pradesh,16.5062,80.648,coastal_humid,2024-04-24,2024-04-25,1,1.3,4.9,36.5,37.7,46.3,44.5,1008.5,0.1,1.2,0,4
REC_00926,Delhi,NCR,28.6139,77.209,continental_subtropical,2024-04-24,2024-04-27,3,6.8,0.0,31.7,31.9,58.6,59.0,1007.6,0.8,5.9,0,4
REC_01470,Visakhapatnam,Andhra Pradesh,17.6868,83.2185,coastal_cyclonic,2024-04-24,2024-04-28,4,1.3,14.2,31.8,34.0,48.5,48.1,1008.7,0.2,1.1,0,4
REC_01341,Hyderabad,Telangana,17.385,78.4867,semi_arid,2024-04-24,2024-04-30,6,1.6,6.7,34.2,30.4,59.3,44.5,1008.7,6.7,5.0,0,4
REC_02029,Delhi,NCR,28.6139,77.209,continental_subtropical,2024-04-24,2024-04-30,6,9.9,5.4,39.3,38.5,63.8,52.5,1010.3,17.6,7.7,0,4
REC_00782,Bengaluru,Karnataka,12.9716,77.5946,plateau_temperate,2024-04-24,2024-05-03,9,8.0,35.0,33.9,29.8,53.7,54.8,1004.5,7.0,1.0,0,5
REC_03031,Bengaluru,Karnataka,12.9716,77.5946,plateau_temperate,2024-04-24,2024-05-03,9,5.2,0.0,38.0,43.1,48.3,52.1,1005.7,30.1,24.8,0,5
REC_01805,Delhi,NCR,28.6139,77.209,continental_subtropical,2024-04-25,2024-05-01,6,1.0,0.0,32.7,33.7,66.1,80.0,1003.7,0.0,4.4,0,5
REC_02115,Visakhapatnam,Andhra Pradesh,17.6868,83.2185,coastal_cyclonic,2024-04-25,2024-05-04,9,60.7,224.2,26.6,26.3,69.8,78.0,1013.9,66.1,5.3,0,5
REC_03014,Delhi,NCR,28.6139,77.209,continental_subtropical,2024-04-25,2024-05-04,9,1.2,0.0,32.5,27.9,49.4,28.7,1008.0,4.3,3.1,0,5
REC_00427,Hyderabad,Telangana,17.385,78.4867,semi_arid,2024-04-25,2024-05-05,10,5.7,0.0,32.1,32.4,53.1,69.6,1018.2,15.9,10.3,0,5
REC_03460,Visakhapatnam,Andhra Pradesh,17.6868,83.2185,coastal_cyclonic,2024-04-26,2024-04-27,1,0.4,0.7,32.8,32.7,42.3,41.1,1008.2,0.5,0.0,0,4
REC_00893,Mumbai,Maharashtra,19.076,72.8777,coastal_heavy_monsoon,2024-04-26,2024-04-28,2,3.5,11.2,32.1,31.8,64.2,69.9,1007.0,4.1,0.6,0,4
REC_00542,Delhi,NCR,28.6139,77.209,continental_subtropical,2024-04-26,2024-04-29,3,11.4,18.6,32.0,34.7,55.0,57.3,1012.7,16.0,4.6,0,4
REC_02200,Bengaluru,Karnataka,12.9716,77.5946,plateau_temperate,2024-04-26,2024-05-02,6,2.3,6.8,33.5,34.6,42.7,36.4,1011.5,0.0,3.8,0,5
REC_00721,Delhi,NCR,28.6139,77.209,continental_subtropical,2024-04-26,2024-05-03,7,0.2,32.7,30.2,28.9,45.5,45.0,1007.7,0.0,1.7,0,5
REC_00467,Hyderabad,Telangana,17.385,78.4867,semi_arid,2024-04-26,2024-05-06,10,1.7,45.1,36.9,34.4,61.1,62.6,1006.0,24.3,22.6,0,5
REC_00040,Krishna District,Andhra Pradesh,16.5062,80.648,coastal_humid,2024-04-27,2024-04-29,2,4.9,0.4,30.9,31.5,54.8,53.9,1008.5,2.4,2.5,0,4
REC_03256,Mumbai,Maharashtra,19.076,72.8777,coastal_heavy_monsoon,2024-04-27,2024-04-30,3,3.1,2.6,30.2,29.8,46.8,45.0,1008.0,2.9,0.1,0,4
REC_01164,Visakhapatnam,Andhra Pradesh,17.6868,83.2185,coastal_cyclonic,2024-04-27,2024-05-03,6,45.3,142.9,24.4,29.6,92.4,100.0,1005.9,58.5,13.1,0,5
REC_00920,Mumbai,Maharashtra,19.076,72.8777,coastal_heavy_monsoon,2024-04-27,2024-05-05,8,24.6,66.8,27.3,31.7,87.5,78.9,1009.9,17.6,7.0,0,5
REC_02928,Bengaluru,Karnataka,12.9716,77.5946,plateau_temperate,2024-04-27,2024-05-05,8,2.3,27.5,29.1,31.7,51.5,41.4,1006.6,11.5,9.2,0,5
REC_03456,Hyderabad,Telangana,17.385,78.4867,semi_arid,2024-04-28,2024-04-30,2,0.6,0.0,32.0,30.3,58.9,60.2,1014.3,1.0,0.4,0,4
REC_01154,Hyderabad,Telangana,17.385,78.4867,semi_arid,2024-04-28,2024-05-01,3,0.7,7.3,32.4,32.2,67.2,57.0,1006.2,0.0,5.3,0,5
REC_03486,Bengaluru,Karnataka,12.9716,77.5946,plateau_temperate,2024-04-28,2024-05-01,3,0.1,5.7,32.5,34.6,50.4,58.2,1014.3,1.1,1.0,0,5
REC_00639,Delhi,NCR,28.6139,77.209,continental_subtropical,2024-04-28,2024-05-03,5,1.4,0.0,26.8,29.2,47.4,63.7,1009.8,16.0,14.6,0,5
REC_01872,Visakhapatnam,Andhra Pradesh,17.6868,83.2185,coastal_cyclonic,2024-04-28,2024-05-04,6,25.1,23.7,25.1,28.2,93.2,82.6,1004.3,5.2,19.9,0,5
REC_01467,Bengaluru,Karnataka,12.9716,77.5946,plateau_temperate,2024-04-28,2024-05-06,8,4.3,57.4,31.6,33.0,60.2,59.6,1007.8,35.3,31.0,0,5
REC_01972,Hyderabad,Telangana,17.385,78.4867,semi_arid,2024-04-29,2024-05-04,5,0.4,0.0,29.0,32.0,52.5,45.9,1006.6,0.0,4.7,0,5
REC_01318,Krishna District,Andhra Pradesh,16.5062,80.648,coastal_humid,2024-04-29,2024-05-05,6,20.6,0.0,34.0,38.7,93.7,84.8,1009.8,4.9,15.7,0,5
REC_02580,Hyderabad,Telangana,17.385,78.4867,semi_arid,2024-04-29,2024-05-05,6,18.8,28.1,31.0,30.2,57.8,51.2,1004.9,12.7,6.1,0,5
REC_03386,Bengaluru,Karnataka,12.9716,77.5946,plateau_temperate,2024-04-29,2024-05-06,7,2.4,21.0,36.7,30.9,61.4,60.6,1004.9,11.3,8.9,0,5
REC_03239,Visakhapatnam,Andhra Pradesh,17.6868,83.2185,coastal_cyclonic,2024-04-29,2024-05-07,8,35.5,128.4,24.0,20.2,86.1,90.5,1007.8,48.2,12.7,0,5
REC_00821,Visakhapatnam,Andhra Pradesh,17.6868,83.2185,coastal_cyclonic,2024-04-29,2024-05-08,9,46.0,72.4,26.0,27.0,80.8,64.3,1000.7,42.3,3.6,0,5
REC_01475,Delhi,NCR,28.6139,77.209,continental_subtropical,2024-04-30,2024-05-04,4,0.6,16.1,35.5,34.2,67.8,71.3,1005.7,4.6,4.0,0,5
REC_02295,Bengaluru,Karnataka,12.9716,77.5946,plateau_temperate,2024-04-30,2024-05-04,4,5.6,13.1,32.7,33.1,62.2,63.8,1008.3,0.0,6.8,0,5
REC_01291,Hyderabad,Telangana,17.385,78.4867,semi_arid,2024-04-30,2024-05-05,5,0.7,16.8,30.3,31.6,51.4,68.7,1003.1,0.0,12.0,0,5
REC_01016,Bengaluru,Karnataka,12.9716,77.5946,plateau_temperate,2024-04-30,2024-05-07,7,1.2,0.0,37.0,32.7,65.6,53.9,1007.5,14.6,13.5,0,5
REC_00768,Hyderabad,Telangana,17.385,78.4867,semi_arid,2024-05-01,2024-05-03,2,3.7,6.5,33.7,35.4,47.0,44.5,1014.5,0.0,3.9,0,5
REC_01148,Hyderabad,Telangana,17.385,78.4867,semi_arid,2024-05-01,2024-05-03,2,8.8,12.1,31.0,29.9,66.3,65.7,1015.4,9.1,0.3,0,5
REC_02396,Visakhapatnam,Andhra Pradesh,17.6868,83.2185,coastal_cyclonic,2024-05-01,2024-05-06,5,14.0,32.1,26.3,24.1,72.2,82.8,1013.3,21.4,7.4,0,5
REC_01117,Delhi,NCR,28.6139,77.209,continental_subtropical,2024-05-02,2024-05-04,2,9.7,8.1,34.7,35.4,52.1,52.4,1008.9,8.6,1.1,0,5
REC_01676,Visakhapatnam,Andhra Pradesh,17.6868,83.2185,coastal_cyclonic,2024-05-02,2024-05-08,6,26.1,0.0,29.0,32.1,70.2,73.2,1011.3,30.6,4.5,0,5
REC_02747,Delhi,NCR,28.6139,77.209,continental_subtropical,2024-05-02,2024-05-10,8,4.9,21.2,31.8,31.3,54.5,53.5,1006.4,14.7,9.8,0,5
REC_01204,Delhi,NCR,28.6139,77.209,continental_subtropical,2024-05-03,2024-05-04,1,1.1,9.0,33.0,33.7,49.2,51.8,1009.5,1.7,0.6,0,5
REC_01409,Delhi,NCR,28.6139,77.209,continental_subtropical,2024-05-03,2024-05-09,6,0.8,25.1,36.3,33.5,35.2,23.2,1006.2,0.0,1.9,0,5
REC_01797,Krishna District,Andhra Pradesh,16.5062,80.648,coastal_humid,2024-05-03,2024-05-09,6,110.5,192.2,23.7,22.8,83.4,89.7,1003.9,102.4,8.2,0,5
REC_02321,Mumbai,Maharashtra,19.076,72.8777,coastal_heavy_monsoon,2024-05-03,2024-05-10,7,17.9,0.0,28.3,29.5,86.5,94.2,1010.0,32.8,14.9,0,5
REC_00679,Bengaluru,Karnataka,12.9716,77.5946,plateau_temperate,2024-05-03,2024-05-12,9,3.4,34.8,33.8,32.0,65.9,73.5,1011.3,0.0,17.0,0,5
REC_03472,Hyderabad,Telangana,17.385,78.4867,semi_arid,2024-05-03,2024-05-12,9,0.7,0.0,29.3,28.5,52.3,50.7,1010.5,16.2,15.5,0,5
REC_03173,Delhi,NCR,28.6139,77.209,continental_subtropical,2024-05-04,2024-05-09,5,9.3,0.0,36.8,33.8,54.9,61.4,1004.3,8.6,0.7,0,5
REC_01825,Krishna District,Andhra Pradesh,16.5062,80.648,coastal_humid,2024-05-04,2024-05-14,10,36.7,0.0,29.0,33.7,93.7,100.0,1005.7,39.1,2.4,0,5
REC_02272,Hyderabad,Telangana,17.385,78.4867,semi_arid,2024-05-04,2024-05-14,10,3.7,0.0,33.4,41.3,67.7,75.0,1009.3,5.7,2.0,0,5
REC_03379,Hyderabad,Telangana,17.385,78.4867,semi_arid,2024-05-05,2024-05-06,1,1.5,7.4,33.7,33.7,60.1,56.9,1005.5,2.3,0.8,0,5
REC_02157,Delhi,NCR,28.6139,77.209,continental_subtropical,2024-05-05,2024-05-11,6,2.3,72.7,31.6,31.9,57.1,63.8,1000.6,0.2,2.1,0,5
REC_01547,Krishna District,Andhra Pradesh,16.5062,80.648,coastal_humid,2024-05-05,2024-05-13,8,11.1,92.5,26.9,26.4,94.1,91.7,1002.1,7.0,4.2,0,5
REC_00025,Delhi,NCR,28.6139,77.209,continental_subtropical,2024-05-05,2024-05-14,9,9.9,0.0,31.6,29.8,61.2,70.3,1012.2,14.7,4.8,0,5
REC_01586,Bengaluru,Karnataka,12.9716,77.5946,plateau_temperate,2024-05-05,2024-05-15,10,0.7,18.8,37.5,28.7,61.1,62.5,1010.8,3.9,3.2,0,5
REC_01979,Delhi,NCR,28.6139,77.209,continental_subtropical,2024-05-06,2024-05-12,6,0.6,0.0,36.6,37.1,64.0,52.2,1004.0,0.0,14.8,0,5
REC_01595,Krishna District,Andhra Pradesh,16.5062,80.648,coastal_humid,2024-05-06,2024-05-13,7,4.2,29.6,28.4,31.2,80.5,83.7,1004.6,0.0,14.4,0,5
REC_01971,Bengaluru,Karnataka,12.9716,77.5946,plateau_temperate,2024-05-06,2024-05-14,8,2.7,79.5,35.2,34.7,54.2,40.0,1015.8,3.3,0.5,0,5
REC_01201,Krishna District,Andhra Pradesh,16.5062,80.648,coastal_humid,2024-05-07,2024-05-09,2,26.6,27.4,31.5,31.3,80.4,73.1,1009.2,26.2,0.4,0,5
REC_02779,Bengaluru,Karnataka,12.9716,77.5946,plateau_temperate,2024-05-07,2024-05-12,5,3.9,0.0,25.2,27.5,64.0,65.0,1010.2,12.5,8.5,0,5
REC_02413,Delhi,NCR,28.6139,77.209,continental_subtropical,2024-05-07,2024-05-14,7,0.3,0.0,32.8,30.9,54.8,63.8,1010.7,18.0,17.7,0,5
REC_01227,Bengaluru,Karnataka,12.9716,77.5946,plateau_temperate,2024-05-07,2024-05-15,8,1.2,0.0,32.4,29.4,57.7,71.9,1017.1,10.0,8.8,0,5
REC_02443,Hyderabad,Telangana,17.385,78.4867,semi_arid,2024-05-08,2024-05-10,2,2.8,2.6,33.7,35.0,53.3,55.4,1007.4,2.1,0.7,0,5
REC_00114,Krishna District,Andhra Pradesh,16.5062,80.648,coastal_humid,2024-05-08,2024-05-11,3,29.2,56.4,24.6,25.8,89.7,92.5,1006.6,27.2,2.0,0,5
REC_01113,Hyderabad,Telangana,17.385,78.4867,semi_arid,2024-05-08,2024-05-12,4,8.3,23.1,32.1,32.5,68.5,59.2,1015.1,5.2,3.1,0,5
REC_02299,Krishna District,Andhra Pradesh,16.5062,80.648,coastal_humid,2024-05-08,2024-05-12,4,17.0,24.0,25.9,27.6,87.1,91.7,1010.2,22.1,5.1,0,5
REC_01292,Krishna District,Andhra Pradesh,16.5062,80.648,coastal_humid,2024-05-08,2024-05-13,5,95.8,248.8,30.3,29.4,77.3,68.1,1002.5,90.8,5.0,0,5
REC_02061,Bengaluru,Karnataka,12.9716,77.5946,plateau_temperate,2024-05-08,2024-05-14,6,2.8,0.0,28.4,25.9,61.7,51.5,1006.7,0.1,2.8,0,5
REC_00225,Visakhapatnam,Andhra Pradesh,17.6868,83.2185,coastal_cyclonic,2024-05-08,2024-05-16,8,3.4,0.0,28.8,26.6,90.1,100.0,1010.6,0.0,32.1,0,5
REC_02012,Mumbai,Maharashtra,19.076,72.8777,coastal_heavy_monsoon,2024-05-09,2024-05-10,1,81.6,113.0,25.1,25.8,77.9,76.1,1011.7,80.5,1.2,0,5
REC_00228,Bengaluru,Karnataka,12.9716,77.5946,plateau_temperate,2024-05-09,2024-05-13,4,2.1,0.0,34.8,33.7,50.0,49.8,1008.8,5.7,3.6,0,5
REC_00532,Bengaluru,Karnataka,12.9716,77.5946,plateau_temperate,2024-05-09,2024-05-17,8,7.2,16.7,24.9,20.0,60.0,29.4,1014.6,2.7,4.6,0,5
REC_02081,Delhi,NCR,28.6139,77.209,continental_subtropical,2024-05-10,2024-05-12,2,5.6,12.7,30.0,29.6,57.2,56.0,1009.4,5.7,0.2,0,5
REC_01273,Mumbai,Maharashtra,19.076,72.8777,coastal_heavy_monsoon,2024-05-10,2024-05-14,4,8.5,0.0,25.5,28.3,79.6,74.4,1010.5,6.8,1.7,0,5
REC_02344,Hyderabad,Telangana,17.385,78.4867,semi_arid,2024-05-10,2024-05-17,7,0.4,2.8,30.8,28.8,49.3,49.4,1005.5,0.0,10.6,0,5
REC_02145,Bengaluru,Karnataka,12.9716,77.5946,plateau_temperate,2024-05-11,2024-05-13,2,9.4,0.5,29.7,28.4,45.2,38.6,1010.1,10.5,1.0,0,5
REC_00865,Hyderabad,Telangana,17.385,78.4867,semi_arid,2024-05-11,2024-05-14,3,4.9,0.0,28.9,26.6,42.5,39.9,1009.0,7.2,2.3,0,5
REC_00921,Bengaluru,Karnataka,12.9716,77.5946,plateau_temperate,2024-05-11,2024-05-14,3,4.6,0.0,35.4,34.8,62.4,58.1,1005.6,8.3,3.7,0,5
REC_01187,Visakhapatnam,Andhra Pradesh,17.6868,83.2185,coastal_cyclonic,2024-05-11,2024-05-17,6,5.6,12.6,29.4,27.7,86.2,73.9,1012.2,3.2,2.4,0,5
REC_03184,Bengaluru,Karnataka,12.9716,77.5946,plateau_temperate,2024-05-11,2024-05-18,7,1.6,10.4,35.0,35.5,50.1,59.8,1009.6,0.0,10.4,0,5
REC_02009,Bengaluru,Karnataka,12.9716,77.5946,plateau_temperate,2024-05-11,2024-05-19,8,4.8,14.2,35.5,35.7,47.2,44.3,1006.0,0.0,13.4,0,5
REC_01356,Hyderabad,Telangana,17.385,78.4867,semi_arid,2024-05-11,2024-05-21,10,4.5,0.0,36.4,38.2,48.2,46.6,1003.3,1.5,2.9,0,5
REC_02314,Bengaluru,Karnataka,12.9716,77.5946,plateau_temperate,2024-05-12,2024-05-13,1,4.3,3.3,29.9,30.8,61.3,60.1,1010.3,4.2,0.1,0,5
REC_02974,Mumbai,Maharashtra,19.076,72.8777,coastal_heavy_monsoon,2024-05-12,2024-05-15,3,59.8,18.9,21.5,20.4,89.0,85.2,1011.0,57.0,2.8,0,5
REC_02516,Krishna District,Andhra Pradesh,16.5062,80.648,coastal_humid,2024-05-12,2024-05-16,4,60.1,62.0,25.8,26.5,90.1,89.3,1009.6,57.8,2.3,0,5
REC_01906,Krishna District,Andhra Pradesh,16.5062,80.648,coastal_humid,2024-05-12,2024-05-22,10,46.4,27.9,32.0,36.0,82.1,64.8,1000.4,0.0,50.1,0,5
REC_00501,Bengaluru,Karnataka,12.9716,77.5946,plateau_temperate,2024-05-13,2024-05-16,3,9.8,29.2,31.3,31.8,31.8,28.8,1010.8,10.6,0.8,0,5
REC_01949,Krishna District,Andhra Pradesh,16.5062,80.648,coastal_humid,2024-05-13,2024-05-16,3,17.6,22.3,25.6,27.2,85.7,87.3,1006.1,18.5,0.8,0,5
REC_03200,Krishna District,Andhra Pradesh,16.5062,80.648,coastal_humid,2024-05-13,2024-05-16,3,64.6,2.2,29.8,29.7,79.5,74.2,1002.1,61.4,3.2,0,5
REC_02416,Krishna District,Andhra Pradesh,16.5062,80.648,coastal_humid,2024-05-13,2024-05-17,4,21.3,13.3,24.8,24.7,74.2,81.4,1010.5,28.2,6.8,0,5
REC_00650,Mumbai,Maharashtra,19.076,72.8777,coastal_heavy_monsoon,2024-05-13,2024-05-18,5,72.3,130.3,28.9,28.6,75.3,71.9,1003.5,67.7,4.6,0,5
REC_01978,Hyderabad,Telangana,17.385,78.4867,semi_arid,2024-05-13,2024-05-20,7,4.8,0.0,31.0,29.4,56.1,47.0,1014.1,0.0,8.8,0,5
REC_02947,Bengaluru,Karnataka,12.9716,77.5946,plateau_temperate,2024-05-13,2024-05-21,8,1.2,0.0,30.9,32.6,47.4,37.3,1012.1,0.0,13.7,0,5
REC_01745,Mumbai,Maharashtra,19.076,72.8777,coastal_heavy_monsoon,2024-05-13,2024-05-22,9,34.2,0.0,30.3,32.9,77.5,79.5,999.6,8.5,25.8,0,5
REC_02776,Bengaluru,Karnataka,12.9716,77.5946,plateau_temperate,2024-05-14,2024-05-15,1,1.3,3.2,39.0,38.8,58.8,60.5,1002.7,1.4,0.1,0,5
REC_00767,Visakhapatnam,Andhra Pradesh,17.6868,83.2185,coastal_cyclonic,2024-05-14,2024-05-18,4,24.3,32.3,27.7,25.5,82.0,85.1,1003.3,23.6,0.7,0,5
REC_02942,Hyderabad,Telangana,17.385,78.4867,semi_arid,2024-05-14,2024-05-18,4,3.1,0.0,35.4,35.4,53.1,50.4,1011.9,0.0,4.1,0,5
REC_00206,Krishna District,Andhra Pradesh,16.5062,80.648,coastal_humid,2024-05-14,2024-05-19,5,25.1,0.0,28.2,27.2,83.5,75.9,1013.5,29.3,4.2,0,5
REC_00723,Hyderabad,Telangana,17.385,78.4867,semi_arid,2024-05-14,2024-05-21,7,8.1,44.3,35.9,37.5,61.6,58.3,1006.8,22.8,14.7,0,5
REC_01598,Mumbai,Maharashtra,19.076,72.8777,coastal_heavy_monsoon,2024-05-14,2024-05-22,8,77.9,0.0,28.0,28.3,90.6,84.3,1008.5,90.9,13.0,0,5
REC_02094,Delhi,NCR,28.6139,77.209,continental_subtropical,2024-05-14,2024-05-23,9,4.2,14.7,30.4,27.2,44.9,48.3,1005.3,17.2,13.1,0,5
REC_02757,Krishna District,Andhra Pradesh,16.5062,80.648,coastal_humid,2024-05-15,2024-05-19,4,14.3,50.3,26.2,26.9,78.9,73.9,1000.9,13.0,1.3,0,5
REC_01685,Delhi,NCR,28.6139,77.209,continental_subtropical,2024-05-16,2024-05-17,1,3.4,3.9,39.2,39.5,53.2,58.6,1014.3,3.0,0.4,0,5
REC_00952,Hyderabad,Telangana,17.385,78.4867,semi_arid,2024-05-16,2024-05-23,7,0.6,3.0,36.6,37.7,55.4,69.6,1000.7,0.0,13.9,0,5
REC_01841,Delhi,NCR,28.6139,77.209,continental_subtropical,2024-05-17,2024-05-25,8,0.6,0.0,37.6,41.0,59.6,56.6,1005.3,4.4,3.7,0,5
REC_03299,Krishna District,Andhra Pradesh,16.5062,80.648,coastal_humid,2024-05-17,2024-05-25,8,19.2,0.0,30.0,33.2,94.0,100.0,1005.4,21.1,2.0,0,5
REC_01773,Delhi,NCR,28.6139,77.209,continental_subtropical,2024-05-17,2024-05-27,10,4.6,4.9,33.1,39.9,56.3,44.9,1007.6,20.2,15.6,0,5
REC_03076,Hyderabad,Telangana,17.385,78.4867,semi_arid,2024-05-18,2024-05-22,4,12.0,0.0,35.6,35.8,40.8,41.9,1005.9,10.6,1.4,0,5
REC_01472,Krishna District,Andhra Pradesh,16.5062,80.648,coastal_humid,2024-05-18,2024-05-23,5,43.2,98.2,34.9,37.1,93.8,94.5,1006.6,35.5,7.7,0,5
REC_00995,Bengaluru,Karnataka,12.9716,77.5946,plateau_temperate,2024-05-18,2024-05-24,6,2.3,0.0,32.3,32.3,56.2,57.1,1008.0,14.5,12.2,0,5
REC_01496,Bengaluru,Karnataka,12.9716,77.5946,plateau_temperate,2024-05-18,2024-05-24,6,4.3,0.0,28.3,29.4,51.0,37.6,1003.9,9.5,5.2,0,5
REC_01239,Delhi,NCR,28.6139,77.209,continental_subtropical,2024-05-18,2024-05-28,10,1.1,47.4,37.0,36.0,74.7,69.0,1013.8,9.0,7.8,0,5
REC_01560,Hyderabad,Telangana,17.385,78.4867,semi_arid,2024-05-18,2024-05-28,10,0.3,12.5,30.7,36.5,57.6,68.3,1014.7,21.2,20.9,0,5
REC_01259,Hyderabad,Telangana,17.385,78.4867,semi_arid,2024-05-19,2024-05-21,2,6.3,0.0,31.3,30.1,62.3,58.6,1006.3,7.3,1.1,0,5
REC_01992,Visakhapatnam,Andhra Pradesh,17.6868,83.2185,coastal_cyclonic,2024-05-19,2024-05-22,3,18.9,38.8,28.1,27.7,85.9,89.2,1002.1,23.4,4.5,0,5
REC_02330,Hyderabad,Telangana,17.385,78.4867,semi_arid,2024-05-19,2024-05-22,3,0.6,0.0,31.8,33.0,55.4,54.1,1009.9,0.0,1.3,0,5
REC_00222,Mumbai,Maharashtra,19.076,72.8777,coastal_heavy_monsoon,2024-05-19,2024-05-24,5,11.6,3.9,26.4,26.4,87.9,85.5,1015.4,13.0,1.4,0,5
REC_00948,Bengaluru,Karnataka,12.9716,77.5946,plateau_temperate,2024-05-19,2024-05-26,7,8.6,57.7,32.1,35.1,48.9,56.9,1010.7,0.0,10.6,0,5
REC_00007,Delhi,NCR,28.6139,77.209,continental_subtropical,2024-05-19,2024-05-28,9,0.0,0.0,34.7,32.5,62.1,42.8,1011.6,0.0,10.5,0,5
REC_00415,Hyderabad,Telangana,17.385,78.4867,semi_arid,2024-05-20,2024-05-25,5,5.7,0.5,32.1,32.1,38.1,36.6,1007.2,2.2,3.5,0,5
REC_01629,Bengaluru,Karnataka,12.9716,77.5946,plateau_temperate,2024-05-20,2024-05-27,7,1.3,0.0,38.9,37.4,69.0,68.4,1010.8,18.1,16.8,0,5
REC_02966,Delhi,NCR,28.6139,77.209,continental_subtropical,2024-05-20,2024-05-27,7,3.7,0.0,35.6,37.8,52.9,53.5,1020.0,0.0,12.5,0,5
REC_00473,Delhi,NCR,28.6139,77.209,continental_subtropical,2024-05-20,2024-05-29,9,3.4,52.9,34.7,38.4,52.1,56.4,1007.2,0.0,25.1,0,5
REC_01651,Delhi,NCR,28.6139,77.209,continental_subtropical,2024-05-20,2024-05-30,10,2.7,0.0,31.5,29.9,66.9,100.0,1004.7,5.2,2.5,0,5
REC_00321,Delhi,NCR,28.6139,77.209,continental_subtropical,2024-05-21,2024-05-23,2,1.1,7.4,29.6,27.2,44.1,37.9,1010.8,1.1,0.0,0,5
REC_01034,Krishna District,Andhra Pradesh,16.5062,80.648,coastal_humid,2024-05-21,2024-05-27,6,45.5,0.0,24.7,24.5,82.4,100.0,1015.9,58.3,12.8,0,5
REC_03316,Delhi,NCR,28.6139,77.209,continental_subtropical,2024-05-21,2024-05-28,7,2.2,0.0,33.8,31.7,69.8,61.8,1009.1,4.0,1.8,0,5
REC_02055,Visakhapatnam,Andhra Pradesh,17.6868,83.2185,coastal_cyclonic,2024-05-21,2024-05-29,8,12.2,42.4,32.0,32.4,73.1,71.5,1008.3,12.8,0.5,0,5
REC_01876,Krishna District,Andhra Pradesh,16.5062,80.648,coastal_humid,2024-05-21,2024-05-30,9,21.5,0.0,31.3,28.9,81.8,89.1,1004.8,5.2,16.3,0,5
REC_02069,Mumbai,Maharashtra,19.076,72.8777,coastal_heavy_monsoon,2024-05-22,2024-05-24,2,13.1,20.7,22.4,23.0,84.8,77.5,1006.0,12.4,0.7,0,5
REC_01300,Delhi,NCR,28.6139,77.209,continental_subtropical,2024-05-22,2024-05-28,6,0.5,0.0,39.8,38.6,41.1,28.2,1006.4,0.2,0.3,0,5
REC_01895,Bengaluru,Karnataka,12.9716,77.5946,plateau_temperate,2024-05-22,2024-05-28,6,2.9,0.0,36.8,38.8,46.8,30.4,1009.2,0.0,9.2,0,5
REC_00642,Delhi,NCR,28.6139,77.209,continental_subtropical,2024-05-22,2024-05-30,8,2.1,0.0,38.3,32.6,61.5,57.6,1004.6,7.2,5.1,0,5
REC_03103,Visakhapatnam,Andhra Pradesh,17.6868,83.2185,coastal_cyclonic,2024-05-22,2024-05-30,8,38.0,153.3,23.5,23.5,87.1,100.0,1008.8,42.2,4.3,0,5
REC_00861,Delhi,NCR,28.6139,77.209,continental_subtropical,2024-05-23,2024-05-28,5,3.7,1.4,29.6,32.2,64.3,55.0,1007.7,0.0,5.2,0,5
REC_01928,Delhi,NCR,28.6139,77.209,continental_subtropical,2024-05-23,2024-05-30,7,2.8,23.5,29.3,24.2,57.4,53.9,1004.9,19.8,17.0,0,5
REC_01442,Delhi,NCR,28.6139,77.209,continental_subtropical,2024-05-24,2024-05-25,1,0.0,0.1,30.7,31.0,60.7,57.5,1011.1,0.0,1.5,0,5
REC_02456,Krishna District,Andhra Pradesh,16.5062,80.648,coastal_humid,2024-05-24,2024-05-25,1,7.6,14.9,24.7,24.5,90.2,85.3,1012.8,6.4,1.3,0,5
REC_02226,Hyderabad,Telangana,17.385,78.4867,semi_arid,2024-05-24,2024-05-27,3,2.7,12.5,31.7,32.3,68.8,65.1,1013.7,5.9,3.2,0,5
REC_01597,Bengaluru,Karnataka,12.9716,77.5946,plateau_temperate,2024-05-24,2024-06-01,8,18.4,61.6,27.7,28.2,67.4,75.5,1009.0,26.8,8.5,1,6
REC_02008,Krishna District,Andhra Pradesh,16.5062,80.648,coastal_humid,2024-05-24,2024-06-03,10,37.0,0.0,23.5,26.6,83.1,70.9,1005.4,4.4,32.6,1,6
REC_00062,Krishna District,Andhra Pradesh,16.5062,80.648,coastal_humid,2024-05-25,2024-05-26,1,23.2,20.1,24.3,24.7,72.9,73.9,1013.5,21.9,1.3,0,5
REC_00756,Krishna District,Andhra Pradesh,16.5062,80.648,coastal_humid,2024-05-25,2024-05-28,3,16.1,32.8,27.3,25.0,73.8,79.9,1001.9,14.6,1.5,0,5
REC_01968,Mumbai,Maharashtra,19.076,72.8777,coastal_heavy_monsoon,2024-05-25,2024-06-02,8,32.4,94.4,29.9,25.0,67.6,76.9,1003.5,8.5,23.9,1,6
REC_01047,Visakhapatnam,Andhra Pradesh,17.6868,83.2185,coastal_cyclonic,2024-05-25,2024-06-03,9,34.2,29.9,29.7,24.1,71.2,76.2,1006.0,80.7,46.4,1,6
REC_03335,Mumbai,Maharashtra,19.076,72.8777,coastal_heavy_monsoon,2024-05-25,2024-06-03,9,40.2,80.1,22.9,23.6,78.3,66.4,1011.8,5.4,34.9,1,6
REC_03123,Hyderabad,Telangana,17.385,78.4867,semi_arid,2024-05-26,2024-05-31,5,18.3,32.0,38.5,38.4,52.1,51.7,1006.0,10.4,7.9,0,5
REC_00139,Krishna District,Andhra Pradesh,16.5062,80.648,coastal_humid,2024-05-26,2024-06-02,7,26.9,145.2,26.5,26.2,86.2,89.9,1011.4,0.0,27.6,1,6
REC_00240,Krishna District,Andhra Pradesh,16.5062,80.648,coastal_humid,2024-05-26,2024-06-04,9,5.1,0.0,33.4,38.1,73.2,91.0,1007.1,14.8,9.6,1,6
REC_01426,Krishna District,Andhra Pradesh,16.5062,80.648,coastal_humid,2024-05-27,2024-05-28,1,4.2,1.9,31.3,30.4,74.8,66.9,1011.6,4.3,0.1,0,5
REC_01812,Hyderabad,Telangana,17.385,78.4867,semi_arid,2024-05-27,2024-05-28,1,2.6,0.0,28.5,27.3,42.3,40.7,1004.5,1.4,1.2,0,5
REC_00561,Delhi,NCR,28.6139,77.209,continental_subtropical,2024-05-27,2024-05-30,3,3.5,0.0,31.5,31.4,58.5,63.5,1008.3,0.0,3.5,0,5
REC_00574,Hyderabad,Telangana,17.385,78.4867,semi_arid,2024-05-27,2024-05-31,4,5.4,19.1,35.9,33.8,51.3,53.3,1011.0,12.2,6.8,0,5
REC_02070,Mumbai,Maharashtra,19.076,72.8777,coastal_heavy_monsoon,2024-05-27,2024-05-31,4,30.5,3.2,27.9,27.5,74.1,70.5,1006.5,21.7,8.9,0,5
REC_02079,Bengaluru,Karnataka,12.9716,77.5946,plateau_temperate,2024-05-27,2024-06-05,9,33.0,28.9,25.1,26.5,95.3,93.1,1006.5,54.0,21.0,1,6
REC_01522,Hyderabad,Telangana,17.385,78.4867,semi_arid,2024-05-28,2024-06-02,5,7.0,2.1,28.3,27.5,79.1,77.1,1016.1,20.3,13.3,1,6
REC_01285,Delhi,NCR,28.6139,77.209,continental_subtropical,2024-05-28,2024-06-04,7,38.5,0.0,28.9,30.1,73.0,71.5,1011.5,57.0,18.5,1,6
REC_01749,Delhi,NCR,28.6139,77.209,continental_subtropical,2024-05-29,2024-06-01,3,11.2,0.0,31.6,32.1,76.4,71.9,1011.7,18.0,6.9,1,6
REC_01003,Krishna District,Andhra Pradesh,16.5062,80.648,coastal_humid,2024-05-29,2024-06-02,4,11.3,21.9,29.6,31.3,80.5,76.7,1011.0,10.9,0.4,1,6
REC_00989,Visakhapatnam,Andhra Pradesh,17.6868,83.2185,coastal_cyclonic,2024-05-29,2024-06-03,5,41.2,83.6,34.4,33.3,79.5,77.9,1005.4,35.1,6.1,1,6
REC_01879,Hyderabad,Telangana,17.385,78.4867,semi_arid,2024-05-29,2024-06-05,7,5.5,16.4,32.2,28.5,85.4,99.9,1011.2,4.2,1.3,1,6
REC_02507,Visakhapatnam,Andhra Pradesh,17.6868,83.2185,coastal_cyclonic,2024-05-29,2024-06-05,7,33.8,14.2,30.2,31.8,74.8,80.3,1009.6,0.2,33.6,1,6
REC_02856,Delhi,NCR,28.6139,77.209,continental_subtropical,2024-05-29,2024-06-05,7,5.8,0.0,28.0,26.9,89.4,88.6,1010.1,31.8,26.0,1,6
REC_03090,Hyderabad,Telangana,17.385,78.4867,semi_arid,2024-05-29,2024-06-05,7,21.7,0.0,30.7,30.6,78.4,92.8,1005.7,4.1,17.6,1,6
REC_02515,Bengaluru,Karnataka,12.9716,77.5946,plateau_temperate,2024-05-29,2024-06-06,8,5.2,68.8,37.8,40.6,83.4,66.6,1009.4,46.9,41.7,1,6
REC_00491,Krishna District,Andhra Pradesh,16.5062,80.648,coastal_humid,2024-05-29,2024-06-07,9,29.0,0.0,29.5,29.2,72.4,70.7,1007.1,52.3,23.2,1,6
REC_01862,Delhi,NCR,28.6139,77.209,continental_subtropical,2024-05-29,2024-06-08,10,2.2,0.0,26.1,26.9,76.8,60.2,1000.4,10.1,7.9,1,6
REC_01695,Mumbai,Maharashtra,19.076,72.8777,coastal_heavy_monsoon,2024-05-30,2024-05-31,1,1.6,3.1,28.3,28.5,92.3,92.1,1011.5,1.2,0.4,0,5
REC_02900,Visakhapatnam,Andhra Pradesh,17.6868,83.2185,coastal_cyclonic,2024-05-30,2024-06-02,3,19.7,50.2,31.9,29.3,88.7,91.7,1009.0,29.8,10.1,1,6
REC_01143,Hyderabad,Telangana,17.385,78.4867,semi_arid,2024-05-30,2024-06-04,5,13.3,0.0,34.0,33.0,78.4,79.4,1009.2,3.0,10.2,1,6
REC_00392,Mumbai,Maharashtra,19.076,72.8777,coastal_heavy_monsoon,2024-05-30,2024-06-05,6,8.3,0.0,33.1,31.8,79.7,81.6,1004.9,0.0,32.1,1,6
REC_02693,Hyderabad,Telangana,17.385,78.4867,semi_arid,2024-05-30,2024-06-05,6,8.2,0.0,32.2,31.9,94.4,89.1,1008.1,0.0,13.5,1,6
REC_01359,Visakhapatnam,Andhra Pradesh,17.6868,83.2185,coastal_cyclonic,2024-05-30,2024-06-06,7,62.7,140.2,28.1,31.6,72.2,81.8,1006.1,87.7,25.1,1,6
REC_00947,Delhi,NCR,28.6139,77.209,continental_subtropical,2024-05-30,2024-06-08,9,11.3,22.9,33.4,36.5,71.8,55.5,1004.5,0.0,21.3,1,6
REC_02320,Mumbai,Maharashtra,19.076,72.8777,coastal_heavy_monsoon,2024-05-31,2024-06-03,3,23.9,33.4,31.1,33.5,88.5,71.7,1010.0,38.7,14.8,1,6
REC_03016,Mumbai,Maharashtra,19.076,72.8777,coastal_heavy_monsoon,2024-05-31,2024-06-03,3,3.8,2.8,25.9,25.2,76.2,74.6,1005.0,3.6,0.2,1,6
REC_03496,Krishna District,Andhra Pradesh,16.5062,80.648,coastal_humid,2024-05-31,2024-06-05,5,15.9,24.0,22.0,19.8,79.7,79.5,999.9,7.1,8.8,1,6
REC_00615,Visakhapatnam,Andhra Pradesh,17.6868,83.2185,coastal_cyclonic,2024-05-31,2024-06-06,6,3.2,2.3,26.3,26.0,77.8,97.6,1000.4,10.3,7.1,1,6
REC_02774,Visakhapatnam,Andhra Pradesh,17.6868,83.2185,coastal_cyclonic,2024-06-01,2024-06-02,1,71.8,62.8,25.3,25.2,81.4,78.7,1005.5,70.9,0.9,1,6
REC_00462,Hyderabad,Telangana,17.385,78.4867,semi_arid,2024-06-01,2024-06-03,2,4.7,9.2,29.3,31.8,91.9,85.4,1006.4,0.0,4.7,1,6
REC_00647,Hyderabad,Telangana,17.385,78.4867,semi_arid,2024-06-01,2024-06-03,2,48.1,41.0,29.7,27.9,89.2,93.2,1006.1,48.0,0.1,1,6
REC_02228,Hyderabad,Telangana,17.385,78.4867,semi_arid,2024-06-02,2024-06-09,7,22.7,26.7,31.2,24.1,79.6,79.8,1010.6,25.7,3.0,1,6
REC_02694,Bengaluru,Karnataka,12.9716,77.5946,plateau_temperate,2024-06-02,2024-06-10,8,9.5,0.0,30.2,30.5,96.6,100.0,1004.4,23.5,14.1,1,6
REC_00293,Bengaluru,Karnataka,12.9716,77.5946,plateau_temperate,2024-06-03,2024-06-08,5,7.7,0.0,25.8,23.4,72.4,84.1,1011.5,0.0,8.5,1,6
REC_00094,Delhi,NCR,28.6139,77.209,continental_subtropical,2024-06-03,2024-06-09,6,25.2,0.0,27.7,28.2,82.1,73.1,1009.4,35.2,10.0,1,6
REC_01263,Visakhapatnam,Andhra Pradesh,17.6868,83.2185,coastal_cyclonic,2024-06-03,2024-06-09,6,7.2,5.9,30.8,31.4,86.6,90.2,1005.5,27.5,20.4,1,6
REC_01257,Hyderabad,Telangana,17.385,78.4867,semi_arid,2024-06-03,2024-06-11,8,59.7,40.0,24.2,22.5,85.2,92.9,1007.9,43.3,16.5,1,6
REC_02310,Hyderabad,Telangana,17.385,78.4867,semi_arid,2024-06-04,2024-06-11,7,12.3,0.7,26.3,22.8,89.8,95.8,1002.4,0.0,21.7,1,6
REC_02474,Krishna District,Andhra Pradesh,16.5062,80.648,coastal_humid,2024-06-04,2024-06-13,9,71.8,52.6,27.5,34.8,83.1,77.4,1009.4,35.6,36.1,1,6
REC_00201,Delhi,NCR,28.6139,77.209,continental_subtropical,2024-06-05,2024-06-07,2,6.0,5.1,29.7,29.1,82.7,86.6,1010.8,5.5,0.4,1,6
REC_03023,Mumbai,Maharashtra,19.076,72.8777,coastal_heavy_monsoon,2024-06-05,2024-06-09,4,9.0,21.5,28.6,28.3,88.4,87.7,1007.4,2.4,6.6,1,6
REC_02910,Visakhapatnam,Andhra Pradesh,17.6868,83.2185,coastal_cyclonic,2024-06-06,2024-06-11,5,1.0,0.0,33.1,32.4,89.0,100.0,1002.5,0.0,7.4,1,6
REC_01058,Krishna District,Andhra Pradesh,16.5062,80.648,coastal_humid,2024-06-07,2024-06-08,1,17.9,0.0,27.0,25.4,80.0,78.2,1010.9,17.9,0.0,1,6
REC_00143,Krishna District,Andhra Pradesh,16.5062,80.648,coastal_humid,2024-06-07,2024-06-12,5,6.3,15.6,29.8,27.9,76.8,76.5,1012.3,8.7,2.4,1,6
REC_01503,Mumbai,Maharashtra,19.076,72.8777,coastal_heavy_monsoon,2024-06-07,2024-06-13,6,4.1,0.0,31.0,31.0,74.8,73.8,1007.2,0.0,25.0,1,6
REC_00224,Visakhapatnam,Andhra Pradesh,17.6868,83.2185,coastal_cyclonic,2024-06-07,2024-06-14,7,5.7,33.4,29.6,27.0,81.2,83.6,1007.3,4.2,1.6,1,6
REC_00745,Mumbai,Maharashtra,19.076,72.8777,coastal_heavy_monsoon,2024-06-07,2024-06-14,7,117.5,105.5,30.1,33.5,87.6,86.3,1015.7,166.6,49.1,1,6
REC_01335,Delhi,NCR,28.6139,77.209,continental_subtropical,2024-06-07,2024-06-17,10,2.9,32.0,23.2,15.8,78.9,76.9,1011.8,0.0,16.6,1,6
REC_01982,Krishna District,Andhra Pradesh,16.5062,80.648,coastal_humid,2024-06-07,2024-06-17,10,32.3,134.3,24.2,30.7,90.8,100.0,1007.4,35.4,3.1,1,6
REC_03106,Mumbai,Maharashtra,19.076,72.8777,coastal_heavy_monsoon,2024-06-08,2024-06-11,3,2.5,0.0,30.1,30.8,70.9,65.5,1005.6,2.8,0.4,1,6
REC_00233,Krishna District,Andhra Pradesh,16.5062,80.648,coastal_humid,2024-06-08,2024-06-12,4,26.2,5.8,31.8,32.4,77.7,72.0,1008.6,32.9,6.7,1,6
REC_01499,Krishna District,Andhra Pradesh,16.5062,80.648,coastal_humid,2024-06-08,2024-06-13,5,9.4,11.4,26.0,25.4,83.6,75.7,1012.4,0.0,13.2,1,6
REC_00420,Hyderabad,Telangana,17.385,78.4867,semi_arid,2024-06-08,2024-06-14,6,0.2,26.8,34.2,32.0,74.8,71.3,1012.7,0.0,12.3,1,6
REC_00482,Visakhapatnam,Andhra Pradesh,17.6868,83.2185,coastal_cyclonic,2024-06-08,2024-06-16,8,5.1,0.0,31.0,24.1,84.6,86.6,1008.7,31.9,26.7,1,6
REC_01885,Visakhapatnam,Andhra Pradesh,17.6868,83.2185,coastal_cyclonic,2024-06-08,2024-06-16,8,25.6,160.7,28.6,31.2,86.8,85.8,1003.8,23.4,2.1,1,6
REC_03179,Bengaluru,Karnataka,12.9716,77.5946,plateau_temperate,2024-06-08,2024-06-16,8,12.9,62.1,28.9,25.4,98.0,93.7,1006.2,0.7,12.2,1,6
REC_02195,Mumbai,Maharashtra,19.076,72.8777,coastal_heavy_monsoon,2024-06-09,2024-06-10,1,0.9,0.0,29.6,27.8,85.4,82.8,1015.0,3.6,2.7,1,6
REC_03291,Mumbai,Maharashtra,19.076,72.8777,coastal_heavy_monsoon,2024-06-09,2024-06-10,1,7.7,4.4,28.2,27.8,86.0,93.5,1005.7,6.2,1.5,1,6
REC_00312,Krishna District,Andhra Pradesh,16.5062,80.648,coastal_humid,2024-06-09,2024-06-12,3,0.3,5.2,27.5,26.8,96.0,97.5,1013.5,10.0,9.7,1,6
REC_02279,Krishna District,Andhra Pradesh,16.5062,80.648,coastal_humid,2024-06-09,2024-06-17,8,10.6,34.5,28.6,25.0,73.8,66.0,1002.3,3.6,7.0,1,6
REC_03366,Visakhapatnam,Andhra Pradesh,17.6868,83.2185,coastal_cyclonic,2024-06-09,2024-06-17,8,1.8,0.0,31.5,34.8,85.4,79.0,1002.2,6.0,4.1,1,6
REC_00658,Delhi,NCR,28.6139,77.209,continental_subtropical,2024-06-10,2024-06-11,1,0.1,2.3,28.0,29.3,81.7,79.8,1002.4,0.4,0.2,1,6
REC_00695,Hyderabad,Telangana,17.385,78.4867,semi_arid,2024-06-10,2024-06-11,1,13.5,18.8,31.7,31.2,78.7,81.5,1002.7,14.1,0.5,1,6
REC_03397,Bengaluru,Karnataka,12.9716,77.5946,plateau_temperate,2024-06-10,2024-06-15,5,16.5,12.2,26.0,26.9,90.9,100.0,1003.3,0.0,21.1,1,6
REC_00749,Bengaluru,Karnataka,12.9716,77.5946,plateau_temperate,2024-06-10,2024-06-18,8,0.9,14.4,31.0,27.5,96.2,79.3,1001.1,33.3,32.3,1,6
REC_01782,Bengaluru,Karnataka,12.9716,77.5946,plateau_temperate,2024-06-11,2024-06-21,10,35.2,69.9,29.4,42.2,58.4,68.1,1005.9,66.3,31.1,1,6
REC_02208,Bengaluru,Karnataka,12.9716,77.5946,plateau_temperate,2024-06-12,2024-06-20,8,4.8,13.9,27.9,25.6,67.5,75.2,1007.4,0.0,16.4,1,6
REC_02826,Bengaluru,Karnataka,12.9716,77.5946,plateau_temperate,2024-06-12,2024-06-20,8,36.1,13.4,32.2,31.4,79.1,86.4,1010.6,0.0,43.9,1,6
REC_00801,Krishna District,Andhra Pradesh,16.5062,80.648,coastal_humid,2024-06-12,2024-06-21,9,29.2,57.5,26.4,28.2,86.5,91.5,1010.6,43.2,14.0,1,6
REC_02429,Mumbai,Maharashtra,19.076,72.8777,coastal_heavy_monsoon,2024-06-12,2024-06-22,10,38.7,0.0,29.8,34.1,79.9,67.5,1009.1,40.8,2.1,1,6
REC_01158,Hyderabad,Telangana,17.385,78.4867,semi_arid,2024-06-13,2024-06-17,4,1.5,8.1,28.6,28.9,68.4,79.3,1005.1,3.6,2.1,1,6
REC_02436,Hyderabad,Telangana,17.385,78.4867,semi_arid,2024-06-13,2024-06-17,4,34.1,0.0,34.1,31.5,70.0,73.3,1007.0,37.7,3.7,1,6
REC_00300,Hyderabad,Telangana,17.385,78.4867,semi_arid,2024-06-13,2024-06-18,5,27.8,68.7,29.1,28.1,85.9,79.0,1005.9,59.2,31.4,1,6
REC_03234,Bengaluru,Karnataka,12.9716,77.5946,plateau_temperate,2024-06-13,2024-06-19,6,7.4,34.5,28.4,26.3,86.1,100.0,1009.1,6.7,0.7,1,6
REC_03339,Visakhapatnam,Andhra Pradesh,17.6868,83.2185,coastal_cyclonic,2024-06-13,2024-06-20,7,30.5,0.0,30.9,33.1,81.2,62.7,1010.9,61.7,31.2,1,6
REC_01351,Visakhapatnam,Andhra Pradesh,17.6868,83.2185,coastal_cyclonic,2024-06-13,2024-06-23,10,0.5,2.6,26.7,27.8,98.0,95.2,1011.6,0.0,5.5,1,6
REC_02950,Hyderabad,Telangana,17.385,78.4867,semi_arid,2024-06-13,2024-06-23,10,6.1,68.6,26.5,26.3,95.1,89.1,1009.0,0.0,7.6,1,6
REC_00634,Delhi,NCR,28.6139,77.209,continental_subtropical,2024-06-14,2024-06-15,1,15.2,27.1,31.7,32.4,78.3,73.8,1010.2,15.2,0.0,1,6
REC_00365,Delhi,NCR,28.6139,77.209,continental_subtropical,2024-06-14,2024-06-17,3,3.5,4.1,30.3,31.0,78.6,76.6,1009.5,4.9,1.4,1,6
REC_00539,Krishna District,Andhra Pradesh,16.5062,80.648,coastal_humid,2024-06-14,2024-06-20,6,9.3,4.4,27.0,24.0,69.4,53.7,1004.8,6.5,2.8,1,6
REC_00386,Krishna District,Andhra Pradesh,16.5062,80.648,coastal_humid,2024-06-14,2024-06-23,9,26.7,0.0,28.3,28.0,85.9,100.0,1001.8,0.0,33.9,1,6
REC_03359,Krishna District,Andhra Pradesh,16.5062,80.648,coastal_humid,2024-06-15,2024-06-18,3,17.0,26.9,28.6,29.2,77.3,79.1,1008.6,19.6,2.6,1,6
REC_01527,Visakhapatnam,Andhra Pradesh,17.6868,83.2185,coastal_cyclonic,2024-06-15,2024-06-19,4,5.9,0.0,31.5,30.0,71.2,64.8,1012.6,7.1,1.1,1,6
REC_01403,Delhi,NCR,28.6139,77.209,continental_subtropical,2024-06-15,2024-06-20,5,14.9,42.3,28.2,29.8,78.4,74.5,1009.0,6.3,8.6,1,6
REC_00023,Mumbai,Maharashtra,19.076,72.8777,coastal_heavy_monsoon,2024-06-16,2024-06-20,4,8.6,50.9,31.6,31.8,80.1,70.5,1012.8,2.8,5.9,1,6
REC_02607,Mumbai,Maharashtra,19.076,72.8777,coastal_heavy_monsoon,2024-06-16,2024-06-21,5,100.5,41.7,25.9,28.9,75.3,86.7,1019.8,115.1,14.6,1,6
REC_02113,Mumbai,Maharashtra,19.076,72.8777,coastal_heavy_monsoon,2024-06-16,2024-06-24,8,9.7,20.3,26.6,26.0,79.9,75.6,1006.8,0.0,14.8,1,6
REC_03074,Visakhapatnam,Andhra Pradesh,17.6868,83.2185,coastal_cyclonic,2024-06-16,2024-06-25,9,1.7,0.0,31.9,36.6,83.7,91.7,1006.9,0.0,21.2,1,6
REC_01684,Mumbai,Maharashtra,19.076,72.8777,coastal_heavy_monsoon,2024-06-17,2024-06-20,3,18.9,28.3,35.8,36.8,74.3,80.6,1012.6,23.3,4.4,1,6
REC_01703,Krishna District,Andhra Pradesh,16.5062,80.648,coastal_humid,2024-06-17,2024-06-24,7,0.5,0.0,29.2,28.2,91.4,91.7,1004.9,0.0,5.1,1,6
REC_03139,Visakhapatnam,Andhra Pradesh,17.6868,83.2185,coastal_cyclonic,2024-06-17,2024-06-24,7,35.1,0.0,31.6,32.1,81.7,72.1,1003.8,30.1,5.0,1,6
REC_00013,Krishna District,Andhra Pradesh,16.5062,80.648,coastal_humid,2024-06-17,2024-06-25,8,47.7,90.9,21.0,20.5,84.8,87.3,1006.4,55.5,7.8,1,6
REC_03079,Delhi,NCR,28.6139,77.209,continental_subtropical,2024-06-17,2024-06-26,9,48.4,36.5,25.2,29.7,82.0,100.0,1012.4,23.8,24.7,1,6
REC_01897,Delhi,NCR,28.6139,77.209,continental_subtropical,2024-06-18,2024-06-27,9,1.5,49.8,30.5,25.6,84.6,93.9,1004.3,0.0,12.4,1,6
REC_02427,Mumbai,Maharashtra,19.076,72.8777,coastal_heavy_monsoon,2024-06-18,2024-06-27,9,37.6,0.0,31.3,32.8,92.0,97.9,1006.4,30.3,7.3,1,6
REC_03267,Visakhapatnam,Andhra Pradesh,17.6868,83.2185,coastal_cyclonic,2024-06-19,2024-06-21,2,7.7,24.7,34.0,33.6,98.0,99.9,1010.9,12.2,4.5,1,6
REC_01659,Delhi,NCR,28.6139,77.209,continental_subtropical,2024-06-19,2024-06-26,7,7.0,35.6,27.0,26.1,78.2,69.7,1005.7,0.8,6.3,1,6
REC_02052,Delhi,NCR,28.6139,77.209,continental_subtropical,2024-06-19,2024-06-26,7,27.2,1.6,29.5,30.6,92.3,86.7,1007.4,62.2,35.0,1,6
REC_00051,Krishna District,Andhra Pradesh,16.5062,80.648,coastal_humid,2024-06-19,2024-06-27,8,10.4,35.2,30.7,30.3,89.8,88.9,1011.0,0.0,39.7,1,6
REC_01377,Delhi,NCR,28.6139,77.209,continental_subtropical,2024-06-19,2024-06-27,8,9.6,83.5,32.8,29.7,92.0,93.6,1009.8,0.0,17.0,1,6
REC_02114,Krishna District,Andhra Pradesh,16.5062,80.648,coastal_humid,2024-06-19,2024-06-27,8,41.1,217.2,29.9,26.2,83.5,81.7,1013.1,43.4,2.4,1,6
REC_02379,Hyderabad,Telangana,17.385,78.4867,semi_arid,2024-06-19,2024-06-29,10,42.8,258.5,33.3,38.9,88.6,87.3,1006.6,44.5,1.8,1,6
REC_03201,Bengaluru,Karnataka,12.9716,77.5946,plateau_temperate,2024-06-20,2024-06-21,1,5.7,0.0,27.9,27.3,84.9,80.8,1008.2,7.4,1.7,1,6
REC_01750,Delhi,NCR,28.6139,77.209,continental_subtropical,2024-06-20,2024-06-22,2,0.2,4.6,27.1,29.2,89.3,86.2,1012.4,3.2,3.0,1,6
REC_01594,Bengaluru,Karnataka,12.9716,77.5946,plateau_temperate,2024-06-20,2024-06-24,4,8.4,4.0,24.0,23.5,74.3,77.1,1007.4,5.6,2.8,1,6
REC_01372,Mumbai,Maharashtra,19.076,72.8777,coastal_heavy_monsoon,2024-06-20,2024-06-25,5,42.5,80.2,34.3,35.7,80.5,74.8,1000.1,42.1,0.4,1,6
REC_00981,Visakhapatnam,Andhra Pradesh,17.6868,83.2185,coastal_cyclonic,2024-06-20,2024-06-29,9,25.0,32.4,27.1,21.6,74.8,83.0,1006.0,45.8,20.9,1,6
REC_03452,Hyderabad,Telangana,17.385,78.4867,semi_arid,2024-06-21,2024-06-22,1,37.9,31.0,27.8,28.4,88.7,83.6,1007.4,39.1,1.3,1,6
REC_01365,Hyderabad,Telangana,17.385,78.4867,semi_arid,2024-06-21,2024-06-23,2,19.3,10.6,24.2,22.4,98.0,95.7,1007.5,18.3,1.0,1,6
REC_01621,Krishna District,Andhra Pradesh,16.5062,80.648,coastal_humid,2024-06-21,2024-06-23,2,12.6,11.5,28.6,28.4,81.5,83.6,1006.1,11.7,1.0,1,6
REC_01649,Visakhapatnam,Andhra Pradesh,17.6868,83.2185,coastal_cyclonic,2024-06-21,2024-06-23,2,0.3,0.0,29.1,30.2,86.7,89.5,1000.8,0.0,4.4,1,6
REC_01904,Mumbai,Maharashtra,19.076,72.8777,coastal_heavy_monsoon,2024-06-21,2024-06-27,6,4.5,0.0,29.4,29.0,76.0,68.0,1010.4,0.0,13.3,1,6
REC_00521,Mumbai,Maharashtra,19.076,72.8777,coastal_heavy_monsoon,2024-06-22,2024-06-28,6,32.2,0.0,29.4,32.9,87.7,90.7,1008.9,50.9,18.7,1,6
REC_01732,Mumbai,Maharashtra,19.076,72.8777,coastal_heavy_monsoon,2024-06-22,2024-06-29,7,9.8,14.7,31.7,30.2,98.0,100.0,1011.1,0.0,17.9,1,6
REC_02832,Mumbai,Maharashtra,19.076,72.8777,coastal_heavy_monsoon,2024-06-22,2024-06-29,7,36.6,78.2,30.8,31.2,87.5,100.0,1006.1,36.7,0.0,1,6
REC_01304,Visakhapatnam,Andhra Pradesh,17.6868,83.2185,coastal_cyclonic,2024-06-22,2024-07-01,9,6.4,69.5,35.0,30.4,87.9,74.0,1010.5,26.1,19.7,1,7
REC_02936,Delhi,NCR,28.6139,77.209,continental_subtropical,2024-06-23,2024-06-24,1,4.6,3.9,27.8,27.6,78.7,77.8,1000.0,3.3,1.3,1,6
REC_00551,Krishna District,Andhra Pradesh,16.5062,80.648,coastal_humid,2024-06-23,2024-06-26,3,4.0,0.4,27.3,26.3,73.0,68.9,1011.3,0.0,16.4,1,6
REC_01437,Bengaluru,Karnataka,12.9716,77.5946,plateau_temperate,2024-06-23,2024-06-26,3,37.0,81.7,29.2,28.7,67.8,65.3,1009.9,40.6,3.7,1,6
REC_01989,Krishna District,Andhra Pradesh,16.5062,80.648,coastal_humid,2024-06-23,2024-06-26,3,8.8,5.5,26.9,22.1,85.1,73.7,1007.9,0.0,15.8,1,6
REC_01477,Visakhapatnam,Andhra Pradesh,17.6868,83.2185,coastal_cyclonic,2024-06-23,2024-06-27,4,48.4,37.7,24.6,28.0,83.9,87.3,999.3,40.6,7.8,1,6
REC_02197,Mumbai,Maharashtra,19.076,72.8777,coastal_heavy_monsoon,2024-06-23,2024-06-28,5,185.1,233.8,27.3,23.0,91.3,100.0,1007.3,190.2,5.1,1,6
REC_00085,Mumbai,Maharashtra,19.076,72.8777,coastal_heavy_monsoon,2024-06-23,2024-07-02,9,2.5,0.0,29.0,31.4,83.3,81.8,1005.3,0.0,4.7,1,7
REC_01668,Mumbai,Maharashtra,19.076,72.8777,coastal_heavy_monsoon,2024-06-23,2024-07-02,9,30.3,64.1,25.6,25.4,71.3,65.7,1014.1,0.0,37.5,1,7
REC_01457,Krishna District,Andhra Pradesh,16.5062,80.648,coastal_humid,2024-06-24,2024-06-26,2,13.0,4.6,25.4,26.3,78.0,72.4,1009.3,15.4,2.3,1,6
REC_01476,Bengaluru,Karnataka,12.9716,77.5946,plateau_temperate,2024-06-24,2024-06-28,4,20.5,47.7,35.5,36.0,87.0,93.2,1013.5,27.5,7.0,1,6
REC_00124,Visakhapatnam,Andhra Pradesh,17.6868,83.2185,coastal_cyclonic,2024-06-24,2024-06-30,6,27.6,92.4,30.8,29.1,83.6,100.0,1010.8,29.2,1.7,1,6
REC_01552,Delhi,NCR,28.6139,77.209,continental_subtropical,2024-06-24,2024-07-01,7,16.1,32.7,33.2,33.1,73.7,74.4,1009.5,24.8,8.7,1,7
REC_03071,Mumbai,Maharashtra,19.076,72.8777,coastal_heavy_monsoon,2024-06-25,2024-06-26,1,22.6,44.3,31.8,32.7,94.1,95.8,1009.4,22.0,0.6,1,6
REC_01534,Visakhapatnam,Andhra Pradesh,17.6868,83.2185,coastal_cyclonic,2024-06-25,2024-06-30,5,20.7,11.5,31.0,32.4,71.4,77.1,1006.9,57.5,36.8,1,6
REC_01717,Delhi,NCR,28.6139,77.209,continental_subtropical,2024-06-26,2024-07-01,5,4.8,0.3,29.8,25.8,77.7,84.5,1004.4,0.0,14.5,1,7
REC_00403,Delhi,NCR,28.6139,77.209,continental_subtropical,2024-06-26,2024-07-02,6,4.5,0.0,25.9,26.1,89.5,100.0,1007.0,0.0,14.4,1,7
REC_00236,Visakhapatnam,Andhra Pradesh,17.6868,83.2185,coastal_cyclonic,2024-06-26,2024-07-04,8,3.6,0.0,30.9,30.5,72.9,51.0,1008.4,4.5,0.9,1,7
REC_02110,Krishna District,Andhra Pradesh,16.5062,80.648,coastal_humid,2024-06-26,2024-07-05,9,39.1,127.2,30.5,28.0,86.3,74.2,1012.1,67.4,28.3,1,7
REC_01301,Mumbai,Maharashtra,19.076,72.8777,coastal_heavy_monsoon,2024-06-26,2024-07-06,10,58.6,0.0,22.8,31.6,84.7,75.5,1010.4,79.7,21.1,1,7
REC_01678,Krishna District,Andhra Pradesh,16.5062,80.648,coastal_humid,2024-06-27,2024-06-28,1,26.1,0.0,27.7,28.4,74.6,73.0,1007.9,25.5,0.6,1,6
REC_00619,Mumbai,Maharashtra,19.076,72.8777,coastal_heavy_monsoon,2024-06-27,2024-07-02,5,3.8,0.0,28.9,29.6,71.4,79.4,1010.7,6.7,2.9,1,7
REC_02138,Mumbai,Maharashtra,19.076,72.8777,coastal_heavy_monsoon,2024-06-27,2024-07-05,8,86.1,0.0,31.4,28.6,73.4,71.9,1007.4,78.0,8.1,1,7
REC_00979,Hyderabad,Telangana,17.385,78.4867,semi_arid,2024-06-27,2024-07-07,10,2.4,1.1,27.1,25.8,84.5,84.3,1003.0,0.0,34.4,1,7
REC_03261,Krishna District,Andhra Pradesh,16.5062,80.648,coastal_humid,2024-06-28,2024-07-02,4,32.7,7.7,28.9,28.1,83.5,81.4,1004.4,17.8,15.0,1,7
REC_01122,Bengaluru,Karnataka,12.9716,77.5946,plateau_temperate,2024-06-28,2024-07-06,8,10.6,6.0,22.7,23.6,85.3,63.5,1007.1,22.8,12.1,1,7
REC_00004,Delhi,NCR,28.6139,77.209,continental_subtropical,2024-06-28,2024-07-07,9,1.4,0.0,31.8,34.8,77.2,61.6,1015.4,1.9,0.4,1,7
REC_00968,Visakhapatnam,Andhra Pradesh,17.6868,83.2185,coastal_cyclonic,2024-06-28,2024-07-07,9,2.8,30.6,28.7,33.2,90.1,98.0,1006.4,49.3,46.5,1,7
REC_01914,Krishna District,Andhra Pradesh,16.5062,80.648,coastal_humid,2024-06-29,2024-07-01,2,47.1,57.1,31.7,30.5,90.4,92.8,1006.7,51.4,4.3,1,7
REC_00140,Delhi,NCR,28.6139,77.209,continental_subtropical,2024-06-29,2024-07-03,4,28.4,27.2,32.9,34.2,79.9,80.3,1007.2,29.2,0.8,1,7
REC_00383,Visakhapatnam,Andhra Pradesh,17.6868,83.2185,coastal_cyclonic,2024-06-29,2024-07-06,7,0.3,0.0,30.4,30.1,86.1,87.6,1008.7,20.9,20.6,1,7
REC_03271,Delhi,NCR,28.6139,77.209,continental_subtropical,2024-06-29,2024-07-07,8,49.0,184.0,29.7,26.4,73.8,63.9,1008.7,10.1,38.9,1,7
REC_02254,Mumbai,Maharashtra,19.076,72.8777,coastal_heavy_monsoon,2024-06-30,2024-07-02,2,1.3,0.0,30.1,30.9,69.5,78.3,1008.9,6.0,4.6,1,7
REC_02481,Delhi,NCR,28.6139,77.209,continental_subtropical,2024-06-30,2024-07-06,6,3.0,6.3,29.0,26.5,96.0,100.0,1007.8,0.0,31.1,1,7
REC_02843,Bengaluru,Karnataka,12.9716,77.5946,plateau_temperate,2024-06-30,2024-07-06,6,25.8,13.8,27.0,26.1,77.4,90.1,1007.9,28.8,3.0,1,7
REC_01261,Delhi,NCR,28.6139,77.209,continental_subtropical,2024-06-30,2024-07-07,7,17.1,38.4,25.5,23.8,90.1,75.4,1012.9,42.9,25.8,1,7
REC_02914,Delhi,NCR,28.6139,77.209,continental_subtropical,2024-06-30,2024-07-07,7,12.8,0.0,27.0,31.5,97.6,90.0,1008.3,0.0,25.7,1,7
REC_00364,Delhi,NCR,28.6139,77.209,continental_subtropical,2024-06-30,2024-07-09,9,11.3,0.0,31.0,28.9,93.8,83.1,1003.3,4.5,6.8,1,7
REC_02289,Delhi,NCR,28.6139,77.209,continental_subtropical,2024-07-01,2024-07-05,4,0.0,0.0,30.1,34.4,88.6,95.0,1009.1,7.7,7.6,1,7
REC_03029,Krishna District,Andhra Pradesh,16.5062,80.648,coastal_humid,2024-07-01,2024-07-06,5,27.7,7.0,28.8,29.7,74.9,72.0,1007.1,52.4,24.6,1,7
REC_00530,Bengaluru,Karnataka,12.9716,77.5946,plateau_temperate,2024-07-01,2024-07-09,8,0.8,0.0,24.0,21.1,89.7,100.0,1008.8,0.0,8.3,1,7
REC_01053,Hyderabad,Telangana,17.385,78.4867,semi_arid,2024-07-03,2024-07-05,2,23.5,18.4,31.0,30.8,87.2,96.5,1003.9,19.8,3.8,1,7
REC_02964,Delhi,NCR,28.6139,77.209,continental_subtropical,2024-07-03,2024-07-05,2,11.8,7.3,31.9,31.6,81.3,83.3,1005.8,10.7,1.1,1,7
REC_00784,Mumbai,Maharashtra,19.076,72.8777,coastal_heavy_monsoon,2024-07-03,2024-07-09,6,10.0,0.0,26.8,29.4,98.0,86.4,1004.6,0.2,9.9,1,7
REC_02958,Delhi,NCR,28.6139,77.209,continental_subtropical,2024-07-03,2024-07-10,7,14.1,18.2,29.9,24.3,78.8,88.7,1010.1,0.0,49.7,1,7
REC_00339,Mumbai,Maharashtra,19.076,72.8777,coastal_heavy_monsoon,2024-07-03,2024-07-11,8,33.0,0.0,29.3,27.3,81.6,69.8,1002.3,3.3,29.7,1,7
REC_01114,Krishna District,Andhra Pradesh,16.5062,80.648,coastal_humid,2024-07-03,2024-07-11,8,6.7,53.1,26.1,25.8,85.1,98.9,1011.2,0.0,30.1,1,7
REC_03362,Bengaluru,Karnataka,12.9716,77.5946,plateau_temperate,2024-07-03,2024-07-11,8,2.3,15.0,28.5,28.5,86.8,96.3,1006.7,0.0,59.3,1,7
REC_01329,Krishna District,Andhra Pradesh,16.5062,80.648,coastal_humid,2024-07-04,2024-07-07,3,8.5,21.4,25.3,28.6,76.3,74.6,1008.5,17.0,8.5,1,7
REC_03199,Krishna District,Andhra Pradesh,16.5062,80.648,coastal_humid,2024-07-04,2024-07-07,3,4.3,0.0,26.0,25.3,86.7,81.1,1011.1,9.6,5.4,1,7
REC_00351,Hyderabad,Telangana,17.385,78.4867,semi_arid,2024-07-04,2024-07-10,6,45.4,0.0,26.1,27.4,98.0,99.4,1003.6,51.2,5.8,1,7
REC_00418,Krishna District,Andhra Pradesh,16.5062,80.648,coastal_humid,2024-07-04,2024-07-13,9,14.6,0.0,28.3,30.4,85.5,89.3,1005.1,7.4,7.2,1,7
REC_02357,Hyderabad,Telangana,17.385,78.4867,semi_arid,2024-07-05,2024-07-11,6,7.2,74.6,28.2,30.9,61.0,61.6,1007.3,30.3,23.1,1,7
REC_03060,Hyderabad,Telangana,17.385,78.4867,semi_arid,2024-07-05,2024-07-12,7,26.1,61.9,25.8,29.2,92.4,88.5,1007.9,56.4,30.2,1,7
REC_01524,Hyderabad,Telangana,17.385,78.4867,semi_arid,2024-07-05,2024-07-15,10,9.5,7.1,24.0,25.0,86.3,67.9,1000.8,34.2,24.8,1,7
REC_01655,Visakhapatnam,Andhra Pradesh,17.6868,83.2185,coastal_cyclonic,2024-07-05,2024-07-15,10,19.2,41.1,28.1,33.8,87.3,93.3,1013.3,0.0,34.5,1,7
REC_02864,Hyderabad,Telangana,17.385,78.4867,semi_arid,2024-07-06,2024-07-10,4,3.4,0.0,30.4,29.8,74.0,78.5,1010.6,16.1,12.7,1,7
REC_00661,Visakhapatnam,Andhra Pradesh,17.6868,83.2185,coastal_cyclonic,2024-07-06,2024-07-11,5,19.9,38.7,30.7,29.4,78.4,75.0,1006.2,28.0,8.1,1,7
REC_01006,Mumbai,Maharashtra,19.076,72.8777,coastal_heavy_monsoon,2024-07-06,2024-07-15,9,9.8,43.9,30.5,28.8,78.4,82.0,1008.9,0.0,18.8,1,7
REC_02873,Krishna District,Andhra Pradesh,16.5062,80.648,coastal_humid,2024-07-07,2024-07-10,3,17.5,0.0,32.6,32.0,94.9,100.0,1012.0,23.2,5.7,1,7
REC_01935,Delhi,NCR,28.6139,77.209,continental_subtropical,2024-07-07,2024-07-11,4,0.3,0.0,27.1,27.7,80.6,71.6,1010.7,0.0,9.0,1,7
REC_02719,Delhi,NCR,28.6139,77.209,continental_subtropical,2024-07-07,2024-07-11,4,49.3,39.4,25.8,26.3,83.5,91.9,1001.2,59.5,10.2,1,7
REC_01627,Mumbai,Maharashtra,19.076,72.8777,coastal_heavy_monsoon,2024-07-07,2024-07-16,9,61.5,0.0,31.3,28.2,80.2,86.6,1014.4,73.4,12.0,1,7
REC_02369,Visakhapatnam,Andhra Pradesh,17.6868,83.2185,coastal_cyclonic,2024-07-07,2024-07-16,9,19.3,47.8,27.3,22.1,78.1,77.3,1018.6,11.3,8.1,1,7
REC_03310,Bengaluru,Karnataka,12.9716,77.5946,plateau_temperate,2024-07-07,2024-07-17,10,33.5,260.7,24.9,22.9,85.0,91.1,1008.5,72.8,39.3,1,7
REC_02815,Hyderabad,Telangana,17.385,78.4867,semi_arid,2024-07-08,2024-07-09,1,22.1,27.8,32.6,33.8,66.8,70.6,1012.5,21.3,0.8,1,7
REC_01290,Hyderabad,Telangana,17.385,78.4867,semi_arid,2024-07-08,2024-07-11,3,19.4,28.0,28.4,29.7,78.5,76.7,1003.5,12.0,7.4,1,7
REC_00894,Visakhapatnam,Andhra Pradesh,17.6868,83.2185,coastal_cyclonic,2024-07-08,2024-07-15,7,34.6,91.5,25.1,24.1,67.6,75.0,1012.3,76.1,41.5,1,7
REC_01486,Visakhapatnam,Andhra Pradesh,17.6868,83.2185,coastal_cyclonic,2024-07-08,2024-07-18,10,25.2,49.0,28.1,36.6,79.5,53.9,1013.3,31.2,6.0,1,7
REC_02880,Hyderabad,Telangana,17.385,78.4867,semi_arid,2024-07-09,2024-07-10,1,2.6,5.5,28.5,28.6,84.1,88.2,1012.3,1.4,1.1,1,7
REC_03066,Hyderabad,Telangana,17.385,78.4867,semi_arid,2024-07-09,2024-07-16,7,30.9,36.5,35.6,36.5,88.3,65.5,1008.4,73.2,42.3,1,7
REC_00855,Hyderabad,Telangana,17.385,78.4867,semi_arid,2024-07-10,2024-07-12,2,15.7,20.4,30.0,29.0,76.5,78.6,1010.6,16.1,0.4,1,7
REC_01089,Visakhapatnam,Andhra Pradesh,17.6868,83.2185,coastal_cyclonic,2024-07-10,2024-07-12,2,58.7,95.8,28.6,30.9,90.7,86.4,1007.8,59.9,1.2,1,7
REC_02154,Mumbai,Maharashtra,19.076,72.8777,coastal_heavy_monsoon,2024-07-10,2024-07-13,3,28.5,33.8,26.6,27.4,87.5,83.6,1004.8,23.8,4.7,1,7
REC_00780,Visakhapatnam,Andhra Pradesh,17.6868,83.2185,coastal_cyclonic,2024-07-10,2024-07-17,7,32.8,114.0,34.2,38.6,71.8,75.1,1004.4,62.9,30.2,1,7
REC_01921,Bengaluru,Karnataka,12.9716,77.5946,plateau_temperate,2024-07-10,2024-07-17,7,5.9,24.4,25.9,26.1,87.0,74.2,1004.2,0.0,6.9,1,7
REC_01927,Delhi,NCR,28.6139,77.209,continental_subtropical,2024-07-10,2024-07-19,9,1.6,11.3,29.5,24.4,83.7,94.5,1006.5,0.0,10.0,1,7
REC_00527,Krishna District,Andhra Pradesh,16.5062,80.648,coastal_humid,2024-07-11,2024-07-15,4,40.6,1.6,30.9,29.0,88.5,96.7,1007.4,47.4,6.8,1,7
REC_00675,Bengaluru,Karnataka,12.9716,77.5946,plateau_temperate,2024-07-11,2024-07-16,5,3.8,12.8,24.4,20.7,78.0,62.2,1004.7,9.7,5.8,1,7
REC_02178,Krishna District,Andhra Pradesh,16.5062,80.648,coastal_humid,2024-07-12,2024-07-14,2,6.0,10.0,28.8,29.0,83.9,84.6,1012.6,11.1,5.1,1,7
REC_00736,Delhi,NCR,28.6139,77.209,continental_subtropical,2024-07-12,2024-07-20,8,0.3,0.0,30.0,31.9,90.2,100.0,1007.2,15.8,15.4,1,7
REC_00686,Delhi,NCR,28.6139,77.209,continental_subtropical,2024-07-12,2024-07-22,10,33.1,73.7,27.0,20.4,79.2,71.4,1011.1,70.9,37.8,1,7
REC_02112,Hyderabad,Telangana,17.385,78.4867,semi_arid,2024-07-12,2024-07-22,10,5.7,92.4,29.0,30.4,80.8,77.9,1015.3,2.9,2.9,1,7
REC_00612,Hyderabad,Telangana,17.385,78.4867,semi_arid,2024-07-13,2024-07-16,3,2.5,0.0,25.9,26.8,90.2,90.3,1011.2,2.3,0.1,1,7
REC_01433,Bengaluru,Karnataka,12.9716,77.5946,plateau_temperate,2024-07-13,2024-07-17,4,7.6,0.0,28.9,33.4,76.2,78.1,1011.1,0.0,10.1,1,7
REC_02164,Delhi,NCR,28.6139,77.209,continental_subtropical,2024-07-14,2024-07-16,2,7.8,34.7,26.6,25.3,84.4,80.7,1008.4,6.1,1.7,1,7
REC_02497,Krishna District,Andhra Pradesh,16.5062,80.648,coastal_humid,2024-07-14,2024-07-16,2,3.8,8.7,31.4,32.8,90.6,91.0,1006.1,3.3,0.5,1,7
REC_02132,Mumbai,Maharashtra,19.076,72.8777,coastal_heavy_monsoon,2024-07-14,2024-07-21,7,6.8,0.0,23.1,23.0,84.0,83.6,1012.2,4.4,2.4,1,7
REC_01091,Bengaluru,Karnataka,12.9716,77.5946,plateau_temperate,2024-07-14,2024-07-24,10,17.1,1.0,31.1,22.5,76.9,67.3,1012.8,0.0,64.2,1,7
REC_02716,Mumbai,Maharashtra,19.076,72.8777,coastal_heavy_monsoon,2024-07-15,2024-07-16,1,1.0,3.7,27.8,28.7,84.0,83.7,1006.0,0.0,1.4,1,7
REC_01466,Visakhapatnam,Andhra Pradesh,17.6868,83.2185,coastal_cyclonic,2024-07-15,2024-07-21,6,12.2,35.0,24.1,22.2,98.0,94.5,1010.4,0.0,35.4,1,7
REC_01097,Krishna District,Andhra Pradesh,16.5062,80.648,coastal_humid,2024-07-15,2024-07-23,8,19.1,0.0,30.2,30.6,76.1,72.5,1006.2,18.9,0.2,1,7
REC_02405,Bengaluru,Karnataka,12.9716,77.5946,plateau_temperate,2024-07-15,2024-07-23,8,24.9,75.2,31.8,36.1,68.3,74.2,1007.6,55.3,30.4,1,7
REC_02721,Mumbai,Maharashtra,19.076,72.8777,coastal_heavy_monsoon,2024-07-15,2024-07-23,8,0.6,8.9,28.7,31.9,81.6,86.2,1005.0,0.0,7.6,1,7
REC_01185,Hyderabad,Telangana,17.385,78.4867,semi_arid,2024-07-15,2024-07-24,9,0.8,35.0,26.3,27.7,91.6,89.8,1002.8,0.0,28.2,1,7
REC_01777,Krishna District,Andhra Pradesh,16.5062,80.648,coastal_humid,2024-07-16,2024-07-23,7,15.3,67.6,27.2,24.8,81.4,69.9,1013.2,31.1,15.8,1,7
REC_03276,Krishna District,Andhra Pradesh,16.5062,80.648,coastal_humid,2024-07-16,2024-07-23,7,2.2,0.2,30.7,28.2,80.9,85.6,1004.2,0.0,30.4,1,7
REC_01843,Delhi,NCR,28.6139,77.209,continental_subtropical,2024-07-16,2024-07-25,9,1.8,97.9,27.3,26.8,78.1,91.5,1008.8,17.4,15.6,1,7
REC_02477,Bengaluru,Karnataka,12.9716,77.5946,plateau_temperate,2024-07-17,2024-07-18,1,3.0,1.0,32.6,33.2,79.8,82.3,1018.2,4.1,1.1,1,7
REC_02613,Mumbai,Maharashtra,19.076,72.8777,coastal_heavy_monsoon,2024-07-17,2024-07-18,1,19.4,21.8,30.7,31.4,72.2,72.3,1006.5,20.1,0.7,1,7
REC_02806,Mumbai,Maharashtra,19.076,72.8777,coastal_heavy_monsoon,2024-07-17,2024-07-19,2,46.2,37.3,32.0,33.0,76.1,75.7,1012.0,47.1,0.9,1,7
REC_00009,Krishna District,Andhra Pradesh,16.5062,80.648,coastal_humid,2024-07-17,2024-07-20,3,3.6,34.4,31.9,30.6,88.4,86.1,1014.0,1.0,2.5,1,7
REC_02834,Krishna District,Andhra Pradesh,16.5062,80.648,coastal_humid,2024-07-17,2024-07-22,5,63.1,0.0,29.7,27.7,85.8,80.0,1011.6,60.9,2.2,1,7
REC_03156,Bengaluru,Karnataka,12.9716,77.5946,plateau_temperate,2024-07-17,2024-07-27,10,13.5,0.0,28.2,25.0,91.9,99.4,1002.2,0.0,17.5,1,7
REC_03426,Hyderabad,Telangana,17.385,78.4867,semi_arid,2024-07-18,2024-07-23,5,34.8,44.8,31.1,26.4,90.9,79.2,1007.0,63.4,28.5,1,7
REC_00237,Mumbai,Maharashtra,19.076,72.8777,coastal_heavy_monsoon,2024-07-18,2024-07-27,9,24.1,55.4,23.1,26.1,87.9,100.0,1011.4,0.0,40.3,1,7
REC_00449,Mumbai,Maharashtra,19.076,72.8777,coastal_heavy_monsoon,2024-07-18,2024-07-28,10,11.4,0.0,29.3,27.1,86.1,94.7,1004.3,0.0,40.7,1,7
REC_02074,Delhi,NCR,28.6139,77.209,continental_subtropical,2024-07-19,2024-07-23,4,5.3,3.1,24.8,25.0,75.6,79.6,1010.0,4.9,0.4,1,7
REC_02193,Krishna District,Andhra Pradesh,16.5062,80.648,coastal_humid,2024-07-19,2024-07-25,6,115.7,385.7,25.0,28.3,82.8,99.6,1007.9,116.8,1.1,1,7
REC_03073,Krishna District,Andhra Pradesh,16.5062,80.648,coastal_humid,2024-07-19,2024-07-26,7,61.2,109.8,28.1,28.4,80.3,87.1,1012.6,51.8,9.4,1,7
REC_03425,Mumbai,Maharashtra,19.076,72.8777,coastal_heavy_monsoon,2024-07-19,2024-07-28,9,91.1,0.0,33.2,27.8,61.5,58.7,1007.4,106.7,15.6,1,7
REC_01422,Delhi,NCR,28.6139,77.209,continental_subtropical,2024-07-19,2024-07-29,10,6.9,10.4,29.2,30.8,85.5,86.3,1007.7,0.0,39.3,1,7
REC_00909,Delhi,NCR,28.6139,77.209,continental_subtropical,2024-07-20,2024-07-21,1,13.2,13.4,27.7,27.5,87.4,90.5,996.9,11.2,2.0,1,7
REC_01665,Visakhapatnam,Andhra Pradesh,17.6868,83.2185,coastal_cyclonic,2024-07-20,2024-07-23,3,25.1,49.0,25.5,25.4,77.1,70.7,1016.2,32.4,7.3,1,7
REC_00685,Visakhapatnam,Andhra Pradesh,17.6868,83.2185,coastal_cyclonic,2024-07-20,2024-07-24,4,10.2,5.2,32.7,32.1,80.5,86.7,1004.0,20.8,10.7,1,7
REC_02186,Mumbai,Maharashtra,19.076,72.8777,coastal_heavy_monsoon,2024-07-21,2024-07-22,1,10.3,20.8,29.7,29.2,90.9,92.9,1007.6,11.2,0.9,1,7
REC_00951,Delhi,NCR,28.6139,77.209,continental_subtropical,2024-07-21,2024-07-23,2,29.3,33.3,30.6,32.8,85.7,84.4,1008.9,30.2,0.9,1,7
REC_00011,Visakhapatnam,Andhra Pradesh,17.6868,83.2185,coastal_cyclonic,2024-07-21,2024-07-27,6,14.8,0.0,26.6,29.5,87.9,90.3,1007.2,22.7,7.9,1,7
REC_00303,Mumbai,Maharashtra,19.076,72.8777,coastal_heavy_monsoon,2024-07-21,2024-07-30,9,2.0,0.0,26.9,26.3,89.5,96.4,1015.3,22.6,20.6,1,7
REC_00250,Mumbai,Maharashtra,19.076,72.8777,coastal_heavy_monsoon,2024-07-22,2024-07-29,7,13.2,59.9,32.1,26.1,74.8,100.0,1005.4,26.6,13.5,1,7
REC_03039,Delhi,NCR,28.6139,77.209,continental_subtropical,2024-07-22,2024-07-31,9,32.6,78.9,30.9,31.7,76.2,79.0,1003.5,4.7,27.9,1,7
REC_01555,Mumbai,Maharashtra,19.076,72.8777,coastal_heavy_monsoon,2024-07-22,2024-08-01,10,6.8,38.3,30.0,24.2,83.3,84.1,1016.0,0.0,42.2,1,8
REC_01152,Mumbai,Maharashtra,19.076,72.8777,coastal_heavy_monsoon,2024-07-23,2024-07-27,4,13.0,12.1,27.7,28.9,88.5,87.0,1004.3,9.7,3.4,1,7
REC_00274,Krishna District,Andhra Pradesh,16.5062,80.648,coastal_humid,2024-07-23,2024-07-28,5,102.4,263.1,24.9,21.5,83.4,76.8,1009.0,105.7,3.3,1,7
REC_00052,Mumbai,Maharashtra,19.076,72.8777,coastal_heavy_monsoon,2024-07-24,2024-07-27,3,46.6,89.8,28.2,25.8,68.3,64.9,1013.4,47.4,0.9,1,7
REC_01423,Bengaluru,Karnataka,12.9716,77.5946,plateau_temperate,2024-07-24,2024-07-28,4,16.3,37.7,29.9,28.7,87.0,90.7,1004.4,5.3,11.1,1,7
REC_03417,Hyderabad,Telangana,17.385,78.4867,semi_arid,2024-07-24,2024-07-29,5,5.4,0.0,25.4,27.6,91.9,88.5,1001.1,0.0,9.2,1,7
REC_00701,Visakhapatnam,Andhra Pradesh,17.6868,83.2185,coastal_cyclonic,2024-07-24,2024-07-31,7,82.6,206.1,23.1,21.4,79.8,83.9,1008.0,46.7,35.9,1,7
REC_01637,Bengaluru,Karnataka,12.9716,77.5946,plateau_temperate,2024-07-24,2024-08-02,9,1.6,0.0,28.8,31.7,87.9,90.5,1008.0,0.0,54.5,1,8
REC_01628,Krishna District,Andhra Pradesh,16.5062,80.648,coastal_humid,2024-07-24,2024-08-03,10,3.3,1.7,29.5,32.2,71.1,85.1,1007.1,37.9,34.5,1,8
REC_02209,Delhi,NCR,28.6139,77.209,continental_subtropical,2024-07-24,2024-08-03,10,9.4,68.5,29.6,25.5,79.2,100.0,1010.2,0.0,23.2,1,8
REC_02913,Mumbai,Maharashtra,19.076,72.8777,coastal_heavy_monsoon,2024-07-24,2024-08-03,10,8.7,34.7,30.5,37.0,66.6,72.1,1005.9,0.0,49.1,1,8
REC_01796,Hyderabad,Telangana,17.385,78.4867,semi_arid,2024-07-25,2024-07-26,1,18.0,10.4,26.9,26.2,98.0,95.6,1004.0,16.1,2.0,1,7
REC_03075,Hyderabad,Telangana,17.385,78.4867,semi_arid,2024-07-25,2024-07-27,2,0.1,9.4,25.7,27.0,76.7,74.2,1005.1,0.9,0.7,1,7
REC_00343,Delhi,NCR,28.6139,77.209,continental_subtropical,2024-07-25,2024-07-28,3,4.0,7.5,26.9,27.3,83.0,82.5,1012.6,10.1,6.1,1,7
REC_00430,Visakhapatnam,Andhra Pradesh,17.6868,83.2185,coastal_cyclonic,2024-07-25,2024-07-28,3,5.9,3.3,35.5,34.0,86.0,92.9,1015.2,0.6,5.3,1,7
REC_02781,Bengaluru,Karnataka,12.9716,77.5946,plateau_temperate,2024-07-25,2024-07-29,4,16.7,12.6,30.1,30.9,66.3,72.6,1005.6,10.5,6.3,1,7
REC_00583,Visakhapatnam,Andhra Pradesh,17.6868,83.2185,coastal_cyclonic,2024-07-25,2024-08-04,10,16.1,0.0,32.2,35.5,75.8,74.0,1008.5,20.2,4.1,1,8
REC_02550,Hyderabad,Telangana,17.385,78.4867,semi_arid,2024-07-26,2024-07-28,2,4.6,0.0,22.9,23.5,90.1,96.0,1011.0,7.5,2.9,1,7
REC_01573,Krishna District,Andhra Pradesh,16.5062,80.648,coastal_humid,2024-07-26,2024-07-30,4,3.9,4.9,30.4,31.2,87.3,83.0,1005.7,15.9,12.1,1,7
REC_01852,Hyderabad,Telangana,17.385,78.4867,semi_arid,2024-07-26,2024-08-01,6,8.8,9.2,31.6,33.6,86.7,93.3,1010.7,0.0,21.7,1,8
REC_03268,Bengaluru,Karnataka,12.9716,77.5946,plateau_temperate,2024-07-26,2024-08-02,7,5.7,19.1,28.9,27.5,78.2,84.2,1015.6,0.0,11.4,1,8
REC_02212,Visakhapatnam,Andhra Pradesh,17.6868,83.2185,coastal_cyclonic,2024-07-26,2024-08-03,8,43.2,0.0,30.5,33.2,84.0,87.5,1010.2,27.3,15.9,1,8
REC_01757,Visakhapatnam,Andhra Pradesh,17.6868,83.2185,coastal_cyclonic,2024-07-27,2024-07-28,1,3.3,3.6,24.1,24.8,80.6,83.1,1004.0,4.1,0.8,1,7
REC_00830,Krishna District,Andhra Pradesh,16.5062,80.648,coastal_humid,2024-07-27,2024-07-31,4,1.7,0.0,27.9,28.0,75.2,73.1,1006.1,0.0,5.8,1,7
REC_00487,Bengaluru,Karnataka,12.9716,77.5946,plateau_temperate,2024-07-27,2024-08-01,5,1.6,0.0,25.8,26.5,73.5,66.4,1004.3,8.8,7.2,1,8
REC_01952,Hyderabad,Telangana,17.385,78.4867,semi_arid,2024-07-27,2024-08-03,7,26.0,12.5,27.9,30.5,85.8,97.0,1009.1,39.7,13.7,1,8
REC_00943,Bengaluru,Karnataka,12.9716,77.5946,plateau_temperate,2024-07-28,2024-07-30,2,4.8,5.5,27.7,27.9,82.3,85.4,1007.4,8.2,3.4,1,7
REC_03152,Visakhapatnam,Andhra Pradesh,17.6868,83.2185,coastal_cyclonic,2024-07-28,2024-07-30,2,51.9,12.2,30.8,29.2,77.6,77.5,1001.8,51.5,0.4,1,7
REC_01710,Bengaluru,Karnataka,12.9716,77.5946,plateau_temperate,2024-07-28,2024-07-31,3,10.1,8.1,27.9,27.6,79.2,75.7,999.0,11.6,1.4,1,7
REC_02018,Bengaluru,Karnataka,12.9716,77.5946,plateau_temperate,2024-07-28,2024-08-01,4,5.4,13.5,25.6,25.0,91.5,90.1,1003.2,30.7,25.3,1,8
REC_00680,Delhi,NCR,28.6139,77.209,continental_subtropical,2024-07-28,2024-08-02,5,19.2,14.2,23.8,24.0,70.0,76.1,1004.3,0.0,19.3,1,8
REC_01673,Krishna District,Andhra Pradesh,16.5062,80.648,coastal_humid,2024-07-28,2024-08-02,5,33.6,23.2,35.0,35.5,86.1,75.4,1006.2,16.8,16.7,1,8
REC_02714,Krishna District,Andhra Pradesh,16.5062,80.648,coastal_humid,2024-07-28,2024-08-02,5,3.3,10.2,33.4,31.4,86.7,78.4,1010.8,10.2,6.9,1,8
REC_01953,Delhi,NCR,28.6139,77.209,continental_subtropical,2024-07-28,2024-08-03,6,5.8,0.0,30.4,33.3,81.1,89.9,1007.6,6.5,0.7,1,8
REC_02724,Bengaluru,Karnataka,12.9716,77.5946,plateau_temperate,2024-07-28,2024-08-04,7,13.1,0.0,23.1,20.3,80.5,67.6,1010.7,0.0,36.1,1,8
REC_02420,Hyderabad,Telangana,17.385,78.4867,semi_arid,2024-07-28,2024-08-05,8,46.0,0.0,27.8,26.8,66.5,89.1,1003.5,28.7,17.3,1,8
REC_00961,Krishna District,Andhra Pradesh,16.5062,80.648,coastal_humid,2024-07-29,2024-07-30,1,4.4,6.6,30.0,30.6,79.6,83.8,1005.2,7.0,2.5,1,7
REC_01653,Krishna District,Andhra Pradesh,16.5062,80.648,coastal_humid,2024-07-29,2024-08-04,6,1.2,0.0,25.5,22.5,92.4,66.1,1011.7,29.4,28.3,1,8
REC_01531,Krishna District,Andhra Pradesh,16.5062,80.648,coastal_humid,2024-07-29,2024-08-05,7,5.2,0.0,29.9,33.3,78.3,80.5,1008.9,7.5,2.3,1,8
REC_02383,Visakhapatnam,Andhra Pradesh,17.6868,83.2185,coastal_cyclonic,2024-07-29,2024-08-05,7,7.8,52.0,27.9,27.8,79.5,91.5,1006.4,8.7,0.9,1,8
REC_01574,Bengaluru,Karnataka,12.9716,77.5946,plateau_temperate,2024-07-29,2024-08-06,8,3.3,48.9,31.4,36.7,87.5,92.6,1012.2,0.0,14.8,1,8
REC_00478,Mumbai,Maharashtra,19.076,72.8777,coastal_heavy_monsoon,2024-07-29,2024-08-07,9,12.4,5.3,29.7,41.2,84.2,100.0,999.5,0.0,31.7,1,8
REC_00582,Delhi,NCR,28.6139,77.209,continental_subtropical,2024-07-29,2024-08-08,10,22.4,78.0,31.4,27.3,83.7,100.0,1006.8,30.3,7.9,1,8
REC_00132,Krishna District,Andhra Pradesh,16.5062,80.648,coastal_humid,2024-07-31,2024-08-05,5,19.3,22.8,32.4,33.7,95.8,87.6,1009.7,18.8,0.6,1,8
REC_00282,Krishna District,Andhra Pradesh,16.5062,80.648,coastal_humid,2024-07-31,2024-08-07,7,5.9,17.6,29.1,34.3,85.4,83.4,1008.1,20.4,14.5,1,8
REC_00298,Hyderabad,Telangana,17.385,78.4867,semi_arid,2024-07-31,2024-08-07,7,11.6,0.0,31.8,33.8,82.0,90.8,1010.7,36.2,24.7,1,8
REC_00448,Visakhapatnam,Andhra Pradesh,17.6868,83.2185,coastal_cyclonic,2024-07-31,2024-08-08,8,22.7,0.0,26.0,24.8,91.2,90.5,1013.5,30.8,8.1,1,8
REC_03416,Hyderabad,Telangana,17.385,78.4867,semi_arid,2024-07-31,2024-08-08,8,48.0,26.0,26.7,23.7,89.3,100.0,1007.4,56.0,8.0,1,8
REC_01119,Bengaluru,Karnataka,12.9716,77.5946,plateau_temperate,2024-08-01,2024-08-07,6,24.9,35.2,31.5,31.2,87.2,90.8,1008.6,14.3,10.6,1,8
REC_02867,Krishna District,Andhra Pradesh,16.5062,80.648,coastal_humid,2024-08-01,2024-08-08,7,9.6,72.5,32.7,31.3,84.4,76.1,1002.4,38.2,28.5,1,8
REC_03466,Visakhapatnam,Andhra Pradesh,17.6868,83.2185,coastal_cyclonic,2024-08-02,2024-08-04,2,18.7,32.9,32.3,30.1,79.1,76.0,1000.3,14.2,4.5,1,8
REC_03399,Mumbai,Maharashtra,19.076,72.8777,coastal_heavy_monsoon,2024-08-02,2024-08-08,6,3.8,0.0,31.8,31.8,83.1,85.0,1007.9,21.2,17.5,1,8
REC_01515,Bengaluru,Karnataka,12.9716,77.5946,plateau_temperate,2024-08-02,2024-08-10,8,9.8,0.0,32.3,34.3,81.2,68.3,1008.2,0.0,32.2,1,8
REC_00879,Hyderabad,Telangana,17.385,78.4867,semi_arid,2024-08-02,2024-08-11,9,2.2,0.0,29.9,33.6,96.6,74.6,1006.1,0.0,14.5,1,8
REC_01488,Delhi,NCR,28.6139,77.209,continental_subtropical,2024-08-03,2024-08-06,3,0.4,0.0,31.2,30.9,89.8,93.2,1008.7,0.7,0.4,1,8
REC_02647,Mumbai,Maharashtra,19.076,72.8777,coastal_heavy_monsoon,2024-08-03,2024-08-06,3,0.2,1.0,27.5,27.4,81.2,83.0,1003.3,0.0,5.0,1,8
REC_00340,Hyderabad,Telangana,17.385,78.4867,semi_arid,2024-08-03,2024-08-07,4,12.7,24.3,31.1,29.8,88.8,92.7,1003.1,6.6,6.0,1,8
REC_00505,Krishna District,Andhra Pradesh,16.5062,80.648,coastal_humid,2024-08-03,2024-08-08,5,95.7,0.0,26.3,28.2,61.3,53.0,1008.2,81.9,13.8,1,8
REC_02627,Krishna District,Andhra Pradesh,16.5062,80.648,coastal_humid,2024-08-03,2024-08-13,10,8.0,0.0,27.7,24.8,82.2,74.2,1015.4,70.5,62.5,1,8
REC_03019,Delhi,NCR,28.6139,77.209,continental_subtropical,2024-08-05,2024-08-09,4,1.5,3.2,26.8,28.4,88.2,96.4,1010.8,18.5,17.0,1,8
REC_01656,Delhi,NCR,28.6139,77.209,continental_subtropical,2024-08-05,2024-08-12,7,13.2,86.0,28.7,31.1,75.1,64.9,1013.1,40.0,26.8,1,8
REC_00161,Krishna District,Andhra Pradesh,16.5062,80.648,coastal_humid,2024-08-06,2024-08-13,7,11.3,14.4,31.1,29.1,97.6,87.3,1007.0,0.0,39.0,1,8
REC_00047,Mumbai,Maharashtra,19.076,72.8777,coastal_heavy_monsoon,2024-08-06,2024-08-15,9,0.3,11.3,27.0,27.3,81.6,63.1,1013.1,0.0,24.1,1,8
REC_01136,Mumbai,Maharashtra,19.076,72.8777,coastal_heavy_monsoon,2024-08-07,2024-08-11,4,7.3,0.0,29.2,28.6,81.4,82.3,1006.9,2.5,4.7,1,8
REC_00120,Hyderabad,Telangana,17.385,78.4867,semi_arid,2024-08-07,2024-08-16,9,8.3,0.0,32.2,28.6,70.4,79.5,999.2,0.0,13.8,1,8
REC_01268,Mumbai,Maharashtra,19.076,72.8777,coastal_heavy_monsoon,2024-08-08,2024-08-11,3,2.6,0.3,31.6,33.9,80.9,86.2,1004.9,5.9,3.3,1,8
REC_02184,Mumbai,Maharashtra,19.076,72.8777,coastal_heavy_monsoon,2024-08-08,2024-08-18,10,92.0,139.4,26.9,23.7,71.4,50.9,1011.9,87.7,4.3,1,8
REC_01023,Bengaluru,Karnataka,12.9716,77.5946,plateau_temperate,2024-08-09,2024-08-15,6,9.8,0.0,30.5,30.3,91.2,91.8,1004.6,21.9,12.1,1,8
REC_00208,Mumbai,Maharashtra,19.076,72.8777,coastal_heavy_monsoon,2024-08-10,2024-08-11,1,67.2,46.0,26.8,26.5,80.6,84.2,1020.8,66.6,0.5,1,8
REC_03078,Delhi,NCR,28.6139,77.209,continental_subtropical,2024-08-10,2024-08-12,2,35.0,26.6,26.5,28.1,66.6,66.0,1009.9,38.6,3.6,1,8
REC_01439,Bengaluru,Karnataka,12.9716,77.5946,plateau_temperate,2024-08-10,2024-08-13,3,9.0,0.0,30.6,30.2,88.1,81.8,1008.0,23.5,14.5,1,8
REC_01917,Hyderabad,Telangana,17.385,78.4867,semi_arid,2024-08-10,2024-08-14,4,15.2,10.6,31.7,30.3,85.1,93.2,1007.1,27.1,11.9,1,8
REC_02983,Mumbai,Maharashtra,19.076,72.8777,coastal_heavy_monsoon,2024-08-10,2024-08-15,5,3.7,15.8,28.9,30.1,85.2,87.6,1010.1,0.0,9.4,1,8
REC_02715,Hyderabad,Telangana,17.385,78.4867,semi_arid,2024-08-10,2024-08-17,7,9.9,32.6,28.1,29.4,74.1,74.7,1005.7,27.5,17.6,1,8
REC_03287,Mumbai,Maharashtra,19.076,72.8777,coastal_heavy_monsoon,2024-08-10,2024-08-20,10,17.1,0.0,33.3,37.5,85.6,99.2,1003.7,31.1,13.9,1,8
REC_03284,Delhi,NCR,28.6139,77.209,continental_subtropical,2024-08-11,2024-08-14,3,0.6,0.0,36.2,34.1,76.8,77.4,1009.2,4.9,4.3,1,8
REC_01803,Bengaluru,Karnataka,12.9716,77.5946,plateau_temperate,2024-08-11,2024-08-18,7,40.0,49.5,27.4,22.0,75.3,69.8,1009.6,50.7,10.7,1,8
REC_00484,Delhi,NCR,28.6139,77.209,continental_subtropical,2024-08-11,2024-08-19,8,10.0,9.6,27.2,24.6,84.2,93.8,1007.9,1.3,8.7,1,8
REC_00082,Delhi,NCR,28.6139,77.209,continental_subtropical,2024-08-11,2024-08-20,9,7.1,0.0,30.6,33.5,80.7,81.7,1006.3,38.8,31.7,1,8
REC_01451,Krishna District,Andhra Pradesh,16.5062,80.648,coastal_humid,2024-08-11,2024-08-21,10,0.2,0.0,29.2,28.8,98.0,100.0,1011.2,0.0,1.8,1,8
REC_02523,Visakhapatnam,Andhra Pradesh,17.6868,83.2185,coastal_cyclonic,2024-08-11,2024-08-21,10,31.1,84.5,31.8,27.5,83.7,59.0,1012.2,28.3,2.8,1,8
REC_01817,Hyderabad,Telangana,17.385,78.4867,semi_arid,2024-08-12,2024-08-13,1,8.5,18.2,30.4,30.8,88.2,91.2,1014.9,7.9,0.6,1,8
REC_03408,Hyderabad,Telangana,17.385,78.4867,semi_arid,2024-08-12,2024-08-13,1,4.8,0.0,25.3,26.5,82.8,86.2,1017.9,6.1,1.3,1,8
REC_00888,Visakhapatnam,Andhra Pradesh,17.6868,83.2185,coastal_cyclonic,2024-08-12,2024-08-16,4,11.1,12.1,30.6,31.4,81.7,78.5,1002.1,0.8,10.3,1,8
REC_01296,Mumbai,Maharashtra,19.076,72.8777,coastal_heavy_monsoon,2024-08-12,2024-08-17,5,10.9,0.0,31.0,30.4,98.0,97.0,1006.1,0.8,10.2,1,8
REC_02453,Hyderabad,Telangana,17.385,78.4867,semi_arid,2024-08-12,2024-08-18,6,1.4,0.0,34.0,32.8,83.7,76.0,1015.0,18.0,16.6,1,8
REC_01083,Hyderabad,Telangana,17.385,78.4867,semi_arid,2024-08-12,2024-08-19,7,8.1,13.9,27.8,27.3,67.3,85.6,1011.3,29.1,21.0,1,8
REC_00067,Visakhapatnam,Andhra Pradesh,17.6868,83.2185,coastal_cyclonic,2024-08-12,2024-08-20,8,5.3,11.8,21.5,22.4,87.5,79.1,1009.6,7.6,2.3,1,8
REC_02689,Krishna District,Andhra Pradesh,16.5062,80.648,coastal_humid,2024-08-12,2024-08-20,8,61.0,176.2,30.0,29.8,73.2,72.7,1004.3,12.3,48.7,1,8
REC_01907,Delhi,NCR,28.6139,77.209,continental_subtropical,2024-08-12,2024-08-22,10,14.5,60.3,26.1,26.1,83.5,78.9,999.2,27.1,12.6,1,8
REC_01180,Bengaluru,Karnataka,12.9716,77.5946,plateau_temperate,2024-08-13,2024-08-15,2,13.7,8.1,24.4,23.9,62.1,60.9,1006.2,6.3,7.4,1,8
REC_03450,Visakhapatnam,Andhra Pradesh,17.6868,83.2185,coastal_cyclonic,2024-08-13,2024-08-17,4,18.4,0.6,30.5,30.7,73.7,69.6,1011.0,17.2,1.3,1,8
REC_00150,Bengaluru,Karnataka,12.9716,77.5946,plateau_temperate,2024-08-13,2024-08-23,10,20.3,39.4,31.2,31.6,86.8,85.9,1011.4,0.0,27.3,1,8
REC_00374,Krishna District,Andhra Pradesh,16.5062,80.648,coastal_humid,2024-08-14,2024-08-20,6,23.4,75.5,25.6,23.8,80.6,87.4,1010.7,21.5,1.8,1,8
REC_01048,Mumbai,Maharashtra,19.076,72.8777,coastal_heavy_monsoon,2024-08-14,2024-08-20,6,24.3,1.8,31.0,29.8,84.1,70.1,1005.8,15.6,8.6,1,8
REC_00348,Visakhapatnam,Andhra Pradesh,17.6868,83.2185,coastal_cyclonic,2024-08-14,2024-08-23,9,1.5,37.9,33.8,40.8,97.6,97.7,1006.0,34.7,33.2,1,8
REC_00375,Visakhapatnam,Andhra Pradesh,17.6868,83.2185,coastal_cyclonic,2024-08-14,2024-08-24,10,11.9,0.0,30.5,35.0,83.6,88.2,1010.8,64.4,52.5,1,8
REC_01104,Krishna District,Andhra Pradesh,16.5062,80.648,coastal_humid,2024-08-14,2024-08-24,10,33.2,133.2,36.5,32.3,81.2,86.1,1007.2,48.9,15.7,1,8
REC_03002,Hyderabad,Telangana,17.385,78.4867,semi_arid,2024-08-15,2024-08-22,7,8.8,24.3,29.8,32.6,81.4,97.4,1016.4,0.0,22.6,1,8
REC_00262,Hyderabad,Telangana,17.385,78.4867,semi_arid,2024-08-15,2024-08-25,10,0.8,0.5,26.2,24.9,75.4,77.6,1012.5,0.8,0.0,1,8
REC_00519,Hyderabad,Telangana,17.385,78.4867,semi_arid,2024-08-16,2024-08-18,2,19.9,33.4,26.1,28.5,72.8,69.4,1011.5,20.0,0.1,1,8
REC_00345,Hyderabad,Telangana,17.385,78.4867,semi_arid,2024-08-16,2024-08-24,8,3.7,0.0,33.0,34.1,87.0,100.0,1012.3,0.0,54.3,1,8
REC_01584,Bengaluru,Karnataka,12.9716,77.5946,plateau_temperate,2024-08-17,2024-08-21,4,0.4,0.0,26.1,28.3,79.4,94.3,1002.4,6.4,6.0,1,8
REC_02641,Mumbai,Maharashtra,19.076,72.8777,coastal_heavy_monsoon,2024-08-17,2024-08-21,4,23.8,29.0,30.9,31.2,78.1,73.4,1016.8,27.0,3.3,1,8
REC_01421,Bengaluru,Karnataka,12.9716,77.5946,plateau_temperate,2024-08-17,2024-08-24,7,5.5,43.9,25.1,24.2,84.1,90.2,1005.6,17.9,12.4,1,8
REC_03274,Hyderabad,Telangana,17.385,78.4867,semi_arid,2024-08-17,2024-08-24,7,0.5,4.0,25.9,23.5,91.2,83.6,1006.6,3.5,3.0,1,8
REC_03111,Mumbai,Maharashtra,19.076,72.8777,coastal_heavy_monsoon,2024-08-18,2024-08-19,1,153.1,111.6,30.5,30.0,75.9,72.6,1011.7,151.0,2.1,1,8
REC_00564,Visakhapatnam,Andhra Pradesh,17.6868,83.2185,coastal_cyclonic,2024-08-18,2024-08-26,8,169.8,491.1,32.7,34.2,74.8,87.2,1004.1,140.7,29.0,1,8
REC_01124,Mumbai,Maharashtra,19.076,72.8777,coastal_heavy_monsoon,2024-08-19,2024-08-22,3,23.0,17.3,28.4,25.5,98.0,96.3,1005.2,23.7,0.7,1,8
REC_01381,Mumbai,Maharashtra,19.076,72.8777,coastal_heavy_monsoon,2024-08-19,2024-08-25,6,16.4,0.0,30.7,33.1,79.5,78.4,1007.4,13.3,3.1,1,8
REC_03410,Mumbai,Maharashtra,19.076,72.8777,coastal_heavy_monsoon,2024-08-19,2024-08-26,7,20.7,0.0,29.0,30.6,57.9,49.8,1004.5,32.6,11.9,1,8
REC_01046,Bengaluru,Karnataka,12.9716,77.5946,plateau_temperate,2024-08-19,2024-08-27,8,3.8,49.2,29.8,24.9,79.8,78.4,1010.3,0.0,7.6,1,8
REC_00308,Delhi,NCR,28.6139,77.209,continental_subtropical,2024-08-20,2024-08-23,3,4.4,19.1,32.7,31.1,88.5,83.4,1003.4,0.0,6.1,1,8
REC_01630,Visakhapatnam,Andhra Pradesh,17.6868,83.2185,coastal_cyclonic,2024-08-20,2024-08-23,3,6.2,22.3,28.7,30.4,98.0,96.4,1011.8,17.8,11.6,1,8
REC_02339,Bengaluru,Karnataka,12.9716,77.5946,plateau_temperate,2024-08-20,2024-08-23,3,9.7,0.0,33.4,36.1,71.5,67.6,1007.2,9.7,0.0,1,8
REC_03315,Hyderabad,Telangana,17.385,78.4867,semi_arid,2024-08-21,2024-08-29,8,2.3,5.2,22.8,22.0,86.9,96.1,1005.2,0.0,8.1,1,8
REC_02176,Krishna District,Andhra Pradesh,16.5062,80.648,coastal_humid,2024-08-21,2024-08-30,9,22.6,34.2,27.2,32.1,88.0,87.4,1009.2,33.3,10.6,1,8
REC_02897,Mumbai,Maharashtra,19.076,72.8777,coastal_heavy_monsoon,2024-08-22,2024-08-24,2,47.4,57.6,31.2,30.4,75.0,67.4,1013.5,52.7,5.3,1,8
REC_01331,Visakhapatnam,Andhra Pradesh,17.6868,83.2185,coastal_cyclonic,2024-08-22,2024-08-27,5,13.7,0.0,27.7,26.2,86.3,79.1,1011.6,1.9,11.8,1,8
REC_01583,Visakhapatnam,Andhra Pradesh,17.6868,83.2185,coastal_cyclonic,2024-08-22,2024-08-27,5,9.4,0.0,32.5,32.5,82.5,80.7,1011.5,0.0,21.5,1,8
REC_03346,Bengaluru,Karnataka,12.9716,77.5946,plateau_temperate,2024-08-23,2024-08-24,1,14.9,24.4,31.0,31.3,89.0,95.1,1011.0,16.5,1.6,1,8
REC_02687,Delhi,NCR,28.6139,77.209,continental_subtropical,2024-08-23,2024-08-28,5,9.7,0.0,30.4,32.1,82.8,90.0,1011.0,17.3,7.6,1,8
REC_00750,Delhi,NCR,28.6139,77.209,continental_subtropical,2024-08-23,2024-08-29,6,8.3,0.0,34.6,32.3,87.8,82.6,1005.8,0.0,54.1,1,8
REC_02162,Visakhapatnam,Andhra Pradesh,17.6868,83.2185,coastal_cyclonic,2024-08-23,2024-09-01,9,2.7,18.4,28.1,29.4,79.5,67.5,1011.8,0.0,11.1,1,9
REC_02020,Krishna District,Andhra Pradesh,16.5062,80.648,coastal_humid,2024-08-24,2024-08-27,3,1.3,9.2,28.2,26.8,87.1,83.7,1005.0,9.0,7.7,1,8
REC_02923,Delhi,NCR,28.6139,77.209,continental_subtropical,2024-08-24,2024-08-27,3,30.9,57.7,26.7,28.2,78.6,77.3,1009.0,34.4,3.4,1,8
REC_00453,Hyderabad,Telangana,17.385,78.4867,semi_arid,2024-08-24,2024-08-29,5,7.5,14.8,22.4,20.6,90.8,82.8,1008.6,7.4,0.1,1,8
REC_00834,Hyderabad,Telangana,17.385,78.4867,semi_arid,2024-08-24,2024-08-31,7,15.8,0.0,26.7,27.9,81.5,67.2,1006.6,0.0,27.7,1,8
REC_03237,Mumbai,Maharashtra,19.076,72.8777,coastal_heavy_monsoon,2024-08-24,2024-08-31,7,9.5,0.0,21.5,16.4,79.5,91.5,1012.6,4.5,5.0,1,8
REC_02493,Krishna District,Andhra Pradesh,16.5062,80.648,coastal_humid,2024-08-24,2024-09-02,9,36.7,51.0,31.5,27.8,93.2,84.1,1007.0,0.0,44.0,1,9
REC_01228,Delhi,NCR,28.6139,77.209,continental_subtropical,2024-08-25,2024-08-28,3,13.1,20.8,26.9,30.0,85.8,83.6,1008.4,20.5,7.4,1,8
REC_00221,Hyderabad,Telangana,17.385,78.4867,semi_arid,2024-08-25,2024-08-30,5,18.9,24.5,28.3,29.0,85.4,92.5,1006.3,7.9,10.9,1,8
REC_02623,Mumbai,Maharashtra,19.076,72.8777,coastal_heavy_monsoon,2024-08-25,2024-08-31,6,31.8,51.3,29.2,26.6,69.5,66.0,1008.1,15.5,16.3,1,8
REC_03176,Delhi,NCR,28.6139,77.209,continental_subtropical,2024-08-26,2024-08-28,2,3.4,0.0,27.4,28.4,62.6,67.9,1005.9,2.4,1.0,1,8
REC_01549,Bengaluru,Karnataka,12.9716,77.5946,plateau_temperate,2024-08-26,2024-08-31,5,0.1,0.0,25.3,25.3,78.9,86.7,1014.0,0.0,15.1,1,8
REC_00185,Delhi,NCR,28.6139,77.209,continental_subtropical,2024-08-26,2024-09-02,7,21.0,16.8,25.9,25.6,86.0,94.5,1009.3,20.3,0.7,1,9
REC_02457,Bengaluru,Karnataka,12.9716,77.5946,plateau_temperate,2024-08-27,2024-09-04,8,14.0,92.7,32.6,30.5,86.5,93.9,1011.8,34.4,20.3,1,9
REC_01349,Delhi,NCR,28.6139,77.209,continental_subtropical,2024-08-27,2024-09-06,10,32.4,0.0,30.8,25.9,78.8,58.2,1003.8,63.6,31.2,1,9
REC_02679,Mumbai,Maharashtra,19.076,72.8777,coastal_heavy_monsoon,2024-08-27,2024-09-06,10,56.7,38.5,26.1,30.2,86.8,94.7,1015.5,98.7,41.9,1,9
REC_00847,Delhi,NCR,28.6139,77.209,continental_subtropical,2024-08-28,2024-08-31,3,7.1,11.6,30.5,28.4,94.4,97.3,1003.4,10.0,2.9,1,8
REC_03065,Bengaluru,Karnataka,12.9716,77.5946,plateau_temperate,2024-08-28,2024-08-31,3,4.1,0.7,35.1,37.7,75.6,65.9,1005.9,5.8,1.8,1,8
REC_02156,Delhi,NCR,28.6139,77.209,continental_subtropical,2024-08-28,2024-09-02,5,0.6,3.8,26.5,27.6,84.7,90.5,1009.3,4.7,4.1,1,9
REC_01141,Mumbai,Maharashtra,19.076,72.8777,coastal_heavy_monsoon,2024-08-29,2024-08-30,1,18.0,23.9,25.1,25.3,70.9,70.0,1008.7,15.9,2.1,1,8
REC_02395,Krishna District,Andhra Pradesh,16.5062,80.648,coastal_humid,2024-08-29,2024-09-06,8,145.0,382.6,26.7,25.8,75.8,63.2,1011.3,133.6,11.4,1,9
REC_01441,Hyderabad,Telangana,17.385,78.4867,semi_arid,2024-08-29,2024-09-07,9,16.4,36.0,27.2,29.0,97.7,100.0,1006.2,10.1,6.3,1,9
REC_00489,Visakhapatnam,Andhra Pradesh,17.6868,83.2185,coastal_cyclonic,2024-08-29,2024-09-08,10,0.4,0.0,33.7,28.0,82.5,95.6,1005.4,32.4,32.0,1,9
REC_01933,Hyderabad,Telangana,17.385,78.4867,semi_arid,2024-08-30,2024-09-01,2,2.7,0.0,29.1,28.0,88.5,87.1,1005.6,1.2,1.5,1,9
REC_00125,Bengaluru,Karnataka,12.9716,77.5946,plateau_temperate,2024-08-30,2024-09-03,4,3.1,0.0,26.8,28.6,81.9,80.0,1001.6,0.0,6.2,1,9
REC_00341,Mumbai,Maharashtra,19.076,72.8777,coastal_heavy_monsoon,2024-08-30,2024-09-05,6,2.6,0.0,26.2,27.4,93.5,88.5,1006.2,3.8,1.2,1,9
REC_02471,Visakhapatnam,Andhra Pradesh,17.6868,83.2185,coastal_cyclonic,2024-08-30,2024-09-06,7,8.4,0.0,29.2,31.3,85.1,86.0,1006.7,16.6,8.3,1,9
REC_03388,Krishna District,Andhra Pradesh,16.5062,80.648,coastal_humid,2024-08-30,2024-09-07,8,1.4,35.6,29.0,32.3,83.7,100.0,1011.8,17.9,16.4,1,9
REC_01231,Bengaluru,Karnataka,12.9716,77.5946,plateau_temperate,2024-08-30,2024-09-09,10,27.6,14.1,30.0,30.3,94.7,89.7,1002.5,77.7,50.1,1,9
REC_00971,Mumbai,Maharashtra,19.076,72.8777,coastal_heavy_monsoon,2024-08-31,2024-09-07,7,33.4,0.0,32.6,34.4,84.5,96.5,1008.8,44.0,10.6,1,9
REC_02128,Bengaluru,Karnataka,12.9716,77.5946,plateau_temperate,2024-08-31,2024-09-08,8,22.4,0.0,24.2,26.4,84.3,74.7,1009.1,0.0,29.8,1,9
REC_01463,Krishna District,Andhra Pradesh,16.5062,80.648,coastal_humid,2024-08-31,2024-09-09,9,87.6,0.0,33.3,27.3,79.4,93.2,1007.9,133.7,46.0,1,9
REC_01429,Delhi,NCR,28.6139,77.209,continental_subtropical,2024-09-01,2024-09-07,6,14.3,44.8,28.3,29.0,90.0,92.5,1010.1,26.6,12.3,1,9
REC_00974,Visakhapatnam,Andhra Pradesh,17.6868,83.2185,coastal_cyclonic,2024-09-01,2024-09-10,9,43.8,196.9,25.6,23.0,73.3,55.4,1008.1,63.9,20.0,1,9
REC_00889,Visakhapatnam,Andhra Pradesh,17.6868,83.2185,coastal_cyclonic,2024-09-02,2024-09-03,1,44.0,51.8,28.2,27.0,74.2,76.1,1005.9,45.2,1.3,1,9
REC_00207,Mumbai,Maharashtra,19.076,72.8777,coastal_heavy_monsoon,2024-09-02,2024-09-04,2,39.6,47.1,24.7,24.6,82.8,82.5,1006.6,37.3,2.3,1,9
REC_01275,Bengaluru,Karnataka,12.9716,77.5946,plateau_temperate,2024-09-02,2024-09-05,3,8.9,5.0,32.5,33.3,78.7,81.4,1016.8,16.7,7.8,1,9
REC_01153,Krishna District,Andhra Pradesh,16.5062,80.648,coastal_humid,2024-09-02,2024-09-12,10,75.7,379.1,31.2,29.9,76.9,55.4,1011.2,80.3,4.7,1,9
REC_03307,Krishna District,Andhra Pradesh,16.5062,80.648,coastal_humid,2024-09-03,2024-09-05,2,6.3,11.9,26.6,27.7,83.7,80.3,1004.9,0.0,7.4,1,9
REC_02386,Delhi,NCR,28.6139,77.209,continental_subtropical,2024-09-03,2024-09-08,5,3.7,9.3,32.5,32.1,94.1,79.5,1007.9,43.7,40.0,1,9
REC_01887,Delhi,NCR,28.6139,77.209,continental_subtropical,2024-09-03,2024-09-10,7,2.7,0.7,31.3,28.1,93.7,100.0,1009.3,15.3,12.6,1,9
REC_01101,Delhi,NCR,28.6139,77.209,continental_subtropical,2024-09-04,2024-09-06,2,23.6,9.4,30.6,30.7,83.0,83.7,1005.0,24.9,1.4,1,9
REC_02895,Krishna District,Andhra Pradesh,16.5062,80.648,coastal_humid,2024-09-04,2024-09-10,6,16.4,40.2,27.5,22.0,74.8,76.3,1006.5,21.8,5.4,1,9
REC_00962,Hyderabad,Telangana,17.385,78.4867,semi_arid,2024-09-04,2024-09-11,7,0.3,3.5,25.7,31.1,81.2,77.6,1014.9,51.0,50.7,1,9
REC_00102,Mumbai,Maharashtra,19.076,72.8777,coastal_heavy_monsoon,2024-09-04,2024-09-13,9,53.0,121.4,32.2,33.2,81.4,65.1,1001.4,39.5,13.5,1,9
REC_03030,Bengaluru,Karnataka,12.9716,77.5946,plateau_temperate,2024-09-05,2024-09-06,1,42.6,84.1,27.2,28.4,70.1,72.4,1005.6,43.7,1.1,1,9
REC_01518,Delhi,NCR,28.6139,77.209,continental_subtropical,2024-09-05,2024-09-11,6,0.3,22.8,21.8,21.3,85.4,75.0,1003.9,0.0,11.5,1,9
REC_00666,Visakhapatnam,Andhra Pradesh,17.6868,83.2185,coastal_cyclonic,2024-09-06,2024-09-08,2,15.3,9.7,32.3,32.1,81.0,82.6,1008.1,14.3,1.0,1,9
REC_01557,Mumbai,Maharashtra,19.076,72.8777,coastal_heavy_monsoon,2024-09-06,2024-09-11,5,17.1,42.1,27.7,23.5,65.4,54.2,1005.6,43.8,26.6,1,9
REC_02678,Hyderabad,Telangana,17.385,78.4867,semi_arid,2024-09-06,2024-09-12,6,20.5,72.2,28.8,26.2,80.7,94.3,1008.6,26.5,5.9,1,9
REC_00709,Krishna District,Andhra Pradesh,16.5062,80.648,coastal_humid,2024-09-06,2024-09-13,7,8.1,0.0,27.1,28.7,88.9,86.6,1008.1,39.5,31.4,1,9
REC_02727,Bengaluru,Karnataka,12.9716,77.5946,plateau_temperate,2024-09-07,2024-09-13,6,0.5,0.0,33.1,31.7,77.8,78.9,1008.8,0.0,15.2,1,9
REC_00459,Bengaluru,Karnataka,12.9716,77.5946,plateau_temperate,2024-09-07,2024-09-17,10,11.2,56.7,30.7,31.5,61.9,79.5,1007.8,9.4,1.8,1,9
REC_01396,Bengaluru,Karnataka,12.9716,77.5946,plateau_temperate,2024-09-08,2024-09-14,6,1.8,7.1,28.5,24.9,77.7,82.7,1005.2,3.2,1.4,1,9
REC_00307,Delhi,NCR,28.6139,77.209,continental_subtropical,2024-09-08,2024-09-15,7,15.0,22.2,29.3,26.9,85.2,100.0,1007.7,10.8,4.2,1,9
REC_02777,Delhi,NCR,28.6139,77.209,continental_subtropical,2024-09-08,2024-09-17,9,6.7,0.0,34.3,34.4,79.6,66.4,1007.3,0.0,56.4,1,9
REC_01194,Visakhapatnam,Andhra Pradesh,17.6868,83.2185,coastal_cyclonic,2024-09-09,2024-09-16,7,22.1,0.0,27.8,30.7,85.4,95.1,1011.4,10.0,12.1,1,9
REC_01956,Hyderabad,Telangana,17.385,78.4867,semi_arid,2024-09-10,2024-09-15,5,21.7,44.3,28.6,25.9,84.3,72.5,1004.2,11.9,9.8,1,9
REC_02894,Delhi,NCR,28.6139,77.209,continental_subtropical,2024-09-10,2024-09-16,6,7.1,0.0,25.1,28.8,96.5,96.4,1003.7,24.4,17.4,1,9
REC_02589,Hyderabad,Telangana,17.385,78.4867,semi_arid,2024-09-10,2024-09-17,7,52.1,328.9,26.4,24.5,86.3,100.0,997.7,94.1,41.9,1,9
REC_02570,Krishna District,Andhra Pradesh,16.5062,80.648,coastal_humid,2024-09-10,2024-09-18,8,45.7,0.0,23.6,14.4,80.0,93.8,1007.4,38.3,7.4,1,9
REC_02313,Delhi,NCR,28.6139,77.209,continental_subtropical,2024-09-10,2024-09-19,9,0.7,36.7,25.4,27.9,85.8,98.0,1011.8,73.6,73.0,1,9
REC_01464,Mumbai,Maharashtra,19.076,72.8777,coastal_heavy_monsoon,2024-09-10,2024-09-20,10,16.8,0.0,27.6,25.5,85.0,91.0,1008.1,17.5,0.7,1,9
REC_00522,Hyderabad,Telangana,17.385,78.4867,semi_arid,2024-09-11,2024-09-14,3,32.1,15.5,31.5,31.8,74.4,76.1,1009.3,39.6,7.4,1,9
REC_02863,Hyderabad,Telangana,17.385,78.4867,semi_arid,2024-09-11,2024-09-14,3,3.5,0.0,25.4,22.5,71.2,71.8,1008.5,0.0,5.3,1,9
REC_01507,Visakhapatnam,Andhra Pradesh,17.6868,83.2185,coastal_cyclonic,2024-09-11,2024-09-16,5,12.8,0.0,28.7,27.9,94.9,81.0,1006.7,16.5,3.7,1,9
REC_00596,Visakhapatnam,Andhra Pradesh,17.6868,83.2185,coastal_cyclonic,2024-09-11,2024-09-17,6,69.6,220.5,27.2,23.7,80.2,79.9,1013.6,57.8,11.8,1,9
REC_03298,Hyderabad,Telangana,17.385,78.4867,semi_arid,2024-09-11,2024-09-17,6,3.4,52.6,30.6,33.5,88.4,85.1,1011.2,6.6,3.2,1,9
REC_01049,Mumbai,Maharashtra,19.076,72.8777,coastal_heavy_monsoon,2024-09-12,2024-09-15,3,12.1,4.8,25.7,21.6,83.6,83.8,1010.2,10.0,2.1,1,9
REC_01270,Delhi,NCR,28.6139,77.209,continental_subtropical,2024-09-12,2024-09-15,3,14.2,26.6,30.0,30.9,83.7,85.4,1011.9,19.6,5.4,1,9
REC_02938,Hyderabad,Telangana,17.385,78.4867,semi_arid,2024-09-12,2024-09-15,3,10.0,8.3,29.6,31.4,93.3,84.9,1010.3,15.6,5.6,1,9
REC_01225,Hyderabad,Telangana,17.385,78.4867,semi_arid,2024-09-12,2024-09-18,6,19.9,0.0,27.1,29.4,68.2,67.7,1007.9,20.2,0.3,1,9
REC_03115,Delhi,NCR,28.6139,77.209,continental_subtropical,2024-09-12,2024-09-19,7,4.4,14.9,28.0,24.3,61.7,48.7,1016.1,60.7,56.3,1,9
REC_03141,Visakhapatnam,Andhra Pradesh,17.6868,83.2185,coastal_cyclonic,2024-09-13,2024-09-16,3,108.4,100.7,33.3,35.3,69.9,70.8,1007.1,113.0,4.6,1,9
REC_02712,Delhi,NCR,28.6139,77.209,continental_subtropical,2024-09-13,2024-09-18,5,3.6,0.0,32.6,34.5,76.4,62.3,1010.1,9.8,6.2,1,9
REC_02596,Krishna District,Andhra Pradesh,16.5062,80.648,coastal_humid,2024-09-13,2024-09-23,10,4.6,0.0,25.0,29.4,90.3,100.0,1009.4,12.7,8.1,1,9
REC_01247,Bengaluru,Karnataka,12.9716,77.5946,plateau_temperate,2024-09-14,2024-09-18,4,2.9,0.0,33.4,31.1,82.0,79.2,1009.7,13.1,10.2,1,9
REC_01572,Hyderabad,Telangana,17.385,78.4867,semi_arid,2024-09-14,2024-09-21,7,0.5,21.5,28.3,27.3,91.0,84.4,1014.4,0.0,22.1,1,9
REC_01854,Bengaluru,Karnataka,12.9716,77.5946,plateau_temperate,2024-09-15,2024-09-17,2,1.9,0.0,29.0,28.9,75.7,77.4,1006.9,6.1,4.2,1,9
REC_03102,Delhi,NCR,28.6139,77.209,continental_subtropical,2024-09-15,2024-09-19,4,7.0,1.4,31.4,30.4,70.5,75.2,1009.5,0.0,15.8,1,9
REC_03144,Visakhapatnam,Andhra Pradesh,17.6868,83.2185,coastal_cyclonic,2024-09-15,2024-09-22,7,26.5,12.7,25.2,26.6,81.1,80.3,1008.2,14.7,11.7,1,9
REC_02166,Krishna District,Andhra Pradesh,16.5062,80.648,coastal_humid,2024-09-16,2024-09-19,3,42.3,37.2,26.8,25.7,89.0,86.9,1012.3,40.2,2.1,1,9
REC_00645,Bengaluru,Karnataka,12.9716,77.5946,plateau_temperate,2024-09-16,2024-09-22,6,40.6,0.0,27.6,23.4,83.5,66.7,1001.6,44.5,3.9,1,9
REC_00717,Delhi,NCR,28.6139,77.209,continental_subtropical,2024-09-16,2024-09-22,6,7.9,13.0,35.6,36.8,80.1,77.0,1001.9,0.0,17.5,1,9
REC_00823,Krishna District,Andhra Pradesh,16.5062,80.648,coastal_humid,2024-09-16,2024-09-23,7,32.0,0.0,28.5,27.5,76.9,86.9,1008.2,20.0,12.0,1,9
REC_03423,Bengaluru,Karnataka,12.9716,77.5946,plateau_temperate,2024-09-16,2024-09-23,7,41.0,106.3,27.8,26.3,81.1,92.4,1010.9,32.4,8.7,1,9
REC_02525,Visakhapatnam,Andhra Pradesh,17.6868,83.2185,coastal_cyclonic,2024-09-16,2024-09-24,8,27.9,99.7,24.7,32.3,84.3,64.9,1015.4,40.6,12.7,1,9
REC_02987,Delhi,NCR,28.6139,77.209,continental_subtropical,2024-09-17,2024-09-18,1,4.2,13.2,27.3,28.2,72.7,73.1,1007.0,2.3,1.9,1,9
REC_01767,Mumbai,Maharashtra,19.076,72.8777,coastal_heavy_monsoon,2024-09-17,2024-09-21,4,2.2,30.6,34.9,33.2,86.2,75.5,1011.0,1.4,0.8,1,9
REC_01123,Hyderabad,Telangana,17.385,78.4867,semi_arid,2024-09-18,2024-09-19,1,7.3,17.4,27.1,27.6,78.8,81.4,1003.7,10.1,2.8,1,9
REC_01994,Hyderabad,Telangana,17.385,78.4867,semi_arid,2024-09-18,2024-09-20,2,10.2,2.4,30.3,32.7,90.4,96.8,1002.0,9.2,1.0,1,9
REC_01407,Mumbai,Maharashtra,19.076,72.8777,coastal_heavy_monsoon,2024-09-18,2024-09-21,3,5.3,5.8,29.5,29.9,73.0,76.1,1001.0,0.0,8.5,1,9
REC_02785,Hyderabad,Telangana,17.385,78.4867,semi_arid,2024-09-18,2024-09-22,4,0.5,5.7,31.7,28.7,71.6,66.2,1005.6,0.0,2.3,1,9
REC_02600,Visakhapatnam,Andhra Pradesh,17.6868,83.2185,coastal_cyclonic,2024-09-18,2024-09-25,7,8.2,0.0,26.1,26.1,79.0,90.6,1003.4,19.4,11.2,1,9
REC_03077,Delhi,NCR,28.6139,77.209,continental_subtropical,2024-09-18,2024-09-25,7,12.0,0.0,28.3,30.4,80.2,77.7,1015.1,11.7,0.4,1,9
REC_03262,Delhi,NCR,28.6139,77.209,continental_subtropical,2024-09-18,2024-09-27,9,4.1,56.3,19.8,24.6,74.4,55.3,1011.7,12.9,8.8,1,9
REC_00027,Visakhapatnam,Andhra Pradesh,17.6868,83.2185,coastal_cyclonic,2024-09-19,2024-09-20,1,33.4,38.3,26.1,26.3,93.1,93.1,1011.6,34.5,1.1,1,9
REC_02049,Delhi,NCR,28.6139,77.209,continental_subtropical,2024-09-19,2024-09-21,2,3.9,0.0,27.0,27.6,79.0,84.4,1010.1,0.0,6.4,1,9
REC_01920,Mumbai,Maharashtra,19.076,72.8777,coastal_heavy_monsoon,2024-09-19,2024-09-22,3,35.8,29.8,27.2,28.2,76.5,77.2,1007.2,43.2,7.4,1,9
REC_03001,Bengaluru,Karnataka,12.9716,77.5946,plateau_temperate,2024-09-19,2024-09-22,3,21.5,29.4,29.5,28.3,82.1,77.9,1002.9,31.2,9.6,1,9
REC_01332,Mumbai,Maharashtra,19.076,72.8777,coastal_heavy_monsoon,2024-09-19,2024-09-23,4,1.3,1.5,28.8,28.0,81.5,88.6,1007.7,0.0,13.1,1,9
REC_03188,Mumbai,Maharashtra,19.076,72.8777,coastal_heavy_monsoon,2024-09-19,2024-09-23,4,1.4,2.9,28.1,28.2,88.1,96.0,1003.0,2.1,0.7,1,9
REC_01055,Krishna District,Andhra Pradesh,16.5062,80.648,coastal_humid,2024-09-19,2024-09-25,6,4.8,12.5,27.6,26.4,76.3,70.0,1014.9,0.0,26.3,1,9
REC_01822,Krishna District,Andhra Pradesh,16.5062,80.648,coastal_humid,2024-09-19,2024-09-28,9,84.1,302.7,27.2,30.8,96.9,98.5,1006.7,57.7,26.3,1,9
REC_01315,Mumbai,Maharashtra,19.076,72.8777,coastal_heavy_monsoon,2024-09-21,2024-09-22,1,33.1,54.5,28.0,28.6,89.5,92.7,1009.1,35.4,2.3,1,9
REC_01444,Krishna District,Andhra Pradesh,16.5062,80.648,coastal_humid,2024-09-21,2024-09-24,3,14.1,28.4,26.8,28.5,75.7,86.0,1015.8,8.6,5.5,1,9
REC_02258,Delhi,NCR,28.6139,77.209,continental_subtropical,2024-09-21,2024-09-26,5,8.4,14.3,31.9,33.0,87.8,80.6,1004.6,11.4,3.0,1,9
REC_00360,Delhi,NCR,28.6139,77.209,continental_subtropical,2024-09-21,2024-09-29,8,24.2,5.7,27.8,33.7,81.1,90.5,1005.5,0.0,46.7,1,9
REC_02264,Delhi,NCR,28.6139,77.209,continental_subtropical,2024-09-21,2024-09-29,8,4.8,0.0,31.0,30.6,85.0,88.8,1010.3,0.0,45.4,1,9
REC_02459,Krishna District,Andhra Pradesh,16.5062,80.648,coastal_humid,2024-09-21,2024-09-30,9,25.0,29.8,32.6,28.4,83.0,97.9,1011.1,8.5,16.5,1,9
REC_00568,Bengaluru,Karnataka,12.9716,77.5946,plateau_temperate,2024-09-21,2024-10-01,10,1.1,58.9,26.8,19.8,57.8,26.6,1004.6,0.0,1.6,0,10
REC_03160,Krishna District,Andhra Pradesh,16.5062,80.648,coastal_humid,2024-09-22,2024-09-23,1,226.9,163.1,27.7,28.1,89.2,85.1,1006.1,224.7,2.2,1,9
REC_02311,Krishna District,Andhra Pradesh,16.5062,80.648,coastal_humid,2024-09-22,2024-09-25,3,11.5,0.0,28.0,26.5,90.5,82.2,1016.5,7.7,3.8,1,9
REC_00906,Bengaluru,Karnataka,12.9716,77.5946,plateau_temperate,2024-09-22,2024-09-26,4,3.6,17.9,29.8,26.9,86.0,79.7,1004.1,0.0,17.5,1,9
REC_01254,Hyderabad,Telangana,17.385,78.4867,semi_arid,2024-09-23,2024-09-24,1,2.4,10.8,24.0,22.8,69.6,67.7,1008.8,2.0,0.3,1,9
REC_00609,Hyderabad,Telangana,17.385,78.4867,semi_arid,2024-09-23,2024-10-03,10,11.6,110.4,14.7,22.6,56.0,53.7,1005.8,5.5,6.1,0,10
REC_03150,Krishna District,Andhra Pradesh,16.5062,80.648,coastal_humid,2024-09-24,2024-09-25,1,14.2,17.2,29.2,30.1,77.7,78.9,1013.6,16.1,1.9,1,9
REC_00265,Hyderabad,Telangana,17.385,78.4867,semi_arid,2024-09-24,2024-09-27,3,9.5,12.0,33.7,33.8,71.4,65.5,1010.1,15.7,6.1,1,9
REC_02482,Krishna District,Andhra Pradesh,16.5062,80.648,coastal_humid,2024-09-24,2024-09-29,5,59.1,0.0,24.7,26.0,81.1,81.3,1011.8,44.5,14.6,1,9
REC_00671,Bengaluru,Karnataka,12.9716,77.5946,plateau_temperate,2024-09-24,2024-10-01,7,2.1,27.0,22.3,22.8,57.7,62.3,1006.4,27.7,25.6,0,10
REC_03373,Mumbai,Maharashtra,19.076,72.8777,coastal_heavy_monsoon,2024-09-24,2024-10-03,9,8.7,81.5,28.1,29.0,68.7,46.0,1007.9,6.8,2.0,0,10
REC_03198,Visakhapatnam,Andhra Pradesh,17.6868,83.2185,coastal_cyclonic,2024-09-25,2024-09-29,4,85.9,85.7,21.7,22.6,83.4,82.5,1008.0,90.6,4.7,1,9
REC_02334,Bengaluru,Karnataka,12.9716,77.5946,plateau_temperate,2024-09-25,2024-10-03,8,1.0,58.0,25.8,22.1,61.7,74.2,1010.9,7.1,6.1,0,10
REC_02450,Visakhapatnam,Andhra Pradesh,17.6868,83.2185,coastal_cyclonic,2024-09-25,2024-10-04,9,30.7,0.0,27.4,29.8,80.0,55.3,1008.6,52.1,21.3,0,10
REC_00212,Delhi,NCR,28.6139,77.209,continental_subtropical,2024-09-26,2024-10-04,8,2.1,11.6,24.7,24.1,54.4,65.8,1009.8,14.8,12.7,0,10
REC_00620,Mumbai,Maharashtra,19.076,72.8777,coastal_heavy_monsoon,2024-09-26,2024-10-05,9,158.2,354.0,31.8,25.1,92.0,93.1,1003.3,150.1,8.2,0,10
REC_01299,Bengaluru,Karnataka,12.9716,77.5946,plateau_temperate,2024-09-27,2024-10-01,4,1.1,7.8,25.9,25.1,56.9,47.2,1003.0,3.0,2.0,0,10
REC_03070,Delhi,NCR,28.6139,77.209,continental_subtropical,2024-09-27,2024-10-03,6,0.4,0.0,28.2,30.0,44.1,46.9,1004.2,0.0,4.9,0,10
REC_01744,Bengaluru,Karnataka,12.9716,77.5946,plateau_temperate,2024-09-27,2024-10-05,8,0.8,38.1,25.0,25.1,42.9,19.2,1002.8,0.0,15.3,0,10
REC_02542,Visakhapatnam,Andhra Pradesh,17.6868,83.2185,coastal_cyclonic,2024-09-27,2024-10-07,10,4.0,0.0,28.6,32.3,95.1,86.8,1010.9,5.9,1.9,0,10
REC_00216,Visakhapatnam,Andhra Pradesh,17.6868,83.2185,coastal_cyclonic,2024-09-28,2024-09-30,2,38.7,28.6,22.9,23.4,91.7,91.6,1014.1,34.3,4.4,1,9
REC_00401,Krishna District,Andhra Pradesh,16.5062,80.648,coastal_humid,2024-09-29,2024-10-01,2,91.3,74.2,26.2,26.1,84.2,83.3,1008.3,92.4,1.0,0,10
REC_00572,Krishna District,Andhra Pradesh,16.5062,80.648,coastal_humid,2024-09-29,2024-10-01,2,11.2,23.5,22.9,22.2,94.5,89.4,1015.4,9.6,1.7,0,10
REC_00841,Krishna District,Andhra Pradesh,16.5062,80.648,coastal_humid,2024-09-29,2024-10-02,3,17.6,0.0,30.2,30.2,81.8,76.3,1010.5,16.2,1.4,0,10
REC_03207,Mumbai,Maharashtra,19.076,72.8777,coastal_heavy_monsoon,2024-09-29,2024-10-06,7,33.0,0.0,30.5,31.3,90.5,96.1,1009.7,44.1,11.1,0,10
REC_02625,Hyderabad,Telangana,17.385,78.4867,semi_arid,2024-09-30,2024-10-01,1,2.2,0.9,23.8,23.3,48.0,43.0,1006.1,1.8,0.4,0,10
REC_03292,Bengaluru,Karnataka,12.9716,77.5946,plateau_temperate,2024-09-30,2024-10-03,3,1.2,0.0,20.3,23.1,45.2,46.2,1009.1,1.0,0.2,0,10
REC_00238,Krishna District,Andhra Pradesh,16.5062,80.648,coastal_humid,2024-09-30,2024-10-04,4,11.3,6.9,25.8,26.3,93.0,94.8,1005.3,4.5,6.8,0,10
REC_02494,Visakhapatnam,Andhra Pradesh,17.6868,83.2185,coastal_cyclonic,2024-09-30,2024-10-05,5,0.6,0.9,23.7,19.7,94.6,92.5,1006.2,2.2,1.6,0,10
REC_03214,Bengaluru,Karnataka,12.9716,77.5946,plateau_temperate,2024-09-30,2024-10-07,7,1.0,0.4,25.5,28.5,65.4,64.9,1013.1,0.0,14.6,0,10
REC_02904,Hyderabad,Telangana,17.385,78.4867,semi_arid,2024-09-30,2024-10-09,9,4.8,78.2,23.0,18.4,60.0,52.5,1009.8,4.4,0.4,0,10
REC_00148,Mumbai,Maharashtra,19.076,72.8777,coastal_heavy_monsoon,2024-10-01,2024-10-02,1,16.4,38.9,27.1,27.8,98.0,97.0,1012.0,16.9,0.6,0,10
REC_00101,Bengaluru,Karnataka,12.9716,77.5946,plateau_temperate,2024-10-01,2024-10-10,9,1.3,21.1,20.0,22.2,53.2,69.7,1012.3,0.0,1.7,0,10
REC_01479,Visakhapatnam,Andhra Pradesh,17.6868,83.2185,coastal_cyclonic,2024-10-02,2024-10-06,4,5.5,0.0,34.1,34.9,90.8,87.3,1007.9,17.5,11.9,0,10
REC_02140,Delhi,NCR,28.6139,77.209,continental_subtropical,2024-10-02,2024-10-10,8,8.9,42.9,17.4,16.3,51.7,49.2,1006.4,7.6,1.3,0,10
REC_02466,Visakhapatnam,Andhra Pradesh,17.6868,83.2185,coastal_cyclonic,2024-10-02,2024-10-10,8,31.2,0.0,25.3,21.6,84.1,81.8,1005.8,25.3,6.0,0,10
REC_02137,Hyderabad,Telangana,17.385,78.4867,semi_arid,2024-10-02,2024-10-12,10,2.8,22.1,25.0,26.7,49.4,33.4,1006.4,0.0,11.7,0,10
REC_02528,Bengaluru,Karnataka,12.9716,77.5946,plateau_temperate,2024-10-02,2024-10-12,10,0.6,0.0,24.3,28.2,51.0,62.5,1012.7,0.0,20.6,0,10
REC_01387,Delhi,NCR,28.6139,77.209,continental_subtropical,2024-10-03,2024-10-05,2,9.4,5.6,26.1,26.8,62.1,63.1,1006.6,8.7,0.7,0,10
REC_01611,Krishna District,Andhra Pradesh,16.5062,80.648,coastal_humid,2024-10-03,2024-10-06,3,38.5,56.9,30.1,30.6,68.1,78.8,998.5,39.4,0.8,0,10
REC_01804,Krishna District,Andhra Pradesh,16.5062,80.648,coastal_humid,2024-10-03,2024-10-12,9,110.5,0.0,27.7,18.2,89.3,85.6,1014.4,121.5,11.0,0,10
REC_01215,Krishna District,Andhra Pradesh,16.5062,80.648,coastal_humid,2024-10-03,2024-10-13,10,76.0,9.7,26.8,28.2,88.9,86.6,1005.4,72.9,3.0,0,10
REC_00660,Krishna District,Andhra Pradesh,16.5062,80.648,coastal_humid,2024-10-04,2024-10-11,7,0.4,14.2,25.5,26.6,86.2,90.9,1008.4,0.0,4.4,0,10
REC_00508,Krishna District,Andhra Pradesh,16.5062,80.648,coastal_humid,2024-10-04,2024-10-12,8,22.4,45.9,32.5,31.6,81.7,66.9,1011.7,16.0,6.4,0,10
REC_01127,Visakhapatnam,Andhra Pradesh,17.6868,83.2185,coastal_cyclonic,2024-10-05,2024-10-06,1,29.5,21.7,32.9,32.0,86.5,89.0,1014.4,29.8,0.3,0,10
REC_02927,Hyderabad,Telangana,17.385,78.4867,semi_arid,2024-10-05,2024-10-09,4,2.2,24.4,23.7,22.3,70.8,73.1,1003.2,0.0,6.9,0,10
REC_01134,Visakhapatnam,Andhra Pradesh,17.6868,83.2185,coastal_cyclonic,2024-10-05,2024-10-10,5,35.8,0.0,30.8,30.0,76.3,71.5,1009.3,32.4,3.3,0,10
REC_02236,Visakhapatnam,Andhra Pradesh,17.6868,83.2185,coastal_cyclonic,2024-10-05,2024-10-11,6,12.0,0.0,23.8,25.7,80.8,100.0,1008.8,24.4,12.4,0,10
REC_02375,Krishna District,Andhra Pradesh,16.5062,80.648,coastal_humid,2024-10-05,2024-10-11,6,135.7,422.7,30.1,27.2,84.4,75.9,1007.2,133.0,2.7,0,10
REC_01264,Delhi,NCR,28.6139,77.209,continental_subtropical,2024-10-05,2024-10-15,10,0.1,50.6,25.3,26.6,59.2,60.9,1003.7,0.0,1.8,0,10
REC_02971,Mumbai,Maharashtra,19.076,72.8777,coastal_heavy_monsoon,2024-10-05,2024-10-15,10,16.9,50.5,21.9,21.1,72.5,71.9,1012.6,5.6,11.3,0,10
REC_01714,Hyderabad,Telangana,17.385,78.4867,semi_arid,2024-10-07,2024-10-10,3,1.3,0.0,25.8,24.5,46.6,47.2,1004.1,1.5,0.2,0,10
REC_02101,Visakhapatnam,Andhra Pradesh,17.6868,83.2185,coastal_cyclonic,2024-10-07,2024-10-10,3,26.6,33.7,25.8,22.4,78.3,84.0,1006.1,26.2,0.4,0,10
REC_02283,Bengaluru,Karnataka,12.9716,77.5946,plateau_temperate,2024-10-07,2024-10-10,3,1.3,3.9,26.8,26.3,45.5,42.9,1009.7,0.3,1.1,0,10
REC_02573,Hyderabad,Telangana,17.385,78.4867,semi_arid,2024-10-07,2024-10-14,7,2.8,5.1,21.2,25.2,60.1,52.4,1001.0,0.0,14.2,0,10
REC_01808,Hyderabad,Telangana,17.385,78.4867,semi_arid,2024-10-08,2024-10-09,1,8.0,24.9,22.8,23.3,44.4,45.0,1000.3,8.9,0.9,0,10
REC_00169,Visakhapatnam,Andhra Pradesh,17.6868,83.2185,coastal_cyclonic,2024-10-08,2024-10-13,5,17.8,0.0,26.9,25.5,77.1,54.0,1010.0,17.5,0.3,0,10
REC_01092,Krishna District,Andhra Pradesh,16.5062,80.648,coastal_humid,2024-10-08,2024-10-15,7,41.9,0.0,35.3,33.6,74.0,80.2,1006.8,31.4,10.5,0,10
REC_01882,Hyderabad,Telangana,17.385,78.4867,semi_arid,2024-10-08,2024-10-15,7,3.8,52.4,21.4,22.5,58.6,62.4,1000.8,7.2,3.4,0,10
REC_01161,Visakhapatnam,Andhra Pradesh,17.6868,83.2185,coastal_cyclonic,2024-10-08,2024-10-17,9,12.3,0.0,23.5,23.3,87.0,84.2,1004.8,51.6,39.3,0,10
REC_03322,Hyderabad,Telangana,17.385,78.4867,semi_arid,2024-10-08,2024-10-17,9,1.2,30.8,20.6,27.3,45.6,46.6,1014.2,0.0,14.4,0,10
REC_00291,Visakhapatnam,Andhra Pradesh,17.6868,83.2185,coastal_cyclonic,2024-10-09,2024-10-11,2,51.6,34.8,25.1,23.3,88.4,91.4,1008.4,49.5,2.1,0,10
REC_02116,Mumbai,Maharashtra,19.076,72.8777,coastal_heavy_monsoon,2024-10-09,2024-10-13,4,2.7,0.0,28.2,30.9,75.4,82.3,1014.7,5.7,3.0,0,10
REC_00026,Hyderabad,Telangana,17.385,78.4867,semi_arid,2024-10-11,2024-10-12,1,3.6,0.0,24.3,24.5,47.9,49.7,1008.6,3.5,0.0,0,10
REC_02403,Visakhapatnam,Andhra Pradesh,17.6868,83.2185,coastal_cyclonic,2024-10-11,2024-10-18,7,21.6,29.7,27.8,29.4,84.1,93.3,1001.2,13.8,7.8,0,10
REC_03067,Delhi,NCR,28.6139,77.209,continental_subtropical,2024-10-11,2024-10-18,7,2.3,65.7,20.8,26.6,60.7,67.9,1012.6,0.0,6.6,0,10
REC_00477,Hyderabad,Telangana,17.385,78.4867,semi_arid,2024-10-12,2024-10-14,2,8.5,8.8,27.0,26.7,49.2,48.9,1003.9,9.1,0.6,0,10
REC_01082,Bengaluru,Karnataka,12.9716,77.5946,plateau_temperate,2024-10-12,2024-10-14,2,2.9,2.6,25.0,25.9,50.2,46.2,1004.5,1.6,1.2,0,10
REC_01969,Bengaluru,Karnataka,12.9716,77.5946,plateau_temperate,2024-10-12,2024-10-14,2,7.8,0.0,28.3,30.5,57.0,53.4,1005.5,10.0,2.3,0,10
REC_01255,Visakhapatnam,Andhra Pradesh,17.6868,83.2185,coastal_cyclonic,2024-10-12,2024-10-20,8,232.5,299.0,27.2,27.0,87.9,74.5,1013.7,228.1,4.4,0,10
REC_02021,Delhi,NCR,28.6139,77.209,continental_subtropical,2024-10-12,2024-10-20,8,2.2,0.0,25.2,31.3,66.9,85.1,1014.3,7.9,5.7,0,10
REC_02255,Delhi,NCR,28.6139,77.209,continental_subtropical,2024-10-12,2024-10-22,10,0.2,0.0,28.4,35.9,56.1,49.9,1010.4,0.0,1.6,0,10
REC_00334,Bengaluru,Karnataka,12.9716,77.5946,plateau_temperate,2024-10-13,2024-10-18,5,0.2,9.1,28.5,28.7,58.7,69.9,1013.8,0.0,4.6,0,10
REC_00558,Delhi,NCR,28.6139,77.209,continental_subtropical,2024-10-13,2024-10-19,6,1.2,11.7,20.0,20.5,53.0,50.0,1001.3,0.0,3.3,0,10
REC_01634,Hyderabad,Telangana,17.385,78.4867,semi_arid,2024-10-13,2024-10-19,6,4.3,10.2,22.4,19.7,60.6,72.3,1010.9,5.6,1.3,0,10
REC_00773,Bengaluru,Karnataka,12.9716,77.5946,plateau_temperate,2024-10-13,2024-10-20,7,2.0,0.0,19.1,19.5,62.7,62.3,1007.6,4.9,2.9,0,10
REC_03305,Hyderabad,Telangana,17.385,78.4867,semi_arid,2024-10-13,2024-10-20,7,7.4,3.2,19.9,21.5,51.5,38.8,1003.7,0.0,8.1,0,10
REC_00412,Bengaluru,Karnataka,12.9716,77.5946,plateau_temperate,2024-10-13,2024-10-22,9,0.0,18.1,24.9,28.1,47.4,53.2,1005.3,10.8,10.8,0,10
REC_00108,Hyderabad,Telangana,17.385,78.4867,semi_arid,2024-10-14,2024-10-15,1,3.4,7.1,20.4,19.5,62.9,64.1,1007.1,3.5,0.0,0,10
REC_02723,Hyderabad,Telangana,17.385,78.4867,semi_arid,2024-10-14,2024-10-18,4,0.9,0.0,24.2,25.3,39.5,38.6,1008.9,0.3,0.6,0,10
REC_03364,Delhi,NCR,28.6139,77.209,continental_subtropical,2024-10-14,2024-10-19,5,15.2,15.4,21.5,20.7,68.3,74.9,1016.8,13.0,2.2,0,10
REC_01043,Krishna District,Andhra Pradesh,16.5062,80.648,coastal_humid,2024-10-14,2024-10-23,9,13.0,119.5,21.5,20.2,77.7,72.0,1009.4,13.7,0.7,0,10
REC_02163,Mumbai,Maharashtra,19.076,72.8777,coastal_heavy_monsoon,2024-10-14,2024-10-23,9,38.0,0.0,30.6,32.3,92.7,100.0,1012.7,28.1,9.9,0,10
REC_00604,Krishna District,Andhra Pradesh,16.5062,80.648,coastal_humid,2024-10-15,2024-10-17,2,102.9,100.9,31.7,31.1,96.3,98.9,1006.1,101.0,1.9,0,10
REC_00012,Hyderabad,Telangana,17.385,78.4867,semi_arid,2024-10-15,2024-10-21,6,0.6,0.0,24.9,24.0,55.8,42.3,1011.9,6.4,5.8,0,10
REC_00730,Bengaluru,Karnataka,12.9716,77.5946,plateau_temperate,2024-10-15,2024-10-21,6,4.7,38.6,19.9,20.7,44.9,35.2,1007.3,4.2,0.6,0,10
REC_01014,Krishna District,Andhra Pradesh,16.5062,80.648,coastal_humid,2024-10-15,2024-10-21,6,4.1,32.3,29.6,32.8,80.3,79.8,1009.6,14.9,10.8,0,10
REC_02816,Visakhapatnam,Andhra Pradesh,17.6868,83.2185,coastal_cyclonic,2024-10-15,2024-10-21,6,5.0,26.1,30.4,25.9,90.0,78.5,1004.0,7.3,2.3,0,10
REC_00388,Bengaluru,Karnataka,12.9716,77.5946,plateau_temperate,2024-10-15,2024-10-22,7,0.8,20.4,23.8,18.5,64.6,60.6,1006.1,4.9,4.1,0,10
REC_02672,Hyderabad,Telangana,17.385,78.4867,semi_arid,2024-10-15,2024-10-24,9,1.4,20.6,29.7,26.3,56.3,52.5,1005.1,0.0,5.5,0,10
REC_01791,Delhi,NCR,28.6139,77.209,continental_subtropical,2024-10-16,2024-10-20,4,3.3,19.0,22.7,21.4,62.9,67.1,1005.6,5.1,1.8,0,10
REC_00372,Krishna District,Andhra Pradesh,16.5062,80.648,coastal_humid,2024-10-16,2024-10-24,8,6.1,0.0,27.3,22.5,84.6,93.3,1006.3,12.9,6.8,0,10
REC_02426,Bengaluru,Karnataka,12.9716,77.5946,plateau_temperate,2024-10-16,2024-10-24,8,1.1,2.6,22.5,21.3,49.4,51.3,1008.1,9.7,8.6,0,10
REC_00846,Krishna District,Andhra Pradesh,16.5062,80.648,coastal_humid,2024-10-17,2024-10-23,6,50.5,69.7,19.4,18.9,96.4,85.6,1007.0,57.7,7.2,0,10
REC_01243,Mumbai,Maharashtra,19.076,72.8777,coastal_heavy_monsoon,2024-10-17,2024-10-25,8,23.6,0.0,25.5,28.7,86.6,95.3,1010.3,25.4,1.8,0,10
REC_02945,Krishna District,Andhra Pradesh,16.5062,80.648,coastal_humid,2024-10-18,2024-10-23,5,8.3,9.8,25.0,27.1,82.8,82.2,1008.7,12.9,4.6,0,10
REC_00779,Visakhapatnam,Andhra Pradesh,17.6868,83.2185,coastal_cyclonic,2024-10-18,2024-10-24,6,48.1,58.6,24.6,25.0,76.3,68.6,1006.6,43.7,4.4,0,10
REC_03413,Mumbai,Maharashtra,19.076,72.8777,coastal_heavy_monsoon,2024-10-18,2024-10-25,7,15.4,0.0,34.3,35.2,89.6,94.7,1013.5,3.9,11.5,0,10
REC_01168,Bengaluru,Karnataka,12.9716,77.5946,plateau_temperate,2024-10-19,2024-10-21,2,1.4,0.0,24.9,25.7,60.9,62.8,1013.5,3.4,2.0,0,10
REC_03044,Mumbai,Maharashtra,19.076,72.8777,coastal_heavy_monsoon,2024-10-19,2024-10-21,2,82.0,5.2,27.2,26.2,84.9,89.6,1011.3,83.6,1.6,0,10
REC_00560,Hyderabad,Telangana,17.385,78.4867,semi_arid,2024-10-19,2024-10-22,3,0.1,0.0,16.5,14.9,49.6,50.4,1008.9,5.9,5.8,0,10
REC_02189,Mumbai,Maharashtra,19.076,72.8777,coastal_heavy_monsoon,2024-10-19,2024-10-27,8,27.7,0.0,22.0,17.0,81.2,60.4,1003.3,19.5,8.2,0,10
REC_00665,Visakhapatnam,Andhra Pradesh,17.6868,83.2185,coastal_cyclonic,2024-10-19,2024-10-28,9,16.0,86.3,25.0,21.5,80.6,54.2,1003.4,12.4,3.6,0,10
REC_01346,Delhi,NCR,28.6139,77.209,continental_subtropical,2024-10-19,2024-10-28,9,1.1,0.0,22.0,26.1,56.8,57.2,1007.7,8.9,7.8,0,10
REC_01221,Krishna District,Andhra Pradesh,16.5062,80.648,coastal_humid,2024-10-20,2024-10-23,3,14.1,12.5,26.8,27.5,69.2,68.0,1003.6,15.0,0.9,0,10
REC_01875,Visakhapatnam,Andhra Pradesh,17.6868,83.2185,coastal_cyclonic,2024-10-20,2024-10-25,5,37.0,75.9,24.4,25.5,85.2,93.6,1004.6,39.6,2.6,0,10
REC_01144,Bengaluru,Karnataka,12.9716,77.5946,plateau_temperate,2024-10-20,2024-10-26,6,0.4,0.0,21.4,22.9,51.6,57.9,1004.9,0.0,6.0,0,10
REC_02926,Mumbai,Maharashtra,19.076,72.8777,coastal_heavy_monsoon,2024-10-20,2024-10-28,8,114.4,0.0,23.7,20.3,93.2,86.9,1013.0,105.6,8.8,0,10
REC_00316,Hyderabad,Telangana,17.385,78.4867,semi_arid,2024-10-20,2024-10-29,9,1.4,36.6,24.9,20.1,57.4,66.3,1010.9,4.6,3.2,0,10
REC_02657,Hyderabad,Telangana,17.385,78.4867,semi_arid,2024-10-20,2024-10-30,10,2.7,0.0,23.2,21.2,63.6,65.3,1005.3,15.7,13.0,0,10
REC_00556,Visakhapatnam,Andhra Pradesh,17.6868,83.2185,coastal_cyclonic,2024-10-21,2024-10-23,2,86.3,109.2,32.8,30.5,88.8,87.4,1005.4,89.6,3.3,0,10
REC_01677,Delhi,NCR,28.6139,77.209,continental_subtropical,2024-10-21,2024-10-23,2,1.7,4.5,23.9,25.7,62.4,59.3,1006.8,0.0,5.4,0,10
REC_00335,Bengaluru,Karnataka,12.9716,77.5946,plateau_temperate,2024-10-21,2024-10-29,8,0.5,0.0,27.2,26.8,67.2,71.3,1005.1,0.0,6.3,0,10
REC_02725,Bengaluru,Karnataka,12.9716,77.5946,plateau_temperate,2024-10-21,2024-10-30,9,0.1,0.0,27.2,28.3,57.5,20.7,1007.3,9.1,9.0,0,10
REC_01526,Visakhapatnam,Andhra Pradesh,17.6868,83.2185,coastal_cyclonic,2024-10-22,2024-10-23,1,78.7,81.1,30.9,32.8,86.1,87.0,1005.6,79.1,0.4,0,10
REC_02231,Mumbai,Maharashtra,19.076,72.8777,coastal_heavy_monsoon,2024-10-22,2024-10-25,3,12.0,33.5,32.1,31.1,89.0,86.2,1016.6,14.5,2.5,0,10
REC_02125,Delhi,NCR,28.6139,77.209,continental_subtropical,2024-10-22,2024-10-29,7,0.7,24.5,26.6,29.6,54.5,53.2,1007.9,7.6,7.0,0,10
REC_00690,Hyderabad,Telangana,17.385,78.4867,semi_arid,2024-10-22,2024-10-31,9,4.8,0.0,20.1,16.2,51.1,50.2,1014.4,22.1,17.3,0,10
REC_03080,Visakhapatnam,Andhra Pradesh,17.6868,83.2185,coastal_cyclonic,2024-10-23,2024-11-02,10,39.5,0.0,29.5,26.8,88.9,100.0,1005.4,13.0,26.6,0,11
REC_02336,Bengaluru,Karnataka,12.9716,77.5946,plateau_temperate,2024-10-24,2024-10-28,4,0.5,0.0,23.1,25.5,47.8,42.0,1004.9,7.2,6.7,0,10
REC_02915,Mumbai,Maharashtra,19.076,72.8777,coastal_heavy_monsoon,2024-10-24,2024-10-31,7,73.2,41.7,29.3,25.4,89.2,96.8,1010.3,76.6,3.3,0,10
REC_02943,Delhi,NCR,28.6139,77.209,continental_subtropical,2024-10-24,2024-11-02,9,1.0,0.0,26.0,28.3,54.5,45.1,1009.2,0.0,8.2,0,11
REC_01103,Hyderabad,Telangana,17.385,78.4867,semi_arid,2024-10-25,2024-10-30,5,1.8,0.0,21.2,19.7,55.8,58.5,1007.3,0.0,4.0,0,10
REC_02937,Visakhapatnam,Andhra Pradesh,17.6868,83.2185,coastal_cyclonic,2024-10-25,2024-11-02,8,104.3,145.2,23.9,24.5,85.3,97.6,1014.0,105.1,0.8,0,11
REC_00180,Krishna District,Andhra Pradesh,16.5062,80.648,coastal_humid,2024-10-25,2024-11-04,10,7.2,0.0,31.5,25.9,94.5,100.0,1010.9,0.0,15.9,0,11
REC_03471,Delhi,NCR,28.6139,77.209,continental_subtropical,2024-10-25,2024-11-04,10,0.9,0.0,22.9,23.9,59.7,75.3,1002.4,0.0,11.3,0,11
REC_00769,Delhi,NCR,28.6139,77.209,continental_subtropical,2024-10-26,2024-10-27,1,2.2,3.7,25.5,24.6,61.0,60.1,1011.8,3.2,1.0,0,10
REC_02652,Mumbai,Maharashtra,19.076,72.8777,coastal_heavy_monsoon,2024-10-27,2024-10-28,1,42.6,45.3,24.5,24.2,98.0,100.0,1013.1,43.2,0.6,0,10
REC_03255,Hyderabad,Telangana,17.385,78.4867,semi_arid,2024-10-27,2024-11-01,5,7.3,17.6,21.0,22.6,60.6,57.5,1014.1,0.0,9.8,0,11
REC_00965,Bengaluru,Karnataka,12.9716,77.5946,plateau_temperate,2024-10-27,2024-11-06,10,2.4,0.0,23.4,26.5,60.2,62.4,1004.5,3.7,1.2,0,11
REC_02280,Krishna District,Andhra Pradesh,16.5062,80.648,coastal_humid,2024-10-28,2024-10-30,2,22.4,25.4,27.7,27.0,94.4,89.9,1008.2,23.1,0.7,0,10
REC_02305,Visakhapatnam,Andhra Pradesh,17.6868,83.2185,coastal_cyclonic,2024-10-28,2024-10-31,3,37.1,12.3,31.0,31.5,78.7,81.9,1011.1,40.8,3.7,0,10
REC_00353,Visakhapatnam,Andhra Pradesh,17.6868,83.2185,coastal_cyclonic,2024-10-28,2024-11-04,7,74.5,54.9,29.0,29.6,91.4,82.1,1009.7,77.9,3.4,0,11
REC_02741,Hyderabad,Telangana,17.385,78.4867,semi_arid,2024-10-28,2024-11-04,7,0.7,0.0,24.7,24.1,57.9,51.1,1009.3,0.0,1.3,0,11
REC_01412,Mumbai,Maharashtra,19.076,72.8777,coastal_heavy_monsoon,2024-10-28,2024-11-06,9,11.7,0.0,30.1,28.3,84.1,69.6,1009.7,9.4,2.3,0,11
REC_00036,Krishna District,Andhra Pradesh,16.5062,80.648,coastal_humid,2024-10-29,2024-10-31,2,34.4,44.3,26.6,26.8,94.3,91.7,1008.0,36.3,1.9,0,10
REC_02060,Krishna District,Andhra Pradesh,16.5062,80.648,coastal_humid,2024-10-29,2024-10-31,2,26.9,41.1,28.3,29.6,80.3,79.8,1008.1,27.2,0.3,0,10
REC_01278,Mumbai,Maharashtra,19.076,72.8777,coastal_heavy_monsoon,2024-10-29,2024-11-04,6,58.2,0.0,25.3,22.8,97.1,80.9,1005.8,44.5,13.8,0,11
REC_03177,Krishna District,Andhra Pradesh,16.5062,80.648,coastal_humid,2024-10-30,2024-11-02,3,17.5,0.0,28.0,26.5,75.9,86.0,1007.7,14.2,3.3,0,11
REC_00090,Delhi,NCR,28.6139,77.209,continental_subtropical,2024-10-30,2024-11-03,4,5.8,14.0,21.2,22.2,52.1,50.0,1012.6,11.1,5.2,0,11
REC_00590,Hyderabad,Telangana,17.385,78.4867,semi_arid,2024-10-30,2024-11-05,6,2.3,23.0,22.2,23.2,54.9,67.0,1008.6,4.6,2.3,0,11
REC_03405,Hyderabad,Telangana,17.385,78.4867,semi_arid,2024-10-30,2024-11-06,7,2.4,28.4,19.0,16.8,63.9,50.0,1009.4,1.0,1.4,0,11
REC_00168,Delhi,NCR,28.6139,77.209,continental_subtropical,2024-10-30,2024-11-07,8,5.2,20.3,24.5,24.5,54.8,39.6,1011.3,0.0,16.6,0,11
REC_02841,Krishna District,Andhra Pradesh,16.5062,80.648,coastal_humid,2024-10-30,2024-11-08,9,23.3,0.0,25.2,28.3,91.3,100.0,1008.0,39.1,15.8,0,11
REC_01175,Hyderabad,Telangana,17.385,78.4867,semi_arid,2024-10-31,2024-11-03,3,6.7,3.4,26.7,29.6,66.0,64.3,1004.3,0.9,5.9,0,11
REC_02697,Bengaluru,Karnataka,12.9716,77.5946,plateau_temperate,2024-10-31,2024-11-04,4,2.1,0.0,23.2,24.3,66.9,72.1,1007.4,6.2,4.2,0,11
REC_00070,Bengaluru,Karnataka,12.9716,77.5946,plateau_temperate,2024-11-01,2024-11-02,1,2.0,0.1,24.8,25.6,49.8,47.9,1008.2,2.7,0.7,0,11
REC_00297,Visakhapatnam,Andhra Pradesh,17.6868,83.2185,coastal_cyclonic,2024-11-01,2024-11-03,2,45.7,11.2,26.7,25.4,90.4,95.1,1005.9,44.6,1.1,0,11
REC_01537,Hyderabad,Telangana,17.385,78.4867,semi_arid,2024-11-01,2024-11-09,8,0.3,0.0,17.4,25.7,49.0,55.0,1001.7,0.0,23.9,0,11
REC_00338,Mumbai,Maharashtra,19.076,72.8777,coastal_heavy_monsoon,2024-11-02,2024-11-03,1,24.8,38.2,27.5,27.0,77.7,80.5,1014.1,24.3,0.4,0,11
REC_00122,Visakhapatnam,Andhra Pradesh,17.6868,83.2185,coastal_cyclonic,2024-11-02,2024-11-05,3,11.2,16.1,33.0,31.2,84.6,92.7,1009.0,12.0,0.8,0,11
REC_01811,Krishna District,Andhra Pradesh,16.5062,80.648,coastal_humid,2024-11-02,2024-11-07,5,64.3,87.7,29.9,31.7,94.2,100.0,1010.1,64.5,0.3,0,11
REC_03290,Bengaluru,Karnataka,12.9716,77.5946,plateau_temperate,2024-11-02,2024-11-08,6,11.3,71.0,17.3,14.9,64.7,68.9,1003.3,7.0,4.3,0,11
REC_02960,Bengaluru,Karnataka,12.9716,77.5946,plateau_temperate,2024-11-02,2024-11-09,7,14.0,0.0,24.9,25.1,42.0,52.7,1013.1,9.5,4.5,0,11
REC_01802,Bengaluru,Karnataka,12.9716,77.5946,plateau_temperate,2024-11-02,2024-11-11,9,14.5,37.3,26.0,30.1,49.1,20.6,1017.1,0.0,25.3,0,11
REC_02635,Visakhapatnam,Andhra Pradesh,17.6868,83.2185,coastal_cyclonic,2024-11-02,2024-11-12,10,4.4,0.9,34.7,32.1,85.1,96.0,1014.3,0.0,11.7,0,11
REC_00896,Delhi,NCR,28.6139,77.209,continental_subtropical,2024-11-03,2024-11-06,3,0.1,1.8,24.1,24.8,76.3,74.4,1008.4,0.0,3.7,0,11
REC_03011,Mumbai,Maharashtra,19.076,72.8777,coastal_heavy_monsoon,2024-11-03,2024-11-08,5,16.6,26.5,29.4,24.9,82.3,90.0,1003.3,10.4,6.2,0,11
REC_02718,Visakhapatnam,Andhra Pradesh,17.6868,83.2185,coastal_cyclonic,2024-11-03,2024-11-10,7,8.2,8.7,33.4,28.9,90.4,87.5,1005.7,0.0,19.3,0,11
REC_00018,Visakhapatnam,Andhra Pradesh,17.6868,83.2185,coastal_cyclonic,2024-11-04,2024-11-06,2,6.7,4.0,24.3,25.2,77.6,72.2,1014.2,8.2,1.5,0,11
REC_02308,Hyderabad,Telangana,17.385,78.4867,semi_arid,2024-11-04,2024-11-06,2,6.9,0.0,25.6,25.6,53.5,47.8,1006.4,8.2,1.3,0,11
REC_00895,Hyderabad,Telangana,17.385,78.4867,semi_arid,2024-11-04,2024-11-07,3,3.2,17.4,20.9,20.0,42.2,46.0,1004.7,7.3,4.2,0,11
REC_02302,Mumbai,Maharashtra,19.076,72.8777,coastal_heavy_monsoon,2024-11-04,2024-11-08,4,27.7,31.6,27.0,30.7,88.4,80.3,1014.0,28.4,0.7,0,11
REC_02530,Visakhapatnam,Andhra Pradesh,17.6868,83.2185,coastal_cyclonic,2024-11-04,2024-11-10,6,8.2,66.2,30.4,33.0,73.5,76.6,1007.1,0.6,7.6,0,11
REC_01730,Hyderabad,Telangana,17.385,78.4867,semi_arid,2024-11-04,2024-11-12,8,3.0,21.4,25.5,22.3,58.5,54.3,1011.6,13.6,10.6,0,11
REC_01729,Bengaluru,Karnataka,12.9716,77.5946,plateau_temperate,2024-11-04,2024-11-14,10,2.9,32.7,24.3,28.4,59.8,61.2,1011.8,0.0,10.0,0,11
REC_01108,Hyderabad,Telangana,17.385,78.4867,semi_arid,2024-11-05,2024-11-14,9,1.6,25.4,22.6,24.9,63.2,54.4,1008.8,6.4,4.7,0,11
REC_00776,Visakhapatnam,Andhra Pradesh,17.6868,83.2185,coastal_cyclonic,2024-11-05,2024-11-15,10,36.0,191.2,34.2,28.9,85.9,73.8,1006.3,35.9,0.0,0,11
REC_00903,Krishna District,Andhra Pradesh,16.5062,80.648,coastal_humid,2024-11-06,2024-11-08,2,53.1,79.2,29.8,32.1,96.4,98.3,1013.8,50.4,2.6,0,11
REC_01517,Visakhapatnam,Andhra Pradesh,17.6868,83.2185,coastal_cyclonic,2024-11-06,2024-11-09,3,36.3,67.8,28.6,28.5,90.9,96.4,1006.2,32.2,4.0,0,11
REC_01756,Visakhapatnam,Andhra Pradesh,17.6868,83.2185,coastal_cyclonic,2024-11-06,2024-11-09,3,35.6,67.3,28.5,28.3,93.2,82.7,1011.3,33.3,2.3,0,11
REC_02368,Visakhapatnam,Andhra Pradesh,17.6868,83.2185,coastal_cyclonic,2024-11-06,2024-11-11,5,93.2,185.3,27.6,27.4,92.0,88.4,1010.9,106.2,13.0,0,11
REC_02411,Bengaluru,Karnataka,12.9716,77.5946,plateau_temperate,2024-11-06,2024-11-16,10,2.6,0.0,20.3,21.5,48.5,62.6,1008.7,23.2,20.7,0,11
REC_02861,Delhi,NCR,28.6139,77.209,continental_subtropical,2024-11-07,2024-11-09,2,2.3,0.0,25.5,25.1,51.4,51.9,1005.4,3.8,1.5,0,11
REC_00304,Hyderabad,Telangana,17.385,78.4867,semi_arid,2024-11-07,2024-11-11,4,3.1,0.0,23.5,22.8,63.9,65.7,1013.8,4.8,1.7,0,11
REC_02821,Krishna District,Andhra Pradesh,16.5062,80.648,coastal_humid,2024-11-07,2024-11-15,8,30.8,42.3,33.2,35.7,76.7,58.3,1008.2,23.3,7.5,0,11
REC_02892,Delhi,NCR,28.6139,77.209,continental_subtropical,2024-11-07,2024-11-15,8,5.2,17.2,26.0,19.7,57.4,57.8,1004.3,0.8,4.5,0,11
REC_00313,Bengaluru,Karnataka,12.9716,77.5946,plateau_temperate,2024-11-08,2024-11-11,3,0.7,13.3,25.1,24.6,59.5,68.6,1005.2,3.6,2.9,0,11
REC_01987,Delhi,NCR,28.6139,77.209,continental_subtropical,2024-11-08,2024-11-17,9,11.4,0.0,18.2,20.4,44.6,43.4,1004.8,12.4,0.9,0,11
REC_03116,Mumbai,Maharashtra,19.076,72.8777,coastal_heavy_monsoon,2024-11-08,2024-11-17,9,9.5,0.0,28.4,21.9,75.7,87.0,1012.6,21.6,12.1,0,11
REC_02073,Mumbai,Maharashtra,19.076,72.8777,coastal_heavy_monsoon,2024-11-09,2024-11-13,4,3.7,24.8,28.2,29.5,80.2,72.0,1009.9,0.0,6.2,0,11
REC_02091,Krishna District,Andhra Pradesh,16.5062,80.648,coastal_humid,2024-11-09,2024-11-13,4,105.6,0.0,18.0,21.1,89.8,92.6,1000.1,108.5,2.9,0,11
REC_01166,Delhi,NCR,28.6139,77.209,continental_subtropical,2024-11-09,2024-11-14,5,4.6,0.0,19.0,20.5,71.3,68.5,1016.0,5.5,0.8,0,11
REC_00127,Bengaluru,Karnataka,12.9716,77.5946,plateau_temperate,2024-11-10,2024-11-11,1,4.5,18.5,23.9,23.9,50.4,52.1,1006.9,4.9,0.3,0,11
REC_00624,Delhi,NCR,28.6139,77.209,continental_subtropical,2024-11-10,2024-11-11,1,1.1,0.0,24.8,24.9,49.5,49.4,1002.6,1.1,0.1,0,11
REC_02819,Mumbai,Maharashtra,19.076,72.8777,coastal_heavy_monsoon,2024-11-10,2024-11-17,7,24.0,55.4,27.9,26.0,84.3,91.3,1016.2,0.0,27.0,0,11
REC_01612,Visakhapatnam,Andhra Pradesh,17.6868,83.2185,coastal_cyclonic,2024-11-11,2024-11-12,1,67.7,57.9,28.3,29.0,95.0,96.2,1007.5,68.0,0.3,0,11
REC_03462,Bengaluru,Karnataka,12.9716,77.5946,plateau_temperate,2024-11-11,2024-11-15,4,0.2,6.5,25.7,24.2,59.0,61.2,1014.0,2.6,2.4,0,11
REC_01238,Delhi,NCR,28.6139,77.209,continental_subtropical,2024-11-11,2024-11-17,6,14.5,60.1,26.1,27.2,64.0,76.0,1010.7,12.9,1.6,0,11
REC_00517,Bengaluru,Karnataka,12.9716,77.5946,plateau_temperate,2024-11-11,2024-11-19,8,1.6,0.0,23.8,20.2,50.6,47.4,1014.7,0.0,22.0,0,11
REC_03279,Hyderabad,Telangana,17.385,78.4867,semi_arid,2024-11-11,2024-11-19,8,2.3,5.8,22.4,21.1,53.6,50.0,1003.4,0.0,11.3,0,11
REC_02455,Delhi,NCR,28.6139,77.209,continental_subtropical,2024-11-11,2024-11-20,9,0.5,4.4,28.1,26.5,51.7,41.7,1009.3,0.0,8.9,0,11
REC_00883,Hyderabad,Telangana,17.385,78.4867,semi_arid,2024-11-12,2024-11-13,1,3.3,7.0,26.8,27.1,53.6,47.2,1008.4,2.3,1.0,0,11
REC_01419,Hyderabad,Telangana,17.385,78.4867,semi_arid,2024-11-12,2024-11-13,1,4.4,10.4,24.0,23.6,59.2,60.0,1014.5,4.5,0.1,0,11
REC_00936,Delhi,NCR,28.6139,77.209,continental_subtropical,2024-11-13,2024-11-18,5,1.2,0.0,23.8,20.1,62.0,63.9,1008.3,0.0,1.2,0,11
REC_01198,Bengaluru,Karnataka,12.9716,77.5946,plateau_temperate,2024-11-14,2024-11-19,5,4.7,1.8,29.8,32.8,50.4,48.7,1011.5,1.4,3.3,0,11
REC_02358,Hyderabad,Telangana,17.385,78.4867,semi_arid,2024-11-14,2024-11-19,5,0.8,0.0,28.0,27.1,63.7,56.3,1010.4,0.0,7.1,0,11
REC_02326,Bengaluru,Karnataka,12.9716,77.5946,plateau_temperate,2024-11-14,2024-11-21,7,0.1,0.0,24.3,18.8,62.4,39.7,1007.7,0.0,17.5,0,11
REC_03479,Bengaluru,Karnataka,12.9716,77.5946,plateau_temperate,2024-11-14,2024-11-23,9,0.1,0.3,27.5,31.5,64.2,76.2,1012.2,0.0,4.1,0,11
REC_02901,Mumbai,Maharashtra,19.076,72.8777,coastal_heavy_monsoon,2024-11-14,2024-11-24,10,208.7,0.0,24.0,19.4,81.5,100.0,1002.7,198.0,10.7,0,11
REC_01736,Krishna District,Andhra Pradesh,16.5062,80.648,coastal_humid,2024-11-15,2024-11-19,4,26.0,40.9,27.3,26.2,61.3,64.2,1013.4,22.5,3.5,0,11
REC_01814,Bengaluru,Karnataka,12.9716,77.5946,plateau_temperate,2024-11-15,2024-11-19,4,1.3,12.4,23.4,21.4,66.4,64.8,1008.7,2.9,1.6,0,11
REC_03478,Hyderabad,Telangana,17.385,78.4867,semi_arid,2024-11-15,2024-11-24,9,6.4,0.0,26.7,23.2,53.2,55.1,1011.7,1.6,4.8,0,11
REC_01541,Delhi,NCR,28.6139,77.209,continental_subtropical,2024-11-15,2024-11-25,10,1.4,48.1,16.3,7.2,51.9,64.0,1002.8,0.0,21.6,0,11
REC_01224,Hyderabad,Telangana,17.385,78.4867,semi_arid,2024-11-16,2024-11-18,2,6.2,1.3,22.6,23.5,61.5,59.4,1012.9,9.2,3.0,0,11
REC_03494,Hyderabad,Telangana,17.385,78.4867,semi_arid,2024-11-16,2024-11-21,5,1.2,0.0,25.4,29.8,57.5,57.6,1005.3,4.0,2.7,0,11
REC_00050,Visakhapatnam,Andhra Pradesh,17.6868,83.2185,coastal_cyclonic,2024-11-16,2024-11-26,10,7.3,13.4,30.4,31.7,68.0,94.3,1005.9,19.4,12.1,0,11
REC_02296,Hyderabad,Telangana,17.385,78.4867,semi_arid,2024-11-17,2024-11-20,3,1.0,0.0,33.4,33.4,62.8,57.7,1005.4,5.1,4.1,0,11
REC_02489,Delhi,NCR,28.6139,77.209,continental_subtropical,2024-11-17,2024-11-20,3,1.4,0.0,25.6,21.6,32.2,38.1,1002.0,0.0,2.4,0,11
REC_02007,Krishna District,Andhra Pradesh,16.5062,80.648,coastal_humid,2024-11-17,2024-11-25,8,3.1,0.0,26.6,28.9,92.6,100.0,1009.7,7.0,3.8,0,11
REC_01126,Mumbai,Maharashtra,19.076,72.8777,coastal_heavy_monsoon,2024-11-17,2024-11-27,10,26.6,38.7,27.3,27.1,92.8,86.4,1002.8,45.6,19.0,0,11
